Country,Region,Supplier_Tier,Industry_Sector,ESG_Score,Environmental_Score,Social_Score,Governance_Score,Carbon_Emission_Intensity,Water_Intensity,Waste_Management_Efficiency,Renewable_Energy_Usage,Compliance_Level,Sustainability_Report_Availability,Lead_Time_Days,Production_Capacity,On_Time_Delivery_Rate,Defect_Rate,Financial_Stability_Score,Cost_Index,Labour_Compliance_Score,Diversity_Index,Supplier_Audit_Score,Incident_History_Count,Logistics_Distance_km,Risk_Classification
India,Asia-Pacific,3,Food & Beverage,66.1090630863799,52.06895701843323,48.25155485798367,51.74036558403797,0.7714,927.4,0.8,0.34,0,0,24,41635,0.8611565013390613,0.017,44.44783855058521,0.26,73.76309128652287,0.73,46.73,1,5208,Moderate
usa,Asia-Pacific,2,Agriculture,51.426747526730956,37.38283776754885,40.85185791963687,54.4886700319281,0.5221,1338.89,0.41,0.38,0,0,6,45002,0.9338804576620595,0.031,71.7368905507022,1.17,86.5223169482135,0.33,87.42,2,9041,Low
India,Asia-Pacific,3,Electronics,75.45138711595337,87.87830655058887,89.75697483368789,85.66617257495435,0.736,525.95,0.64,0.17,1,0,15,15272,0.939994182616309,0.023,39.309063313171215,1.23,71.93342770098339,0.73,92.82,1,8978,Low
Indonesia,Asia-Pacific,1,Electronics,80.33699903058154,60.25131606496247,100.0,53.348070296829555,0.6046,608.75,0.45,0.44,2,0,30,13388,0.935099384049738,0.039,73.41923028808259,1.2,65.79936040988015,0.32,73.09,1,6655,Low
USA,Asia-Pacific,3,Metals,54.827430711179545,62.9138634725013,85.52840565715677,54.796848685229484,0.7472,1016.58,0.79,0.48,1,0,31,3226,0.9118162450039157,0.057,79.28347479921231,0.39,85.78095654778068,0.13,67.61,2,6384,Moderate
japan,Asia-Pacific,3,Food & Beverage,75.81285093055453,58.67367860191996,63.357052706499545,61.93806632493353,0.1806,876.26,0.6,0.37,1,0,45,8937,0.848026187839426,0.046,47.61176255889137,0.93,87.7461338748369,0.85,75.7,0,9133,Low
USA,Asia-Pacific,2,Agriculture,76.24324929352844,65.0831508488858,56.20060030442688,55.28049356606176,0.2476,1018.1,0.77,0.35,1,0,41,8335,0.9452843850743325,0.066,78.50457160272325,1.42,87.87879972920808,0.27,92.81,1,2423,Moderate
China,Asia-Pacific,2,Agriculture,55.66326225553018,64.97970520633346,58.723253799376984,67.3463198513053,0.8614,128.12,0.53,0.3,1,0,19,39028,0.8696781928217379,0.051,72.25047113568804,1.19,88.70036179065792,0.18,81.2,2,6408,Moderate
Brazil,South America,2,Agriculture,47.64292462299363,17.78223404289212,37.422647125618035,21.097920249292102,0.5226,479.61,0.62,0.43,1,0,8,37276,0.9108781448401596,0.055,37.0191743797304,0.72,84.13983316522987,0.65,63.36,4,1731,High
Japan,Asia-Pacific,3,Agriculture,62.72608983106825,88.50805901794278,95.31016207565912,77.39714864294565,0.1731,992.09,0.56,0.5,0,0,34,32974,0.954223877733663,0.059,68.3895229914344,1.71,99.92267741787582,0.31,61.32,0,5531,Low
Brazil,South America,2,Food & Beverage,49.73205568237601,62.03799894066998,47.83513923780973,21.448994636762198,0.7181,925.0,0.7,0.68,1,0,38,38176,0.896785540453696,0.039,77.81275302749621,1.31,75.63135737810158,0.67,78.17,1,7439,Moderate
Malaysia,North America,1,Agriculture,63.488345841393624,33.86011621399037,37.71753517438114,56.15023647540089,0.9487,121.3,0.79,0.18,3,0,17,43814,0.9328179062413008,0.035,73.37483955297898,1.0,91.61404510375142,0.16,77.12,2,7114,Moderate
India,Asia-Pacific,3,Chemicals,78.8869711250694,83.95153524169868,43.339093837228724,64.31878932134818,0.2111,1196.05,0.53,0.42,0,0,15,3404,0.9186515841609199,0.061,24.871264300585747,0.58,74.09723212961053,0.62,88.46,1,6142,Low
Japan,Asia-Pacific,1,Agriculture,81.91237707192917,88.41689797768136,95.61572977094376,91.6878772724579,0.3862,1038.71,0.71,0.44,1,0,30,24699,0.8209988165406074,0.044,80.03815466820589,0.72,73.22334975777918,0.65,57.64,1,8297,Low
USA,Asia-Pacific,2,Chemicals,59.89284028665861,69.93466438975733,57.238957415554935,41.7116531620078,0.9356,198.19,0.63,0.29,0,0,36,30203,0.9180732471181569,0.043,22.765437728340657,1.44,75.72343575507317,0.2,76.75,0,5815,Moderate
Brazil,South America,3,Agriculture,65.64163953934857,65.85443993748913,89.69597896652338,40.7841645152563,0.685,1073.83,0.49,0.33,1,0,7,8817,0.7955454055989247,0.028,76.63575764102877,0.82,89.00891533928683,0.62,60.49,1,3215,Moderate
USA,North America,1,Agriculture,57.41653681965721,45.4690773187278,66.68149384906539,45.480816052660444,0.4521,933.7,0.63,0.33,2,0,40,28462,0.9565856080515035,0.023,70.50812110416861,0.86,76.6515289625258,0.68,60.75,1,4728,Moderate
China,Asia-Pacific,3,Agriculture,79.29856561492674,67.03531178640218,57.985796881908676,57.56548363740586,0.9151,1371.48,0.46,0.25,1,0,16,44848,0.8567169647946297,0.048,42.3684139727295,0.31,78.68508771747034,0.85,85.24,1,5153,Moderate
USA,North America,3,Chemicals,72.69254993853602,56.07082008414894,83.67176110788637,27.65421384325414,0.8801,225.66,0.43,0.17,2,0,16,38108,0.8355383986410173,0.054,68.23104879118,1.4,78.18684776075824,0.62,44.77,1,7634,Low
China,Asia-Pacific,1,Electronics,61.52799000933635,30.221371488173986,38.16418478981994,55.83790058589752,0.8781,966.49,0.96,0.29,2,1,11,12022,0.8292892608649771,0.04,73.53318634736745,1.04,88.84146161499014,0.72,78.1,2,6486,Moderate
India,Asia-Pacific,3,Electronics,76.84445018740682,79.5286905241642,75.74639210564918,90.9288289986269,0.8099,1043.74,0.58,0.36,1,0,13,10430,0.862644512172886,0.036,99.2358675518502,1.4,88.67588826165782,0.84,81.42,1,8692,Moderate
Japan,Asia-Pacific,2,Electronics,65.9829234791401,42.148411606826606,76.762242367124,52.04753171658605,0.0421,1053.26,0.86,0.55,0,0,9,36070,0.88251209960553,0.027,55.72247624258579,0.72,93.59483167583831,0.66,64.2,0,11024,Moderate
China,Asia-Pacific,3,Agriculture,50.029649721089264,44.50212196060643,36.98966937134187,45.07886031119579,0.7839,509.42,0.57,0.48,3,0,38,42126,0.8666800531496568,0.043,49.424210439005435,0.35,61.50519438258238,0.59,64.99,2,5641,Moderate
Indonesia,Asia-Pacific,3,Agriculture,51.26796729476753,96.61748269900428,51.31874489042818,41.200239405508626,0.5995,399.06,0.43,0.37,1,0,12,38115,0.851503097268793,0.02,77.98262652881431,1.07,91.9703721400212,0.86,66.0,0,8769,Moderate
China,Asia-Pacific,2,Agriculture,52.22310727610332,45.45874075090625,68.35376540117659,42.28958351758531,0.9116,1440.7,0.67,0.2,0,0,30,11363,0.9703206572553037,0.019,57.326515359330266,0.2,96.03304520990663,0.5,64.54,1,1255,Moderate
USA,Asia-Pacific,3,Electronics,43.44974875962792,44.10028808211819,55.35893549457722,20.891978369100215,0.942,407.44,0.79,0.29,1,0,11,46054,0.9197982190684488,0.044,63.6771260437818,0.56,88.22474511361848,0.81,68.53,2,4714,Moderate
India,Asia-Pacific,2,Agriculture,73.40893541772778,85.00372446040804,38.47070365842793,51.16960822935353,0.7467,179.42,0.59,0.32,0,0,25,10250,0.8784302359313296,0.033,98.12247271351484,0.84,65.85164904449029,0.84,93.3,1,8278,Low
Malaysia,Asia-Pacific,2,Metals,55.283037994303086,66.89005917646882,68.47386372779056,41.554127567953564,0.6552,178.28,0.7,0.34,1,0,29,43924,0.9359918572837723,0.07,65.9536273493695,1.21,62.471584531279376,0.67,82.81,0,5222,Moderate
Japan,Asia-Pacific,2,Electronics,76.66250886525637,70.48098566211684,50.647845501975446,67.57022979121713,0.758,222.31,0.8,0.5,1,0,12,14827,0.933497243885303,0.024,35.3312759123012,1.29,100.0,0.12,60.49,1,1199,Low
USA,North America,1,Agriculture,76.83674857282789,86.306867039909,93.25134209634147,76.27095227164085,0.3091,970.22,0.86,0.37,3,1,8,36308,0.9524199113980921,0.026,91.12461033987,0.2,100.0,0.17,55.11,0,9262,Moderate
Brazil,South America,2,Food & Beverage,73.05315752173124,64.0562506225083,53.470470210171406,43.40009601661503,0.4989,89.7,0.58,0.15,1,0,37,35056,0.9693884850858764,0.039,89.21999140762883,0.2,72.25694974946595,0.63,69.47,2,3643,Moderate
Japan,South America,2,Agriculture,87.72500000000001,96.11497947448012,95.79053415371553,88.7715163791649,0.4725,993.41,0.52,0.54,3,0,34,16409,0.9383255375967937,0.029,89.2085273241592,0.32,73.22659046404424,0.49,78.31,0,7301,Low
Malaysia,Asia-Pacific,1,Agriculture,80.02499555947242,89.96310324151183,100.0,67.33785238450353,0.1961,156.04,0.87,0.36,2,0,46,25915,0.9507714625293474,0.024,99.89761657067307,0.82,99.95108998358471,0.25,53.63,1,2503,Moderate
Brazil,South America,3,Agriculture,70.41829916548514,62.22575800850398,59.72889793795704,42.522221452910394,0.4731,145.27,0.42,0.78,2,0,28,34266,0.8367712740258045,0.036,91.12592356929414,0.53,64.52906274951432,0.14,87.11,2,9631,Moderate
Indonesia,Asia-Pacific,2,Electronics,68.83938376349636,70.83172396356169,47.4068421039264,48.37617511652464,0.1667,508.45,0.54,0.57,3,0,30,48244,0.8746298537921833,0.045,60.51971185973467,1.39,100.0,0.23,57.08,2,5478,Moderate
Malaysia,Asia-Pacific,3,Electronics,61.00482003640204,32.874118896905486,47.72235023668819,50.89834968122748,0.9316,1009.81,0.66,0.59,1,0,11,45809,0.8957148833960767,0.04,51.139400787400284,0.92,75.84745343369983,0.31,55.19,2,5782,Moderate
Malaysia,Asia-Pacific,3,Agriculture,60.63212442670127,59.55229919041998,48.93550298623551,57.22823672934237,0.7222,1385.51,0.48,0.34,3,0,6,5739,0.9438249179319594,0.032,72.31031333376507,0.89,86.90824034321439,0.75,49.26,2,10986,Moderate
Malaysia,Asia-Pacific,3,Agriculture,56.20368210053838,50.28241538037126,60.47804842713391,52.81759313440085,0.838,451.58,0.73,0.36,2,0,30,18598,0.8368049427373965,0.035,78.46587911134209,1.57,93.77080262068074,0.17,89.17,3,4013,Moderate
Japan,Asia-Pacific,2,Agriculture,80.73246223107454,87.66155878322297,90.27429398833175,49.607681301283975,0.9534,1054.27,0.61,0.46,1,0,30,24069,0.8786000582764814,0.044,64.29571086444271,0.81,79.28274201579735,0.73,57.07,0,6299,Low
China,Asia-Pacific,2,Chemicals,72.48577315232835,88.85697513667543,93.13464902768654,73.38222635840637,0.895,648.69,0.78,0.39,1,1,38,17971,0.9191048528450264,0.047,51.94774967662843,1.54,100.0,0.51,51.97,0,2595,Low
USA,North America,3,Chemicals,59.91204557616476,47.23904792141852,74.87883314076674,51.7784089088763,0.1086,476.21,0.44,0.56,2,0,8,47076,0.94928952166763,0.045,28.430578814175618,1.24,69.67790490417207,0.69,70.86,2,6477,Moderate
Malaysia,Asia-Pacific,2,Agriculture,66.0914937481769,30.992763358584696,63.97760126987755,63.268468568254484,0.8856,399.07,0.5,0.49,2,0,38,22902,0.9709851655397095,0.04,86.05613910774736,1.35,94.49428370946265,0.39,47.96,0,6635,Moderate
Brazil,South America,2,Agriculture,46.42817779764657,46.66687830679799,71.47329914397513,44.57129359716863,0.192,986.85,0.36,0.28,2,0,20,33695,0.9027417054400271,0.037,89.3435302035322,0.6,96.91310682612074,0.52,51.15,2,3133,Moderate
Japan,Asia-Pacific,2,Agriculture,80.39485419404089,97.36834701759754,87.55033157251489,95.56174704858928,0.9533,330.55,0.79,0.29,2,0,35,4264,0.9701524344228569,0.025,45.118705362611784,1.12,69.00044773624677,0.52,73.35,1,5511,Low
USA,North America,1,Agriculture,74.04720521942922,59.71148052708851,60.994162893491676,40.15959788462945,0.8646,169.98,0.95,0.54,3,0,46,34261,0.9302355529198508,0.051,98.73756148373091,1.71,71.36802695913921,0.45,87.25,1,8075,Moderate
Japan,Asia-Pacific,3,Metals,55.432373661736534,84.96912688734915,63.14254202709209,48.398461284706336,0.5714,549.04,0.38,0.6,1,0,34,22375,0.8819576340557767,0.033,64.33023885695891,0.92,81.42060001524311,0.76,74.32,2,7199,Moderate
China,Asia-Pacific,1,Metals,51.88635386577247,33.345240012638186,42.36994697079211,41.579275134918305,0.5464,947.6,0.66,0.5,1,0,47,16760,0.9467096702755123,0.021,41.023054237418066,1.02,97.28868665661399,0.38,80.85,2,1242,Moderate
Brazil,South America,3,Agriculture,63.76655490560473,63.49589339589086,67.8755506239765,64.91659835625738,0.1771,394.13,0.53,0.25,1,0,39,26418,0.8953477091743396,0.035,84.36681780028943,0.48,100.0,0.53,69.91,2,4182,Moderate
Japan,Asia-Pacific,2,Agriculture,82.47843513626074,92.1911307003751,93.46950907767678,92.24537739733354,0.8284,1076.82,0.43,0.19,1,0,49,40944,0.8463522826214573,0.041,38.2677892808967,1.35,100.0,0.54,72.04,0,8233,Low
Malaysia,Asia-Pacific,3,Electronics,60.25905683069399,67.50092561886014,36.88018436195043,42.09366691019749,0.9598,1285.74,0.84,0.26,3,0,32,20435,0.9515182378345143,0.034,87.3276722979229,1.74,92.32752389747904,0.22,54.45,2,1114,Moderate
indonesia,Asia-Pacific,2,Electronics,75.6380147364095,87.20387765720086,90.53930096138888,93.344179388797,0.4954,1159.17,0.58,0.39,1,0,27,4490,0.8667182806061611,0.034,60.43134688908667,1.12,92.28403785837557,0.47,79.2,1,2141,Low
USA,North America,3,Agriculture,56.17217126720596,50.97443489087977,54.53229152996029,45.51124312261076,0.9804,134.41,0.82,0.53,3,0,40,47530,0.8897421381321539,0.038,68.06408169499787,0.97,79.58604201071614,0.54,89.78,2,4749,Moderate
Brazil,South America,2,Agriculture,76.9428240115505,61.946566051940046,62.485964935630655,63.057255879903934,0.3252,509.05,0.51,0.41,1,0,29,13692,0.8364949769623238,0.029,70.76900862418394,0.66,100.0,0.6,89.91,0,6427,Low
China,South America,2,Metals,53.45020921536586,46.69777576111685,57.62527741165103,68.09264508476697,0.258,460.6,0.84,0.19,1,1,20,38125,0.9424343405899573,0.05,55.717419895244475,1.59,74.5973473882899,0.86,43.23,0,4202,Low
Brazil,South America,1,Agriculture,64.10278669833909,36.582184218549145,64.3710605598246,47.036200000965835,0.7881,1289.58,0.52,0.44,2,0,26,29787,0.8136179645173859,0.038,23.223299065599264,0.36,93.95768705978237,0.58,80.56,2,7947,Moderate
Malaysia,Asia-Pacific,1,Agriculture,37.70261418491465,41.8051419899119,31.707044455998922,41.894209307289344,0.4851,1060.64,0.58,0.15,3,0,45,45370,0.8132201178581197,0.034,34.71029350525016,0.66,73.93795726085494,0.49,77.53,4,3549,High
Malaysia,Asia-Pacific,2,Agriculture,58.42131161357311,56.43292588358949,43.080988731658366,49.779053802083496,0.8616,292.67,0.66,0.26,1,0,25,45406,0.8492049118514542,0.033,48.33884240607338,1.15,64.30676451191653,0.18,76.97,1,4241,Moderate
Japan,Asia-Pacific,1,Chemicals,63.19818434667208,58.36189472442066,66.5662321528819,43.99984169720253,0.7033,1210.26,0.79,0.22,1,0,29,26867,0.9531515684706618,0.038,66.80994025825656,0.23,59.77694593636442,0.16,61.58,2,1747,Moderate
China,Asia-Pacific,1,Agriculture,61.45308177345644,64.2012707015843,65.34642244582213,50.561448999525695,0.7237,1113.93,0.88,0.65,1,1,25,14858,0.923530649904972,0.046,72.82000612737086,0.92,84.08092648649055,0.58,48.95,2,3788,Moderate
China,Asia-Pacific,1,Agriculture,75.98988493708656,74.83209588152181,93.82066660712307,48.541867266412915,0.9333,438.86,0.9,0.28,3,0,27,34567,0.8150104413200798,0.031,45.561561379578976,0.27,99.00111033779687,0.85,53.01,1,3684,Low
Japan,Asia-Pacific,3,Agriculture,81.48144092158722,47.75417641074201,89.75387057533811,77.23883596081355,0.3356,398.21,0.58,0.35,3,1,27,44859,0.9503956875828222,0.061,66.00216337569127,0.2,82.99693272305699,0.31,76.95,1,5824,Low
India,Asia-Pacific,1,Chemicals,74.71766111647224,72.20085496912164,82.83822314557106,79.0573529000234,0.9461,714.67,0.55,0.36,0,1,23,28084,0.9623919526387443,0.027,61.32138004947542,0.27,67.61965068101993,0.63,57.49,0,9106,Low
Malaysia,Asia-Pacific,2,Metals,44.57132120281871,25.019597232472705,27.052589202587093,89.82417261671598,0.945,1073.63,0.35,0.45,3,0,30,28434,0.9055008954648068,0.039,51.086223248541664,0.74,70.58579907905877,0.16,77.24,1,9353,Low
Brazil,Asia-Pacific,2,Electronics,79.85486387203734,98.23324217217527,86.60758083539729,58.24146597040067,0.7097,573.02,0.92,0.3,3,0,36,12517,0.9642842721045722,0.045,60.05320683700351,1.64,93.27156068677688,0.45,84.25,1,7289,Low
Indonesia,Asia-Pacific,2,Chemicals,55.616812077406976,29.146080870687864,53.24870792989628,50.82868224319547,0.8147,1043.09,0.91,0.0,1,0,18,38455,0.9590728045879423,0.044,76.31682187366425,1.2,60.75630863865794,0.2,53.52,1,9968,Moderate
Indonesia,Asia-Pacific,1,Chemicals,68.96992221999194,79.74981113315427,98.28596289890197,65.43046756926134,0.8027,618.5,0.6,0.31,1,0,9,26657,0.9049368083102414,0.032,85.55090881003092,1.44,60.49866968859767,0.4,46.33,1,10705,Low
Japan,Asia-Pacific,3,Agriculture,83.42992227909707,84.93647766366185,68.81580108712308,47.90169858492847,0.8571,1450.8,0.61,0.34,3,1,26,45735,0.8745012260720127,0.021,82.41343028609342,1.63,61.7861489202717,0.85,55.25,1,5788,Low
Indonesia,Asia-Pacific,2,Electronics,59.99865124936068,61.56978327106999,49.527440210294984,50.2512672943257,0.9597,1047.9,0.43,0.55,0,0,39,44702,0.871517211038161,0.04,66.6679346504826,1.66,89.50412829615858,0.17,75.91,2,3570,Moderate
Malaysia,Asia-Pacific,3,Metals,57.5125499829338,69.48300125376078,76.88307428157778,46.69989398053113,0.241,961.29,0.78,0.13,1,0,27,24848,0.970465627311475,0.043,32.82165359306623,1.29,60.76027071696187,0.31,58.25,0,11118,Low
Malaysia,Asia-Pacific,2,Electronics,63.54406175663896,70.23859227209171,48.83054962994532,36.81297015164251,0.3356,1065.39,0.73,0.24,1,0,9,27222,0.8806078719751098,0.028,28.90259080084507,0.78,91.56716823685723,0.78,63.55,2,11587,Moderate
China,Asia-Pacific,1,Chemicals,46.25176409299623,48.04642727380834,64.43020996444262,55.68965265467422,0.7495,390.87,0.72,0.23,0,0,16,39246,0.9164167510178656,0.028,84.7139424067902,0.67,75.83061810449155,0.59,58.17,2,4527,Moderate
Japan,Asia-Pacific,3,Agriculture,78.10358834199997,84.39178435870299,78.20898404318584,85.15756632466167,0.4149,1320.49,0.65,0.24,3,0,27,20627,0.9628407723559402,0.044,93.38938588642179,0.58,85.22121969176469,0.24,60.49,0,2303,Low
Brazil,South America,2,Electronics,71.26237024215662,86.65873790848096,95.15782523465279,94.50851200017205,0.2424,380.67,0.45,0.37,1,0,38,42236,0.9462568581643231,0.034,56.13368532056278,0.69,82.9914130441413,0.1,78.55,1,6045,Low
China,Asia-Pacific,2,Agriculture,55.573416993172444,55.25091642068603,71.79990292464028,46.91680121219852,0.458,964.72,0.73,0.48,3,1,14,28668,0.8287162960150631,0.064,65.73134115059315,1.28,76.08962232546966,0.42,92.38,0,3269,Moderate
China,Asia-Pacific,3,Agriculture,45.69106089496194,27.77607128875077,32.96924216488782,31.440557283155954,0.9433,213.11,0.63,0.71,0,0,24,13807,0.8728473690700433,0.027,100.0,1.25,64.3339394298727,0.64,75.61,0,5619,High
China,Asia-Pacific,3,Agriculture,72.7383608555931,55.4217825746732,76.45013319251088,70.61177528431706,0.5528,948.42,0.69,0.21,0,1,32,32260,0.9597316036070925,0.043,49.899940882872386,1.29,77.0287532398739,0.51,43.67,1,835,Low
USA,North America,2,Agriculture,57.66081586936137,52.48332647630095,57.601613204971436,33.40827725064727,0.6157,906.68,0.5,0.5,2,0,6,29103,0.9042284176782187,0.046,78.93453138819419,0.21,85.16058232852144,0.11,62.79,1,763,Moderate
Japan,Asia-Pacific,1,Agriculture,74.25125005337816,87.82338471071215,83.2870970739564,84.23765377978681,0.9482,518.82,0.64,0.35,3,0,20,17453,0.8502237573606661,0.031,42.91295004366351,1.34,74.49741852854972,0.12,73.14,1,9721,Low
Brazil,South America,2,Agriculture,53.92996504662484,77.46126850839923,64.23285485020754,44.444553106140646,0.8819,511.93,0.47,0.31,1,1,14,25387,0.9681760837378426,0.031,72.00615916406626,0.2,87.45832173415815,0.68,73.39,1,5606,Low
Japan,Asia-Pacific,2,Agriculture,83.4051882037419,87.23640670003489,93.9381837160134,91.5619810945647,0.2308,1395.16,0.79,0.3,3,0,18,36259,0.8194036047251564,0.026,39.25188814734681,1.3,87.67617860793126,0.87,65.12,1,5749,Low
China,Asia-Pacific,1,Agriculture,70.66380631118297,37.72895686902761,66.13924561428087,59.08162660948001,0.0787,595.82,0.71,0.52,1,1,8,35566,0.9378675415927753,0.019,41.10855469819842,0.91,79.9578724244231,0.55,68.93,1,6005,Low
USA,Asia-Pacific,2,Agriculture,41.21868724998772,42.74709694753079,43.7258019093142,30.486560992652258,0.1611,880.55,0.87,0.37,1,0,41,45151,0.8517753699811013,0.031,67.76902942541845,1.24,100.0,0.73,57.28,0,5430,High
USA,North America,3,Agriculture,69.92214876214517,93.33326692786325,59.26615194170391,58.843383296308005,0.7061,1421.61,0.63,0.45,2,1,13,1937,0.9331226642936188,0.054,80.27256919340255,1.25,72.20291203962252,0.34,60.3,1,11352,Moderate
Japan,Asia-Pacific,1,Agriculture,78.6424660769532,96.22071533090582,75.90056844853186,78.13366023329021,0.5147,747.99,0.61,0.51,2,0,7,40120,0.9445832327451407,0.038,44.6014548212063,0.33,93.39151309184558,0.51,47.93,0,11234,Low
Indonesia,Asia-Pacific,3,Chemicals,55.837236887442465,68.83830353981227,43.07137672942892,88.6951209163688,0.9213,219.71,0.45,0.52,1,1,32,48092,0.9155463739716558,0.049,75.76695305733796,1.2,73.86217311905061,0.71,61.38,2,3314,Moderate
Japan,Asia-Pacific,3,Electronics,87.72500000000001,89.44618559857719,85.0350324061857,95.95471065862299,0.6856,525.48,0.64,0.46,3,0,28,13437,0.8686008119623913,0.035,73.62314600986466,0.73,78.04067223316514,0.35,83.77,1,8010,Low
Malaysia,Asia-Pacific,2,Agriculture,42.800243886284136,45.46769371646425,37.47035156459404,46.24032001514708,0.3804,1274.12,0.38,0.1,0,0,7,9254,0.8461416220961051,0.036,38.12482545830773,0.99,86.95414378050769,0.41,52.56,2,3059,High
China,Asia-Pacific,2,Food & Beverage,57.67256149756691,70.05141809229364,45.85998232531157,50.4522650045173,0.7902,724.79,0.57,0.15,1,0,19,37499,0.9500112685413766,0.036,75.57002988855874,0.22,78.88396918159512,0.42,66.22,0,4782,Moderate
USA,North America,1,Agriculture,68.03238576568683,69.31029182118118,52.3078390613928,55.323516689504956,0.2772,676.76,0.94,0.32,0,1,34,23018,0.9561757542742613,0.021,68.42706673500722,1.38,95.80110162283356,0.14,70.93,2,11450,Moderate
China,Asia-Pacific,1,Chemicals,60.148582996587315,21.759814672125227,41.22717852280341,90.59069531154267,0.1526,848.21,0.97,0.25,1,1,10,35800,0.8785116095885556,0.031,32.88639449131371,0.24,69.30501389838474,0.82,67.56,2,2624,Moderate
Brazil,South America,3,Agriculture,58.9872107177812,59.432576976324754,52.78263601982936,44.779536659638225,0.1832,887.56,0.82,0.29,3,0,19,502,0.9245152367140438,0.036,70.23560269746004,0.28,75.06855238712916,0.48,59.45,0,272,Moderate
Malaysia,Asia-Pacific,3,Electronics,53.805713856342734,49.46557964877182,43.852037687494715,87.09244113485308,0.7057,485.97,0.52,0.7,2,1,30,28398,0.9551977760941247,0.051,76.4181527180057,0.63,85.36946913502871,0.36,86.1,1,2702,Moderate
Malaysia,Asia-Pacific,3,Electronics,76.85102292919132,96.4068113624266,96.6744371632164,85.98039211730108,0.4685,975.45,0.61,0.0,3,0,42,12753,0.853010295208177,0.059,55.474586650360905,1.08,99.7775723656,0.71,83.02,1,4884,Low
China,Asia-Pacific,1,Agriculture,55.58720906200206,44.02226903008392,84.69305593336946,60.77823212353931,0.849,1349.89,0.31,0.27,2,1,30,48853,0.9405930002528959,0.021,79.01578577208019,1.44,72.61210332208947,0.73,64.78,1,373,Moderate
China,Asia-Pacific,3,Agriculture,60.76618654320714,97.79614371941474,85.10282854947037,47.450020118224096,0.4217,399.41,0.62,0.67,1,0,32,10966,0.8701800131766663,0.045,77.37443119070252,1.28,51.37732183565213,0.71,69.36,1,2869,Moderate
China,Asia-Pacific,1,Agriculture,61.91290841126939,26.223003950970053,58.85248004656984,53.07278292167835,0.0861,895.41,0.97,0.43,3,0,32,34783,0.9022919967083626,0.033,38.687332445216036,0.52,78.40922423505027,0.53,80.6,3,5631,Moderate
USA,North America,2,Agriculture,80.55310153444537,64.9152809593642,82.541778227145,77.84581557911733,0.9525,1218.92,0.66,0.31,1,1,7,12465,0.8953912055495458,0.044,60.539476566800225,0.65,76.74523903995204,0.63,62.95,1,6399,Moderate
India,Asia-Pacific,3,Agriculture,69.45113689312072,92.60078697497589,93.54555331142998,70.26696865775259,0.7149,222.91,0.55,0.44,0,1,12,45058,0.8890222283476322,0.065,41.532047791592774,0.84,75.31055837079799,0.16,61.99,0,4265,Low
Malaysia,Asia-Pacific,3,Electronics,69.64108756575042,68.67957386453044,75.571270356328,47.59532487209048,0.9878,1402.82,0.59,0.19,0,0,13,17751,0.8905247455928883,0.032,77.34641354018902,1.33,93.48253545170138,0.8,74.79,1,2698,Low
Japan,Asia-Pacific,2,Agriculture,76.06028931199147,94.06630959294866,100.0,95.62691672441495,0.3085,1319.22,0.66,0.74,1,0,25,13424,0.8710116721743881,0.034,60.08060817850505,1.18,100.0,0.31,70.87,0,9136,Low
Malaysia,Asia-Pacific,3,Electronics,59.357330452945526,60.5077408535673,69.61783669184489,48.04963438459991,0.5687,1163.32,0.55,0.18,3,0,44,26609,0.7812751152440545,0.059,79.82351379555054,1.11,95.40723432819635,0.18,93.97,1,7168,Low
China,Asia-Pacific,3,Electronics,82.64338084806603,80.26101054261477,65.21015271332499,82.60295968531182,0.8134,427.79,0.69,0.31,1,1,8,9890,0.9757320063394767,0.022,60.743241201581974,1.18,54.58978526242267,0.35,73.06,1,5027,Low
japan,Asia-Pacific,2,Food & Beverage,69.78259026804993,74.35330980734574,89.2853040598359,32.66628523600896,0.4469,530.44,0.86,0.11,0,0,35,45479,0.8920505435133379,0.006,67.53022328717562,1.28,81.45466526244405,0.6,76.25,1,8573,Low
japan,South America,2,Agriculture,75.76170718975101,56.0796334163275,75.7001325209962,29.682698084088322,0.6018,1188.65,0.64,0.47,2,0,16,36162,0.9587489784401061,0.043,69.69863916699515,1.34,81.99926817824449,0.32,52.01,1,8542,Moderate
USA,Asia-Pacific,1,Agriculture,56.09001518337967,56.29545948808435,46.9045707966241,54.95034173675563,0.0485,144.66,0.63,0.57,1,0,5,45822,0.8529745737812464,0.047,69.77373585472156,0.93,90.19740480026175,0.36,61.83,2,2751,Moderate
China,North America,2,Chemicals,59.31594926987624,49.0452101379996,32.08852591973273,45.68965953029216,0.2199,311.25,0.64,0.35,2,0,17,48969,0.9123517822620215,0.056,45.68194377052893,1.6,61.02733219691076,0.15,86.92,2,6735,Moderate
Indonesia,Asia-Pacific,2,Electronics,72.33476792151046,84.70008634925658,95.34746013281207,95.11835422293356,0.4554,416.48,0.56,0.27,1,1,27,11530,0.8793108782291249,0.031,74.27101862998491,1.61,85.23528344600813,0.84,83.83,0,10969,Low
Indonesia,North America,3,Agriculture,71.2923864167874,40.1490726831801,60.325083777981426,48.288715017958985,0.1427,238.71,0.55,0.39,1,0,40,44286,0.9462692537893467,0.042,88.40752921098846,1.48,99.25838442750077,0.74,48.8,2,1303,Moderate
Indonesia,Asia-Pacific,2,Agriculture,60.92665140063237,35.489889085120005,85.8352643022453,58.49280559916909,0.7933,980.87,0.94,0.71,2,0,39,36523,0.9678495617743345,0.041,36.180404120119405,0.8,50.23107278246427,0.83,86.47,2,3573,Moderate
Brazil,South America,3,Agriculture,65.37883444914877,52.41352114930581,50.177385833642965,56.409430047681894,0.8922,1091.73,0.48,0.31,2,0,7,10608,0.9912959383339202,0.064,48.171005426081805,0.39,69.62024450034711,0.53,77.11,0,5298,Moderate
Indonesia,Asia-Pacific,1,Agriculture,68.94912975794291,60.11350617696689,41.90697215661401,50.4908247069233,0.91,1059.81,0.66,0.41,0,0,22,9516,0.8837844907042821,0.044,50.526090454826786,1.28,88.53931837159503,0.85,55.53,2,5448,Moderate
Brazil,South America,1,Food & Beverage,65.68876948400238,79.27270317208787,82.9259709998947,76.39456148454119,0.1463,166.6,0.88,0.36,1,0,30,4177,0.8546344548430602,0.024,89.84570321401613,1.59,100.0,0.51,57.9,0,8842,Low
Japan,Asia-Pacific,2,Electronics,72.46801187740735,83.09526587865462,50.60658069330093,70.67717329708127,0.2677,112.19,0.52,0.31,1,0,11,2295,0.9552129988010932,0.043,70.60353279373324,0.9,64.33860346543264,0.78,56.17,0,644,Moderate
Indonesia,North America,2,Electronics,60.521310286601725,50.600023891447286,55.12078607129016,50.07507013082887,0.2221,968.54,0.36,0.04,3,1,39,40139,0.9650579891133287,0.065,66.63142957819348,0.94,77.55950751729448,0.16,63.13,2,2725,Moderate
China,Asia-Pacific,2,Chemicals,68.11362599226909,100.0,40.28154831055731,47.36095534225055,0.9436,1231.82,0.46,0.36,2,0,37,31904,0.8965633610617144,0.008,73.55440718331923,1.62,72.6973337806979,0.32,61.59,2,9106,Moderate
Brazil,South America,2,Food & Beverage,59.19826005481188,66.94996276225939,65.78187825550809,54.6586620126491,0.623,1197.39,0.54,0.34,2,0,15,3431,0.8693210561805106,0.049,74.91742094151212,0.25,93.29537906486003,0.54,53.21,0,3455,Low
China,Asia-Pacific,2,Agriculture,46.22263106586237,69.35513641861463,85.79980784155454,30.13103180259926,0.8087,639.8,0.44,0.31,1,0,19,30687,0.8378110096107789,0.033,72.71993923333561,0.74,66.8325714138165,0.11,52.2,1,6801,Moderate
Malaysia,Asia-Pacific,1,Agriculture,54.52926940441433,57.15886644352827,47.07087158248958,33.368462052116016,0.9418,551.03,0.58,0.32,2,0,19,30649,0.8347918728109484,0.041,77.70637149148558,0.63,70.03364148497496,0.14,70.57,1,859,High
Brazil,South America,2,Agriculture,58.763308498979164,37.90850978191901,68.30540280146269,39.13841290427886,0.1953,1445.76,0.44,0.63,1,0,36,23450,0.8714382359084621,0.037,66.8151776634384,0.2,75.95103635983352,0.12,66.9,2,477,Moderate
China,South America,3,Food & Beverage,70.40498568891782,98.56820153204804,45.803917861826925,81.69841648559314,0.9005,1111.18,0.96,0.56,1,0,10,10814,0.9076172202544819,0.026,30.251735733763276,1.8,100.0,0.51,47.28,1,5307,Moderate
Japan,Asia-Pacific,1,Metals,70.5350686774203,67.49525750167707,84.35848701792501,77.32735671916693,0.9295,756.49,0.51,0.41,0,0,30,11417,0.8876923609429163,0.043,41.007408535018335,1.74,100.0,0.3,78.0,1,9341,Low
Brazil,South America,3,Agriculture,48.558866318308105,51.5707634750781,71.38811480382803,66.85968318585199,0.73,689.37,0.54,0.57,1,0,34,12314,0.9055717982862803,0.057,58.364502114758885,0.2,60.206158936556825,0.53,88.71,0,1712,Moderate
USA,North America,3,Agriculture,73.37192967266512,80.34273275159109,91.50403345746665,83.65151388452576,0.2094,216.54,0.52,0.35,1,0,6,48164,0.8588854160892195,0.026,74.72892685458395,1.12,76.5540329193054,0.56,78.81,0,6539,Low
Indonesia,Asia-Pacific,3,Agriculture,74.96909320574893,82.8200007540564,82.1413227091348,81.40947577935563,0.9098,962.29,0.84,0.49,3,0,40,11199,0.8080218378914447,0.024,78.64951729573377,0.61,85.66911200297046,0.62,74.97,0,6578,Moderate
Japan,Asia-Pacific,2,Agriculture,73.93729515471489,100.0,78.74571159861485,91.41273233016669,0.0792,913.28,0.61,0.45,3,0,28,11104,0.8644074430659848,0.026,44.71568359298468,0.97,76.56501505887677,0.15,50.82,0,1723,Low
Brazil,South America,2,Chemicals,68.68175679656615,43.80795570425341,86.92275434931402,59.64705254206067,0.3321,148.96,0.59,0.52,1,0,16,27942,0.7874254292670276,0.034,73.7954224149893,1.2,76.82598179399162,0.85,64.03,4,655,Low
Japan,North America,1,Electronics,66.56410250586316,51.04045054278762,42.58952122799196,47.9558773454029,0.6183,206.27,0.48,0.38,1,0,27,23183,0.9308446725152577,0.057,50.17044150421946,1.17,92.55311138094993,0.15,64.39,2,1497,Moderate
India,Asia-Pacific,1,Agriculture,76.73265864905898,80.98207039194831,79.89491891122196,48.45480231634525,0.8822,610.0,0.49,0.62,1,0,45,33862,0.9009822903495758,0.029,45.66272906415166,1.53,75.6218439600982,0.82,62.72,1,2696,Low
Indonesia,Asia-Pacific,1,Agriculture,58.865882530088875,73.00771258712258,78.56536133893476,48.56744769804704,0.5482,335.86,0.72,0.53,1,0,6,46407,0.8974702250113613,0.04,70.86102252390914,0.22,99.52205862221379,0.71,62.75,1,3947,Moderate
Brazil,South America,1,Electronics,72.89316382256054,73.76395956948548,78.7777802571372,63.403580459549985,0.8463,1389.9,0.63,0.04,1,1,23,28172,0.8799105724626641,0.044,71.03916718699743,0.26,100.0,0.65,41.31,1,8554,Low
Japan,Asia-Pacific,1,Electronics,73.36714603142757,62.66852738916375,62.696412928918505,28.153962773605404,0.1212,856.45,0.72,0.12,3,0,8,2525,0.8837509073715304,0.012,59.036480343971384,0.25,99.06986203288439,0.69,72.64,1,11827,Moderate
Malaysia,Asia-Pacific,2,Electronics,74.31631764783974,83.8484372651224,80.66954336266369,65.20256342970671,0.2005,934.93,0.9,0.16,1,0,15,5035,0.9428750947765714,0.041,71.7270348887465,0.75,59.63813705440859,0.42,75.43,1,447,Low
Brazil,South America,3,Food & Beverage,67.78389391733323,61.92905058296582,60.64390547454298,66.30764939914057,0.5731,137.97,0.61,0.29,0,0,19,46845,0.9853998562633598,0.037,56.20770226860451,1.37,99.91945991983027,0.16,58.57,0,5445,Moderate
Japan,Asia-Pacific,2,Agriculture,84.96765992147724,52.042393921409065,74.13258852449138,63.1706754815322,0.2225,98.2,0.63,0.26,1,0,18,17776,0.8509665964192427,0.066,75.58525215726316,0.45,72.81955175580708,0.15,55.3,1,9079,Moderate
USA,North America,2,Agriculture,67.2181324076682,87.11618638896925,50.716963515396145,47.165323660979766,0.2124,197.79,0.93,0.15,2,0,40,46764,0.9414981629331428,0.039,64.369984394002,1.08,55.91772629363189,0.79,71.96,1,6378,Moderate
USA,Asia-Pacific,2,Chemicals,74.0004342550957,94.65447560097947,75.27483548588992,90.61298162852074,0.937,133.37,0.9,0.46,2,0,40,16078,0.8668301418214549,0.032,62.87137246628006,0.78,100.0,0.53,79.34,2,3877,Moderate
Brazil,South America,2,Agriculture,65.81585952185665,77.6632335371945,74.57575921773571,67.06091849977706,0.7348,166.23,0.88,0.51,1,0,37,39955,0.8914648647124167,0.03,55.27163915890692,1.08,95.72709030467972,0.41,76.41,1,6138,Low
USA,North America,2,Agriculture,67.33588391922508,31.94003211043239,61.1114805849751,64.41235120802912,0.1295,272.46,0.55,0.48,1,0,16,10240,0.952369903703673,0.039,34.80803233609547,0.24,63.94714272113163,0.33,70.84,2,6658,Moderate
Malaysia,Asia-Pacific,3,Food & Beverage,48.80453506012952,54.47102312736158,31.004596392294417,53.43404959844065,0.9581,214.47,0.41,0.39,3,0,17,1677,0.8586039879365732,0.044,62.67732207971468,1.03,94.41562096953147,0.11,79.16,2,5291,Moderate
India,Asia-Pacific,2,Agriculture,58.80049363848077,34.30097727738621,58.935983367493016,47.43337802025826,0.8209,1408.24,0.34,0.84,3,1,7,43882,0.8537668388772016,0.039,72.57356939720754,1.23,100.0,0.64,71.44,3,4443,Moderate
Indonesia,Asia-Pacific,3,Electronics,77.20901404465813,78.9424854563061,71.25931241324234,60.93898133639715,0.3876,793.46,0.33,0.32,3,0,33,2113,0.9445533907184345,0.034,49.06604574402665,0.78,64.86417635905973,0.36,63.91,2,4598,Low
Malaysia,Asia-Pacific,2,Electronics,79.89603128221533,50.784171037874245,51.60076200054262,58.08215753839301,0.7303,85.32,0.58,0.72,1,0,41,27662,0.8545240046763204,0.036,80.66904306955635,0.3,79.28239454179965,0.62,62.96,1,10943,Low
Indonesia,Asia-Pacific,3,Chemicals,40.8832900697743,39.105989674396,32.22856518078017,24.101813749497225,0.9149,320.09,0.68,0.38,3,0,14,4812,0.9453971595662619,0.035,74.30962996106126,0.3,75.3286675776788,0.11,72.42,1,11395,High
Japan,Asia-Pacific,3,Metals,76.64814621645776,92.73005050560408,79.09692498697596,92.49459543150854,0.4706,426.97,0.59,0.33,1,1,8,19969,0.9057409843013684,0.04,99.34806641813428,0.2,83.17022595592849,0.45,65.69,1,7737,Low
Malaysia,Asia-Pacific,2,Agriculture,60.93664223662482,45.55552078050897,79.51154021181961,48.719319412017875,0.882,756.86,0.45,0.16,0,0,19,32322,0.9417883175906048,0.063,54.02207227396945,1.17,82.66843834694006,0.73,73.87,0,9598,Moderate
USA,North America,3,Agriculture,65.5483640821946,61.77421956576092,99.64139405127489,42.343713158927144,0.2651,1045.31,0.63,0.28,3,0,40,36441,0.9459737074615993,0.032,62.80744363712654,1.28,75.34063315757112,0.48,55.93,2,9009,Moderate
China,Asia-Pacific,2,Agriculture,50.44425155494875,59.60323450789512,43.80150771137967,30.334244598521753,0.2267,1105.89,0.47,0.12,1,0,5,29218,0.9301021705171939,0.04,71.89314207175347,0.24,42.072141889149535,0.33,74.83,2,5781,Moderate
Brazil,South America,3,Electronics,69.07199581025331,28.24274077660516,47.8996367284751,65.94318141022688,0.0696,1228.46,0.6,0.25,2,0,43,35260,0.8364497316161909,0.036,70.75341057947817,0.44,90.67539648030112,0.65,60.29,2,5868,Moderate
Brazil,South America,3,Agriculture,68.32565141122605,54.887219070854165,59.406652046293445,39.11158206929409,0.3995,1152.91,0.7,0.5,2,0,17,23517,0.8954623141003425,0.014,67.58671347188503,0.97,95.15466438525776,0.65,45.84,2,6796,Moderate
Japan,Asia-Pacific,2,Agriculture,68.16707516011601,71.05090713740424,73.22924459961375,57.745221337637524,0.3243,586.84,0.88,0.31,1,1,31,46005,0.8963359931391965,0.02,74.99160022817429,1.52,86.81687424041242,0.87,60.41,1,9105,Low
Indonesia,Asia-Pacific,2,Chemicals,64.28287169802685,44.82053628425177,53.16986400321982,63.57365561955863,0.7481,1240.31,0.92,0.45,0,1,28,33145,0.9145841077351261,0.022,97.30498572364358,0.72,76.62196870668633,0.44,54.18,0,569,Moderate
Japan,Asia-Pacific,2,Agriculture,82.96890588254638,86.41799657034696,75.40779000246872,91.75769060309814,0.0889,1219.76,0.6,0.42,1,0,25,22512,0.9191586415818666,0.046,54.62062342019327,0.61,68.54812763339017,0.29,85.59,1,9922,Low
China,Asia-Pacific,2,Agriculture,76.72243353061148,73.77272098809694,77.97697196092727,51.00777411458237,0.9312,1091.26,0.52,0.17,3,0,22,26650,0.9455917241248052,0.036,96.53050897526417,1.04,76.5943545909168,0.14,64.25,2,6573,Low
Indonesia,Asia-Pacific,1,Metals,65.50224435487272,62.8185533094219,31.784108930816437,50.79604985815324,0.9232,324.22,0.53,0.62,3,0,6,4619,0.8717050058491784,0.034,78.84181257930476,0.95,94.76191887364813,0.8,79.1,2,4700,Moderate
Japan,Asia-Pacific,3,Agriculture,84.96421202999373,85.23818231412297,97.67405825636934,89.74664142379723,0.912,886.4,0.93,0.35,0,0,24,11690,0.9473899037258738,0.059,29.687262138708743,0.7,99.15396003958357,0.28,49.95,0,8948,Low
Japan,South America,1,Chemicals,85.69628393772395,79.24771084365402,99.7483749034934,79.21436936582859,0.8894,838.2,0.61,0.3,3,0,12,40403,0.8338044855389526,0.038,99.10251208861705,1.6,100.0,0.33,59.49,1,7900,Low
China,Asia-Pacific,2,Agriculture,71.47600230569383,86.4554229928437,81.58902791620757,37.581926603567375,0.7813,643.81,0.59,0.2,3,0,26,10859,0.7801365736972611,0.031,55.07415689415267,1.34,100.0,0.49,52.44,1,10810,Low
India,Asia-Pacific,2,Metals,74.15048319931952,58.94811090830754,72.4676174003623,43.13870149725533,0.8714,338.49,0.52,0.62,3,0,30,10839,0.9890272367920264,0.03,30.35923627092847,0.28,65.0392123865668,0.37,61.45,1,10954,Low
Brazil,Asia-Pacific,2,Metals,61.567074925372495,51.3311705686458,49.727147842068874,46.061881816432305,0.3433,838.55,0.59,0.54,2,0,24,23826,0.8505813427913089,0.041,65.83725788723976,1.14,100.0,0.21,78.99,1,7101,Moderate
India,Asia-Pacific,2,Chemicals,60.65827765307137,55.185375653581836,83.80788972268992,40.98145063756759,0.9709,1013.57,0.57,0.23,0,0,36,12104,0.8534377771562892,0.037,53.91096708237522,1.11,98.92928609641437,0.28,48.81,2,9658,High
Brazil,North America,2,Chemicals,62.782656146585545,61.58734428160436,68.70585425529853,74.2039216980346,0.896,1273.71,0.95,0.51,0,0,5,27339,0.8670617433518645,0.006,97.06122045688014,0.71,87.56253548079256,0.5,68.35,2,2801,Moderate
Malaysia,Asia-Pacific,2,Agriculture,64.67729723084811,28.24445691552296,73.14405094576362,56.27583731955196,0.915,991.64,0.68,0.08,3,0,22,11265,0.8484360031811073,0.036,58.23041027891116,0.21,54.68481258964379,0.72,90.36,1,7812,Moderate
USA,North America,2,Agriculture,70.02342431936815,91.0659963667718,63.35661548083993,45.950992963312416,0.2052,92.11,0.51,0.7,0,0,22,47850,0.9628837110497964,0.041,79.88485897912237,1.27,52.8547178458346,0.52,65.36,1,8844,Moderate
USA,North America,2,Agriculture,75.15556429101626,91.49244211093088,96.37524345752485,72.53659712396721,0.0651,1351.71,0.6,0.71,3,1,19,17177,0.9454020624966825,0.045,74.14012603201306,1.64,48.3678187550087,0.1,65.46,1,7144,Moderate
China,Asia-Pacific,2,Agriculture,66.13990134692835,67.11936518271439,59.020479348668474,46.968827840205485,0.8002,939.61,0.73,0.32,2,0,33,49267,0.9134527811166439,0.047,76.80908435192103,0.21,73.17533478479328,0.48,64.46,0,5898,Moderate
Brazil,South America,3,Agriculture,77.6996379137505,75.8585976265629,70.04218888446322,39.51718050425546,0.4841,1151.46,0.38,0.64,3,0,13,47858,0.8534924723438664,0.047,62.00674489967707,0.97,91.63617713190337,0.59,74.69,2,5916,Moderate
USA,North America,3,Agriculture,57.097552212164494,67.7416655454939,86.16686230597242,44.368316997293846,0.5825,1348.14,0.41,0.34,0,1,6,47235,0.9516601009374481,0.033,46.39636504703019,1.07,63.029103700750895,0.59,73.0,1,5561,Moderate
brazil,Asia-Pacific,2,Agriculture,58.83384758877203,86.02970513976804,82.34087773089372,28.33056380434642,0.6631,931.52,0.76,0.72,1,1,10,40470,0.9401483125925606,0.036,42.43860522762262,0.93,77.25648769977964,0.66,65.91,2,5845,Moderate
India,Asia-Pacific,3,Agriculture,51.08216798991056,65.20980123413797,51.80043023012563,42.03755128351188,0.9999,1019.21,0.62,0.77,1,0,9,18390,0.8064301968493864,0.049,45.159408648006966,1.47,100.0,0.68,59.03,2,7665,Moderate
USA,North America,3,Agriculture,71.4728818952797,57.26098241133269,98.49086693233383,62.1095457019006,0.9347,1055.68,0.7,0.29,1,0,18,47395,0.9448700244418321,0.036,53.59436093005551,0.23,79.84282220584936,0.48,76.05,0,8777,Moderate
Indonesia,Asia-Pacific,1,Electronics,72.1451300977748,87.59028253032578,81.31201444191952,56.50748245000983,0.8694,1033.88,0.59,0.3,2,0,24,13173,0.9337267339806959,0.027,49.460914726990325,1.28,69.73016764037614,0.6,58.23,0,7038,Low
USA,North America,2,Agriculture,62.85001294717488,64.85138961810456,60.9193067011893,50.42720763814149,0.3583,152.88,0.72,0.8,2,1,8,11309,0.9049861772869288,0.023,75.66887842825928,0.69,71.87494221810873,0.78,71.4,2,1563,Moderate
China,Asia-Pacific,3,Electronics,72.87717468638999,50.26895207904587,44.684139616587686,35.76303812081235,0.8543,1351.39,0.55,0.77,1,1,29,46497,0.8983761827238849,0.043,34.56086715755793,0.81,100.0,0.77,82.0,1,10726,Moderate
Japan,Asia-Pacific,2,Metals,76.53584759080287,72.67093445013965,41.91653455801958,69.13925610882339,0.8827,658.81,0.84,0.01,0,0,29,43904,0.9705068682286017,0.039,47.72877736214391,0.91,92.75788326945457,0.63,49.08,0,6256,Moderate
USA,North America,2,Agriculture,73.96940091084709,54.036859242421734,71.12424163881,89.67230673507879,0.5947,184.97,0.68,0.3,3,1,16,1155,0.9114686552512842,0.047,76.3072975447111,0.25,77.41955856492748,0.47,76.84,1,11406,Moderate
USA,Asia-Pacific,2,Agriculture,53.52133789281986,56.911276924731254,59.57861081476754,50.94025693336756,0.4321,879.03,0.93,0.28,1,1,7,46395,0.9279562112822222,0.005,49.620441083192766,0.96,78.73501772066375,0.24,89.63,2,6292,Moderate
China,Asia-Pacific,2,Chemicals,74.91728980297084,78.87084050176068,47.365695479311725,74.92313668839586,0.6572,1120.29,0.88,0.75,3,1,37,32826,0.9363121303931179,0.038,39.4839551134328,0.73,66.02145215285843,0.58,83.56,0,7488,Moderate
USA,North America,2,Agriculture,75.74818342447927,28.18412517427511,85.36557277716369,78.34001090092802,0.2121,1422.67,0.44,0.12,1,0,32,10362,0.8138052551626542,0.036,84.33373511152757,1.16,94.37884879949429,0.57,54.66,1,6656,Moderate
Malaysia,Asia-Pacific,2,Food & Beverage,54.797573962125625,33.70137822907788,34.255933453226305,40.10883620824789,0.1311,836.4,0.92,0.52,1,1,45,45180,0.9500186346665062,0.035,98.33764801434648,1.39,72.92285697756274,0.74,63.49,2,4096,Moderate
Brazil,Asia-Pacific,2,Food & Beverage,59.225545062544974,57.447304261504485,58.018754386887174,52.770603993582,0.899,623.24,0.69,0.55,1,1,36,12074,0.8922252805698683,0.036,78.7627605575276,0.25,96.57846383811322,0.34,75.22,3,6650,Moderate
China,Asia-Pacific,3,Agriculture,76.21839453290218,60.4132500340136,66.87722468205872,83.5700657165606,0.3561,682.84,0.54,0.52,3,1,12,28939,0.83893418355311,0.054,70.74735736504263,1.34,76.55233127612698,0.85,69.36,0,2033,Low
India,Asia-Pacific,2,Agriculture,82.57005014055,91.50372194127704,75.37071690098809,84.1722985310212,0.9674,876.95,0.56,0.29,0,0,14,12542,0.9419601415111093,0.029,38.32869493525609,1.27,100.0,0.62,40.76,0,9663,Low
India,Asia-Pacific,3,Electronics,57.586573408933305,61.261395244467245,80.67013158177812,60.78788136838318,0.254,737.59,0.85,0.19,3,1,14,45388,0.8132074737681738,0.032,78.40948683416168,0.89,57.10402542964947,0.55,84.93,2,9111,Moderate
China,Asia-Pacific,2,Metals,37.90953519068027,42.83382558133611,34.17784202223893,37.04897788380717,0.1099,1111.82,0.76,0.23,3,0,9,12416,0.9111534982416856,0.044,55.962181936539565,0.71,89.64056345358182,0.5,72.76,4,7261,High
USA,Asia-Pacific,2,Electronics,67.981662581583,84.88738513225536,36.28884160761336,51.129047167890235,0.3678,191.67,0.59,0.42,2,1,8,22371,0.9462244601980353,0.04,79.14092152487459,1.34,90.43604640531522,0.42,59.3,1,8199,Low
China,Asia-Pacific,2,Agriculture,60.70863960133123,62.10723372074747,33.936430841743515,28.053089360363206,0.6373,669.43,0.41,0.22,3,0,5,45258,0.913657521123331,0.041,48.53013235532705,0.66,60.841080365077076,0.3,64.18,2,5618,Moderate
USA,North America,1,Agriculture,65.4868347749036,61.89649091038798,64.72594107357797,40.17549978012216,0.65,119.11,0.77,0.56,1,0,31,39578,0.9152230329769521,0.044,71.88875409446602,1.15,100.0,0.89,48.65,2,7716,Moderate
India,Asia-Pacific,3,Agriculture,69.20272867410094,64.73426412301136,72.40943681286147,61.75837700926536,0.9053,149.56,0.61,0.18,3,0,13,46185,0.8441585372668573,0.039,71.25332501449155,1.46,63.504966803574675,0.29,81.1,1,7090,Low
Brazil,South America,3,Agriculture,77.84225576108672,80.55114274115796,48.551227147902125,66.28400990365527,0.1084,188.56,0.64,0.46,2,1,25,27189,0.81857692433998,0.033,70.96481591476487,1.24,63.428519212188824,0.36,82.24,0,5982,Low
USA,Asia-Pacific,2,Electronics,61.40759291601077,87.32015056918256,72.45334419704713,52.02745205548062,0.4398,164.68,0.51,0.75,1,0,32,25028,0.9062491938603464,0.04,32.161932494923576,0.79,91.21469205217473,0.75,88.66,2,8240,Moderate
Brazil,South America,3,Food & Beverage,54.26581789743339,52.378674584049094,53.273286972065584,60.64039756565771,0.5137,176.21,0.64,0.34,2,0,12,12073,0.8872821766270863,0.042,63.30383067408921,0.74,71.50535306088607,0.83,56.63,1,4403,Low
USA,North America,1,Chemicals,63.874284996344166,63.03160435659511,49.36234362875719,47.926168129248474,0.2559,149.06,0.69,0.64,3,0,30,9779,0.9470616654366615,0.042,69.16933536880182,0.24,87.22593003882508,0.53,72.81,2,5631,Moderate
Malaysia,Asia-Pacific,1,Metals,63.40180970738092,74.45204222655104,59.161414319321224,92.61636644007793,0.9104,1363.76,0.49,0.56,3,1,21,6730,0.9896981136460715,0.047,31.91025822369281,0.85,67.32573888696648,0.84,88.88,1,5703,Moderate
Japan,Asia-Pacific,2,Electronics,74.15960453393951,87.12709896517786,71.41670431009338,28.77912643687209,0.3669,629.64,0.94,0.26,0,1,5,14078,0.8787467721907074,0.048,31.873751564003257,0.94,73.52647572430995,0.3,52.45,0,7361,Low
China,Asia-Pacific,3,Agriculture,48.00000103822197,50.69392602950059,65.62604196449134,45.100689337089236,0.797,841.27,0.53,0.5,1,1,9,38736,0.9179050958994431,0.025,47.30922070152796,1.43,71.05277253062563,0.13,46.13,2,4503,Moderate
USA,North America,2,Agriculture,57.93011436421362,39.38974119374038,92.35188800012129,71.85369778349266,0.4697,267.11,0.41,0.03,3,1,40,26925,0.9533645011001095,0.044,58.16750985261252,1.53,69.7229629583235,0.54,89.24,2,6321,Moderate
Indonesia,Asia-Pacific,2,Agriculture,59.007869499052724,79.06253702898422,68.80791618470508,64.66332394250996,0.5658,962.95,0.62,0.31,1,0,5,38630,0.9157659015846022,0.04,43.13423622911368,0.55,91.4018521217257,0.86,76.82,1,2713,Moderate
Brazil,South America,3,Chemicals,58.81641989139914,44.170382106778575,36.45735798870356,57.36490957037344,0.0567,995.9,0.94,0.5,1,0,22,33125,0.8719961704866493,0.042,88.44195080361429,0.2,73.81329683377633,0.5,84.26,1,7805,Low
Brazil,South America,2,Food & Beverage,61.40669722713913,87.01772174980833,73.4349466848928,71.8687258109638,0.7896,606.0,1.0,0.54,1,1,28,4361,0.8790440152379374,0.032,57.01693759178907,1.56,76.0978231042062,0.48,70.38,1,1426,Moderate
Indonesia,Asia-Pacific,3,Electronics,61.549976889287734,54.89340380334771,88.04642473408086,51.99327165317774,0.8344,1034.16,0.82,0.29,1,0,5,26610,0.9043388409305768,0.04,69.21561053123506,1.39,74.57978984424328,0.7,69.77,0,6672,Low
Brazil,South America,1,Agriculture,79.46510697315802,36.23380182643778,76.13138926287454,52.59944509228843,0.1982,1222.86,0.95,0.26,2,0,8,20465,0.8262973449846297,0.034,70.02277682441269,1.7,91.04131751153665,0.54,84.05,1,5292,Moderate
USA,North America,1,Agriculture,55.826248022590605,53.28545565547932,49.54515758257469,45.58612032832763,0.4418,639.38,0.51,0.53,2,0,40,32505,0.862174978356518,0.043,76.8602307704862,1.23,81.81457829575893,0.2,65.76,4,8961,Moderate
Malaysia,Asia-Pacific,2,Agriculture,54.67710355540058,49.15972750576304,47.796282071391346,20.020000000000003,0.9776,1250.09,0.56,0.2,2,0,10,46696,0.9590470809791448,0.06,84.86404202119037,1.5,82.43355613211689,0.12,90.01,0,5128,Moderate
USA,North America,2,Agriculture,66.70042976471916,50.26299362935392,37.20784137975506,49.48400932786937,0.2409,1051.16,0.6,0.66,2,0,37,21156,0.8667302008431481,0.048,30.772514994719984,1.68,46.10467001111103,0.55,74.72,2,5987,Moderate
Brazil,Asia-Pacific,3,Metals,71.66624370475813,67.42640606034338,86.37804455510329,79.1872286910192,0.2518,426.2,0.73,0.45,2,1,26,32798,0.9456078393647847,0.033,66.103067605164,1.02,81.61656678503785,0.79,81.67,0,4999,Low
Japan,Asia-Pacific,1,Agriculture,77.23145156527775,63.740236697031136,83.95633983967491,78.98175288854576,0.7873,672.3,0.64,0.51,0,0,38,46271,0.9126718359630867,0.042,78.22589401746849,1.16,77.15040561946293,0.83,65.87,1,1818,Low
Indonesia,Asia-Pacific,3,Electronics,78.233525406812,77.98126475034876,62.06497565177042,63.74266703785292,0.0576,623.62,0.57,0.25,1,1,23,48351,0.9527737578764717,0.018,74.68184700914954,0.81,86.96340507508224,0.25,78.37,4,9162,Low
USA,North America,2,Agriculture,69.87705260319414,87.18639810115694,100.0,72.8064696900762,0.955,1205.19,0.79,0.27,1,1,5,12917,0.8320977255056524,0.039,71.32631181562184,0.24,100.0,0.51,69.77,0,2699,Moderate
Brazil,South America,3,Agriculture,65.13022192956218,83.7660829797765,57.04355627699438,75.73436686670935,0.7845,464.83,0.46,0.35,2,0,29,37614,0.9628801136398494,0.042,85.87760784254684,1.29,77.07941785864244,0.53,89.59,2,1269,Moderate
Japan,Asia-Pacific,2,Agriculture,57.6364339130433,61.05049181705951,89.9563785350062,61.70435279296191,0.5031,1310.37,0.31,0.04,3,1,37,21283,0.9186125051750516,0.042,66.73970799765044,1.24,55.48337624704278,0.68,79.19,1,6625,Low
China,Asia-Pacific,1,Food & Beverage,71.80491411205158,55.36879861133704,44.27201307729422,53.116482220412514,0.2746,868.43,0.95,0.31,2,0,12,44098,0.8404092982944249,0.057,47.891050194651655,1.28,67.26815235906562,0.46,65.0,0,3577,Moderate
USA,Asia-Pacific,3,Food & Beverage,64.98716882395115,45.587205294267875,74.66397603453244,34.07333007517653,0.8979,1399.11,0.47,0.38,1,0,35,10885,0.9427946522384029,0.007,66.4922318449642,1.52,60.58110592072612,0.78,64.28,1,8290,Moderate
Indonesia,Asia-Pacific,2,Agriculture,71.48787599694067,79.80653324544316,90.80415055749037,79.98364470374534,0.8948,541.53,0.88,0.33,1,0,19,18272,0.8910537845115089,0.039,93.01230932061095,0.91,100.0,0.18,72.17,2,8420,Low
Brazil,South America,3,Agriculture,37.365,14.71438470678336,47.336129450558126,20.020000000000003,0.8574,207.92,0.52,0.68,2,0,29,24911,0.8450262334854346,0.033,37.63141877223975,0.73,60.14130351785921,0.36,64.81,3,5291,High
Malaysia,Asia-Pacific,2,Metals,70.33813313495465,65.14826510818196,38.05262938103787,50.974727981503825,0.3947,141.17,0.64,0.26,1,1,47,32653,0.8414446251977269,0.044,48.17861697795211,1.15,98.25038093685535,0.49,51.76,1,920,Moderate
USA,North America,2,Agriculture,59.606358779691845,47.32501697209202,41.803750412124906,40.940077461536994,0.2167,503.67,0.76,0.28,0,0,19,46054,0.9619275250505789,0.057,68.18294437684202,0.59,86.13588229977302,0.36,73.27,1,4046,Moderate
Indonesia,Asia-Pacific,3,Electronics,57.31237128885403,82.96156009184863,55.855766151153915,26.968294458795974,0.4926,871.2,0.91,0.59,1,0,12,47597,0.8597632306853659,0.033,41.80253983230595,1.01,85.36270850364599,0.75,50.69,1,5587,Low
Brazil,South America,1,Agriculture,70.60750572032975,54.36180016330252,65.14859138821032,59.787670252659005,0.6182,442.62,0.65,0.69,1,1,6,48414,0.8388779179257023,0.043,49.571878564258014,1.35,76.47521348842916,0.19,82.95,1,8678,High
Malaysia,North America,3,Electronics,63.09731108322357,63.83765529494378,48.48506332089988,56.74122098911845,0.0799,1470.78,0.92,0.25,3,1,20,32894,0.8950441881780957,0.032,81.24355057112037,0.97,55.221044114591386,0.86,60.28,2,2951,Moderate
Malaysia,Asia-Pacific,3,Agriculture,71.55552970389387,71.90520041859148,92.16474907415774,73.92957629815359,0.9628,600.22,0.66,0.37,1,1,37,36504,0.8961298223777479,0.029,67.80523200505196,0.42,85.18552675888817,0.52,59.08,0,8983,Moderate
China,Asia-Pacific,3,Agriculture,66.00112367017427,70.7311254588231,47.17292622914881,62.7878892543638,0.912,833.0,0.72,0.76,0,1,37,25801,0.8608085328258566,0.004,73.97072185454824,1.47,58.966334125867185,0.56,57.71,2,7000,Moderate
USA,North America,2,Agriculture,58.002305336179795,60.08626806169987,53.90107727870678,38.036659567372986,0.0762,166.04,0.9,0.03,2,0,33,29754,0.905517095729828,0.011,72.49380067245913,1.18,49.72721269778893,0.11,70.21,2,5426,Moderate
USA,North America,3,Metals,62.83137512790428,63.82731851666678,67.06368455631888,48.73976824275927,0.3648,974.62,0.66,0.79,3,1,6,26169,0.9013632543114846,0.033,45.300798997786764,0.82,59.50729713789021,0.35,83.16,1,3216,Moderate
China,Asia-Pacific,2,Food & Beverage,53.17513757307066,61.61190227894621,36.291404688365574,43.26532883491647,0.7129,712.99,0.65,0.27,3,1,23,19027,0.9342880139676987,0.028,72.40481979715847,1.88,89.10623444700067,0.36,80.76,1,6700,Moderate
China,Asia-Pacific,2,Agriculture,58.87432145987451,62.630158046798385,49.743259114023274,66.70255503309647,0.2432,886.3,0.6,0.13,3,0,32,16255,0.9237801895672547,0.041,72.6730065770963,1.31,93.3343063941358,0.81,60.02,2,3185,Moderate
China,Asia-Pacific,3,Metals,54.4106573549311,48.65373554198476,50.359231482346736,79.42653894692546,0.7728,137.01,0.64,0.22,1,1,20,33267,0.8572125179677039,0.029,55.15426214642331,0.78,88.54142247693487,0.52,70.47,2,4477,Low
Brazil,South America,2,Agriculture,57.4769790357123,46.635767316018246,74.57541482905711,49.33651997825427,0.7733,924.6,0.62,0.39,2,0,18,12756,0.8196353543021777,0.047,73.74899858918396,0.81,69.39135063929741,0.34,72.61,2,990,High
Malaysia,Asia-Pacific,1,Agriculture,60.748812298261875,69.4678169383221,55.28337811100951,79.13852283247674,0.9183,905.56,0.75,0.44,1,1,28,7164,0.8622726292979405,0.045,75.54684524680472,1.1,100.0,0.42,96.05,1,3948,Moderate
India,North America,2,Agriculture,67.96559267234085,40.75314738051452,64.88173074503912,49.00685718781363,0.5078,811.46,0.84,0.5,2,1,10,45743,0.9420088402071221,0.041,97.2811109930246,1.15,76.60063557496034,0.73,81.92,2,4841,Moderate
China,South America,3,Food & Beverage,47.48436070174476,51.70121303186396,38.33300484407576,44.37836557957292,0.1404,1227.5,0.5,0.38,1,0,9,42116,0.8193358268882941,0.035,74.77554452148924,1.28,75.56165477595528,0.67,82.72,1,9055,High
Brazil,South America,2,Agriculture,81.10941550064963,62.05092429782028,74.95788642785321,86.55306806559408,0.8803,528.85,0.53,0.03,3,0,25,22584,0.8753581793564723,0.053,50.39230897244085,0.81,68.75206150122321,0.63,81.12,2,7775,Low
Brazil,South America,2,Food & Beverage,56.70326881678174,42.53485966881382,59.22284042524352,59.751272377395814,0.5642,1387.8,0.5,0.28,2,0,11,2490,0.8802296990803028,0.042,33.589713352600675,0.51,94.2253365816608,0.82,49.26,1,8792,Moderate
Indonesia,Asia-Pacific,2,Electronics,53.078540349773895,62.77835323184389,53.28511921220213,42.870991150519984,0.2874,643.44,0.55,0.49,2,0,12,37842,0.8522765590909683,0.064,36.59282486475341,0.73,91.8582174354318,0.66,80.75,2,577,Moderate
Brazil,South America,2,Electronics,70.63057570144825,38.81539125408281,86.22753983146538,33.302585728126544,0.0669,805.02,0.34,0.49,1,0,26,35664,0.8703357782386261,0.018,35.814602580827525,1.72,94.57614792488695,0.31,71.43,2,495,Low
China,Asia-Pacific,2,Agriculture,59.79583377126585,56.15277102477429,47.242983100760576,46.18248589813298,0.9255,396.67,0.49,0.67,3,0,32,12057,0.8357382499798643,0.033,88.81624620307704,0.57,90.312420718497,0.32,84.28,3,1822,Moderate
Indonesia,Asia-Pacific,2,Electronics,57.97876324867344,66.47648229647571,71.16102339569694,73.33519664490159,0.1758,1242.63,0.59,0.8,3,0,26,17241,0.897100510458496,0.039,41.47193672640964,0.85,87.056900083137,0.81,90.75,1,2626,Low
China,Asia-Pacific,3,Agriculture,73.45070163122652,53.74397289711018,49.96804334705515,39.807458674216335,0.1795,931.82,0.62,0.52,2,1,11,22599,0.9446402817530504,0.047,92.41643233678117,0.31,76.15296797132557,0.87,59.23,2,5736,Moderate
brazil,South America,2,Electronics,76.37057851627206,67.6370672566218,67.80882710472787,77.80048609997596,0.8584,404.38,0.86,0.56,3,0,9,12944,0.8866355755714894,0.027,81.1786252645597,1.18,86.47191135295999,0.32,70.92,2,3837,Moderate
Brazil,South America,2,Agriculture,69.92712861870787,48.20953885322402,33.34783492945668,59.33494088857955,0.4284,175.74,0.66,0.3,1,1,31,19104,0.8205646750053325,0.054,52.343574110516116,1.63,93.41488859285629,0.42,65.44,1,8493,Moderate
USA,North America,3,Agriculture,49.91258781572083,26.467714844069246,48.541658637693615,64.00175684247502,0.7773,798.73,0.79,0.53,1,0,32,45903,0.9513097832309902,0.028,72.49457093542685,0.73,100.0,0.41,58.45,1,4373,Moderate
India,Asia-Pacific,2,Agriculture,54.65667866960853,39.69848148461145,57.98711939678414,58.590944182955006,0.3334,676.67,0.28,0.3,2,0,12,19264,0.8590109632493766,0.048,83.38882003277462,0.87,94.74068196277348,0.51,88.35,2,3038,Moderate
Japan,Asia-Pacific,1,Electronics,74.76855072511609,98.95024856928276,92.2669917052827,97.64905721365582,0.096,1437.94,0.96,0.52,3,0,6,16081,0.8943067737080918,0.062,78.59843455913061,0.84,71.77313170054853,0.16,94.21,0,5501,Low
Japan,Asia-Pacific,2,Agriculture,72.91609895978382,98.27684881971815,86.09740299092165,64.60750707404078,0.9046,943.71,0.65,0.29,3,0,18,5204,0.856771721621117,0.036,63.35460403359135,0.83,86.41717125038673,0.3,58.68,1,11062,Low
Indonesia,Asia-Pacific,2,Agriculture,63.781483737067006,95.5869062056184,80.2357914264401,40.086483463938286,0.812,175.57,0.44,0.22,2,0,31,28115,0.8404143057599581,0.037,59.75943326303725,1.41,88.68423497947487,0.59,85.73,0,4089,Low
Malaysia,Asia-Pacific,2,Electronics,56.77954430091441,43.1680418434116,53.24046879551229,55.384594449502586,0.9,333.95,0.9,0.17,2,1,13,47702,0.8443181584190794,0.025,29.27125245585739,0.25,88.39844218744614,0.84,80.31,4,1174,Moderate
Brazil,South America,2,Metals,73.19551968382201,71.55681760839396,63.92142761827653,60.89279537917274,0.0237,812.34,0.46,0.17,1,1,42,47314,0.9054563008019103,0.031,98.04277775984183,1.01,100.0,0.42,73.31,2,10262,Moderate
Indonesia,Asia-Pacific,2,Electronics,60.944517024933745,81.84021841189731,65.5683749682426,68.26192016931675,0.8666,1105.62,0.68,0.31,1,0,32,30158,0.8732850659687971,0.034,42.85879202642646,0.99,99.41919043802872,0.67,70.1,2,2420,Moderate
India,Asia-Pacific,2,Food & Beverage,57.8194963775451,36.914571048568554,57.499341866052376,39.77610070348758,0.7189,147.15,0.81,0.19,1,0,11,38817,0.86826365697996,0.041,33.15608986535838,1.61,75.61088430107866,0.63,84.34,1,2881,Moderate
USA,North America,2,Chemicals,73.31194774537094,71.86836148063753,100.0,62.768480527916935,0.8947,990.82,0.86,0.48,0,0,24,18959,0.8387146219567191,0.034,66.13172215661136,1.51,79.36320663795216,0.52,73.07,0,7364,Moderate
Japan,Asia-Pacific,2,Agriculture,71.75231288055903,79.40675169127034,87.73032982492332,61.04972816244694,0.8188,1499.5,0.85,0.16,3,1,24,25828,0.9358776043294595,0.029,72.5793123246933,0.99,87.71670711599639,0.62,69.41,1,6217,Low
Brazil,South America,3,Chemicals,62.176579837652646,43.5607651240933,30.64331806847389,25.605945402115402,0.9257,205.76,0.6,0.17,3,0,14,19692,0.8958277362537571,0.03,65.99651297062506,1.2,99.50681285815186,0.5,54.06,2,1612,Moderate
Japan,Asia-Pacific,1,Electronics,62.73719915257099,66.74281087147787,91.84308060367762,71.16007596184096,0.7188,1193.0,0.72,0.54,0,0,29,47706,0.8493397575136151,0.034,67.76914502349769,1.76,57.23660734942071,0.61,90.76,2,11827,Moderate
India,Asia-Pacific,2,Metals,68.38631307504558,63.33477390150944,99.30860442340902,50.07621856442165,0.915,1045.84,0.76,0.03,3,1,21,45695,0.8646067516324923,0.022,77.83408025919155,1.17,74.92780878888529,0.35,49.22,1,7567,Low
China,Asia-Pacific,2,Agriculture,59.76844117935794,34.415341812362136,51.34199734409873,40.09227650318523,0.351,919.13,0.65,0.26,3,0,32,46975,0.9405892522689202,0.041,82.7326971066618,1.42,89.06387274423999,0.15,48.21,0,8613,Low
China,Asia-Pacific,3,Metals,65.6572656297558,64.51961079891733,75.35376598948781,53.67501477519564,0.839,778.8,0.77,0.5,2,1,33,45166,0.9178568790022144,0.04,77.88365890840439,1.19,88.06593598972611,0.88,62.33,2,11179,Moderate
Brazil,South America,2,Electronics,74.5119355851094,89.28316611895531,96.59119247828035,94.18007259267762,0.4281,1130.05,0.79,0.34,0,0,26,21399,0.8921582048206889,0.061,64.16134636685564,1.1,73.91929099885445,0.12,55.44,0,5980,Low
Malaysia,Asia-Pacific,2,Electronics,53.00515489712054,54.91666420812104,56.393989405257365,63.41735595120923,0.4974,1400.68,0.52,0.42,1,0,8,35389,0.8520171138103287,0.031,70.7424129909422,0.2,78.23042897191273,0.54,84.66,2,10804,Moderate
Brazil,South America,1,Food & Beverage,61.85764057315261,55.60737021167221,62.177626349068525,48.821965985382015,0.3685,857.5,0.68,0.4,2,0,25,23835,0.8923634691677034,0.037,38.79225372698595,0.72,64.32340017676466,0.53,76.24,0,6608,Moderate
Japan,Asia-Pacific,2,Electronics,75.41886158300272,77.96253685720637,85.71402768206998,77.29304903177913,0.7282,350.88,0.63,0.4,1,1,30,11040,0.8889062845544643,0.033,80.88465088810365,0.85,68.42053078955772,0.76,62.19,1,864,Low
Indonesia,Asia-Pacific,3,Agriculture,62.9110565724426,50.662844220619434,52.64404456522003,46.65190798167835,0.921,356.73,0.82,0.34,2,0,20,47593,0.8141886156950073,0.054,73.71759199987942,0.56,95.3965649147176,0.6,66.17,0,5266,Moderate
India,Asia-Pacific,2,Agriculture,55.344731777086594,72.73007590355449,49.829286394531024,68.91450385859683,0.7715,1011.6,0.86,0.34,1,1,22,31130,0.8885819542179054,0.033,80.26722432524812,0.22,90.93692198443499,0.24,69.17,0,5154,Low
Malaysia,Asia-Pacific,3,Agriculture,67.27598914074774,50.09352683398021,80.95770445736616,54.077941860906286,0.1017,1131.28,0.52,0.16,3,0,36,24343,0.8429873034991687,0.033,68.23529002308669,0.45,74.2487480466337,0.37,66.52,0,1225,Low
Indonesia,Asia-Pacific,3,Agriculture,58.06442736657668,31.426261995214706,53.029304809268965,53.341558748582045,0.1332,98.2,0.59,0.12,3,0,11,25173,0.9600517387222158,0.022,50.79919128309823,0.75,60.10243396978979,0.6,75.66,0,5291,Moderate
Brazil,South America,2,Agriculture,56.4104567970345,40.17159560248294,53.187034511740706,80.11121936234878,0.6926,1079.24,0.83,0.16,1,0,23,48227,0.8601322274596034,0.022,72.56552312562222,1.29,69.85396644033172,0.47,82.28,2,1005,Moderate
Brazil,South America,2,Chemicals,65.23186429412563,64.47195490826361,57.789740941964496,41.604891387715455,0.1081,141.61,0.61,0.29,1,0,11,25559,0.9289976976333078,0.059,72.35077432946592,0.2,83.30494323495341,0.57,49.52,1,3464,Moderate
Brazil,South America,3,Food & Beverage,77.5407092661542,76.26263649349195,58.61679257017067,43.1214466756266,0.0541,175.37,0.41,0.17,0,1,9,32303,0.8562019282987352,0.031,59.41269899252135,1.19,100.0,0.62,72.21,1,1697,Moderate
USA,North America,1,Electronics,70.65199673214788,80.05677756441055,72.86492612346483,81.5065563449725,0.8744,203.66,0.48,0.19,0,0,37,40611,0.9627020522130768,0.046,64.0793850275057,0.8,100.0,0.48,76.56,1,10099,Low
India,Asia-Pacific,2,Electronics,66.24868847023178,19.75684741490755,28.535730058191334,38.38683722263229,0.9507,1053.92,0.5,0.45,3,0,27,34477,0.9599111582263166,0.037,69.20974686473606,0.74,78.42112653259396,0.84,57.46,0,8766,High
USA,North America,1,Agriculture,60.508132443962396,62.47954378506519,59.80197784102165,56.459862738618135,0.7934,186.55,0.65,0.09,0,0,43,3994,0.8977171756286819,0.049,67.8616354241849,1.23,51.52026138361352,0.65,67.58,2,1484,Moderate
Japan,Asia-Pacific,2,Agriculture,72.44582192059178,32.5062945189691,47.08839664631067,43.54732481155863,0.9661,671.59,0.74,0.18,1,0,6,9323,0.8650006062223073,0.062,73.80258931599265,1.47,60.21400991133168,0.33,62.07,1,9212,Moderate
USA,North America,2,Electronics,73.68978822836608,74.65551284854686,70.17096735175694,67.6066798379543,0.9484,221.38,0.65,0.34,1,1,35,45927,0.9767581879852834,0.043,46.56407213881384,1.33,92.53221987850856,0.11,49.83,0,6873,Moderate
USA,North America,3,Chemicals,52.79648125509648,61.416166387235194,73.79509493440872,35.21914373886862,0.9548,724.35,0.68,0.42,3,1,27,45947,0.9714980566883574,0.01,33.45958912098244,1.33,95.6136452297334,0.53,77.13,2,3117,Moderate
Japan,Asia-Pacific,3,Electronics,58.88089820341198,60.82195525238254,34.73082488834938,46.68170096828071,0.1918,778.06,0.35,0.41,3,0,32,21397,0.8673841808811203,0.027,62.586319102319415,1.18,67.2076142980258,0.86,59.6,2,2368,Moderate
USA,North America,2,Agriculture,63.2048713365919,52.47163679772963,70.26745512117243,43.54527288212166,0.234,981.64,0.89,0.72,0,1,36,43425,0.9249685187132498,0.032,82.25489492204828,0.64,77.9182123310414,0.77,50.9,2,4010,Moderate
Indonesia,Asia-Pacific,2,Agriculture,58.36925698423661,50.440567501582414,49.43721131895693,42.97750608836157,0.9162,977.4,0.55,0.29,0,0,28,15417,0.8770606755760887,0.035,40.065413421812,1.32,77.91165346041034,0.27,51.57,2,4779,Moderate
Japan,Asia-Pacific,1,Metals,72.10417424349794,100.0,75.44456453102634,64.2314928623919,0.7403,75.56,0.44,0.51,1,0,28,47361,0.9125232997006892,0.023,60.06346388521656,0.2,50.32825846469556,0.85,77.28,1,6878,Low
Japan,Asia-Pacific,3,Agriculture,66.45781270385167,89.92175158363285,79.51904611136092,63.350716332052876,0.7154,1252.95,0.53,0.45,0,0,36,27429,0.8404937820520275,0.045,63.848385259071996,1.1,77.86056182341355,0.25,81.02,1,2562,Low
India,Asia-Pacific,1,Agriculture,72.48240691656774,69.12388753149693,76.05727605006459,53.55768015533827,0.7807,908.88,0.94,0.54,3,0,26,40321,0.910306361678123,0.037,20.652855237293398,0.21,89.55097435151878,0.82,89.97,0,3378,Moderate
Brazil,South America,2,Agriculture,76.98382067472663,51.513685925770275,79.07769871990591,81.40058715569211,0.2393,1191.31,0.66,0.65,1,0,8,46812,0.9604071458035665,0.018,53.37567512797872,0.25,71.79364930401894,0.46,80.03,1,2026,Low
Japan,Asia-Pacific,1,Electronics,65.21235563670353,82.52748862354484,58.04705398911593,61.949270756368094,0.7083,1196.77,0.6,0.15,2,0,35,46656,0.952646602235002,0.045,80.23015382407837,1.61,61.25048084014327,0.22,51.52,1,11193,Moderate
Japan,Asia-Pacific,1,Agriculture,65.37863021011275,48.95494380804247,62.473375312695964,30.18261614510672,0.1855,1004.03,0.4,0.39,2,1,34,45606,0.8364697536917122,0.036,76.70330800507878,1.06,86.47825181422783,0.82,79.28,2,3902,Moderate
Japan,Asia-Pacific,1,Electronics,57.9479417556113,47.460378020822205,37.50546230790451,56.84852651544565,0.1302,1262.88,0.86,0.66,2,1,11,46783,0.9164796520292426,0.039,87.54334079409283,0.87,100.0,0.77,80.1,2,6590,Moderate
China,Asia-Pacific,2,Electronics,52.27318010130593,88.14400333901698,28.876714658118345,60.5293630219506,0.2143,1027.73,0.44,0.56,1,1,15,31924,0.9176899379937886,0.057,79.17795804375699,1.14,83.97341298475416,0.11,90.14,1,5028,Moderate
Japan,Asia-Pacific,2,Agriculture,64.35513095837409,79.94598032063568,76.41920252076476,75.07681145316856,0.8825,518.29,0.56,0.08,2,0,29,18700,0.9489764548029271,0.041,54.51953142519524,1.01,50.43291954085356,0.38,79.42,2,7944,Moderate
Malaysia,North America,1,Agriculture,60.80344231251686,72.53278384643374,41.04568492478157,44.9424846487001,0.5225,1088.98,0.5,0.41,3,0,12,45894,0.935196535084127,0.049,99.621323250445,1.26,98.95269196041512,0.55,84.91,2,3222,Moderate
India,Asia-Pacific,2,Metals,68.16331997799138,60.08339507460954,81.92612659379155,77.5760668865234,0.8277,948.94,0.83,0.64,1,0,25,27741,0.8532100450443687,0.035,44.25794733693746,1.13,79.43407305007501,0.74,43.75,1,6562,Low
Malaysia,Asia-Pacific,3,Food & Beverage,40.87902813667976,43.04358983234488,41.47946013231039,40.9038474092996,0.779,1448.35,0.63,0.51,3,0,40,31722,0.92943552473625,0.052,58.47324880406832,1.36,76.43057711122877,0.81,61.44,1,5929,High
USA,North America,2,Agriculture,63.75116306766101,81.86254791839195,67.7176204113109,41.77484644430977,0.9731,710.82,0.72,0.59,0,0,35,46760,0.868760885149135,0.035,59.17471014447836,0.73,100.0,0.65,63.07,0,1917,Low
USA,North America,2,Agriculture,58.685349791189765,57.228726781444486,52.97215510394405,39.54870307230764,0.813,1109.83,0.62,0.26,3,1,31,45547,0.9180094013638904,0.039,38.96572330453536,0.82,91.0341568733787,0.76,61.06,1,8065,Moderate
USA,Asia-Pacific,3,Agriculture,57.78273338734436,39.02074188630963,60.23049416234741,48.771117591404554,0.843,867.52,0.32,0.26,1,0,30,46933,0.9497627291946765,0.031,76.5334270243013,0.52,61.20363832994109,0.15,92.72,2,3629,Moderate
India,Asia-Pacific,2,Metals,78.89872344266007,77.15642489771528,88.37929677007423,67.93313549539589,0.6417,867.37,0.57,0.48,1,0,42,17300,0.8552663622020888,0.029,76.21165544499277,0.98,76.420761980602,0.57,86.48,1,9021,Low
USA,North America,1,Agriculture,69.86025547477166,62.32729858065757,45.60160833268194,80.36664063607044,0.047,1016.58,0.72,0.65,1,0,7,30053,0.9310602154347324,0.034,82.25862392154312,0.76,72.37939832434577,0.43,80.63,3,9107,Moderate
USA,North America,1,Agriculture,67.55971972795057,62.33294134178301,54.69301948687767,53.47205798856395,0.5199,124.88,0.58,0.4,1,1,37,1310,0.8788351560535649,0.033,56.20502720844655,0.31,74.75805773870056,0.35,86.7,1,1117,Low
Brazil,South America,2,Chemicals,78.73592293214807,64.68248961085693,57.07482958515755,72.27674161809466,0.7449,426.78,0.62,0.78,2,1,28,49234,0.945256495054419,0.038,100.0,0.8,56.671646324682655,0.6,43.4,1,5806,Low
Indonesia,Asia-Pacific,3,Food & Beverage,59.238777996652395,45.86210761774725,48.059619209509194,86.336954820642,0.5162,183.56,0.8,0.12,3,1,47,41088,0.9709672559592212,0.03,78.13571953817224,1.0,86.56248373338498,0.35,71.91,2,2622,Low
India,Asia-Pacific,2,Electronics,72.76937553758749,66.90862172925712,64.8959550390966,43.070301956149926,0.1638,1072.93,0.74,0.35,1,0,8,23782,0.9565111358281294,0.029,59.01232247167324,0.81,58.48735814271961,0.23,79.03,0,7784,Moderate
Indonesia,South America,3,Electronics,56.76642630923684,61.55830831083664,62.79041306221219,79.49097252371313,0.1939,1039.18,0.69,0.37,1,0,5,44680,0.8792322301449036,0.055,50.81577602195587,0.92,100.0,0.25,63.55,1,3595,Moderate
India,Asia-Pacific,1,Agriculture,79.79802976563633,77.58943519010013,58.884312326750106,78.5844576431226,0.7463,253.38,0.59,0.1,0,1,30,23435,0.8411826096652149,0.034,68.00743856674984,1.79,95.1236936646674,0.14,40.29,0,5591,Low
Malaysia,Asia-Pacific,2,Electronics,69.27062522116768,67.41481225679125,67.30653939572326,51.82394682178194,0.7117,951.87,0.43,0.52,3,0,18,7373,0.805864013731091,0.032,28.288778138254074,1.22,100.0,0.41,69.88,1,3634,Low
USA,North America,2,Agriculture,57.82263408383503,59.664487560883664,58.69345978890327,49.56888830532506,0.904,943.71,0.91,0.34,1,0,8,27514,0.9638853687690127,0.049,75.18522258996609,0.79,91.48672444450249,0.59,69.3,1,6838,Moderate
India,Asia-Pacific,2,Chemicals,75.94615425558166,100.0,76.2525643642986,50.80460266013446,0.3599,431.36,0.91,0.49,1,0,7,19398,0.8659777815764145,0.031,74.34288562393394,0.5,77.62007846658793,0.85,60.7,1,8257,Low
Brazil,South America,2,Agriculture,77.21924477733798,63.5393298725554,85.73183920154008,58.020669419401315,0.8926,538.41,0.58,0.39,0,0,31,31374,0.9659251602203441,0.027,86.04933488554416,0.83,84.64515297459411,0.5,74.26,1,9038,Low
Brazil,South America,1,Food & Beverage,62.707834654797374,58.50253376563761,57.920186679154256,47.916034762888096,0.5724,1219.51,0.71,0.39,2,0,29,30253,0.9538201758056647,0.064,79.35522984459236,0.67,90.9484033252491,0.57,59.87,0,3192,Moderate
India,Asia-Pacific,2,Agriculture,58.589383974768836,53.94832283796867,39.73653461953027,52.82826600395837,0.9184,312.75,0.53,0.66,1,0,9,12747,0.8395396507951141,0.06,88.29871399590812,1.15,95.99161220321146,0.56,79.13,1,4997,Moderate
Malaysia,Asia-Pacific,2,Metals,67.84177434764868,60.02493603475358,47.39583365702725,62.82185948031851,0.7281,333.32,0.58,0.65,3,0,16,39258,0.86072391457673,0.034,70.31181834056584,0.58,94.930028863905,0.86,68.62,1,4055,Moderate
Brazil,South America,2,Agriculture,71.30551629942843,90.36560060599005,68.95519138591527,48.09100318607686,0.2412,1016.66,1.0,0.58,3,0,7,17006,0.9344872910517802,0.041,55.92457473331122,0.66,93.92374829807206,0.56,76.31,1,6975,Low
Brazil,South America,1,Agriculture,56.320435542082535,71.35451504666659,48.43520642036744,39.065908252227466,0.9077,891.3,0.55,0.65,2,1,6,28830,0.9003247937076359,0.053,68.48573845515625,0.76,77.38840339904577,0.66,65.3,2,5588,Moderate
Brazil,South America,1,Agriculture,55.766757427854294,46.87302066722916,72.79473567062314,60.84333359477288,0.6179,896.06,0.6,0.51,3,1,16,31224,0.9424272987947678,0.011,77.65470509960225,0.62,84.8317893418246,0.3,81.36,2,9618,Moderate
Japan,Asia-Pacific,2,Metals,69.36819029366583,66.15970802045842,49.62820634267785,43.477670677544744,0.2579,902.99,0.42,0.35,3,0,36,42141,0.909841782884943,0.035,41.64999859684627,0.2,96.08844189681449,0.66,43.64,1,5459,Moderate
India,Asia-Pacific,1,Agriculture,60.71630858481267,61.8431196353801,60.96138365730582,45.52394800952338,0.2343,88.72,0.54,0.72,1,1,11,38252,0.9300073086413977,0.035,86.13801816765826,1.84,65.45605475923307,0.15,57.96,1,3948,Moderate
Indonesia,Asia-Pacific,3,Agriculture,57.95987060186982,50.347317412184864,78.93097668798718,50.17772832958198,0.7063,712.65,0.62,0.18,1,1,27,10621,0.9525834092884403,0.034,70.71440977983146,0.25,89.77321928063313,0.51,63.55,2,6567,Moderate
Brazil,South America,2,Agriculture,61.759295527187206,53.75617128541539,76.44951709336226,47.234123847403595,0.0699,1087.21,0.76,0.75,3,1,42,46147,0.9585360883725982,0.003,68.56649911856945,1.55,93.6688025100054,0.16,53.17,4,1190,Moderate
India,Asia-Pacific,3,Electronics,59.150388812636066,48.79072553950937,60.96211959169778,57.62825855816903,0.0496,1222.5,0.32,0.39,3,1,37,42393,0.8560153982741021,0.026,44.33690336085265,1.45,72.23351768095193,0.17,78.79,1,4669,Moderate
Japan,Asia-Pacific,2,Electronics,72.44341458439617,67.21180949131364,74.47544254802042,50.89099464083512,0.8688,1003.11,0.45,0.52,3,1,23,27590,0.933273761201706,0.036,23.896363174366655,0.74,87.48145216732,0.65,60.51,2,2376,Moderate
Japan,Asia-Pacific,2,Electronics,70.08387081796941,84.68477747633389,100.0,76.84789826656694,0.3109,1245.07,0.38,0.37,3,0,21,9447,0.8847506300501061,0.036,75.59970629079811,0.8,86.24080455380772,0.82,59.44,1,4260,Low
Japan,Asia-Pacific,2,Food & Beverage,61.11428787976947,41.759752476856335,96.20113281329279,50.47622609883439,0.8317,395.51,0.58,0.28,0,1,9,47159,0.9231442723024165,0.022,37.716802409009205,1.67,63.66557618697687,0.76,66.74,1,5736,Moderate
Brazil,South America,3,Agriculture,54.80221317884766,54.269497164570325,50.11418016727768,53.40868658259692,0.4174,159.5,0.61,0.16,0,0,29,25087,0.9342231178920433,0.035,74.53858072809417,0.81,89.14914785245679,0.14,59.4,2,689,Moderate
USA,North America,2,Agriculture,69.52253633481492,84.02534537645694,85.98265096310655,77.09836844373903,0.0922,637.38,0.7,0.37,1,1,19,24306,0.9577536958993319,0.046,69.64946784565224,1.12,100.0,0.33,72.98,2,3758,Moderate
USA,North America,1,Agriculture,48.931363518520776,49.02883491691436,45.43159933178846,62.788716506887155,0.7464,396.26,0.63,0.37,0,0,23,44970,0.959191897187939,0.043,97.74944918299967,0.68,89.65027148691965,0.56,56.79,2,4378,Moderate
Indonesia,Asia-Pacific,3,Agriculture,54.699850189224705,40.37347061611747,44.12893694438412,34.229733915094215,0.1561,792.32,0.91,0.24,2,0,10,28769,0.8842972233545973,0.046,74.75950852193851,0.82,60.53829941485795,0.42,57.68,1,5411,Moderate
Brazil,North America,1,Agriculture,56.80771071285392,83.91380475298662,50.62713862452823,53.421442878755194,0.9133,349.47,0.43,0.36,1,0,11,25664,0.9421267287604471,0.028,71.8039842852266,0.2,72.20777962132502,0.12,85.37,2,3824,Moderate
India,Asia-Pacific,2,Agriculture,75.54966593345823,50.34022064019704,73.0507721909428,61.81507930846813,0.6869,926.46,0.66,0.29,3,1,12,15855,0.9279386678529759,0.035,100.0,0.6,72.90104544699027,0.12,61.18,1,5584,Low
Japan,Asia-Pacific,1,Agriculture,78.9468137499368,90.52983625176532,97.3114096358413,66.76700316344959,0.7821,1149.51,0.6,0.44,1,0,35,13224,0.7916285992076955,0.037,96.08892781911366,1.2,72.29623298430673,0.45,83.19,1,8236,Low
USA,Asia-Pacific,3,Agriculture,57.067128553269654,32.328714766752626,51.61676663366502,90.18974208699387,0.9814,513.23,0.66,0.49,1,1,30,48041,0.9607663756103492,0.044,47.455868508399476,1.09,81.7794333824923,0.71,61.96,1,3041,Moderate
india,Asia-Pacific,2,Agriculture,63.56462380630143,44.155022771310755,63.94136545568112,43.84516465560833,0.2196,124.84,0.45,0.04,2,0,12,15628,0.9029613644346279,0.02,87.11217342647276,1.4,87.75897938378293,0.28,71.89,0,5263,Moderate
Brazil,South America,2,Agriculture,56.77866961616784,41.32360115670724,82.46388063284925,53.77265095787924,0.4041,93.81,0.46,0.21,2,0,6,12176,0.7978977684493207,0.044,44.53290196892901,1.2,70.20611092299437,0.13,48.98,1,5772,Moderate
China,Asia-Pacific,2,Agriculture,52.44197447716897,59.974922443660354,40.73261029200358,53.23368715130563,0.6066,120.6,0.79,0.27,1,0,18,45852,0.8281078227233319,0.034,52.8812466326503,0.67,54.21302647623833,0.78,54.87,2,621,Moderate
China,Asia-Pacific,2,Agriculture,77.57899095526552,79.2467047521805,82.51323368742723,48.906471724791146,0.409,402.11,0.67,0.29,2,0,36,47300,0.9088510378051673,0.008,78.04727432125011,0.2,94.27411201839061,0.14,81.62,2,8853,Low
India,Asia-Pacific,1,Electronics,54.01049039906002,40.17626055629903,65.04781800236704,51.5853314016961,0.4303,948.61,0.55,0.53,3,0,16,49060,0.9800124004406425,0.058,91.99601031139629,1.39,99.36434631829057,0.29,62.52,0,8232,Low
China,South America,1,Chemicals,58.6704286428774,76.25392397431537,78.5577047590231,46.5927542568404,0.172,651.64,0.55,0.45,1,0,42,16293,0.8856834670121998,0.036,90.02452968571025,1.16,91.75495902915556,0.48,76.98,1,6206,Moderate
Malaysia,Asia-Pacific,3,Metals,55.72986345001366,51.537099427188515,72.78546536318264,59.29838535685006,0.8279,1065.72,0.75,0.6,3,0,18,4197,0.9503454684164542,0.058,40.2482263116026,0.58,56.926236775361694,0.39,74.53,2,6650,Moderate
USA,North America,3,Agriculture,72.18763089488635,67.76294108287344,82.96368461366404,60.70433088469773,0.2126,1054.38,0.27,0.18,3,1,45,37684,0.9520660659085366,0.049,53.395914090922794,0.2,100.0,0.22,70.42,1,9587,Moderate
Malaysia,Asia-Pacific,2,Chemicals,40.19866213727575,28.929893615984255,29.032843193617097,44.16862218137539,0.6478,904.26,0.9,0.48,3,1,14,10894,0.8608823740003059,0.005,78.54318893723037,0.8,83.86275046875065,0.42,82.84,2,8715,High
Japan,North America,3,Chemicals,65.99301237692202,48.2699414235015,55.58747318334246,46.10991282627204,0.6753,1426.24,0.57,0.49,3,1,6,22885,0.8686718352170454,0.028,17.438750000000006,1.12,78.16198431774286,0.69,82.27,0,11531,Moderate
Indonesia,Asia-Pacific,2,Electronics,47.31090027497012,34.26902107579822,72.06251981208322,44.880345313912144,0.9926,1069.3,0.76,0.45,0,1,21,43316,0.901805910307119,0.036,69.78858257169304,0.82,94.68229440366015,0.86,63.73,1,3832,Moderate
Brazil,Asia-Pacific,2,Agriculture,67.58939371827249,73.05737878821665,75.12647780890109,26.331886927461888,0.9277,173.58,0.44,0.7,1,0,39,8002,0.9619533184908099,0.056,68.95505189272312,0.2,61.98852873231171,0.51,74.07,0,5497,Low
Japan,Asia-Pacific,3,Agriculture,44.0669582693321,55.73272472631035,52.250095223882596,62.6452465955243,0.7565,823.44,0.44,0.41,1,0,24,34790,0.9434661360283564,0.039,38.645968310391424,1.78,63.838603608519506,0.72,89.24,2,3559,Moderate
Brazil,South America,2,Agriculture,70.61390940001948,52.69072871439161,49.49290763633503,42.86242834609722,0.2059,807.08,0.69,0.34,0,0,25,35012,0.8271293636971027,0.043,97.75645576593679,1.09,78.40685034156462,0.54,56.81,0,4123,Moderate
japan,Asia-Pacific,2,Electronics,53.86339587014932,54.59419487070657,60.00855421453672,50.69858472812452,0.1832,1388.13,0.39,0.26,1,0,35,35190,0.8722174053169471,0.031,60.97866841148402,1.43,87.35740667005997,0.24,85.64,2,10612,Moderate
Brazil,South America,2,Agriculture,73.60296573797825,92.05939498274937,88.03781453405581,47.976518812451545,0.756,703.96,0.84,0.37,1,0,32,16796,0.9674085555398897,0.034,31.11374701167732,0.42,77.98768003029998,0.37,69.29,1,3802,Low
China,Asia-Pacific,3,Agriculture,64.2450025895133,52.95122706384571,37.42981180459695,62.95561697483657,0.894,103.76,0.72,0.48,2,1,42,39559,0.844474266921005,0.038,67.64190703334326,0.23,88.06668921580491,0.47,63.29,2,4205,Moderate
USA,South America,1,Chemicals,56.03245134235217,50.55166490179942,40.87070285078473,92.18611483493427,0.7149,51.75,0.42,0.34,3,1,20,39075,0.9407817545687114,0.04,58.31772253593364,0.25,74.51514559442452,0.56,78.49,0,5014,Moderate
Brazil,South America,2,Food & Beverage,64.72167267406941,85.44810707196129,66.29319034654158,62.06220360852081,0.2345,747.4,0.64,0.54,2,0,35,28243,0.8737346885196347,0.042,62.285800424619694,1.13,96.15045018364772,0.57,71.74,0,6203,Moderate
Japan,Asia-Pacific,1,Agriculture,58.50240654770116,79.50205116241374,50.48202648137971,32.60083186119583,0.9337,682.63,0.61,0.41,1,0,26,39680,0.9915770101279977,0.048,98.22420560733424,0.73,72.2413768281352,0.72,78.41,0,7173,Low
Indonesia,Asia-Pacific,3,Agriculture,61.01683862573386,50.30946102513297,50.347491125484176,52.572588552562564,0.3895,1028.12,0.41,0.33,2,1,28,25873,0.9046787414902844,0.03,80.1024440354068,0.82,100.0,0.27,81.32,2,1283,Moderate
Brazil,South America,2,Agriculture,69.07619067409388,72.9913801101253,87.04834030910088,50.01293539176724,0.2144,1010.84,0.65,0.28,1,0,36,11716,0.9651861374318135,0.029,37.79090930461239,0.82,92.33384281201029,0.9,73.81,1,8456,Low
brazil,Asia-Pacific,3,Chemicals,58.476221365098255,63.58281466488528,36.79302509559372,51.27551544071172,0.8783,1264.38,0.61,0.19,0,1,14,38338,0.8726862455014562,0.043,26.396378469342032,1.25,90.61205079530173,0.34,63.39,1,5771,Moderate
Malaysia,Asia-Pacific,3,Electronics,56.876298641843775,27.142932882471943,45.073368097760095,55.00972975879023,0.8879,1259.12,0.7,0.38,2,0,11,43102,0.8791112539804249,0.029,40.0950827641755,0.83,73.82113024957417,0.45,61.23,4,10821,Moderate
India,Asia-Pacific,2,Agriculture,76.54692175594168,91.32291865421077,89.0835236414736,55.897870317557434,0.6326,139.75,0.6,0.27,1,0,25,46377,0.9592080582547966,0.035,65.87707904854034,0.27,73.27147790434027,0.72,86.06,1,11163,Low
USA,North America,1,Agriculture,53.003022568110666,61.18509533070691,50.067188362889276,37.06248020986245,0.5516,165.85,0.61,0.31,0,0,20,36856,0.8467097621879088,0.052,98.0378626194912,1.12,91.17466743885538,0.1,59.32,1,7351,Moderate
USA,North America,3,Agriculture,74.40663675031357,88.66428747821244,82.1092592802667,69.74911115590416,0.5539,905.11,0.7,0.16,0,1,23,43447,0.904535470625991,0.056,56.72091480017626,0.41,59.06251110595194,0.1,73.32,3,4221,Moderate
India,Asia-Pacific,3,Agriculture,77.64940538074126,55.7991728399413,80.15741639991987,53.65795297348745,0.9244,1299.77,0.39,0.57,1,0,18,46000,0.8768393263998941,0.011,47.1210679386169,1.83,94.40496520762964,0.57,62.28,1,497,Low
Indonesia,Asia-Pacific,2,Chemicals,67.05969922799203,37.58778395179812,77.15100416367196,43.67341701859711,0.9274,619.06,0.64,0.37,1,0,15,6209,0.9612347497656296,0.015,89.16091759470355,0.59,100.0,0.9,49.52,2,1418,High
Japan,Asia-Pacific,2,Electronics,74.2768207084446,62.167084296749906,96.89898190981596,93.37381810908037,0.8115,1044.26,0.94,0.54,0,0,25,8655,0.8492740841881069,0.037,65.97505921329643,1.7,84.857664762894,0.11,100.0,1,8925,Low
Brazil,Asia-Pacific,2,Agriculture,48.57291338591254,49.88158467423238,44.38517753983355,54.67943395512637,0.8786,199.65,0.9,0.31,2,0,30,16053,0.8827887780867819,0.048,85.82695613705172,1.21,97.95062196457383,0.16,49.39,2,7782,Moderate
Japan,Asia-Pacific,2,Agriculture,79.80420381144741,71.08617891207739,94.58360540202456,92.19539449073001,0.4428,1085.84,0.58,0.17,3,0,35,26050,0.8420464179098757,0.059,71.54769280943852,0.69,69.02013461047997,0.17,67.14,1,9635,Low
Indonesia,Asia-Pacific,3,Metals,49.170715856292134,31.511966586894918,51.91093678476506,31.964932743800713,0.7671,770.19,0.33,0.52,3,0,35,20136,0.8893364920575385,0.05,66.66044043160427,0.38,85.96976131939773,0.15,59.01,2,5885,Moderate
Japan,Asia-Pacific,2,Agriculture,77.0423230278066,88.69374252496927,76.57938668416281,82.85478860768272,0.931,226.54,0.43,0.52,1,0,34,47081,0.9596923387013138,0.042,98.03351893433472,0.8,75.39283012625746,0.54,81.12,1,9832,Low
Indonesia,Asia-Pacific,1,Agriculture,79.47864934291668,80.78408991069394,66.71605431836518,62.73050917035165,0.5637,663.82,0.78,0.62,0,0,8,35715,0.8185382301509504,0.053,71.98979973530356,1.4,74.233805933532,0.17,81.64,1,7716,Low
Malaysia,Asia-Pacific,2,Agriculture,74.75638667699684,87.32850477366274,66.84351356200567,39.1855694149435,0.7796,910.41,0.42,0.51,3,0,16,30003,0.9613490638224468,0.044,33.740274207893314,1.29,63.15636834468507,0.47,66.88,0,3549,Low
India,Asia-Pacific,1,Agriculture,37.365,41.77186454943234,36.86194825716733,51.1601987027086,0.1311,1168.45,0.62,0.3,2,0,27,45743,0.9387318474287805,0.002,49.21438834336404,1.03,95.3593902585333,0.34,61.93,0,4925,High
Japan,Asia-Pacific,2,Agriculture,76.93776779926603,70.74693912427195,71.26005877377692,79.72045891886825,0.8424,155.86,0.62,0.28,1,0,38,15678,0.8837917670669923,0.007,53.12222294686242,1.25,76.38020252077146,0.73,68.48,1,7982,Low
USA,North America,2,Agriculture,75.48523566292992,60.92542324970239,69.64158461264198,43.29979796294119,0.2006,138.55,0.5,0.21,0,1,40,45068,0.8927295809336521,0.038,84.54339954767975,1.22,77.28455436163762,0.37,53.91,1,4304,Moderate
Japan,Asia-Pacific,1,Electronics,82.98087302312555,91.44003121536998,80.72272803776187,79.00043877944115,0.5139,1237.18,0.51,0.34,3,1,23,8191,0.9060491257470328,0.03,25.50182525626417,0.67,61.63073258864806,0.46,91.08,0,9472,Low
Malaysia,Asia-Pacific,2,Metals,81.86061195997208,34.65314983017781,42.595822830042664,40.69011228460277,0.7006,1396.46,0.59,0.66,0,0,17,10094,0.8323293718826654,0.04,58.04461069719373,1.11,96.11040916705433,0.68,79.63,1,6264,High
Brazil,South America,1,Electronics,61.820698090563596,40.9191533437467,54.32644228835601,41.29649325215474,0.8203,1053.37,0.79,0.18,1,0,15,15051,0.8535523958575112,0.031,79.94610050852214,0.95,100.0,0.59,61.57,2,8314,Moderate
Indonesia,Asia-Pacific,2,Agriculture,47.056291155977696,65.47181005188745,40.79529730999545,43.07949847466977,0.559,1103.27,0.52,0.18,1,0,38,45533,0.8566440931012712,0.042,65.42056888959829,0.26,74.32072339562232,0.85,83.75,2,5158,Moderate
Brazil,Asia-Pacific,3,Food & Beverage,71.68342282846088,48.67911042602652,50.96777291142008,48.57958214715291,0.805,236.71,0.79,0.36,1,0,19,13852,0.8059514500498602,0.038,71.11421209926536,1.11,74.49819042075228,0.49,65.42,1,3174,High
India,Asia-Pacific,2,Food & Beverage,50.941865946654836,54.09247436745241,46.521016091547224,55.0673917691666,0.4585,152.47,0.45,0.54,3,1,8,43409,0.842947779499581,0.039,75.54625037520732,0.25,100.0,0.27,84.99,1,5938,Moderate
Malaysia,Asia-Pacific,3,Metals,75.44379953450323,87.12253475722522,70.48989809287552,65.12907819919197,0.3586,1007.37,0.53,0.18,3,0,26,22042,0.8715209067336431,0.047,65.79458198449915,1.19,87.44413507615856,0.39,56.96,1,7040,Low
USA,Asia-Pacific,1,Food & Beverage,48.847449394384135,56.896847255646875,48.64506086967042,54.77539958709111,0.766,1176.81,0.86,0.27,1,0,29,47109,0.9453225446794511,0.037,55.39366997427302,1.12,93.36759739490795,0.72,66.01,3,5560,Moderate
Brazil,South America,2,Chemicals,65.72498514986992,61.032475622099064,78.57096217526995,53.217295642667565,0.1902,1200.88,0.58,0.17,1,1,35,9535,0.9049207264355996,0.048,72.77661580137018,1.1,76.22529208706878,0.32,78.14,1,1308,Moderate
India,Asia-Pacific,2,Agriculture,69.96525217099321,23.450653651072393,54.9197321778186,68.74167719367414,0.8053,422.36,0.94,0.2,1,0,32,36064,0.8872432672279228,0.039,86.34478589762486,1.9,69.01137328150507,0.29,65.53,0,3882,Moderate
India,Asia-Pacific,2,Chemicals,73.4221798989437,66.25364800675095,63.922011460706656,69.31521105431808,0.7188,674.38,0.48,0.3,3,1,16,42920,0.8324022509531662,0.03,59.55574314736559,1.69,81.38569590446842,0.31,75.67,1,5196,Low
Indonesia,Asia-Pacific,3,Agriculture,52.645780976627215,60.52813486122986,41.40176686759583,65.34613402765164,0.7852,884.89,0.83,0.31,1,0,26,21782,0.8426015095993925,0.035,58.63183842753232,1.25,85.5581289107787,0.79,85.75,4,4777,Moderate
India,Asia-Pacific,1,Food & Beverage,41.18812191182316,29.42186885540013,42.63223080947204,49.84217956265417,0.1563,1033.18,0.43,0.66,1,1,34,19777,0.9291918086684916,0.045,51.96042337082509,0.48,85.25119069485747,0.55,72.05,2,10832,High
Indonesia,Asia-Pacific,1,Agriculture,49.05686168671706,24.860843073067798,38.91176466915151,20.60440922584231,0.8742,1454.5,0.61,0.13,1,0,15,4125,0.9346196554288546,0.024,71.12185522977569,1.89,77.49739723445863,0.69,81.78,2,7202,High
Indonesia,Asia-Pacific,2,Agriculture,60.12401714223575,64.92790267561342,69.29035506024475,81.98571401213704,0.2621,1461.7,0.49,0.33,3,0,33,38043,0.9065953552854871,0.045,38.2098243217381,0.42,59.57679627223167,0.39,80.6,1,11143,Moderate
Indonesia,Asia-Pacific,3,Food & Beverage,56.41629905814085,36.233729041221906,46.13115102551519,50.19635937798185,0.8581,116.62,0.7,0.32,2,0,19,25806,0.8366833534254017,0.047,42.71467083951254,1.17,92.71458329192963,0.19,63.27,1,4998,Moderate
India,Asia-Pacific,1,Agriculture,60.52721133471004,79.83832074793041,57.64147200037934,61.655300150089836,0.6337,1355.85,0.83,0.66,1,0,13,37295,0.9164120624206318,0.035,78.02408208021662,1.23,77.14437623069641,0.45,75.85,3,5977,Moderate
China,Asia-Pacific,1,Agriculture,84.83802105437644,100.0,79.18452257884921,68.39920816763139,0.4745,310.36,0.49,0.51,2,0,40,27628,0.8894705319087906,0.045,45.52589195988556,0.79,94.37824248118145,0.14,65.9,3,5453,Low
usa,Asia-Pacific,3,Agriculture,59.80251090468247,79.43890955325298,43.04294270853417,46.97389979252899,0.7248,1241.53,0.44,0.42,3,0,29,47928,0.9275775576402044,0.042,52.21659623467078,1.32,70.00373602673385,0.87,76.91,0,2778,Moderate
USA,North America,2,Agriculture,77.90024670106537,88.79416806196363,48.55639790943568,49.79119167559103,0.9739,1028.57,0.59,0.43,1,1,36,44240,0.9459270186621604,0.051,70.59492858553907,0.69,72.16717190023536,0.28,58.84,1,10743,Low
Brazil,North America,3,Chemicals,67.61229751098014,72.8016164244397,80.67614058114037,62.461044932518874,0.6786,673.81,0.91,0.0,3,0,25,14772,0.9065167590293479,0.024,57.39888931384566,0.4,91.48440141414616,0.62,77.89,1,5725,Low
Malaysia,Asia-Pacific,2,Agriculture,56.75037728783394,43.93171886528903,32.59686012936293,62.835741782345664,0.777,1358.71,0.61,0.32,1,0,21,17156,0.986639917723417,0.025,35.176310401374444,1.06,60.218984202982455,0.86,90.66,2,681,Moderate
USA,North America,2,Agriculture,69.66269434029182,96.57922474843477,99.0578880374552,79.20610486374024,0.035,1436.32,0.61,0.63,1,0,7,11514,0.8750042151497659,0.027,70.63032047065668,0.23,79.22633175031733,0.25,57.3,1,7933,Low
India,Asia-Pacific,3,Agriculture,68.1105528530014,85.33775946863297,46.37512174141937,77.6713462693705,0.7389,945.2,0.49,0.69,1,0,41,29258,0.9501262593629859,0.045,55.730696468889626,0.48,84.22845848535177,0.64,64.82,0,7639,Moderate
India,Asia-Pacific,1,Agriculture,52.868530615968034,100.0,56.80350027349109,62.794327388547316,0.5008,134.36,0.68,0.61,1,0,26,11291,0.9472898309170482,0.038,40.61775666544386,0.91,90.06282303933101,0.34,74.5,1,3197,Moderate
malaysia,Asia-Pacific,3,Agriculture,80.88012627804733,69.53138230515786,65.7151092647235,52.7918852903696,0.8678,305.39,0.73,0.11,0,0,26,15812,0.9880027422085229,0.032,43.43082019643425,1.01,94.40063036121362,0.5,64.17,0,5823,Low
India,Asia-Pacific,2,Agriculture,48.57576357844257,52.06489871268629,51.37306242965999,43.10597279405947,0.9066,978.34,0.84,0.2,1,0,12,44425,0.8967672961774563,0.012,40.15902806582477,0.78,60.3552889410916,0.17,79.26,2,8936,Moderate
Indonesia,Asia-Pacific,3,Agriculture,55.14110006844436,40.25236579407667,41.11437695327453,45.57575279766608,0.904,1451.02,0.33,0.22,1,1,32,48452,0.9176587314221719,0.037,71.82167905550142,1.06,70.36320358276265,0.33,81.69,2,6090,Moderate
China,Asia-Pacific,2,Electronics,82.51910419751663,78.93793523821768,94.86459988014172,68.63935746976709,0.1291,323.14,0.64,0.15,2,1,11,36402,0.8038325082918573,0.038,91.30956926882273,1.06,72.04810027462102,0.49,62.47,0,10496,Low
USA,North America,2,Chemicals,75.22180589939391,48.12703023279084,55.35026194505306,46.081433731812645,0.8892,597.32,0.79,0.21,3,0,26,38119,0.8744731386209288,0.041,98.53775822334198,1.24,98.6057710265725,0.48,55.11,0,9054,Moderate
India,Asia-Pacific,3,Electronics,55.680624891576436,64.65504585059448,35.59008804779831,28.762598640620865,0.5756,258.88,0.7,0.26,2,0,15,39119,0.9462848943938008,0.035,90.45949134133052,1.16,99.22841756690161,0.42,49.81,2,6763,Moderate
brazil,Asia-Pacific,3,Agriculture,59.32782042623895,49.655880568830895,47.0649740078092,46.51747373839122,0.3407,1152.11,0.78,0.32,1,0,15,47955,0.8918288052624967,0.041,62.94597852927302,1.22,99.5085230077293,0.55,61.54,0,1881,Moderate
USA,North America,2,Agriculture,62.71084209950399,44.46838780375421,74.16464999030839,98.10585609892036,0.1802,592.34,0.59,0.38,1,1,31,44090,0.9459728924584605,0.031,66.84203920432245,0.24,75.92964017587651,0.23,56.73,0,6534,Low
USA,Asia-Pacific,3,Agriculture,50.1255383939372,58.70200961349134,49.334011119596305,61.10671915869564,0.7193,853.13,0.54,0.42,1,0,5,38018,0.9035217087485868,0.038,76.35158766535444,0.2,93.05409424396906,0.65,72.29,2,6422,Moderate
USA,Asia-Pacific,2,Agriculture,58.453194020404034,56.17977218300818,70.63298952242323,50.45688595389613,0.3687,273.84,0.38,0.22,1,0,21,33234,0.8957705511385228,0.038,40.71153597047586,0.82,70.39364578041076,0.25,77.44,2,5263,Moderate
USA,North America,1,Agriculture,71.07259463158306,82.04319826931165,79.48091473548223,66.26099746018143,0.9004,1262.6,0.6,0.27,2,1,30,27194,0.8834129127351035,0.024,77.60400242255758,1.11,100.0,0.71,79.09,1,6268,Moderate
China,Asia-Pacific,2,Chemicals,62.5522434503924,28.762888696362953,83.75083405985198,39.38219669637809,0.9371,1303.1,0.43,0.33,1,0,41,40888,0.806662579102052,0.04,79.67032037654607,0.95,87.2488055718864,0.73,62.92,2,5029,Moderate
Brazil,South America,1,Agriculture,63.120163011255066,66.65655996878806,82.2524137308062,39.62551771320983,0.478,970.26,0.43,0.52,2,0,12,26529,0.8050154446749173,0.036,98.81999895307523,0.39,60.56809711006165,0.11,95.76,1,7096,Moderate
USA,North America,3,Agriculture,59.05985905977038,65.17627894706031,87.28727102667871,47.41325078587404,0.5315,735.71,0.44,0.26,3,0,8,2706,0.9743112530892264,0.023,88.06985395566917,0.46,77.16580288528644,0.14,72.53,2,4787,Moderate
USA,North America,2,Electronics,63.709971181505466,18.597788848481382,35.088413033105574,77.8352839562215,0.1604,1052.85,0.58,0.25,0,0,39,6260,0.8873677949462421,0.025,23.742129151186592,1.39,64.16297752905265,0.74,61.97,1,9306,Moderate
Malaysia,South America,2,Food & Beverage,62.70918177877978,72.39617401590765,81.14919497267225,71.28551266990372,0.9712,106.17,0.62,0.26,1,1,32,30743,0.9587404064184075,0.04,80.42220798251158,1.14,69.03294680679201,0.38,77.37,2,5907,Moderate
India,Asia-Pacific,3,Agriculture,76.34975107188019,91.20989381677262,74.67243968030986,72.43763030993958,0.851,1046.63,0.6,0.45,1,0,32,16892,0.886147644603653,0.034,78.84411968476108,1.47,80.54347405140669,0.49,49.42,0,9086,Low
Malaysia,Asia-Pacific,3,Electronics,75.60736786879166,66.20327071890895,71.87009350175508,85.15627693620007,0.6176,1351.74,0.57,0.23,1,0,20,8144,0.8623463621600309,0.045,81.8819435460508,1.13,71.63740173830104,0.42,81.64,1,11140,Low
Brazil,South America,1,Agriculture,81.30272345742367,90.7572249691843,90.59467708901394,71.42964401470897,0.2466,1067.01,0.57,0.37,0,0,31,29171,0.9524833856480361,0.057,100.0,0.35,77.04677321803847,0.79,82.57,1,5999,Low
Indonesia,Asia-Pacific,2,Electronics,51.404741403890476,63.51025586314481,54.70316760166197,59.773583691250444,0.5328,750.78,0.37,0.53,2,0,14,46253,0.8913173958860601,0.019,75.93228039786769,1.53,89.74308409839631,0.71,60.06,0,5533,Moderate
Malaysia,North America,3,Chemicals,66.32079688232884,46.191671479503206,63.74917667628267,55.50909725571921,0.2408,839.78,0.77,0.19,2,0,31,37165,0.940033724210214,0.066,47.82345527069308,0.75,73.62059388306022,0.15,64.49,1,1124,Moderate
Malaysia,Asia-Pacific,3,Agriculture,71.66959918403113,67.53210182003679,70.08597658443969,75.89144333046109,0.4487,966.21,0.46,0.65,2,0,38,24644,0.9055197896830942,0.037,67.11823998689523,0.45,75.4310552831856,0.15,78.76,1,10913,Moderate
China,Asia-Pacific,2,Agriculture,69.34333459296192,96.59445383728462,82.49916400817484,59.07847319650287,0.3752,994.59,0.5,0.23,3,0,38,12748,0.9844778324009855,0.03,90.82979738883603,1.04,90.62500541584083,0.19,57.78,1,2204,Low
Indonesia,Asia-Pacific,3,Agriculture,56.36121129288794,42.91844136339217,50.62048374772303,20.020000000000003,0.6499,203.63,0.47,0.22,2,0,11,28926,0.8898836418154381,0.043,56.11588709412228,0.79,76.44714466021996,0.55,51.55,0,2199,Moderate
Malaysia,Asia-Pacific,2,Metals,54.18052582252465,71.0619811780898,41.64220783446238,29.511307912995175,0.9643,442.33,0.74,0.58,3,0,34,30176,0.8493871840740672,0.037,73.1132088234309,1.43,100.0,0.61,53.2,0,5643,Moderate
India,Asia-Pacific,1,Food & Beverage,59.26938740374036,98.48791333205712,65.07777408064011,70.3713616475709,0.1373,1268.59,0.85,0.48,3,0,10,14796,0.9441120920827973,0.036,46.86790226239994,0.22,70.9617201898875,0.68,60.48,1,4750,Moderate
Malaysia,Asia-Pacific,3,Agriculture,56.62649129530074,56.93610839305044,58.400090981303926,52.09228737921713,0.266,200.73,0.73,0.5,3,1,28,4846,0.9414124012037424,0.029,70.7831986067643,0.83,100.0,0.46,74.01,1,8424,Moderate
USA,North America,2,Electronics,60.61152938318416,57.81872210222603,45.082475666039215,41.665967724710406,0.066,686.47,0.84,0.31,2,1,7,34442,0.8966680874790293,0.054,28.06744458797464,0.46,98.1664869783112,0.5,75.12,2,5234,Moderate
Brazil,South America,3,Metals,56.190937717684655,28.769940269602696,39.10272304519694,40.734188139190984,0.9336,155.12,0.33,0.29,1,1,39,16883,0.8851442442041932,0.039,82.39477440431988,0.55,99.89505938678911,0.78,48.26,5,1186,High
Japan,Asia-Pacific,1,Electronics,75.95094656580305,100.0,100.0,93.32386894389747,0.8092,781.28,0.64,0.46,3,0,9,12324,0.9289389773081013,0.035,37.353563310708964,1.18,100.0,0.51,77.78,1,9055,Low
Indonesia,Asia-Pacific,3,Agriculture,64.8918430621743,60.97939022965614,81.00661215095093,71.5484356871149,0.3874,1001.29,0.68,0.79,1,0,8,26072,0.9061604059370129,0.028,28.99015235424904,1.3,75.60692136864222,0.29,65.12,2,2793,Moderate
Japan,Asia-Pacific,2,Metals,78.50755316183245,78.60059180906207,87.64223012266275,70.81586922911528,0.9103,828.44,0.68,0.33,1,0,9,6629,0.9327618571182622,0.031,79.42062142768918,0.82,78.26756351432907,0.27,60.66,2,2644,Low
Brazil,South America,1,Chemicals,69.31538765097235,85.68573152323304,68.09574916769343,94.25087335013032,0.2895,125.22,0.64,0.23,2,0,42,40881,0.8790389103414847,0.038,60.407667654684474,1.55,76.71561949610839,0.72,78.59,2,11053,Moderate
Brazil,South America,3,Agriculture,57.46369724417341,87.74161687661186,49.49270901646279,50.73665491372053,0.8887,685.08,0.81,0.6,3,0,46,24500,0.8278885371477928,0.038,72.00752034700604,0.74,77.77370751557235,0.74,72.75,2,2716,Moderate
India,Asia-Pacific,1,Electronics,54.794436030196486,73.33215489099678,55.85504793285845,63.47683016759153,0.6204,543.5,0.86,0.28,1,0,32,7844,0.9427586050341509,0.027,58.87339694448841,0.25,100.0,0.14,68.69,3,6021,Moderate
Brazil,South America,3,Electronics,54.8975191725733,83.29282432674037,75.25499731612778,43.734707579634645,0.915,162.03,0.57,0.11,0,0,14,37579,0.9571542814222108,0.018,75.01721147224609,0.69,95.35761319981358,0.71,66.81,2,11825,Moderate
Japan,Asia-Pacific,1,Metals,72.1968554372942,100.0,77.2036433415568,90.11434804188855,0.0937,585.35,0.63,0.33,2,0,40,46670,0.9150367041269052,0.046,89.42970181830894,0.72,86.21120988948422,0.46,48.46,0,8353,Low
Japan,Asia-Pacific,2,Agriculture,69.31225493592221,100.0,89.70110639137266,98.60678781076598,0.8591,1084.75,0.57,0.28,1,0,24,10310,0.8876880358598506,0.043,57.937475175555164,1.32,87.61923286090506,0.82,82.79,1,9339,Low
Brazil,South America,2,Food & Beverage,59.71215199748281,49.6891427092557,60.862567734278215,52.094744942008376,0.9916,1131.12,0.59,0.34,0,0,25,24652,0.9949138769584744,0.023,73.51712442652584,1.28,80.34918275538463,0.6,72.5,2,8811,Moderate
China,Asia-Pacific,2,Agriculture,56.240158051431514,84.47914369594798,85.94108417970565,70.97432302533284,0.3528,924.51,0.52,0.57,3,1,21,45884,0.8771481012789455,0.023,63.28235014190484,0.89,75.09825572169783,0.5,61.09,1,3879,Moderate
India,Asia-Pacific,3,Metals,59.684947416041275,62.29288649934122,95.19638550779248,31.01993402091106,0.0925,848.64,0.53,0.18,3,1,17,9358,0.9171269489219263,0.032,79.78329597679291,1.11,90.34965925705349,0.25,58.54,1,2123,Low
China,Asia-Pacific,3,Metals,59.709544225535495,44.97471092443617,45.422025386006375,36.72164455099273,0.1888,1067.82,0.71,0.21,1,0,7,40917,0.9661074104420171,0.041,65.41301884426909,0.55,67.69814180817994,0.4,76.29,2,11345,Moderate
India,Asia-Pacific,3,Electronics,73.76281836502058,73.71341061323645,75.64630530222405,64.4669534804492,0.9287,1367.59,0.59,0.51,2,0,28,12772,0.9091253592260945,0.042,68.50423539727086,0.85,77.99670314127081,0.87,76.07,0,8864,Low
Japan,Asia-Pacific,2,Electronics,73.48268354468993,68.76909233415195,94.59496770988707,61.880089613203786,0.4449,147.2,0.36,0.52,2,0,26,31504,0.8787954524051544,0.057,54.754646835918365,0.54,64.30870429208237,0.7,75.04,1,7437,Moderate
Brazil,South America,2,Electronics,76.2701821375316,35.4074581289553,52.08208576548656,65.0345829168892,0.3853,830.74,0.69,0.54,2,1,45,26560,0.9740176424621547,0.044,64.67301373511467,0.97,100.0,0.52,47.29,1,2421,Moderate
China,Asia-Pacific,2,Agriculture,77.9302083633508,70.1452591032988,85.01826458670924,85.68912902478787,0.1368,709.11,0.77,0.15,0,0,25,47138,0.8692336513383573,0.033,87.71308246833907,1.23,53.5817529637534,0.46,78.65,1,10718,Low
Indonesia,Asia-Pacific,2,Agriculture,68.45873727571323,100.0,70.03307591253912,75.12591207013496,0.2882,825.65,0.92,0.4,1,0,26,16757,0.8393059880475109,0.058,40.247254980453995,1.02,69.64081254352209,0.53,89.85,1,5409,Low
Indonesia,Asia-Pacific,3,Electronics,62.64962095284785,76.50192264089794,54.64980055518657,57.36064678095106,0.3615,999.12,0.58,0.59,3,1,5,43862,0.9471236882975416,0.038,70.68990620426001,1.42,68.81434677282797,0.51,60.96,1,6997,Low
Brazil,South America,2,Agriculture,70.78396095785374,43.213683650364956,84.55229026136126,64.47230940505963,0.7629,331.98,0.68,0.74,0,0,21,18722,0.9016234593500724,0.025,68.43148302154087,0.22,100.0,0.7,52.96,1,6869,Low
Brazil,South America,2,Food & Beverage,66.9203545231571,45.08441268409411,70.49717909179925,63.01578743408334,0.58,1224.26,0.77,0.41,1,1,19,31347,0.9612483222413924,0.035,17.438750000000006,1.82,100.0,0.83,72.77,2,7416,Low
Indonesia,Asia-Pacific,3,Agriculture,75.22082755446385,33.385271531126335,75.8880613702953,69.69368130453663,0.4624,904.33,0.77,0.5,1,0,22,13999,0.8066766856816907,0.036,69.83165229594316,0.76,73.80718318606817,0.23,74.9,2,9168,Moderate
USA,North America,2,Agriculture,55.071431183623965,46.28958546955706,49.684261166210796,35.97301810463509,0.0677,943.33,0.41,0.35,1,0,41,47183,0.9874397420589881,0.047,65.34914923816544,0.73,91.35476572577689,0.52,94.12,2,9769,Moderate
Brazil,South America,2,Agriculture,62.47154812857459,30.563619956763677,60.19519628554089,56.91607327407318,0.5961,675.98,0.59,0.36,1,0,5,26493,0.8751065136566698,0.025,77.23423349773441,0.61,99.75705040442541,0.9,70.96,0,4246,Moderate
Japan,Asia-Pacific,3,Metals,55.42785092358319,65.03051312766739,65.6043581627552,66.5130459541424,0.9094,1026.24,0.51,0.54,1,1,31,19527,0.920456706087952,0.051,70.04135998400697,0.64,53.9563359727138,0.86,67.16,1,10629,Low
Malaysia,Asia-Pacific,1,Metals,82.94460775526188,52.62945006724023,73.51716825699808,74.16075663238357,0.7514,1450.84,0.51,0.22,1,0,16,43517,0.9350319842829631,0.054,39.48203942177398,1.12,91.00784318941673,0.71,59.86,4,4185,High
India,Asia-Pacific,2,Metals,77.50521508194583,86.34077807933238,96.27000302556145,91.53954927245208,0.5674,1073.59,1.0,0.34,1,0,6,36815,0.9470109214434254,0.026,64.91507165505307,1.0,97.22563896695873,0.11,84.57,1,6725,Low
Japan,South America,2,Electronics,68.07492868218941,63.389035127243716,45.78666695995308,49.90992300105428,0.5678,1044.68,0.47,0.16,3,1,11,12374,0.8385367639845641,0.044,60.858737600616834,1.52,86.8969661162669,0.37,80.98,1,10429,Moderate
Brazil,South America,3,Agriculture,76.1552818648927,90.59832386422647,63.18604794964764,65.2137577010609,0.6477,1090.59,0.62,0.54,2,0,29,12435,0.938618817615672,0.029,94.25474020474799,0.74,70.28018065778572,0.57,74.96,1,4904,Low
India,Asia-Pacific,1,Agriculture,76.38363024530673,69.53798069618759,64.59113281457039,57.20716209758432,0.7102,369.19,0.39,0.52,1,0,33,33171,0.9429817000977879,0.027,52.49516347317138,0.73,91.26606142746574,0.12,84.41,0,6004,Moderate
Brazil,Asia-Pacific,2,Chemicals,47.606644018921635,42.23503717827152,26.831300731683044,34.66636501593321,0.1096,894.96,0.56,0.45,1,1,17,48050,0.8349171210733126,0.03,78.56743170265865,0.84,75.37892691143213,0.62,65.16,0,5247,High
india,Asia-Pacific,2,Agriculture,54.569424082928265,81.91909120082877,59.087318850535695,40.400422382951525,0.7066,237.81,0.82,0.18,3,0,27,17252,0.9151083858889751,0.005,68.05599527004823,0.2,90.67433040722625,0.43,73.6,1,6219,Moderate
India,Asia-Pacific,1,Agriculture,81.19227472075394,56.78021957956038,48.61918816719887,78.07283333988168,0.8721,939.28,0.66,0.37,3,0,33,9717,0.8781194561092492,0.007,59.424459963917265,1.56,51.73366293603312,0.84,62.35,4,4141,Low
Japan,Asia-Pacific,2,Agriculture,86.52833785375087,100.0,87.99998562014275,97.71261662168584,0.967,610.54,0.61,0.27,1,0,37,26862,0.9181229576603394,0.025,74.67769832675162,0.2,73.21107331442036,0.41,84.56,1,11667,Low
Indonesia,Asia-Pacific,2,Metals,52.96343401951911,60.35189033631134,37.66782791570503,54.349499908044244,0.8861,1173.69,0.87,0.3,2,1,47,46719,0.8766869374489873,0.043,77.66546436846488,0.66,88.0722687016529,0.62,88.52,1,2689,Moderate
Malaysia,Asia-Pacific,3,Electronics,58.66368569307024,76.64333187126233,84.528728724527,51.270458971634426,0.1053,174.45,0.85,0.54,1,1,9,24472,0.8508405000859265,0.03,87.55449730206405,0.42,83.61453809763958,0.14,64.57,1,4969,Moderate
India,Asia-Pacific,3,Agriculture,53.62328887937118,62.785249251952266,61.861751562885914,63.440722341297956,0.7935,445.32,0.5,0.69,1,1,22,36865,0.8536267136283195,0.041,52.64296180729684,0.21,92.09174886288267,0.56,54.56,1,10674,Moderate
Indonesia,Asia-Pacific,3,Chemicals,51.2427005196379,59.23673688228765,35.6328002177252,27.453074558652595,0.8979,1088.49,0.94,0.38,3,1,20,5375,0.9103240018659629,0.03,32.862567923060865,0.21,74.32835960890108,0.8,78.56,1,3607,High
Malaysia,Asia-Pacific,2,Metals,63.171866372339316,61.92568651807593,87.05318917321954,69.85933877619601,0.2126,1044.98,0.41,0.76,1,0,33,46623,0.9976326254396882,0.048,73.0014106555461,0.94,74.6586577611277,0.28,80.57,3,6996,Moderate
Brazil,South America,2,Food & Beverage,78.30271504792837,82.6408191973612,52.77497528912787,44.95780131032268,0.3833,157.08,0.48,0.12,1,0,20,30532,0.8494509961650423,0.034,85.66566210336424,0.22,78.45748516640107,0.51,70.85,0,8449,Moderate
Indonesia,North America,2,Agriculture,56.40662525977009,50.95965308149656,50.51715872018153,56.9022578017714,0.1231,1348.84,0.64,0.54,3,0,39,29354,0.9542978166740187,0.027,54.34169626541307,0.85,88.67449215455466,0.88,62.39,2,6418,Moderate
USA,South America,2,Electronics,63.11891459977858,58.24245909261785,94.32193004838619,46.722224431280694,0.7365,687.81,0.53,0.62,0,1,14,37361,0.9012833217401838,0.018,57.52805533683646,1.87,94.33374940290813,0.32,79.96,1,11999,Moderate
Indonesia,Asia-Pacific,1,Electronics,58.18101102973606,60.04379359269965,68.77849017831721,57.741860628796985,0.6686,828.89,0.43,0.74,1,0,9,19400,0.9060180490058585,0.037,82.7842182277865,0.83,61.22200581212983,0.12,54.81,2,1782,Moderate
Malaysia,Asia-Pacific,1,Agriculture,74.82875795057853,54.638934450665865,87.94650143209893,52.44675015177882,0.2736,135.56,0.44,0.23,3,0,36,27399,0.9187511929696818,0.016,88.46377163229367,0.86,78.44769039149372,0.25,55.63,0,7871,Low
Japan,Asia-Pacific,2,Metals,68.70788642675008,86.84314120919443,83.51192441145295,59.51867737856013,0.2112,207.32,0.64,0.42,1,1,40,10284,0.8745317292309239,0.037,73.12089716646257,1.32,90.97010841491759,0.68,54.45,1,1394,Low
USA,North America,3,Agriculture,65.6287336746623,39.990993219684654,47.74020589267374,45.48428975771705,0.1484,1014.31,0.64,0.37,2,0,33,38366,0.9210547879693944,0.057,73.9802212578647,0.99,99.98002253991572,0.2,61.72,2,5910,Moderate
USA,South America,3,Agriculture,82.39334163490615,72.21566566881465,97.74749637412931,42.57909428072441,0.1825,192.17,0.61,0.29,1,1,5,3634,0.9192408673292349,0.033,40.8667174393854,1.67,97.06996721087977,0.53,56.53,2,9311,Low
Brazil,South America,3,Agriculture,58.84912776032883,95.13222777965203,83.86370947489246,51.142217593914665,0.9598,229.43,0.69,0.43,2,0,5,44786,0.9456382078550332,0.03,88.49414082684746,1.14,86.6747930249526,0.35,70.43,2,9773,Moderate
Brazil,North America,3,Electronics,61.85937660550515,72.91512334707234,64.94493213945229,80.57771753411517,0.2371,132.19,0.57,0.63,3,0,38,31855,0.9599528186776028,0.021,33.16581490488683,0.83,95.56738709671318,0.29,68.05,2,5315,Moderate
brazil,Asia-Pacific,2,Food & Beverage,71.15625546687079,46.51860947910805,82.1459158778392,41.37343846266108,0.0915,1368.59,0.39,0.37,1,0,14,16381,0.9169798137199456,0.032,73.49987565531796,1.86,75.63523703636406,0.47,66.31,3,1938,Moderate
China,Asia-Pacific,2,Agriculture,55.703493310163275,77.60139680151322,82.01470757604972,38.30220296554738,0.9455,131.17,0.97,0.22,0,0,16,22608,0.8090678904537709,0.044,83.30949828880647,0.95,91.82424150870798,0.35,49.85,2,6261,Moderate
India,Asia-Pacific,2,Agriculture,73.01514137456138,52.28530397704358,52.677786253073066,78.76758218709018,0.7883,890.51,0.72,0.27,3,0,18,47034,0.8554086904573887,0.036,54.08832240693883,0.87,91.09547419750558,0.87,52.87,1,9385,Low
japan,Asia-Pacific,3,Metals,57.50782646020212,37.90991797569249,47.804350145191165,47.364579441160394,0.3015,865.0,0.53,0.27,2,1,8,45289,0.8576900786665549,0.036,76.38484986360747,1.43,56.09073784762792,0.46,82.85,1,5102,High
India,Asia-Pacific,3,Metals,43.173517323192584,38.091113735841674,30.573117829863182,52.7515688421866,0.8521,1404.62,0.34,0.35,3,1,38,36515,0.94032369096472,0.03,98.60820842932746,1.74,57.869320568277416,0.67,79.32,4,5091,High
Japan,Asia-Pacific,2,Agriculture,77.35084830733875,92.33173325625464,91.32264487871274,79.33949916154417,0.4352,615.52,0.65,0.41,1,1,6,13784,0.9690488686374504,0.028,76.7703945202877,0.53,79.33432779568038,0.41,72.41,1,8741,Low
Japan,Asia-Pacific,1,Agriculture,71.27050202077618,96.8701794859481,76.29262428619872,74.86058344327121,0.7423,391.5,0.58,0.57,0,1,32,30308,0.8699136481083064,0.036,75.30895725009538,1.11,60.79072069533138,0.1,95.19,1,10351,Low
USA,North America,1,Agriculture,65.45877513964082,32.18280062706022,79.67996177594249,43.41483406800105,0.2285,189.82,0.79,0.46,3,0,37,7923,0.9532356206597368,0.039,64.80367061612688,0.87,86.93600180293271,0.37,56.81,2,8075,Moderate
Japan,Asia-Pacific,2,Metals,79.07204635586425,100.0,89.43812531214392,95.78872863915247,0.6367,617.28,0.52,0.44,1,1,22,11805,0.95380889148244,0.03,76.20090383240422,0.25,99.18496520071915,0.54,82.08,1,11185,Low
China,Asia-Pacific,3,Agriculture,40.18086936581262,34.26610756982626,37.37263833993219,36.55479582790693,0.1084,902.25,0.54,0.36,3,0,39,21380,0.8801674914662964,0.008,70.46082805793205,1.59,98.95821753713523,0.8,83.81,2,3433,High
Malaysia,Asia-Pacific,1,Food & Beverage,52.517008732255526,62.25498598075244,50.35399051962221,36.60999889386973,0.3059,1217.91,0.51,0.24,3,0,28,48988,0.9170507958887952,0.029,70.30388894838916,1.4,62.91530466050231,0.51,53.96,1,11495,Moderate
China,Asia-Pacific,2,Electronics,65.86757435971059,77.0338026022837,80.32618663167388,45.05410796681344,0.9334,1021.35,0.52,0.7,0,0,24,8144,0.8488994621501516,0.055,36.88771911554052,0.96,75.61897999276351,0.22,56.26,1,8614,Low
Japan,Asia-Pacific,2,Agriculture,77.71327659911694,40.92225707647449,66.13333610021677,69.77544515436205,0.7358,982.63,0.51,0.24,3,0,26,21686,0.8796711076213802,0.026,49.17781225626817,1.45,78.88572635982858,0.9,67.88,1,6799,Moderate
brazil,Asia-Pacific,1,Agriculture,78.20333042531944,78.14973617554291,82.12988333259717,50.69389712986763,0.01,1043.52,0.6,0.03,2,1,34,16415,0.9124296438303575,0.045,98.53951758580699,0.71,90.99245763509616,0.84,57.4,2,1519,Moderate
Brazil,South America,1,Agriculture,82.98034185692887,63.060756503301796,68.43555954192433,65.7233648295167,0.2922,1321.55,0.84,0.34,1,1,15,40708,0.8374809211567699,0.018,74.94644775734187,0.22,91.73693317215489,0.49,49.43,1,1778,Low
India,Asia-Pacific,1,Agriculture,72.67228203452403,60.24718250374944,57.83570308393213,51.102733886783284,0.3196,866.06,0.7,0.29,1,0,16,14195,0.8813726513700626,0.045,65.08913638746867,1.22,79.25943309771378,0.42,73.24,1,6197,Low
USA,North America,2,Agriculture,77.38987635743821,63.771572872937405,46.77178872650805,92.55338683050546,0.2878,629.41,0.4,0.4,2,0,21,43075,0.9670431789302752,0.046,73.17217892819522,1.02,88.46739554896571,0.24,54.83,1,6001,Moderate
Japan,Asia-Pacific,2,Agriculture,53.78006931917094,84.23803432388381,55.91893889160446,87.9344971050401,0.9016,712.48,0.73,0.3,1,0,30,45081,0.8563183284646598,0.043,60.32238081757673,1.34,80.91262854254556,0.26,75.48,1,4023,Low
Brazil,South America,3,Food & Beverage,51.472935453245356,88.0507993672317,45.97373968755031,48.185777391407385,0.0381,50.19,0.68,0.18,3,0,20,23948,0.9035422975741703,0.042,75.88380054397223,0.8,62.37736027994672,0.69,90.56,2,1950,Moderate
China,Asia-Pacific,3,Agriculture,54.24541131917514,59.19966304704454,39.7879037610788,64.89998482843367,0.646,569.32,0.49,0.39,1,0,8,37042,0.947664033019643,0.038,77.95484227117173,1.32,57.13733717999142,0.71,68.23,1,5511,Moderate
Malaysia,Asia-Pacific,2,Agriculture,37.365,32.581714155285376,46.39704284184756,40.66175760212206,0.5352,206.71,0.64,0.28,3,0,30,23509,0.8792619034586657,0.028,30.21903112951285,0.74,100.0,0.63,59.72,0,11045,High
Indonesia,Asia-Pacific,2,Agriculture,60.712813925666936,52.78365817246779,64.37667416824783,59.719979701590056,0.7156,970.26,0.42,0.28,1,0,32,21607,0.8621463288957605,0.032,42.42387442782738,0.95,81.63038780434253,0.57,85.18,2,4720,Moderate
india,Asia-Pacific,2,Metals,60.819127207243426,45.5869680802528,48.59977141170886,29.63523368287727,0.8962,651.46,0.79,0.32,0,0,23,47197,0.9471738954616319,0.031,23.19302450645639,0.33,49.52914513746895,0.13,78.0,1,2900,Moderate
Brazil,South America,2,Agriculture,59.58842654835246,33.91804869674237,54.08278311818626,42.63269012530772,0.7108,169.01,0.9,0.25,2,0,20,11747,0.8928637274614902,0.029,69.99399458694519,0.2,65.63872291742543,0.56,72.11,2,8609,Moderate
USA,North America,2,Agriculture,55.52646473078676,54.322050923677004,73.2582042861546,50.11542944854831,0.7947,1154.39,0.62,0.28,1,1,36,24824,0.9078340552186965,0.046,62.94132039309951,1.1,78.87064451035265,0.1,68.03,1,8822,Moderate
Brazil,Asia-Pacific,2,Electronics,48.76749498106554,50.397692361678395,55.80545596504125,55.090358900440606,0.2566,1237.13,0.86,0.69,2,0,11,23167,0.8873988269207669,0.037,74.71448309501305,0.9,69.4992232115353,0.64,82.05,1,5403,Moderate
India,Asia-Pacific,1,Electronics,61.90697970899206,68.16945591785667,76.02761897790396,58.81455957785443,0.2107,1028.37,0.64,0.74,1,0,47,18067,0.8993410333732341,0.015,90.88780297008032,0.92,66.44767582512056,0.68,52.34,2,2228,Moderate
India,Asia-Pacific,3,Metals,54.68323894026598,55.44592510383563,48.26977654594084,69.88543425275014,0.9391,942.02,0.76,0.27,1,1,21,10457,0.8884010701003533,0.037,45.95076844087205,1.22,88.26164296981509,0.84,58.87,2,7213,Moderate
Malaysia,Asia-Pacific,2,Agriculture,66.49031723637353,49.75549730096698,52.31765050433343,22.87493784622318,0.1861,913.16,0.35,0.39,1,0,16,34686,0.9153165866529911,0.055,91.35913656707076,0.53,85.16322200536624,0.16,71.31,0,4337,Moderate
USA,North America,3,Agriculture,56.914076198947676,91.84671871151878,47.640493870863516,62.97417315550166,0.3276,302.6,0.7,0.47,3,0,19,37442,0.9318909557077936,0.041,49.52001522944919,1.67,100.0,0.29,71.4,1,7121,Moderate
USA,Asia-Pacific,3,Electronics,54.02957312407918,49.785096319021044,76.74719935437778,45.38344192698828,0.9412,157.39,0.53,0.64,2,0,27,20694,0.9459134288105105,0.039,33.33645143242644,0.9,77.24717192441304,0.52,50.45,0,4704,Moderate
India,Asia-Pacific,1,Agriculture,53.35392059896115,61.37711369029214,51.10435339860209,54.960721895799864,0.5549,835.41,0.81,0.49,0,0,36,13536,0.9427178148427973,0.037,66.12665298156371,1.36,59.91992001185555,0.82,73.59,1,5809,Moderate
Malaysia,North America,2,Electronics,61.67705000105648,42.22950214955513,46.853426138186244,60.99233810204799,0.5249,888.08,0.66,0.26,1,0,33,20289,0.9140275636107041,0.031,69.34271931344666,1.16,70.52353256846317,0.12,72.12,2,7001,Moderate
Brazil,South America,1,Electronics,49.061596524027,67.43470013111434,61.734194867859806,51.34438089047205,0.9013,1197.08,0.56,0.29,0,0,15,44451,0.8320848807521007,0.03,44.76400718565875,0.25,97.9986355020883,0.31,61.36,1,11418,Moderate
