Country,Region,Supplier_Tier,Industry_Sector,ESG_Score,Environmental_Score,Social_Score,Governance_Score,Carbon_Emission_Intensity,Water_Intensity,Waste_Management_Efficiency,Renewable_Energy_Usage,Compliance_Level,Sustainability_Report_Availability,Lead_Time_Days,Production_Capacity,On_Time_Delivery_Rate,Defect_Rate,Financial_Stability_Score,Cost_Index,Labour_Compliance_Score,Diversity_Index,Supplier_Audit_Score,Incident_History_Count,Logistics_Distance_km,Risk_Classification
Indonesia,Asia-Pacific,3,Electronics,56.17956549036944,40.07812657040189,97.3617307963926,59.08772342288654,0.414,989.34,0.69,0.02,2,0,6,44427,0.8473879337220747,0.024,72.62820912855513,0.41,94.54085912396025,0.62,96.4,2,4288,Low
China,Asia-Pacific,3,Agriculture,75.84591388478228,73.81317822711787,85.28144493247204,94.40819633270765,0.2023,361.73,0.55,0.4,3,0,24,4930,0.8993942490554091,0.041,65.8956739857701,1.3,99.89757476225118,0.13,68.74,1,3134,Moderate
USA,North America,2,Agriculture,64.1785753748397,37.60876712121474,65.15122953580719,58.14364635358514,0.9293,1094.48,0.76,0.62,2,0,11,21157,0.8891258436489482,0.057,45.477691816474575,0.91,92.97357583106488,0.82,57.51,2,6361,Moderate
usa,Asia-Pacific,1,Agriculture,68.36897125604465,69.20810592731357,72.08124214429523,71.3274857915441,0.353,1360.83,0.81,0.74,2,0,30,19756,0.9146874319827488,0.044,64.52382997140336,1.33,88.22598008717304,0.13,55.67,1,9454,Moderate
India,South America,2,Agriculture,57.55576796304511,85.90061188583002,49.70642231944315,56.79912157191194,0.9186,980.15,0.93,0.35,1,0,20,12201,0.972273235792755,0.015,55.66959779572207,0.32,78.05132903303121,0.52,75.77,2,5104,Moderate
Malaysia,Asia-Pacific,2,Electronics,75.53318161344777,67.7733069892549,75.42209549382737,44.23406490744839,0.5567,1067.74,0.81,0.54,2,1,34,36402,0.8983037661368061,0.033,39.80526035559844,0.2,88.36584433318237,0.44,70.86,1,5753,Moderate
India,Asia-Pacific,3,Electronics,70.29250441795868,62.82489375800184,86.04071791171748,51.20413799718012,0.9171,452.21,0.56,0.0,3,1,33,16283,0.7878132633300629,0.029,36.48241096401922,1.28,67.85818590134433,0.17,49.37,0,331,Low
China,North America,2,Chemicals,43.54419245905498,44.049583248104135,52.56098757616418,24.57128982333763,0.0777,986.72,0.87,0.71,3,1,23,39682,0.8231444487129588,0.027,67.94933823463465,0.3,73.1143069473708,0.58,72.46,2,4907,High
China,Asia-Pacific,2,Electronics,52.84956334338222,55.46730591197375,78.75424054420117,44.25167852643577,0.7981,845.19,0.5,0.27,1,1,38,23254,0.965681947157131,0.05,70.08670989049187,1.2,85.85396366956533,0.37,65.44,1,5642,Moderate
Japan,Asia-Pacific,3,Electronics,76.4687547615693,83.72804266985179,97.89623385138222,93.64005435831368,0.6745,353.22,0.56,0.46,3,0,8,13684,0.9076044105409555,0.04,35.016925721383714,0.22,51.012868812695125,0.6,57.65,1,8404,Low
India,Asia-Pacific,3,Chemicals,67.30149483312009,60.239360336236594,87.06698929071626,74.44133088757089,0.8684,173.61,0.62,0.59,1,1,18,45151,0.9063308497956614,0.039,95.8813994855891,0.81,92.24860604219009,0.17,89.36,0,6942,Moderate
Malaysia,Asia-Pacific,1,Agriculture,65.55563831076134,90.04300500374758,44.34937093253999,44.706708168287825,0.9106,1058.7,0.57,0.38,1,0,27,34430,0.9360216425724386,0.034,78.85172845594178,0.5,89.3804234727271,0.55,86.22,2,147,Moderate
China,Asia-Pacific,1,Agriculture,58.30926382453653,62.62688373701367,47.533699246627776,49.05397525980289,0.641,1019.15,0.31,0.68,3,1,15,44915,0.9159432010177463,0.045,98.4218009442148,1.11,96.56581635821321,0.71,70.25,2,3791,Moderate
China,Asia-Pacific,3,Electronics,74.55761414412235,60.259679154089824,80.09369548999551,58.58995243709987,0.0847,726.71,0.54,0.56,2,0,32,40979,0.8352981099184225,0.04,73.12407518513953,1.31,99.81507936203676,0.66,61.48,2,6439,Moderate
USA,North America,1,Electronics,73.25184506374521,87.61792915711247,56.917275438360164,82.08901224753171,0.1952,1257.88,0.6,0.31,0,0,19,2926,0.9100223547958757,0.038,62.244456400187104,1.27,76.82086351763374,0.14,70.9,1,9998,Low
China,Asia-Pacific,2,Agriculture,61.498933527375414,78.53690351068732,79.9195270255286,67.22665029248753,0.6827,172.37,0.68,0.55,2,0,16,3818,0.9334225373447357,0.028,69.95780735707774,0.88,100.0,0.5,69.37,1,9823,Low
China,Asia-Pacific,3,Chemicals,73.58596456291852,78.38389656581367,58.18041810330821,44.86545389142239,0.3668,1167.74,0.39,0.0,1,0,12,26210,0.9318254631300598,0.059,68.43399062654481,0.64,73.88522581652664,0.25,69.86,0,9558,Low
Malaysia,Asia-Pacific,1,Metals,69.87828903107516,93.52900278319382,77.67856854116916,67.17207823076116,0.6007,131.04,0.52,0.21,3,1,17,11208,0.8529235398479499,0.057,81.37336085519088,0.75,72.67936071969184,0.53,73.31,1,911,Low
Malaysia,Asia-Pacific,2,Agriculture,67.92963742485065,46.816498554045445,30.816909000080898,51.415054480822064,0.375,576.44,0.77,0.03,2,0,31,44851,0.8594757800506321,0.041,41.46804484694653,1.13,81.34181856588563,0.46,68.27,1,10138,Low
China,Asia-Pacific,3,Electronics,77.85392437943224,20.362519985117448,94.35103160857741,71.42551692496828,0.5031,859.67,0.88,0.4,1,0,8,38666,0.8765592695947404,0.034,79.90696041957985,1.84,79.83267698156152,0.67,50.67,0,7754,Low
Brazil,South America,2,Electronics,59.241726687225906,74.81537018405449,86.17224837419242,94.49154032407306,0.3047,657.78,0.53,0.76,3,1,7,10601,0.9380818815404236,0.013,87.15327288512938,1.17,64.37847235920066,0.8,42.37,0,5478,Low
Japan,Asia-Pacific,2,Agriculture,74.59644015171439,88.93995946628009,94.66558490879552,87.92748026806484,0.8058,380.16,0.78,0.37,3,1,28,35417,0.8532682924677187,0.045,34.44276742103023,1.11,95.12351195747115,0.52,95.6,0,10706,Low
China,Asia-Pacific,3,Agriculture,65.07675112873626,65.62371274601027,76.76920453803392,68.71238701542728,0.9042,1348.86,0.82,0.39,3,0,34,44312,0.8958282682276983,0.004,45.983853349073435,0.39,87.70720344807332,0.83,53.82,0,4799,Low
USA,Asia-Pacific,2,Agriculture,53.15215105485682,69.41884046280106,51.930962237537045,52.757768987706754,0.8995,139.59,0.84,0.34,3,0,38,14038,0.9508496862828246,0.034,55.66550659162208,1.25,79.95312856200029,0.32,73.63,1,4354,Moderate
India,Asia-Pacific,3,Agriculture,71.36072247830806,77.50980742095688,83.42072574115885,75.53259985286971,0.7275,391.69,0.49,0.55,1,0,7,33425,0.8340022065317341,0.021,66.63914879056317,1.78,90.29811919130046,0.53,68.91,0,4987,Low
Japan,Asia-Pacific,2,Agriculture,74.1542616768196,100.0,75.2479849854362,93.06812601671882,0.4775,896.71,0.56,0.2,3,0,26,26767,0.9454619560443956,0.06,48.21035972301516,0.2,76.12930357971284,0.46,72.0,1,3662,Low
China,Asia-Pacific,1,Agriculture,58.073741333672224,45.84587818900955,36.8672788518836,45.240232147841816,0.4628,273.37,0.63,0.16,2,1,41,21431,0.8893744608411187,0.053,50.63741232891351,0.99,75.47104002271847,0.74,57.8,2,3904,Moderate
Brazil,South America,2,Agriculture,69.49266680409278,47.19068017605584,66.8630213782631,37.18494933500371,0.7072,611.22,0.56,0.3,1,0,13,46017,0.8156046785910773,0.033,81.05335395131189,1.25,77.44347262037493,0.24,56.43,2,2425,Moderate
Brazil,South America,2,Agriculture,80.74530513268756,82.72554440219176,58.68334953509539,66.23741127655352,0.8193,125.64,0.49,0.0,3,0,18,43840,0.8650278368881775,0.038,91.5433434364987,1.5,99.92995290531105,0.19,80.46,1,5660,Low
Brazil,Asia-Pacific,3,Electronics,60.85917463419832,89.55244859811822,33.64179338391355,47.103882234868415,0.0932,483.76,0.59,0.16,3,0,8,14517,0.8110229907895382,0.049,56.37535769937158,0.6,73.6179628699441,0.82,54.91,1,8784,Moderate
China,Asia-Pacific,3,Chemicals,63.295815168521585,63.915396818699534,50.83580770940554,54.731365702033386,0.9526,670.8,0.34,0.34,0,1,21,49420,0.850837353916647,0.031,75.59444029409227,1.39,74.01777470084582,0.57,67.68,2,6759,Moderate
Brazil,South America,1,Food & Beverage,62.534544531296135,82.74765428625625,45.92057580729535,62.014010582289586,0.3613,407.13,0.93,0.4,1,1,21,4089,0.9585737051474321,0.038,43.116237171893005,0.9,88.0717600310314,0.58,46.63,2,2272,Moderate
Indonesia,Asia-Pacific,1,Agriculture,53.46354017547709,62.73178091740585,51.91973316755364,50.033878001143535,0.8998,1069.5,0.66,0.6,2,1,14,45819,0.9273038547257032,0.035,73.89639877347251,0.78,75.03322660360807,0.29,71.17,0,6187,Moderate
Japan,Asia-Pacific,2,Chemicals,65.99859530727657,100.0,77.04755616880651,95.3233828086199,0.7994,1210.9,0.56,0.69,3,0,6,36205,0.8655917223644358,0.03,89.88818843116185,1.23,90.11923367875173,0.73,57.54,1,5995,Low
Brazil,South America,2,Agriculture,65.06723289293808,39.204122761597965,46.31713287969625,48.44310752581423,0.678,914.47,0.61,0.85,2,1,35,39600,0.9380986738179742,0.033,59.93650081438599,0.49,65.56035112383843,0.44,55.43,2,297,Moderate
brazil,South America,3,Agriculture,67.06310850943046,67.07448743884287,73.87030313371785,65.77243704218363,0.8716,1184.75,0.48,0.17,1,0,7,28110,0.896867198431397,0.045,68.52830696374902,0.75,46.103254914454666,0.1,76.33,0,9816,Moderate
Brazil,Asia-Pacific,2,Electronics,60.15323123778177,61.12333034107297,55.47818241075012,45.1406533778228,0.7724,739.18,0.82,0.86,1,0,11,31938,0.9591640366281614,0.035,50.75417015886926,1.66,77.61580365914942,0.56,74.44,2,11385,Moderate
USA,North America,1,Agriculture,81.30499935466244,64.76331825133477,64.62937665680124,76.94714596070045,0.9476,1135.94,0.65,0.37,3,0,34,13585,0.8819328766880643,0.039,99.5566624956152,1.2,98.45605794844695,0.51,69.19,2,3423,Moderate
China,Asia-Pacific,2,Agriculture,73.46371532026578,54.447025406341375,87.35188299406559,78.34609614605475,0.4852,1015.49,0.65,0.64,1,1,34,28342,0.8427389538340582,0.025,42.9189878032771,1.44,55.83476739413496,0.35,87.47,1,5447,Moderate
Brazil,South America,1,Agriculture,60.97528057105622,67.20781489393664,80.62855527548993,59.068582855098406,0.274,909.43,0.71,0.75,1,0,8,12640,0.8516505613124609,0.008,69.77378084245606,1.49,56.89912347281954,0.3,72.83,3,11381,Moderate
USA,North America,2,Agriculture,67.59423405631996,90.9089811614392,82.26977846857488,54.223518316145366,0.3867,894.59,0.53,0.63,1,1,29,11298,0.9389168210763641,0.036,55.01880965208242,0.7,50.90940459526245,0.72,87.58,1,2184,Low
USA,North America,3,Agriculture,56.30552476146549,43.42404835755451,77.24519268572787,49.4826607397573,0.734,175.83,0.8,0.01,0,0,26,45327,0.9521362308827133,0.029,66.95953724118938,1.83,86.47392969452534,0.12,56.47,2,4352,Moderate
USA,North America,1,Agriculture,71.90962980323833,64.15397448827567,59.9489356423257,53.35099212264929,0.4502,988.17,0.62,0.0,3,0,34,19235,0.9488652951629001,0.048,34.03910237194586,1.25,70.4875387694205,0.49,59.4,0,8156,Moderate
Indonesia,Asia-Pacific,1,Agriculture,64.65121935248175,62.20775545289404,37.065242844680576,51.89091394531739,0.6968,216.32,0.75,0.22,3,0,23,22210,0.9921385710114335,0.059,45.31086652216598,0.83,84.9466810407377,0.58,80.81,0,7297,Moderate
Japan,Asia-Pacific,2,Chemicals,75.69086189119314,90.96278389258948,98.36800527880608,87.67297634537347,0.2797,827.28,0.58,0.13,3,0,36,12005,0.8477943893489469,0.028,29.927734506868543,1.3,78.77380205308556,0.53,82.23,0,9874,Low
Malaysia,Asia-Pacific,2,Electronics,53.490118199471425,86.43897430865628,77.77457453426375,73.17375781501994,0.2351,50.19,0.6,0.39,2,0,38,10596,0.8744166072954672,0.018,30.428751136784378,0.22,90.22046755708533,0.5,81.91,0,6067,Low
India,Asia-Pacific,2,Metals,70.68318598737864,62.80321597537021,88.84094742881588,65.0185946709579,0.7583,97.85,0.61,0.21,3,0,8,24397,0.9519726472033578,0.036,43.81681048214487,0.35,67.30628792802403,0.83,83.48,1,11204,Low
Japan,Asia-Pacific,2,Agriculture,56.80827357665226,70.43699934330033,74.58745498224481,49.825128664794796,0.7679,512.21,0.53,0.23,3,0,14,46004,0.8699403150942973,0.03,97.96310731200288,0.23,89.98121436718185,0.74,66.52,2,4767,Moderate
Japan,Asia-Pacific,2,Agriculture,75.81098413939853,75.85401079480489,63.95560472972552,44.69556652009668,0.9156,1133.13,0.32,0.54,1,0,28,24605,0.8170767207524092,0.03,39.257262159474685,0.24,97.46764659068577,0.86,76.17,0,1176,Low
India,Asia-Pacific,1,Electronics,64.3876161982487,64.34941898335435,83.79073501769093,39.90768282201412,0.5613,790.66,0.76,0.32,1,1,12,30350,0.9530172099452678,0.047,77.92022088478977,0.9,68.48083625110915,0.23,71.9,2,2701,Moderate
Brazil,South America,3,Agriculture,61.63172158157674,64.09185718728301,39.88756558000249,48.884269943461604,0.5759,1347.33,0.34,0.27,1,0,19,45745,0.9415500978796569,0.038,72.75092624516255,0.23,81.82867371693592,0.12,51.65,2,11433,Moderate
Japan,Asia-Pacific,2,Chemicals,79.57771319188906,84.03597673308363,95.2587159292553,76.36559195014313,0.9219,434.24,0.64,0.55,1,0,21,22717,0.8917678870699011,0.032,77.74769563022845,0.24,78.22000955238587,0.58,55.37,1,7659,Low
China,Asia-Pacific,3,Electronics,57.01913855890808,82.57267039467584,62.241508223624486,49.0130138691997,0.6522,1396.64,0.38,0.53,1,0,27,33297,0.9604895523508054,0.063,41.16780059044292,0.39,77.11733756241716,0.35,93.88,1,8097,Low
Brazil,Asia-Pacific,1,Agriculture,83.1877998105248,87.50863548378774,85.97533316678438,68.4065105161125,0.7441,1290.6,0.47,0.21,2,1,27,28716,0.9104868439418526,0.038,98.10726293297763,1.25,93.44466221137401,0.1,69.43,1,2830,Low
China,South America,2,Agriculture,38.04095062618556,25.83816655908568,36.391964581207986,27.40908321225882,0.7389,140.61,0.92,0.3,2,0,10,15681,0.8935066973720286,0.034,76.37366364822567,1.83,66.07084129024074,0.28,56.72,4,2138,High
Brazil,South America,1,Electronics,77.18805437178379,75.79055357718934,82.90252812564599,62.46452646490844,0.6665,731.34,0.56,0.2,1,0,7,23508,0.8937506349719104,0.029,71.80317085835148,0.46,91.65361696115362,0.46,86.36,1,11072,Low
Malaysia,Asia-Pacific,3,Metals,53.12600663019472,58.26749173955688,59.0676722459106,53.08206366563681,0.8501,65.97,0.82,0.42,1,1,8,30864,0.8777801633329815,0.031,86.4340942236914,0.63,93.6900742559384,0.63,83.55,1,6203,Moderate
Brazil,South America,2,Food & Beverage,72.41272425498212,69.45630670793443,82.3047995350562,60.106727885659154,0.7557,1111.32,0.57,0.4,3,0,21,3124,0.9530210664782518,0.022,56.765691339251056,1.22,100.0,0.64,77.34,2,6852,Low
USA,South America,2,Food & Beverage,60.799071431965096,55.943337253569425,45.874561287585706,43.397029553821326,0.5032,189.61,0.88,0.3,0,0,7,36171,0.9841639904625173,0.038,92.02109116611766,0.2,77.45846838816429,0.32,72.88,1,442,Moderate
Indonesia,Asia-Pacific,2,Agriculture,56.042093607350026,40.106862008493714,47.58270118926582,48.47888500891606,0.9253,1445.47,0.75,0.24,3,0,28,33666,0.8923166714840227,0.037,48.99108401259804,1.23,57.405268584356605,0.25,80.63,1,7428,Moderate
USA,North America,2,Chemicals,72.95317179135597,75.22254814232453,84.5183834621095,93.4892055723809,0.8967,201.29,0.69,0.44,1,1,17,43591,0.9286041925256548,0.025,41.72698464322287,1.31,73.67659696252524,0.13,42.43,1,5608,Low
Malaysia,Asia-Pacific,2,Metals,77.1581741376838,38.970529986558546,79.64929382554612,77.50413698018484,0.1749,667.01,0.47,0.27,1,0,13,44554,0.988745415976182,0.064,35.386666805920896,0.79,79.65884765690987,0.53,71.21,1,10981,Low
Japan,Asia-Pacific,2,Agriculture,71.49917048652404,82.85223592731501,78.74742936275258,71.21681103987288,0.1766,952.58,0.63,0.18,3,0,21,16616,0.881450753896259,0.018,30.182070902133045,0.34,56.15173654345754,0.41,90.33,1,2401,Low
India,Asia-Pacific,3,Agriculture,58.170205883416536,61.84401478079672,46.60394661002883,48.15909159182502,0.2453,384.82,0.39,0.33,3,0,33,24757,0.8612721298685696,0.038,63.587210559608,0.48,78.01460115953209,0.5,93.25,1,633,Low
Japan,Asia-Pacific,2,Agriculture,62.308336247159936,54.37031378329203,85.00317699911501,48.29614754648715,0.3408,970.41,0.74,0.58,1,1,8,16176,0.8461816160114651,0.034,74.65119629553506,1.61,86.41583570750822,0.54,60.2,1,7267,Moderate
Japan,Asia-Pacific,3,Electronics,76.5373623847418,91.65105536805119,95.876689716973,84.89342839982496,0.9132,522.12,0.53,0.28,3,0,16,33491,0.8787678212465917,0.034,30.351743189528467,1.49,77.62608668453237,0.74,89.72,1,5733,Low
Indonesia,Asia-Pacific,2,Agriculture,53.40322763764559,19.402285355788152,54.9395663173884,54.36431274065086,0.1673,960.19,0.42,0.58,3,1,5,44411,0.9078799096864177,0.031,40.27361360757119,0.61,94.41349461874023,0.89,84.64,2,7928,Moderate
USA,South America,2,Chemicals,50.979968295127655,48.59059059102424,82.81353981132264,48.10000188092182,0.1939,217.58,0.33,0.25,0,0,20,22559,0.9590632563296542,0.05,68.54871178612942,1.08,76.86258475240543,0.46,85.85,1,6499,Moderate
Brazil,South America,2,Agriculture,59.93659540013448,78.89474799327002,56.51605035768817,50.80597478077642,0.8527,225.78,0.52,0.4,0,0,23,14440,0.8823403435968277,0.044,74.70164882389125,0.3,74.25797801508014,0.23,72.01,0,6681,Low
USA,North America,2,Chemicals,69.11757188715926,62.16798380035674,53.382658680821095,60.16922737801411,0.3168,156.6,0.48,0.03,2,1,7,8529,0.9159190902481844,0.04,23.13544651874286,1.13,56.98309073408941,0.51,71.43,1,7423,Moderate
Malaysia,Asia-Pacific,3,Agriculture,66.34441585035088,66.84241770850556,81.4281028973303,57.01750483720822,0.6866,152.55,0.63,0.51,1,0,20,46341,0.9241406755327203,0.032,46.404687809110094,1.21,91.19721217962538,0.78,48.79,0,10977,Moderate
Indonesia,Asia-Pacific,1,Agriculture,52.35096796805411,24.634717603681384,45.14730824363503,56.23845500080283,0.7722,1307.73,0.63,0.41,1,0,15,28971,0.9007780935505376,0.031,40.34829848748602,0.34,91.97101596721558,0.5,92.08,2,4533,Moderate
Indonesia,Asia-Pacific,3,Metals,72.33349394626458,86.4858653831099,94.52662543494537,88.36541963517365,0.5928,428.39,0.78,0.5,3,1,18,14853,0.9178981451949785,0.054,83.72987545861885,0.9,90.65709573751982,0.26,70.53,1,4845,Moderate
China,Asia-Pacific,2,Electronics,46.76130623328331,38.4596188607304,86.35576252697899,86.80737153714152,0.1982,193.44,0.75,0.17,3,0,13,28461,0.9450377300852237,0.029,75.84265084807093,1.35,77.9703069275485,0.15,67.08,0,11883,Moderate
India,Asia-Pacific,3,Agriculture,54.93541973591399,66.06095799806943,56.836509758214035,49.91546026989238,0.9213,947.0,0.33,0.14,2,0,20,43408,0.9300053761421871,0.041,100.0,1.35,59.51210642090306,0.19,77.25,1,4758,Moderate
USA,Asia-Pacific,2,Chemicals,72.90928396699461,68.77076179810852,81.50113628009628,42.17752912560761,0.4371,894.69,0.58,0.27,3,1,28,25484,0.9587216561329256,0.053,83.67263167504785,0.91,78.3629417497265,0.71,94.1,2,11237,Moderate
Malaysia,Asia-Pacific,2,Electronics,46.91915627670655,61.61968040753923,39.76556375832806,34.96412143506631,0.8895,1241.91,0.45,0.23,1,0,10,35220,0.9338101061657277,0.02,75.80731267865059,0.52,64.1982454860237,0.59,91.16,1,3678,Moderate
Japan,Asia-Pacific,3,Metals,58.53465655856917,80.39623058790058,83.79719795835261,59.07253053516675,0.6577,1428.55,0.59,0.59,2,0,8,45878,0.8975599123917384,0.026,73.02916087215155,1.28,87.9104023341641,0.52,62.06,0,10606,Low
Malaysia,Asia-Pacific,2,Agriculture,83.74452964913971,94.65723540559569,70.83946819838978,90.12066654293899,0.7887,485.11,0.71,0.2,0,1,40,17485,0.894313047523693,0.027,70.17954825409403,0.86,89.632100489419,0.51,71.87,1,10854,Low
Brazil,South America,2,Agriculture,60.84733388335246,36.44132532889359,77.00617894225152,49.67019888293656,0.4801,1027.59,0.42,0.41,2,1,24,47509,0.9452678972181878,0.031,47.58164409870989,1.27,69.57887019012638,0.59,62.52,2,6667,Moderate
Indonesia,Asia-Pacific,1,Agriculture,63.30998087856556,60.03249526910919,55.23395683462116,46.85962832801657,0.8959,888.37,0.73,0.34,1,0,7,9687,0.9006993648489541,0.036,73.81264225082616,0.82,72.77270977781546,0.7,76.93,2,6691,Moderate
China,Asia-Pacific,2,Chemicals,37.365,25.178484199623924,35.465202867649566,34.89408617140387,0.668,225.29,0.81,0.22,1,0,32,13075,0.8284652546521503,0.027,36.64274355728639,1.51,70.41696896829026,0.85,59.2,2,4782,High
USA,North America,3,Agriculture,58.73207818382621,29.283731866568118,32.56870226620119,36.208358425583114,0.8053,224.91,0.96,0.38,3,1,5,45280,0.9191042527975841,0.032,32.46187146675492,0.78,91.16051550027646,0.18,90.84,2,5923,Moderate
Malaysia,Asia-Pacific,3,Metals,57.78898813776711,34.45661986881292,48.224976483667454,55.82316877388034,0.8908,347.83,0.76,0.3,1,0,39,32915,0.867940427306746,0.037,78.98589309434692,1.1,63.22657983424081,0.58,56.66,2,5928,Low
Brazil,Asia-Pacific,2,Agriculture,52.49878537352841,40.44895373014185,48.559847995331076,42.12388092756791,0.2604,1103.49,0.86,0.32,2,0,25,10698,0.9468120529178724,0.036,39.02786328788438,1.11,82.88090977659249,0.85,72.55,1,3014,Moderate
India,Asia-Pacific,1,Metals,56.573948771990175,76.7466916025088,56.50647622576774,49.58345270863619,0.9506,1251.69,0.9,0.22,3,1,14,46186,1.0,0.061,63.73892136091525,0.27,79.81984102008131,0.44,47.62,1,3541,Moderate
Japan,Asia-Pacific,3,Metals,75.52010023023136,60.81851611327102,72.4460914848325,57.56918557290304,0.2266,799.53,0.5,0.4,1,0,8,10723,0.8923363491454388,0.018,46.62546430405206,1.55,87.68834177993493,0.77,70.86,1,7017,Low
Japan,South America,2,Electronics,72.99616379002558,75.64644532344941,66.51986366799711,100.0,0.2832,1027.34,0.37,0.33,3,0,9,10569,0.8443863115679474,0.024,90.48769791866953,0.83,78.08913740362847,0.49,57.51,1,5959,Low
Brazil,South America,2,Agriculture,76.36295690543305,25.196915791909337,48.98141064469241,71.39991074722533,0.8944,370.52,0.64,0.3,1,0,34,22526,0.9701315886488086,0.028,72.99699577814158,1.26,64.44449473431695,0.33,70.42,1,9020,Low
Brazil,Asia-Pacific,2,Electronics,73.26423662263578,86.85800755742436,78.35626611088625,81.12091967958442,0.1694,81.27,0.49,0.59,2,0,39,46769,0.872343604420686,0.013,55.803148094062536,1.09,79.24197299913621,0.78,96.3,2,6306,Low
Brazil,South America,3,Agriculture,69.47819205304604,83.91817747595537,64.69175889002743,79.86511608010885,0.7223,190.61,0.43,0.01,0,0,20,5361,0.9406661410417878,0.039,49.24360755438452,0.98,100.0,0.59,73.1,1,6009,Low
Indonesia,Asia-Pacific,2,Agriculture,55.634579552452216,48.85513550246487,54.93427520827768,25.723872909455196,0.117,799.92,0.65,0.27,3,1,20,8386,0.9443610787691831,0.035,83.32379481778254,0.4,98.05650453665069,0.84,50.07,2,6087,Moderate
Indonesia,Asia-Pacific,2,Agriculture,39.04086463965115,37.24420619306598,49.61844423101479,42.173920999238,0.9786,156.06,0.89,0.27,2,1,34,19745,0.9651363748975543,0.038,67.54899560129842,0.2,86.84809431097905,0.54,62.34,1,7063,High
Brazil,South America,3,Agriculture,63.96798560860653,62.69768716465969,54.69703846740264,43.7808853939386,0.8632,119.78,0.69,0.3,1,1,17,18165,0.8846864573830338,0.006,73.34480607719169,1.32,91.34224607678645,0.64,93.8,2,3363,Moderate
Japan,Asia-Pacific,2,Electronics,79.62458810126334,94.15925608491227,70.96712424651673,89.0852715368668,0.8543,1016.73,0.56,0.24,0,0,33,34968,0.9004542393110382,0.047,21.367652552954816,1.08,88.45044688930018,0.68,62.08,1,4219,Low
USA,North America,1,Agriculture,77.53106673891097,70.5436402489422,47.56081226103207,45.53314668344437,0.1544,1209.41,0.4,0.14,2,0,15,33421,0.9597384787299544,0.036,79.29653978445903,0.77,56.43520401271365,0.3,65.47,1,2242,Moderate
Brazil,South America,2,Agriculture,52.626519046254266,72.89351886430595,77.38330827124088,49.320955413714245,0.1774,648.89,0.73,0.39,1,0,16,23908,0.9104242594880216,0.036,96.53719917224161,0.77,72.76550597098836,0.49,79.19,2,9388,Moderate
Brazil,South America,3,Agriculture,70.76896150566071,78.28275440253044,87.47459792586413,80.35643082124801,0.7955,77.55,0.52,0.32,1,1,9,4768,0.8232099372600005,0.021,42.98941960263745,1.22,69.77671127778068,0.69,53.82,1,4476,Moderate
India,Asia-Pacific,3,Electronics,64.78828646724574,96.51546227469562,58.574071684893646,56.29202112977318,0.7586,1211.61,0.56,0.65,1,0,16,30433,0.9267242892380121,0.041,59.88473777789887,0.88,99.9503836459249,0.68,56.41,1,1811,Low
India,Asia-Pacific,3,Agriculture,83.79659273279822,73.0503137687767,75.71658467074182,39.772698444442,0.4304,902.79,0.36,0.12,2,1,30,47519,1.0,0.048,39.567612207572395,0.74,92.59429406950623,0.18,76.44,1,192,Low
Indonesia,Asia-Pacific,3,Electronics,64.76708351937044,43.018090937085375,93.9165485455839,61.6998312752111,0.1891,205.63,0.36,0.3,1,1,17,15673,0.8329925769318514,0.029,94.77815750899967,1.26,70.59709694291253,0.65,54.55,1,5020,Moderate
Brazil,South America,3,Agriculture,58.87281176572519,64.06405325569713,53.30010432705578,30.367639985264823,0.8766,161.7,0.77,0.44,3,0,16,32317,0.8471042014481712,0.038,43.73453128742355,1.37,99.3606010101943,0.57,64.11,0,2810,Moderate
Japan,Asia-Pacific,3,Chemicals,57.923628584416235,50.51768522423521,45.747071859378366,69.16393866685283,0.6419,558.73,0.72,0.16,0,0,30,8829,0.8425272985192936,0.042,49.36037299976229,1.48,95.59255919232092,0.8,56.19,2,8832,Moderate
Brazil,South America,2,Agriculture,56.21593486693487,65.12773765450113,49.180683515068665,51.666069695041784,0.4015,974.83,0.55,0.35,2,0,8,26559,0.8469165574170261,0.033,66.56966393615346,0.79,96.84083961460439,0.58,53.55,1,11093,Moderate
Japan,Asia-Pacific,1,Electronics,70.86708372164607,100.0,88.9789560901667,47.269383882979774,0.4008,680.26,0.93,0.32,0,0,27,8490,0.9669768259749534,0.055,31.831933839054994,0.52,60.85126965424035,0.49,78.58,1,9260,Low
Malaysia,Asia-Pacific,2,Electronics,53.598193977556605,54.021065250487005,42.70967974438173,56.992168746530126,0.9451,523.52,0.75,0.16,2,0,8,38022,0.8934205768560931,0.041,62.42508307345315,1.37,65.09670842500104,0.17,83.12,2,8950,Moderate
Indonesia,South America,1,Metals,71.63100087740514,80.40335383964018,97.84135233668195,79.31847987797404,0.0713,952.45,0.63,0.15,3,1,27,12024,0.8471811603311479,0.052,99.37727398648313,0.24,52.23607393877818,0.14,51.04,1,5542,Low
Malaysia,Asia-Pacific,3,Agriculture,61.65979846258132,89.38367547034147,80.13306911093466,26.489912199069867,0.2148,1336.29,0.53,0.36,3,0,24,48343,0.9038890744989536,0.032,79.52578390473535,0.48,77.54654115582315,0.16,88.99,2,4923,Moderate
Japan,Asia-Pacific,2,Electronics,74.76504025312066,89.15434345587501,94.1392514212853,88.34260937972734,0.8486,818.28,0.65,0.42,0,0,37,3591,0.9150481421705522,0.039,70.93417920342672,1.23,71.82363184781968,0.23,80.24,0,7740,Low
India,Asia-Pacific,3,Metals,40.71846844569573,49.38431974327501,36.02392567114854,28.58575024297952,0.5368,1397.33,0.71,0.33,1,0,38,49039,0.8509255113739675,0.017,45.67633104649076,0.56,84.8283911953157,0.52,62.91,1,11222,High
USA,North America,3,Agriculture,87.41376638976207,76.26380295550778,65.18161489074787,79.70838150319994,0.0797,715.95,0.7,0.43,2,1,22,25919,0.9456872513437494,0.03,63.30955427232418,1.35,64.7186182967086,0.12,80.47,1,5814,Low
China,Asia-Pacific,2,Electronics,55.19567684709037,57.56696066522981,45.481727070291456,55.525587781741436,0.6016,1028.43,0.69,0.45,1,0,25,43798,0.9458750744411591,0.026,57.83762614568076,0.62,61.39886644347175,0.51,49.84,0,4572,Moderate
India,Asia-Pacific,2,Agriculture,68.67615353549309,59.619581910292865,96.74802827773904,67.88144408993874,0.6491,816.78,0.65,0.0,3,0,11,8199,0.9544781555329757,0.043,45.42682055180421,0.24,56.77208212467872,0.82,72.89,0,654,Moderate
China,Asia-Pacific,1,Chemicals,70.45469832953728,99.83652318484364,46.043841623464154,76.96777330119558,0.9585,567.34,0.65,0.0,0,0,19,37587,0.8199203609239846,0.032,27.008770443278344,0.75,95.12303203393083,0.57,73.57,0,8487,Low
USA,North America,1,Chemicals,71.38915071091742,69.61134849346,95.69321901972204,78.5196130468107,0.227,1034.81,0.79,0.58,0,1,30,37955,0.8881037274632811,0.034,41.25644663247192,1.06,99.59849893426747,0.59,81.13,1,3037,Low
Japan,Asia-Pacific,3,Agriculture,60.01929071689356,23.670828676335454,52.22488033593335,35.62095893543988,0.0514,759.31,0.52,0.34,1,0,7,10454,0.9554348967739241,0.03,71.33781530092176,0.45,72.90061955058418,0.84,93.69,0,7715,Moderate
china,South America,2,Electronics,68.26436621438964,89.26948672948073,59.81302142833997,59.832171951837886,0.2281,1450.04,0.54,0.07,1,0,25,29175,0.8871538846893968,0.059,65.51453573813657,0.69,64.83273136843225,0.82,71.51,2,6298,Moderate
Japan,Asia-Pacific,3,Metals,78.05872253730914,84.78613961829619,94.21222365405339,88.82027692966186,0.6663,1375.95,0.59,0.49,1,0,23,45692,0.9244557402808041,0.029,71.81075615515347,1.7,69.9662576501992,0.78,80.27,2,11392,Low
Brazil,Asia-Pacific,2,Agriculture,58.41078654470406,17.942428237574788,81.28764701093047,36.64278730617968,0.1773,968.61,0.85,0.44,1,0,12,45297,0.8941337765866477,0.02,89.21994316479464,1.04,100.0,0.62,57.32,0,9058,High
Indonesia,Asia-Pacific,1,Agriculture,50.272652303710565,33.89373016707701,46.58013303443603,53.410663288905276,0.9313,1272.88,0.56,0.38,1,0,7,22420,0.9405826695651864,0.032,69.18249081508276,0.93,77.97216513856006,0.55,74.82,2,4505,Moderate
USA,North America,2,Agriculture,64.15353949850524,54.23470071945047,48.98202364978765,22.369535557258068,0.7379,1050.93,0.67,0.41,2,1,22,29064,0.9627193049416427,0.038,36.875672569075036,1.13,100.0,0.14,87.78,0,8803,Moderate
Indonesia,Asia-Pacific,2,Chemicals,61.00881124378773,44.38681706295012,46.770800472321,63.31374639753691,0.2565,179.75,0.63,0.7,1,1,38,46052,0.935461186397458,0.031,57.7916721961324,0.84,54.43875843466598,0.8,61.0,4,5165,Moderate
Malaysia,Asia-Pacific,1,Agriculture,57.704059700721494,55.40167555321156,75.53998348297537,45.13752904376016,0.1479,162.88,0.51,0.19,1,1,34,26791,0.9641382654880583,0.031,59.73854464062746,1.64,68.57991553769095,0.51,83.27,0,2242,Moderate
usa,Asia-Pacific,2,Agriculture,82.45388172507693,70.25073635821741,85.65696765942458,41.70519158476963,0.1749,501.22,0.46,0.34,3,0,23,14721,0.8789417368236587,0.038,73.33429526917507,1.02,79.370503207809,0.13,88.11,1,597,Low
Japan,Asia-Pacific,3,Electronics,73.03652835933312,92.64004511884107,96.27165709785824,84.43564739464475,0.1621,1242.92,0.98,0.24,3,0,23,43283,0.9002115305286483,0.046,66.65953725816269,0.51,74.72463356631903,0.75,57.84,1,2856,Low
India,Asia-Pacific,2,Agriculture,80.6018784182966,45.036997527776805,93.73362228370135,77.16523875988318,0.7243,381.08,0.54,0.31,1,1,42,38671,0.9160602697857102,0.04,78.56741392034468,0.96,96.79510212448325,0.84,67.43,1,6813,Low
USA,Asia-Pacific,2,Electronics,69.02066123263754,61.28854182871156,58.83775920219479,67.86987164662924,0.8858,135.63,0.66,0.27,3,0,28,46831,0.8921328809646218,0.046,78.87799077307841,1.56,58.201746150498025,0.87,81.51,0,6518,Moderate
India,Asia-Pacific,2,Agriculture,67.70262465030983,69.26719772115457,85.64708075345504,62.42416183152754,0.9029,872.59,0.46,0.21,0,0,34,9992,0.9368770492651233,0.032,88.42811634483402,1.3,94.06913170796594,0.14,75.05,1,4483,Low
India,Asia-Pacific,2,Agriculture,51.66095386084441,85.0567016968978,93.19734404765781,68.5863131804879,0.8009,962.92,0.8,0.12,2,0,42,14297,0.95762853969411,0.019,54.59642954912004,1.27,62.158208077442886,0.28,61.7,0,727,Low
Japan,Asia-Pacific,2,Agriculture,55.617693241300906,39.213618454864445,75.29289668658186,47.90458386056237,0.6736,1328.17,0.35,0.64,1,0,19,45790,0.8887400554514755,0.04,69.86480506637346,0.47,76.84245254016587,0.45,77.14,2,4452,Moderate
Brazil,South America,2,Agriculture,58.34039752143907,64.0827021778156,80.89021387971712,49.99319290270702,0.1852,840.97,0.94,0.4,2,1,30,46238,0.9559450751350437,0.015,38.70991740059592,1.03,79.308100215346,0.42,73.86,1,9609,Moderate
Indonesia,Asia-Pacific,3,Food & Beverage,71.2010688655001,52.542414951922524,55.70553460132871,38.820303112437905,0.6361,461.84,0.55,0.6,1,1,15,16842,0.9122204644534391,0.026,82.86724393304212,0.63,95.25193140006624,0.47,54.54,3,6434,Moderate
Indonesia,Asia-Pacific,3,Metals,52.47949291788065,63.27091785757206,41.18573481004278,34.389515493736376,0.3389,919.47,0.54,0.26,3,0,13,47500,0.9205877579535316,0.034,72.95018847216454,1.03,96.48929032544197,0.59,71.13,2,9495,Moderate
Malaysia,Asia-Pacific,2,Agriculture,43.21528286560965,16.31250947340027,37.95142829549615,60.10154307491923,0.3139,1098.22,0.72,0.23,3,1,7,13222,0.8369657399636845,0.031,66.89601110031082,0.95,74.53989798408038,0.5,53.4,3,6626,High
Indonesia,Asia-Pacific,1,Chemicals,71.81294535165914,37.96912571405311,52.10811159178757,43.33194631824335,0.4807,298.07,0.88,0.27,3,0,11,23926,0.936467463902454,0.031,60.21172760271296,1.11,69.53401228005089,0.28,70.9,0,8024,Moderate
Japan,Asia-Pacific,2,Metals,76.85290790954126,87.90697910169473,87.41050321132137,94.12597669704436,0.9553,1340.34,0.9,0.36,1,0,17,21862,0.9160308060531649,0.039,69.41396468633452,0.23,65.8026124934388,0.49,51.36,0,5319,Low
Indonesia,Asia-Pacific,2,Chemicals,47.30849862505388,76.8365207828134,72.39914805705104,64.35249815352915,0.8643,859.27,0.56,0.15,1,0,23,8616,0.9119286965602497,0.036,99.71940005631349,1.16,64.77903833298373,0.71,58.03,0,3959,Moderate
China,Asia-Pacific,2,Agriculture,54.59536034927591,70.69673094026244,78.64960955447232,70.54317320591079,0.415,871.14,0.68,0.42,2,1,28,9433,0.8623401012604441,0.028,77.46515980529172,0.45,98.15971400402229,0.36,81.23,0,481,Low
USA,North America,2,Agriculture,83.51005123728592,81.72681980507912,86.87958429411032,43.616586003577964,0.4154,786.44,0.94,0.32,3,1,44,38168,0.8943121894444994,0.029,40.86339111549471,1.59,59.13340226506605,0.4,67.47,0,7292,Moderate
Brazil,Asia-Pacific,3,Electronics,44.366677996923606,69.45313022575588,57.639988380716204,57.75209436255813,0.3792,1005.39,0.74,0.52,1,0,12,41182,0.8960452733157127,0.019,100.0,0.87,100.0,0.81,55.03,2,8136,Moderate
Malaysia,North America,3,Electronics,53.73707297703268,82.54726491315014,55.55067638986091,41.676113058277636,0.9999,177.67,0.58,0.27,1,0,40,11692,0.9244282859911481,0.062,48.48046184992903,0.24,75.32588618422085,0.4,62.71,1,3679,Moderate
India,Asia-Pacific,3,Food & Beverage,67.86826107448776,45.96546934970363,58.406629648741784,60.06236366056767,0.6968,136.79,0.4,0.44,3,0,10,11864,0.8725041402194587,0.041,69.2127515723054,1.1,91.03875170321889,0.55,67.64,1,8845,Low
Brazil,South America,1,Electronics,60.265490724253,64.1555760716702,85.79205496655638,68.09275913710114,0.6467,137.39,0.47,0.14,3,0,8,7103,0.8346468451890442,0.028,72.85128369666404,0.34,78.54332727910885,0.6,55.45,0,9376,Low
Indonesia,Asia-Pacific,2,Chemicals,80.02621977870166,49.28590300790437,48.27968342031788,55.93332666415296,0.3398,131.07,0.91,0.34,1,0,13,23498,0.8722264496003226,0.039,41.90275276223922,1.18,100.0,0.52,97.78,0,5525,Low
Brazil,South America,2,Agriculture,72.13254482418279,50.913603309525065,84.616458286615,76.80434187624095,0.8859,570.83,0.56,0.41,3,0,31,31680,0.8678390810168538,0.06,69.95292139328974,1.07,91.81517883287397,0.18,71.67,3,6027,Low
China,Asia-Pacific,2,Agriculture,70.65547849658886,38.53140695198608,67.80598837632076,57.861183019140014,0.1463,1360.17,0.79,0.66,3,1,34,36231,0.8453087231552406,0.039,61.698273218420866,0.26,72.7366951133823,0.5,94.89,1,5267,Moderate
Japan,Asia-Pacific,1,Agriculture,80.31328465899503,93.52539062369233,93.18286820642717,97.3622030583985,0.5697,524.86,0.69,0.42,1,0,11,9757,0.8568089314625836,0.044,49.29221733474022,1.12,75.92717758710636,0.15,73.0,0,7753,Low
USA,North America,2,Food & Beverage,62.385739714402305,71.05871890206006,59.09772472994571,45.2664823063106,0.4196,532.77,0.4,0.15,3,0,10,20324,0.9507339161315052,0.024,26.675637267352933,1.42,92.75474090524048,0.19,65.81,2,9037,Moderate
USA,North America,1,Agriculture,64.84009067753772,66.6779825337425,80.12720852617551,55.575567751752224,0.9267,828.2,0.57,0.24,2,1,31,2318,1.0,0.056,78.60152921371171,1.22,62.22957482210875,0.8,63.06,2,6163,Moderate
Brazil,South America,2,Agriculture,62.53088291933587,67.81079146057479,52.0853200519169,73.78905772625899,0.1038,581.61,0.59,0.3,3,0,37,36862,0.8691773412834352,0.052,38.80933046747616,1.42,78.08853631873563,0.57,58.62,1,3351,Low
India,Asia-Pacific,3,Agriculture,57.714450408425684,82.38757968582159,77.90836223965991,60.521778586072884,0.8991,996.78,0.64,0.19,3,0,45,45550,0.9556470127540794,0.03,55.77115480222737,1.4,78.04069667798942,0.52,79.57,1,4168,Moderate
Indonesia,Asia-Pacific,2,Agriculture,65.95626498224563,37.52846839053254,58.782193191847014,56.00684714191689,0.9296,372.74,0.5,0.47,2,1,14,46829,0.9549576069721913,0.048,39.77677351999912,0.88,74.50376314011834,0.11,64.72,0,6514,Low
china,South America,1,Electronics,62.331817226183276,79.31518339123346,79.65504877138828,40.18878929581888,0.1914,365.34,0.58,0.38,1,1,38,30885,0.858390396784836,0.043,60.0852832905615,1.62,61.17169600538396,0.1,74.23,1,4564,Moderate
Brazil,South America,2,Agriculture,57.620587117711736,63.495078040141365,68.50244582090353,33.18807244333429,0.567,1268.52,0.5,0.31,1,0,21,20593,0.9474042540854803,0.028,79.49447580903104,1.67,85.96313624982588,0.5,81.3,2,9182,Moderate
Malaysia,Asia-Pacific,2,Agriculture,55.84877579526802,49.598517309084855,58.38284319338897,41.842051420131455,0.6742,746.48,0.37,0.51,3,1,22,48880,0.9247648078369293,0.065,34.07014057642307,1.28,76.20830418987087,0.6,84.77,2,4802,Moderate
Malaysia,Asia-Pacific,3,Metals,74.90407325243177,47.77192801769793,86.86920491945507,54.967380709844846,0.2755,174.87,0.6,0.18,1,1,32,43890,0.8806348571787757,0.054,58.338243982876875,0.25,66.53494406810407,0.12,69.23,0,7292,Moderate
Malaysia,Asia-Pacific,1,Agriculture,59.62160378149711,40.02442688571359,75.71406356469107,38.86500409101323,0.7416,1007.43,0.52,0.23,0,0,10,11059,0.950059390582504,0.025,81.54658978439957,0.88,100.0,0.51,46.31,1,5705,Moderate
Japan,Asia-Pacific,2,Metals,76.24208539108061,89.6857519242594,89.65309692654223,71.42142212242122,0.4378,1219.8,0.49,0.45,2,0,31,12617,0.8163806561429349,0.047,90.54307152287831,0.23,74.83815993294098,0.14,84.91,1,9188,Low
Indonesia,Asia-Pacific,3,Electronics,57.49412146732272,71.42348411846335,56.19956913904402,53.86367356359719,0.8006,981.54,0.71,0.47,3,0,36,36500,0.8750382774605516,0.012,48.70524731410945,0.72,83.57008107990359,0.39,74.25,1,6281,Moderate
USA,North America,2,Agriculture,78.49265120631141,63.65389163210511,75.97161710306655,70.33712547987642,0.2482,1067.58,0.4,0.22,1,0,38,33086,0.9480119517708553,0.037,44.75177933754731,0.68,92.40567787440332,0.79,57.8,0,8257,Low
Malaysia,South America,2,Food & Beverage,54.284554876243966,53.28368150879728,63.20418739047091,61.35343908577933,0.912,294.56,0.31,0.55,1,0,29,27542,0.9471965307391348,0.037,34.924541457696655,0.63,94.89583519430151,0.61,68.65,1,6273,Moderate
Brazil,South America,3,Food & Beverage,74.76932659518236,37.76740643702449,50.808803473208215,45.490003295219665,0.9254,113.75,0.41,0.29,0,1,39,13446,0.878310395963349,0.038,21.83906819038163,1.65,86.64945937472976,0.11,58.01,1,3091,Moderate
Japan,Asia-Pacific,1,Agriculture,58.43310520358862,21.743668485072664,62.21709210542059,47.06125397238329,0.1059,484.29,0.76,0.31,1,1,30,22244,0.9267523508616101,0.036,75.52907797940371,0.77,50.54287648409165,0.62,76.46,0,6162,Moderate
Malaysia,Asia-Pacific,2,Metals,69.60791557493587,100.0,76.75632406364328,69.36528606352883,0.8022,767.17,0.34,0.81,1,0,16,7102,0.8702500197013019,0.021,96.56144284601334,1.63,99.91803321918906,0.14,77.36,0,7120,Low
USA,North America,1,Agriculture,67.98377232459133,88.17176990240264,81.30392055785782,78.04733732884742,0.2257,791.19,0.62,0.45,1,0,29,13308,0.9670879703393543,0.054,23.887212491851912,0.46,99.13488186272575,0.54,83.77,1,2087,Moderate
Malaysia,Asia-Pacific,3,Electronics,83.12298129505253,89.83665284449127,62.42662093816908,72.123951980045,0.2007,751.52,0.55,0.24,3,0,24,27328,0.9001274413296918,0.017,69.28304344241621,0.74,87.90606007276804,0.11,92.8,0,6048,Low
Brazil,South America,3,Agriculture,68.18069551307316,31.963400713800823,42.859347431164,59.5242100274198,0.7519,438.05,0.65,0.29,1,1,20,8060,0.8939538296432497,0.019,66.80966261330803,0.27,55.422736367179105,0.12,84.97,0,5420,Moderate
China,Asia-Pacific,2,Electronics,58.64886967539484,46.31961672001864,55.1543580919381,33.699775488361176,0.2489,509.13,0.42,0.22,3,0,9,18808,0.9215885037167219,0.035,45.78247779319643,1.12,81.19834674291765,0.89,75.0,2,3948,Moderate
USA,North America,2,Agriculture,83.82159746608801,83.48435604453395,76.94124318695414,88.72410343231067,0.8722,227.14,0.56,0.4,0,0,6,9439,0.977489259810428,0.042,31.158807107178017,0.2,87.81972356647871,0.67,52.28,0,810,Low
Indonesia,Asia-Pacific,3,Electronics,55.42059894146181,57.13841121980879,57.51873236921457,75.82031852226918,0.886,499.93,0.78,0.4,1,1,18,38785,0.849467203746901,0.043,89.34085688965726,0.71,66.90918267874062,0.12,61.42,2,2991,Moderate
India,Asia-Pacific,2,Agriculture,69.3823775961007,50.03248873012997,74.23603308861954,75.05714971657432,0.2439,208.54,0.72,0.36,1,1,47,25455,0.8525426981244872,0.03,60.2863515930362,1.57,70.63990928053613,0.81,80.17,1,4746,Moderate
USA,North America,2,Agriculture,68.2856969117092,73.12975106263697,59.43639632995686,45.68426571368893,0.3918,1012.47,0.84,0.17,0,0,38,21847,0.9414988852819374,0.03,67.85491353137816,1.22,75.85144459389905,0.7,63.53,2,6973,Moderate
India,Asia-Pacific,2,Agriculture,69.52849987733957,95.23735584974973,51.85492610124566,28.23032041561352,0.6076,1334.57,0.4,0.73,2,1,8,23946,0.848395644220378,0.04,53.48794943441293,1.55,93.62054559782655,0.77,56.59,0,5826,Low
malaysia,South America,1,Metals,73.94867866123994,38.04269575843503,51.232785533827375,56.582705967577894,0.6531,875.58,0.68,0.02,1,1,30,9176,0.9358085785353641,0.045,65.0551211612916,1.26,90.60601007236971,0.69,58.1,0,6925,Moderate
Indonesia,Asia-Pacific,3,Chemicals,50.3931908022552,50.85377582864461,50.15470713421622,45.24220280837995,0.0849,1387.59,0.89,0.14,3,0,33,48635,0.9079489483702881,0.038,98.70124112637609,0.81,76.85076454242424,0.27,60.57,2,5301,Moderate
Japan,Asia-Pacific,3,Agriculture,57.61783541029979,43.97366517575484,39.677080310041916,24.971852559367786,0.8061,524.75,0.44,0.22,3,0,32,47706,0.9402529058955963,0.03,73.03732120269659,0.76,91.70088868412623,0.69,77.42,2,4595,Moderate
Japan,Asia-Pacific,2,Agriculture,77.5130014922538,87.77912281351823,70.55249343891913,75.14396818029485,0.1973,546.74,0.53,0.04,1,0,30,45577,0.853574744019976,0.046,66.31817468655449,1.26,45.33011303361291,0.68,79.23,0,9447,Low
usa,Asia-Pacific,2,Agriculture,78.87964362537707,69.42402993595505,82.83948113957902,52.299339883967185,0.9514,219.67,0.69,0.3,0,0,15,48500,0.9130053093392333,0.035,77.95989965156265,1.54,63.665299649878655,0.1,57.77,0,1548,Low
Malaysia,Asia-Pacific,3,Food & Beverage,55.930323729907194,51.65670276707375,54.07899792805058,64.57084408786041,0.7762,1444.41,0.82,0.42,1,1,7,20800,0.9882330886579521,0.039,41.28275174644425,1.02,95.0460088954621,0.7,96.96,2,6726,Moderate
Malaysia,Asia-Pacific,1,Agriculture,60.20990124129536,46.08278752748925,52.08400283774929,52.960021308366294,0.8582,1148.26,0.59,0.59,0,0,46,40621,0.9399877581244169,0.038,32.83739505393653,1.54,95.63263127802041,0.65,67.09,2,1374,Moderate
USA,North America,2,Agriculture,64.29107929898822,53.26847993630698,57.79870825209155,47.64462565616137,0.2481,1079.33,0.69,0.31,0,0,36,31170,0.9135346828801403,0.044,69.38289943977807,1.3,98.89024818138641,0.14,87.94,2,6192,Moderate
Indonesia,Asia-Pacific,3,Metals,57.02857436443858,56.1121703720192,61.13013554645205,50.4521574607019,0.3697,962.82,0.7,0.38,3,0,29,11550,0.9305797782977225,0.038,20.866559330077237,0.38,94.42051478507186,0.24,67.53,1,4440,Moderate
Malaysia,Asia-Pacific,2,Agriculture,78.00229319856155,66.06502397612923,78.28540548993084,76.80580807047824,0.8902,1046.05,0.6,0.37,0,1,15,37416,0.9105913389007118,0.047,74.97610409748343,0.2,84.90786647443963,0.85,59.11,1,8333,Low
Brazil,Asia-Pacific,2,Food & Beverage,58.48434015027258,62.266214633847,44.16053171389844,57.07776237753072,0.2448,89.94,0.5,0.0,1,0,9,39319,0.8092694893660767,0.064,91.23865398775645,0.89,56.30812852530588,0.46,79.36,1,5700,Moderate
Brazil,South America,3,Food & Beverage,55.47226311651002,65.56601067300392,53.94193628683776,63.07596625755346,0.9758,1050.77,0.87,0.27,3,0,7,27957,0.9599146072444671,0.054,54.20723897773621,0.2,79.41651568844524,0.32,81.05,1,3377,Moderate
Brazil,South America,3,Agriculture,60.28807595314353,62.11667053169515,64.90750650407655,46.797075201973485,0.1698,144.19,0.77,0.42,0,0,35,33846,0.9548566299008563,0.037,87.09812141233611,1.28,81.48053948927375,0.87,86.23,1,6925,Moderate
Malaysia,Asia-Pacific,2,Electronics,62.656506185831844,59.197723369580366,45.30854157927973,52.42866270100971,0.7664,1130.01,0.48,0.27,3,0,31,46411,0.8800774659370162,0.024,60.60071235221837,1.1,74.99835840749,0.28,63.05,3,2241,Moderate
China,Asia-Pacific,2,Chemicals,54.674420070793694,41.53112724585956,58.17130247489194,49.925192487186834,0.64,946.21,0.69,0.11,3,0,7,46679,0.8998702393369208,0.034,81.01136552968674,0.72,78.87493016103322,0.77,94.62,0,4638,Moderate
Brazil,Asia-Pacific,1,Chemicals,75.6248358462206,79.30550389382832,86.0919399626222,45.79091781835434,0.9042,1432.93,0.62,0.35,1,0,11,23291,0.867625262921401,0.007,32.2372889249243,0.85,70.358522735283,0.45,96.9,1,5353,Low
Malaysia,Asia-Pacific,2,Agriculture,47.57816003556922,31.565325477977012,28.669692388311926,60.896073614590954,0.712,1233.01,0.72,0.27,1,0,33,25031,0.9725056457149658,0.017,33.158696554024594,1.67,100.0,0.14,71.87,2,2545,High
Malaysia,Asia-Pacific,2,Agriculture,50.89971728714585,26.835011709723446,50.68059668892837,41.08623692965477,0.8071,1138.46,0.85,0.23,3,0,19,40212,0.8463053587086141,0.045,76.18938058897766,0.66,69.09129277308242,0.39,51.42,2,8301,High
USA,North America,1,Agriculture,74.6927845338603,63.84516895884231,93.17570358308066,87.89255618175079,0.1395,1149.42,0.63,0.29,3,0,29,7768,0.910772182020308,0.03,47.86269796771147,1.13,68.3063263645766,0.28,72.29,2,5113,Moderate
Brazil,South America,2,Agriculture,78.02672421681895,61.21539771830452,64.97404609885484,53.03932821080332,0.9609,150.49,0.52,0.52,3,1,25,25763,0.9562560039576503,0.039,54.614117612373995,1.22,95.330305809278,0.78,71.66,1,8415,Low
India,Asia-Pacific,1,Electronics,73.1609746697991,89.30132700148668,72.44254599192126,95.53811316313089,0.8078,1421.42,0.53,0.22,2,0,26,33110,0.8900890356479183,0.023,36.954048451671525,0.47,70.59620998490698,0.1,85.23,1,10542,Low
India,Asia-Pacific,3,Electronics,71.03173314375383,55.70736586701427,67.91201434687643,53.58653020771775,0.7249,932.35,0.51,0.34,0,0,27,9162,0.857005091396529,0.04,97.69803813303312,0.2,91.28804292087845,0.47,77.4,2,10909,Low
Indonesia,Asia-Pacific,2,Metals,72.62042114685686,38.89977163677491,83.61590806559607,69.86799016622744,0.2234,428.37,0.44,0.35,1,1,26,23401,0.9654175588027921,0.042,57.06348999584469,1.56,94.42190987442314,0.2,62.03,0,5434,Low
Indonesia,Asia-Pacific,3,Electronics,59.419416787659365,59.833222082642976,43.94535798716656,48.623765373476886,0.8787,119.69,0.78,0.87,1,0,32,44573,0.8867239573950023,0.028,50.8759701433806,0.75,94.82261895176669,0.64,60.22,0,5988,Moderate
China,Asia-Pacific,2,Agriculture,64.92962881563128,71.82877123520359,64.21350856707888,74.2319912494825,0.2326,1059.4,0.56,0.23,3,1,31,45843,0.9283638598592278,0.044,47.57730162488488,1.1,86.04970189160889,0.19,74.82,2,2588,Low
Indonesia,Asia-Pacific,1,Agriculture,78.70727862744347,88.00553364048142,77.85948549185088,54.94723578409866,0.6652,298.34,0.61,0.24,3,1,15,3834,0.8895972889371914,0.051,78.93415355201863,1.19,75.3452791413172,0.82,94.35,0,10690,Low
Indonesia,Asia-Pacific,2,Agriculture,55.855912839623386,72.01168254278744,41.7997458611761,65.97933818448578,0.1856,330.52,0.93,0.33,1,0,19,23047,0.8996079553494014,0.025,45.45053914623301,0.98,65.61205552040543,0.16,62.56,0,10810,Moderate
Indonesia,Asia-Pacific,1,Electronics,56.38701269585725,65.28767059147593,37.646290209613554,59.61874487919138,0.7258,921.57,0.48,0.71,3,0,30,24739,0.8670087458152635,0.043,58.789388269429196,1.27,72.97934365293322,0.81,69.06,0,6498,Moderate
China,Asia-Pacific,2,Agriculture,73.38053137139492,49.617577103177595,58.47534900805754,75.01859455791505,0.2677,777.87,0.83,0.27,3,0,25,10690,0.803412974036727,0.032,50.116205296085944,1.8,82.98868049683391,0.15,70.69,1,4096,Moderate
Malaysia,Asia-Pacific,3,Metals,65.53526291393013,63.800727793749274,50.10541763725053,38.11830850748003,0.6727,132.23,0.42,0.48,3,0,26,19041,0.9438840324227413,0.043,77.28157113424912,0.84,53.13515846036702,0.38,66.15,1,6580,Low
China,Asia-Pacific,2,Food & Beverage,73.87488744312776,83.40574939077987,44.475831366754356,70.18526520490755,0.1454,958.91,0.7,0.32,2,0,31,38889,0.9350961862229153,0.053,41.32343865834687,0.29,58.79784291315548,0.54,49.55,2,4884,Low
usa,Asia-Pacific,1,Agriculture,80.76884763648557,31.53918219219351,82.84132353734294,46.76602548003699,0.7331,635.63,0.68,0.31,1,0,41,8596,0.854398829968102,0.035,55.13177475277099,1.3,77.90858890720693,0.53,53.5,1,5835,Low
Indonesia,Asia-Pacific,2,Agriculture,57.27935412310175,51.559839295367,45.87077695945418,57.98849598079931,0.4726,748.99,0.72,0.27,1,0,6,26845,0.8958611909369256,0.039,83.20132531981811,0.91,77.03400506455365,0.87,54.78,0,6162,Moderate
China,Asia-Pacific,2,Agriculture,58.21722653863851,62.96037989944952,57.71323859484158,35.67158976431405,0.7016,967.85,0.55,0.17,1,0,9,44889,0.9888960394187025,0.04,79.37529157362792,0.2,65.54077822444498,0.49,74.79,1,4473,Moderate
Malaysia,South America,3,Food & Beverage,75.01225705486206,71.63147642627544,74.3449862121183,49.73673106060307,0.4732,950.42,0.52,0.49,2,1,32,38202,0.9660136311911455,0.031,73.2157383621253,1.12,78.13283853901865,0.6,52.99,0,5076,Low
USA,North America,1,Agriculture,56.526065493988774,40.82107932233295,48.50478013752943,81.77986339579363,0.7925,484.1,0.82,0.04,3,1,7,30800,0.8983018276575552,0.036,64.63075964654611,1.3,89.08083459880034,0.75,82.32,1,1889,Moderate
USA,Asia-Pacific,3,Agriculture,59.33056019330316,56.770904483953665,53.87077990844745,53.943622188317406,0.6723,134.55,0.71,0.32,2,0,33,46744,0.9187456623124985,0.068,53.73392728151566,0.76,87.3553766750862,0.68,80.4,1,5878,Moderate
Indonesia,Asia-Pacific,2,Electronics,57.15142523737099,73.61173044734711,69.49578772513827,46.424812525698556,0.7099,1288.33,0.65,0.47,1,0,7,32722,0.7799999999999999,0.04,48.97023816250497,0.66,61.6076761561691,0.46,76.46,1,7654,Low
Indonesia,Asia-Pacific,2,Agriculture,52.701435435761404,67.35405865779558,47.671801418893196,54.04340706224253,0.0859,732.67,0.83,0.32,3,0,25,19727,0.9062808976167445,0.044,49.25855501467172,0.2,77.70977326406191,0.55,74.94,2,4053,Moderate
Malaysia,Asia-Pacific,2,Metals,72.02355283139705,89.89102713557183,76.40218512968002,78.71595262644306,0.2852,1382.97,0.34,0.47,1,0,19,13676,0.815044977841639,0.055,57.93225455149139,0.98,87.78089086360895,0.22,79.31,1,1547,Low
Brazil,South America,2,Food & Beverage,64.74205428080465,62.22513406601237,82.07392861592034,56.6483382590766,0.9693,203.71,0.75,0.44,3,0,40,28702,0.9722940804756872,0.036,71.31998201234981,0.22,96.47138369321968,0.8,51.38,0,8897,Low
India,Asia-Pacific,2,Chemicals,75.18843740986752,63.38892043225516,85.32860231134772,69.73559477311018,0.6453,952.68,0.58,0.57,2,0,18,36744,0.9156879142822542,0.03,67.64782836944931,0.7,78.50767991023847,0.5,70.65,1,5258,Low
USA,South America,2,Metals,64.25743640672758,48.41948341354583,55.84204388888831,30.712276677039338,0.7879,432.81,0.49,0.35,1,0,24,28807,0.9148443091997669,0.008,97.89498599449388,1.0,76.38883500018453,0.67,53.33,1,5262,Moderate
India,Asia-Pacific,1,Metals,53.587011203712805,35.675058029609275,52.85226490895879,47.91105461868877,0.2576,437.49,0.71,0.2,1,0,37,40803,0.9284129264928206,0.029,83.6353332495074,1.13,83.78010835875426,0.39,56.28,1,2702,Low
Brazil,South America,2,Agriculture,78.89207845204275,76.25102109660577,63.94671947358657,69.18404536370753,0.1484,1000.89,0.7,0.63,2,0,40,10013,0.791186760567019,0.008,96.1164465151167,1.61,86.1087069829338,0.57,63.11,1,2093,Moderate
USA,North America,1,Chemicals,52.781235727712954,84.62948339561154,73.31412321277607,52.57425931183118,0.771,627.95,0.65,0.36,1,0,28,45940,0.8975345193170811,0.03,74.06916656853741,1.3,75.24088633463911,0.52,70.36,2,9070,Moderate
Malaysia,Asia-Pacific,3,Electronics,53.37991564732625,57.956148967282914,59.285470814927784,41.072213506608456,0.1026,1324.62,0.68,0.59,1,0,7,46726,0.9609794651388894,0.045,23.42121083131897,0.97,97.08872024087108,0.72,75.77,2,3438,Moderate
India,Asia-Pacific,3,Metals,41.09331334514375,29.60321675889625,39.41077165116311,20.020000000000003,0.3394,761.39,0.79,0.51,0,0,45,46106,0.879054453004571,0.049,66.25934682165922,0.2,91.69503501151338,0.39,83.11,2,907,High
Indonesia,Asia-Pacific,2,Agriculture,54.01833161836574,65.96743062880137,64.26102753175962,40.62707556498445,0.5462,1062.51,0.4,0.33,1,1,7,49016,0.8867091109397005,0.054,44.10707951169929,0.46,87.82432948517753,0.45,66.41,2,3287,Moderate
Malaysia,Asia-Pacific,1,Agriculture,75.09759960228045,97.708064181466,93.67201014264094,84.41031396312569,0.4247,562.89,0.6,0.29,3,0,15,5634,0.9271660217622746,0.028,64.35159286772083,1.45,76.43458453307395,0.58,75.14,1,7491,Low
Japan,Asia-Pacific,3,Electronics,73.8105755441662,31.683568347805654,55.323901170756564,78.69827929991159,0.217,786.87,0.86,0.4,3,0,11,25814,0.8546348548994711,0.045,89.31531435762129,1.26,58.30568483161594,0.2,60.02,1,2398,Low
USA,North America,1,Chemicals,74.48748061252313,56.83872487611856,46.577048222673696,60.44167230279009,0.6666,1311.16,0.58,0.57,3,1,7,16830,0.8643054654459297,0.031,67.66812567362197,1.13,79.78235485792418,0.47,73.35,4,2261,Low
USA,North America,1,Agriculture,60.5671888733596,61.98298103720128,53.49253585739622,46.83034939546362,0.01,414.02,0.59,0.72,1,0,30,26475,0.8240531144161298,0.041,71.10865021315199,0.25,77.90025134198183,0.62,57.72,2,11558,Moderate
Japan,Asia-Pacific,2,Chemicals,87.72500000000001,77.19361419493906,74.54001889792167,82.27240188218005,0.8939,1325.11,0.8,0.38,3,1,48,10505,0.9563877739634163,0.043,68.47680877453689,1.37,73.97893692639036,0.38,55.85,1,2788,Low
China,Asia-Pacific,1,Electronics,65.50495575880741,68.40095091873623,58.09846405277877,55.96189324950905,0.8324,527.46,0.7,0.32,2,0,35,27402,0.9140476233114876,0.061,46.85018184309424,1.43,89.93787667210441,0.78,96.71,0,8517,Low
India,Asia-Pacific,3,Agriculture,75.16163805079573,85.15364107337936,100.0,90.89104868919857,0.7777,1017.94,0.65,0.48,3,1,29,2775,0.8402906735505373,0.022,66.1395121428037,0.58,71.90616694422668,0.29,77.04,1,8296,Low
Brazil,South America,2,Agriculture,70.98598496898988,42.913458504183495,63.91075247478402,39.83774997003921,0.0988,1158.6,0.43,0.83,3,0,15,7730,0.8397343795148895,0.026,98.74659834894955,1.24,62.91313616527313,0.61,58.64,2,7522,Moderate
Indonesia,Asia-Pacific,2,Electronics,72.86672559793634,79.10125563256088,49.373815974524526,88.78938838567373,0.1843,979.32,0.59,0.16,1,0,38,3411,0.8738716645529905,0.051,40.6287083453702,1.19,76.2984481696242,0.72,76.66,1,11981,Low
Brazil,South America,1,Metals,64.70334058640992,83.34777700173012,78.67460180672374,53.93265044592002,0.7957,1386.37,0.54,0.27,1,0,47,47164,0.9490612876782124,0.045,97.77595073046918,0.35,66.86802591810724,0.76,67.59,1,6150,High
Japan,Asia-Pacific,1,Electronics,76.32512837836089,100.0,89.32420214973968,85.9534716922254,0.5799,1160.52,0.84,0.48,1,0,29,31362,0.9202283014335831,0.024,64.84477127121032,1.5,59.14191367358756,0.12,84.11,0,6819,Low
India,Asia-Pacific,1,Agriculture,52.58115439722513,31.30476173546301,47.75353541010798,45.38149180811703,0.5743,415.42,0.65,0.36,1,1,13,39997,0.8551372744521161,0.041,78.33918855947495,0.81,83.7696586174029,0.62,74.51,1,5880,Moderate
Brazil,South America,2,Chemicals,71.8950470348294,76.35322272638487,63.80063750811374,85.54354751649609,0.9842,897.19,0.69,0.23,1,0,21,10431,0.8773896548367343,0.041,29.208775235498052,0.59,64.52638192179549,0.63,71.5,0,7487,Low
china,South America,3,Food & Beverage,58.22121721995184,90.80788864258847,62.68757130509017,40.47712682040067,0.3814,1098.15,0.55,0.2,1,1,10,11889,0.9120767702737517,0.018,70.83972987227911,0.83,95.1206966727895,0.54,56.85,1,5890,Low
China,Asia-Pacific,3,Electronics,72.6862531647259,50.4536427018428,49.505986694361326,45.34334142437364,0.7003,1238.46,0.69,0.29,3,1,28,45386,0.9541345690626654,0.03,42.71417896255641,1.28,87.68314993581569,0.16,70.29,0,2000,Moderate
Brazil,South America,1,Electronics,59.85131380525733,77.77459765412652,69.2735716633734,66.7600836928407,0.2919,1004.8,0.35,0.59,1,0,21,46669,0.8581519536198338,0.039,66.34244634786575,1.47,93.59055558418639,0.5,80.15,1,7885,Moderate
Malaysia,Asia-Pacific,1,Agriculture,80.97120064311217,82.05604175328443,81.06505827104182,94.35352072091612,0.8266,187.88,0.86,0.19,3,0,30,11596,0.9454344986520355,0.034,24.549543009495686,1.23,99.69464488599051,0.45,71.23,1,9002,Low
USA,North America,3,Agriculture,70.40914513119124,67.56787363660933,82.55254952952636,66.99306251908831,0.2686,900.03,0.57,0.14,0,1,49,31362,0.9479233796598171,0.061,45.284660720771306,0.54,100.0,0.5,88.34,1,6088,Low
Brazil,South America,2,Agriculture,63.50754917083168,71.18938926646263,62.41161828578715,39.63848282594864,0.1356,245.91,0.77,0.46,3,0,46,24978,0.8054219230443619,0.041,78.37856384611703,0.28,69.21433853131143,0.6,77.05,0,5612,Moderate
Brazil,South America,3,Electronics,68.24782594588082,24.180654995394935,68.39353017160855,50.35459826277619,0.2065,1039.04,0.57,0.67,2,0,19,8195,0.9477617773866043,0.025,56.68137698952572,1.2,69.61130366805645,0.57,83.84,1,9320,Low
Japan,Asia-Pacific,2,Agriculture,77.87547330596676,86.59525583286276,77.43225793735293,66.68183676749707,0.8797,777.35,0.81,0.35,0,0,37,23463,0.8824078992789688,0.025,39.94654109073471,1.17,75.26873431149305,0.39,78.59,1,839,Low
Brazil,South America,2,Food & Beverage,56.701200408409385,21.88023326269672,53.65745203635513,44.3455846627322,0.7026,1383.24,0.45,0.53,2,0,13,31245,0.8733105340021562,0.031,99.1128427575937,1.21,73.53499404994437,0.33,52.55,2,7428,Moderate
China,Asia-Pacific,2,Agriculture,57.53112134852334,77.99344286446377,48.90844869595157,53.761461601877784,0.9425,890.58,0.76,0.31,2,0,41,38424,0.9430349636900142,0.029,89.97763395005617,0.31,100.0,0.9,43.9,2,9173,Moderate
Japan,South America,2,Electronics,48.75886715698666,19.559129408729508,37.04476195335532,33.32594101839499,0.2638,204.65,0.59,0.79,1,0,27,36511,0.8460343737938053,0.043,58.17851873917094,1.83,59.269320456135056,0.66,75.69,2,11563,Moderate
USA,Asia-Pacific,1,Chemicals,54.23479057817438,67.2788188567668,47.14429167097728,39.90840799902614,0.9261,890.71,0.81,0.29,1,1,40,46056,0.9443597503352703,0.044,54.685472970688245,1.18,94.80927901844659,0.58,64.27,1,4076,Moderate
Brazil,South America,2,Agriculture,68.48722659190928,63.91568856209502,68.50254499875693,53.23294627158541,0.7434,1356.22,0.69,0.06,1,0,27,1719,0.8425047357149869,0.012,40.049805931790615,0.82,77.38758985651286,0.49,71.91,1,2401,Low
India,North America,2,Agriculture,56.548302424716375,45.92715994397834,69.59534449503731,54.22113416275707,0.4465,1301.1,0.56,0.42,3,0,21,25451,0.8888905630537993,0.036,43.29672576294867,0.97,85.27970005254666,0.7,69.14,2,786,Moderate
India,Asia-Pacific,1,Electronics,67.45245792700199,37.073082814092984,78.7916838726718,45.43025871187045,0.9381,826.81,0.41,0.66,1,1,42,45860,0.8602122217047103,0.037,82.81205657321526,1.18,88.23107363373941,0.4,56.6,2,11115,Moderate
Indonesia,Asia-Pacific,2,Agriculture,48.499694850432256,59.91688126401004,32.61300011793647,44.53004549185506,0.7909,100.6,0.56,0.67,1,0,19,31638,0.8530753234515008,0.042,78.14831270738468,0.23,93.03701062732465,0.8,61.65,2,2121,Moderate
India,Asia-Pacific,2,Electronics,58.36465779876259,68.12635230534623,41.835308368234436,31.538512177028228,0.8488,651.75,0.86,0.48,2,1,22,23661,0.8490837016684661,0.032,74.25351961714942,0.94,77.5651886613788,0.81,90.5,1,4781,Moderate
India,Asia-Pacific,3,Electronics,69.71840068393318,78.36827957990396,71.78593765063623,79.80822416493986,0.3204,542.22,0.58,0.64,1,1,45,10533,0.9347340720505899,0.029,20.906735566096632,0.76,64.25284562688145,0.29,71.8,1,9208,Low
China,Asia-Pacific,2,Agriculture,55.690354748523006,65.02035444468777,53.98446976128162,59.55570917664011,0.7611,900.47,0.67,0.2,3,0,36,33351,0.9504205901267166,0.058,80.5165460458718,0.62,100.0,0.86,65.7,0,7820,Moderate
USA,Asia-Pacific,1,Agriculture,63.783922626090856,37.42649474438657,49.68600516944981,49.354911342492834,0.7448,756.0,0.61,0.29,1,0,33,45177,0.9272908399249417,0.037,74.07932467739887,1.2,93.65965901330546,0.77,61.45,2,3768,Moderate
China,Asia-Pacific,2,Electronics,52.4635292172929,71.29021617586415,46.30529148378686,27.91238082080723,0.9333,996.47,1.0,0.26,0,0,30,1794,0.901120407964873,0.008,37.53964061170784,1.31,100.0,0.17,87.21,1,8302,Moderate
Indonesia,Asia-Pacific,2,Electronics,60.434612507117656,63.61732314635687,49.13709985643565,61.79475200888155,0.9493,1175.98,0.97,0.41,3,0,28,45098,0.9544368825643121,0.038,99.88266258933135,0.78,92.00262129334094,0.62,87.42,2,4815,Moderate
Indonesia,Asia-Pacific,3,Metals,68.82275749022777,100.0,83.92572508216077,96.74052809144521,0.7649,118.43,0.82,0.52,1,0,26,46961,0.8621190228723385,0.035,58.45605379438392,1.05,77.61072157687117,0.53,51.68,1,4486,Moderate
USA,South America,2,Agriculture,66.39941946514216,80.16525552971245,25.191300051445758,51.79488782121045,0.9514,643.17,0.64,0.74,0,1,13,33374,0.7887566462797106,0.041,65.06776578938165,0.4,67.37538052388705,0.59,61.2,1,4044,Moderate
Malaysia,Asia-Pacific,3,Electronics,51.20127635858133,33.96522362568019,58.709655149695124,54.755053545413304,0.6044,543.33,0.71,0.28,0,0,18,24111,0.9485945241559853,0.033,98.37784404756738,0.79,100.0,0.73,95.93,0,7167,Moderate
India,Asia-Pacific,3,Food & Beverage,75.913759892783,41.94327707459917,71.81596883252185,78.53695187175059,0.7651,1293.02,0.97,0.25,2,0,6,14019,0.8069287844845805,0.05,41.46619441339018,0.2,97.04894142870334,0.53,51.88,1,3472,Low
USA,North America,2,Agriculture,70.6909344301628,52.445306797787616,81.63082645654723,55.84228045952521,0.7186,1055.18,0.56,0.3,3,1,21,21225,0.9467437780208074,0.043,67.13017146361527,0.53,96.8969957125554,0.54,64.27,0,946,Moderate
Malaysia,South America,2,Metals,55.756499037554846,55.893741314481865,49.72881291209061,64.5954246907095,0.8723,1344.49,0.71,0.29,1,0,7,45473,0.8472211041910573,0.039,22.26729065805653,1.43,94.16752191803407,0.3,57.65,2,9411,Moderate
China,South America,2,Agriculture,40.06568039899142,21.092922153580133,55.269990833314495,39.13735121655485,0.5031,1149.45,0.84,0.68,2,0,20,3913,0.9019867004400726,0.048,57.6222645066208,0.82,92.56307844433337,0.14,74.08,2,3817,High
Japan,Asia-Pacific,1,Agriculture,70.34815571591886,99.566329340682,97.3583937597065,64.21338124720685,0.7053,389.04,0.57,0.51,0,0,16,17642,0.8290554547733626,0.034,45.86076786725261,0.31,77.31554754329348,0.52,76.08,1,2264,Low
Brazil,South America,2,Metals,66.10884986508664,65.6677907429053,68.73743789352005,60.12423914304801,0.9342,177.76,0.63,0.71,2,0,7,12345,0.8870252824159088,0.029,32.6298638396094,1.09,96.22812859780859,0.52,74.96,1,7904,Low
Brazil,South America,1,Agriculture,80.41944576217637,83.64671794073388,66.54151415999966,42.67538554704323,0.1113,1467.18,0.65,0.48,0,0,21,13280,0.8280786066449679,0.042,47.133624567809136,1.05,88.58738076853969,0.44,70.18,2,6117,Moderate
China,Asia-Pacific,3,Agriculture,57.33710198673706,42.262804777048885,57.750004904946564,77.96038749657005,0.5918,809.51,0.46,0.23,3,0,11,19326,0.9368058689839829,0.035,67.6007719606071,1.42,70.66273418872181,0.15,56.81,2,4291,Moderate
India,Asia-Pacific,3,Food & Beverage,57.53808170286925,44.06032093129626,48.12515533831644,80.56614533038342,0.3572,180.47,0.74,0.45,3,0,7,22042,0.8754100072705038,0.02,34.04790972961226,0.74,86.14955117237851,0.54,60.85,1,4218,Moderate
Brazil,South America,2,Food & Beverage,45.47192373158666,49.474997647525534,40.08973251952311,35.20035713176439,0.9552,1088.87,0.84,0.51,1,0,8,40570,0.9064029765235284,0.055,68.53012106374558,0.2,62.636995050588915,0.39,62.7,2,11347,High
Japan,Asia-Pacific,3,Electronics,52.9607764829663,61.27373342404882,60.425215764710664,45.74313758401334,0.1877,153.95,0.55,0.38,0,0,22,24199,0.9620072698199694,0.035,40.82871444187762,0.27,88.78817692938715,0.66,97.55,2,7216,Moderate
Malaysia,North America,3,Agriculture,55.38397960457122,58.59415159471333,81.90796780617973,34.506599539772616,0.6025,117.27,0.85,0.41,1,0,16,38699,0.9024081014678775,0.031,76.73297969576488,1.06,63.60102462367514,0.49,80.15,2,2434,Moderate
USA,Asia-Pacific,1,Electronics,58.43237250043159,53.08236618012759,59.90228515016293,43.01799774836926,0.8719,781.08,0.59,0.41,3,0,6,47078,0.943124618855597,0.039,73.79614580132834,1.2,100.0,0.4,78.7,2,3005,Moderate
Brazil,South America,3,Electronics,83.67908320725913,90.31147604978227,52.69622154095807,60.33348460082571,0.1502,1414.78,0.53,0.73,1,0,37,15528,0.9145398290655175,0.038,69.98787078357208,0.81,76.24401875308965,0.61,70.76,2,4125,Low
India,Asia-Pacific,3,Chemicals,68.67623842641692,40.775664007804814,73.43967571978038,62.6672249024384,0.0918,460.96,0.52,0.16,3,1,13,5063,0.9630194295321307,0.034,82.38159318765874,1.37,96.98574215946988,0.43,52.16,1,5079,Low
USA,North America,2,Agriculture,55.01141280167957,82.40030110387659,64.65819449141993,51.8360719811975,0.3349,1390.47,0.96,0.42,1,1,32,20277,0.9757265682165843,0.023,79.32156436375982,1.16,52.60687205703842,0.63,48.54,0,1474,Low
Brazil,South America,1,Chemicals,64.9633066651692,55.93422071931577,72.40282413458486,46.25311242342322,0.9495,1472.98,0.67,0.71,1,0,38,19024,0.9077577577874035,0.062,98.98041432529635,0.56,73.01047055392637,0.47,69.94,0,3729,Moderate
Japan,Asia-Pacific,2,Chemicals,72.44344375244377,83.91114795053213,98.77702537951018,87.1885225663081,0.5307,1430.75,0.48,0.7,1,0,32,5745,0.8185887523948677,0.045,42.119360256725784,1.59,70.34511005123211,0.13,94.27,1,7053,Low
USA,North America,1,Agriculture,68.26278130121491,41.18230185359848,80.23148384459063,79.88197943993643,0.2282,576.44,0.51,0.42,1,0,8,46587,0.9598276925913696,0.039,75.70263062805293,1.04,98.09142385817907,0.49,66.37,2,4824,Moderate
USA,North America,2,Agriculture,71.40053113218255,62.12055816043353,88.6789941174695,47.02582711058062,0.1269,782.47,0.95,0.35,2,0,34,46556,0.8862039157483017,0.042,75.46529145130735,1.42,74.17927572547488,0.67,91.77,1,9524,Moderate
USA,North America,2,Agriculture,63.47133152639847,64.63156519119646,45.43840604701256,66.63803090175035,0.0515,1261.98,0.59,0.31,1,0,30,32031,0.8744312338384661,0.042,73.18154039137544,0.76,61.08732200923066,0.69,58.15,0,5585,High
Malaysia,Asia-Pacific,1,Metals,63.740697285032915,42.210494701991884,44.54912763476155,52.45699563028566,0.9184,1199.89,0.41,0.64,3,0,5,34825,0.9217944451618079,0.041,46.08341825939884,1.17,98.83168951771921,0.65,72.12,2,3864,Moderate
Indonesia,Asia-Pacific,1,Electronics,64.35523984331017,77.88594741297469,66.74765900153146,46.35043439350732,0.8489,167.02,0.47,0.29,0,0,13,32964,0.8933981941335384,0.028,77.49560180398068,1.71,91.36484870482131,0.36,67.53,0,5548,Moderate
Brazil,South America,3,Chemicals,65.58174709930654,90.7315585370041,58.91827555140734,93.25555655674115,0.324,731.5,0.62,0.52,3,1,7,35986,0.9276083088977521,0.049,78.85297844292423,1.29,84.52905010989095,0.48,66.17,0,10015,Low
Japan,Asia-Pacific,3,Agriculture,56.56335115475916,59.63112008910327,83.10637016503226,60.38814590893669,0.8753,848.34,0.56,0.35,3,0,42,14858,0.8619550654812139,0.027,75.50632026517067,1.2,58.63699078260232,0.62,73.04,0,1530,Low
USA,North America,2,Agriculture,50.476425625137054,50.346375488865526,56.567201632868084,49.636310164444,0.2392,546.82,0.84,0.22,3,0,12,24952,0.9197531435533937,0.042,72.45152071322285,0.82,84.59733241975489,0.81,66.72,2,3462,Moderate
Malaysia,Asia-Pacific,1,Electronics,55.6956247295485,46.73422582112876,57.86595231498382,28.649429008981787,0.3868,671.09,0.36,0.35,3,0,30,48012,0.8561416967200648,0.037,66.14855305631146,0.78,91.57159883396655,0.27,84.53,2,4916,Moderate
usa,Asia-Pacific,3,Electronics,79.258781575357,31.617100787587795,60.154419085531444,61.91397786555123,0.6927,711.37,0.63,0.34,1,1,19,11663,0.8087437538533403,0.028,37.154761523597706,1.71,76.82525876439372,0.64,50.55,2,2854,Moderate
Brazil,South America,2,Agriculture,83.86538383010587,88.02398733374407,100.0,70.61934343398305,0.8644,104.42,0.61,0.47,1,0,18,23765,0.8902825454903394,0.035,92.94411721536262,0.78,90.75315722894362,0.65,70.54,0,8647,Low
india,Asia-Pacific,3,Agriculture,87.72500000000001,65.74814038788753,84.29710390690464,85.1094701226201,0.9264,1333.52,0.72,0.07,0,1,25,26401,0.884734171022129,0.056,36.963216755327075,1.57,78.94753564239687,0.27,82.19,1,8637,Low
China,Asia-Pacific,2,Agriculture,39.98672723512335,65.0220796394862,37.94237664313658,64.34330197628633,0.2801,543.4,0.81,0.69,1,0,41,17382,0.8860486814602413,0.016,34.16720305043756,1.3,96.10168016047429,0.84,41.21,5,6029,High
Brazil,South America,3,Agriculture,60.550033118746114,62.127319810651,49.9201743868223,51.45798361183666,0.5843,176.1,0.8,0.35,1,0,15,23636,0.9474610024908907,0.009,63.390064361294336,0.32,100.0,0.11,85.15,2,11389,Moderate
India,Asia-Pacific,2,Agriculture,65.72307307100411,33.53567308155793,77.0590541874105,28.844957610983975,0.1774,1340.05,0.84,0.42,1,0,13,45007,0.8267238289789018,0.048,29.50153737458772,0.21,85.05468674599189,0.69,80.36,1,9236,Moderate
Malaysia,Asia-Pacific,2,Agriculture,45.214371098786884,24.036381555776806,35.28766458694139,47.17927914070435,0.6441,1107.08,0.6,0.73,1,1,39,23690,0.9743965914655607,0.032,29.89746206092398,1.15,60.266785044207616,0.58,63.83,2,4528,High
USA,North America,3,Agriculture,61.568496231517685,75.73358278472243,45.95192202461347,38.25632088977604,0.813,1060.74,0.66,0.2,3,0,16,41069,0.9640849230017106,0.05,49.0174916790428,0.56,89.94350182791136,0.62,75.69,0,1838,Moderate
China,Asia-Pacific,2,Food & Beverage,78.87347782380846,90.17928027609642,70.71209206497248,85.10447859370933,0.7485,654.32,0.9,0.49,0,1,36,19053,1.0,0.052,76.14305443878509,1.16,72.12352738242502,0.12,85.92,0,9524,Low
Malaysia,Asia-Pacific,2,Electronics,73.38712464553105,49.31229952630767,79.8031291577453,81.48941543828657,0.0942,1037.75,0.42,0.25,2,1,8,20590,0.9527811292525977,0.037,25.53784756918319,0.86,60.50376846024025,0.17,79.72,1,9140,Low
malaysia,Asia-Pacific,3,Agriculture,65.556292641573,91.52123764762084,73.47322048809302,43.88584672875282,0.0555,1135.69,0.56,0.28,0,0,47,28381,0.9633913441097167,0.013,57.79140255862263,0.65,92.4141592760173,0.51,76.28,1,8076,Low
India,Asia-Pacific,3,Food & Beverage,55.38485802067646,73.09149737807607,73.22946197245452,46.64370062116049,0.9113,1415.16,0.56,0.49,0,0,27,16010,0.8790864237047025,0.062,90.55573586162818,1.76,61.06569094083566,0.85,77.42,3,7126,Moderate
Japan,South America,3,Agriculture,75.39648758284413,96.3043270146447,99.55856173529573,87.2223100436617,0.7,1396.84,0.85,0.31,1,0,8,17838,0.8403613505000385,0.027,74.88398927932677,0.26,75.8885545904347,0.81,92.61,0,9576,Low
China,Asia-Pacific,2,Electronics,40.89292999808072,38.29032126740825,39.759466372705766,23.92745995946334,0.4439,932.14,0.68,0.28,2,0,33,21075,0.917377503726689,0.005,70.03271297485136,0.66,79.21044596316213,0.18,56.3,2,3204,High
Indonesia,Asia-Pacific,2,Chemicals,39.02589916410056,22.52006484452693,46.54755740732653,20.020000000000003,0.9034,787.13,0.6,0.27,3,1,29,10820,0.8875811845560083,0.049,34.358725449193244,0.76,74.00026114115131,0.48,62.86,2,7551,High
Japan,Asia-Pacific,2,Food & Beverage,56.46851745528447,71.35302555692704,80.43981003802836,64.8719660671924,0.4665,863.92,0.61,0.56,1,0,39,43875,0.9764202998648391,0.034,73.49360700594147,0.62,66.74863601848367,0.14,67.37,2,8698,Moderate
Japan,Asia-Pacific,3,Agriculture,53.55896723140321,82.90811383078976,74.96788539827504,87.81921358444966,0.7831,170.88,0.49,0.66,2,0,27,34966,0.9304363551758736,0.048,44.35011854149541,1.43,90.11843996034821,0.57,78.29,1,1108,Low
Malaysia,Asia-Pacific,3,Agriculture,44.910751291267246,36.165540413920596,48.51812613859992,58.16713840304278,0.9508,1212.59,0.39,0.36,1,1,6,25422,0.8830745689531332,0.033,41.42861821370773,0.79,77.80187967963873,0.49,47.73,0,8142,Moderate
Brazil,South America,1,Agriculture,80.13508110658485,82.04245795763022,81.7100825432873,76.48695250978346,0.9148,843.73,0.38,0.56,1,0,18,26957,0.9110007090434847,0.032,98.10350957772155,0.84,100.0,0.6,60.6,1,8717,Low
Brazil,South America,2,Agriculture,72.43258294081247,85.98901147888549,97.10155389173451,74.98788533523194,0.9025,466.4,0.87,0.54,1,0,18,36056,0.866870893317285,0.038,38.73782665372979,0.98,94.78387931809951,0.28,81.1,2,6200,Low
China,Asia-Pacific,2,Food & Beverage,56.221451001650976,31.629487416059813,80.26657763812138,55.28945919104659,0.8038,1492.38,0.63,0.38,2,0,15,26820,0.9091743989822791,0.062,38.29407851531154,1.12,92.89795292071847,0.37,51.58,0,880,Low
Brazil,South America,3,Chemicals,55.144224803174694,58.217739848319226,52.30293958745296,48.8867651645505,0.9334,820.24,0.88,0.65,1,0,23,29974,0.8971516030652544,0.045,91.64990822249314,1.11,73.31605419340411,0.25,87.42,0,5598,Moderate
Malaysia,Asia-Pacific,3,Agriculture,58.30242200527913,35.50624793208064,63.815404739855225,48.459153049587904,0.8335,155.52,0.68,0.37,2,0,6,46152,0.8959597041226867,0.032,79.95995946648851,0.38,87.57613711785726,0.65,91.68,2,4524,Moderate
Malaysia,Asia-Pacific,3,Metals,50.731865590079835,87.34452913043448,47.218936993625704,46.79107516596662,0.7052,696.07,0.4,0.2,1,0,48,44421,0.8747594391037135,0.034,97.60042805902326,0.29,56.92806732033227,0.36,65.46,2,7271,Moderate
Japan,Asia-Pacific,2,Agriculture,51.38654728049144,48.090051530302595,52.23611479166652,42.90373342845794,0.958,426.75,0.67,0.49,1,0,41,9586,0.8141498801552413,0.044,80.32893594607629,1.06,67.33453436185368,0.44,76.18,2,5094,Moderate
India,Asia-Pacific,3,Agriculture,51.70742406417354,40.20795444891108,47.79273533298793,37.450737379830166,0.1002,1393.96,0.45,0.37,3,0,27,26811,0.9435125913895644,0.058,77.55993679046071,0.49,89.66897475106029,0.72,82.64,1,4420,Moderate
China,Asia-Pacific,3,Chemicals,70.51858331550626,91.54248592047198,67.90045592723625,68.03377932230417,0.9248,786.03,0.52,0.29,3,1,37,24887,0.9377974564658913,0.033,55.92183343813478,1.12,96.66486560992576,0.67,94.15,1,2676,Low
USA,North America,2,Agriculture,60.82364293084469,54.03336880919883,49.960657894070394,63.95070289317912,0.4941,237.41,0.7,0.55,3,1,7,14763,0.9178092473839021,0.032,22.934578609238194,1.09,87.40994897584442,0.33,59.39,2,2704,Moderate
Malaysia,Asia-Pacific,2,Agriculture,58.9896211483449,48.9633147397515,43.086500465513,43.389871257340715,0.6503,111.98,0.71,0.35,3,0,11,47883,0.8469245598776607,0.048,86.7170701656765,0.78,76.6704705998592,0.79,85.39,2,6738,Moderate
Indonesia,Asia-Pacific,2,Agriculture,63.61413054588375,58.14340226930821,53.92136744953538,33.02225515327169,0.9438,267.99,0.63,0.29,3,0,11,45645,0.8355677257358713,0.002,53.45290140996457,0.7,66.65166104554287,0.41,88.25,2,2237,Moderate
Malaysia,Asia-Pacific,2,Agriculture,37.365,35.02683385787022,37.08676507312541,24.224761014160087,0.553,218.19,0.51,0.53,1,0,10,46819,0.9386732752227251,0.023,75.1087122842715,0.6,57.91034923545186,0.82,75.75,4,4209,High
Brazil,South America,2,Agriculture,59.05105792814146,72.44615174713347,62.16415489352381,31.537916075075906,0.1106,148.38,0.57,0.04,0,1,6,21197,0.8954193182374985,0.037,63.785196727199875,1.21,71.75434794076304,0.46,64.77,2,3919,Moderate
Indonesia,Asia-Pacific,2,Agriculture,57.96098841282704,52.2347068683586,67.49593570248783,53.38245523891474,0.1704,486.36,0.62,0.24,1,0,5,25831,0.8678492176104284,0.047,49.73724122336057,1.44,96.15541747467034,0.43,73.51,0,7018,Moderate
India,Asia-Pacific,3,Agriculture,54.65160087221986,26.182958055927045,61.29265385418533,47.711878579355144,0.3099,692.26,0.56,0.19,3,0,28,9518,0.9089891370578196,0.03,74.20141834911806,1.32,97.94733522974441,0.6,57.62,2,9731,Moderate
Brazil,South America,1,Agriculture,78.85368021085833,55.19090780241952,57.04382193756912,59.18413335097311,0.644,1056.77,0.56,0.27,3,1,30,39465,0.8991360233947668,0.039,68.3883709263025,1.34,65.71287107395267,0.59,64.94,2,8525,Moderate
India,Asia-Pacific,2,Agriculture,73.06127815790455,79.97655557925852,86.26314581028944,76.22316260481604,0.7338,50.19,0.88,0.14,1,0,49,23784,0.8863151771027793,0.037,87.05033297850503,1.73,88.7626677026273,0.39,62.52,1,4083,Low
USA,North America,2,Chemicals,56.59425741194198,62.84525522772232,52.744381839154535,81.19284180750287,0.7305,885.96,0.8,0.1,3,0,5,49143,0.8650583964391394,0.04,22.574615961888885,1.04,99.91347464584697,0.56,82.3,1,8051,Moderate
China,Asia-Pacific,1,Electronics,57.35841004100523,62.96059812905755,58.053604974897404,29.05547419468904,0.4233,776.31,0.79,0.24,1,0,18,38712,0.9167898863583864,0.059,79.56028990930399,1.19,97.83218935661151,0.68,80.96,0,5458,Moderate
Indonesia,Asia-Pacific,2,Food & Beverage,54.802034545458625,76.67441507229734,39.510100793273566,47.71058532801068,0.9835,173.7,0.79,0.27,1,1,28,6543,0.9055308610764198,0.007,80.88634157580152,1.55,69.15463898498665,0.35,81.27,3,4675,Moderate
USA,North America,1,Agriculture,70.8688863606523,67.61454531584448,71.08333885118633,57.49748059772067,0.01,845.35,0.58,0.42,2,1,26,48323,0.9708560046654374,0.032,76.30032110218076,0.29,94.73095803868243,0.81,75.12,1,2484,Moderate
Malaysia,Asia-Pacific,2,Electronics,61.989441191311414,48.20885227624604,84.39002667674187,77.91751014147188,0.9041,922.02,0.49,0.37,0,1,11,34680,0.8830239360256638,0.04,33.090132390223985,0.43,100.0,0.82,93.76,1,7196,Moderate
Japan,Asia-Pacific,2,Metals,81.50038156385187,72.87888595129996,94.89257858855544,72.18281627471501,0.0756,1169.59,0.77,0.05,0,0,47,8632,0.8999120212832683,0.02,45.548528405175155,1.46,87.88871870092524,0.51,67.2,0,9083,Low
Japan,Asia-Pacific,2,Agriculture,61.15989587134946,85.187746257443,68.79772115186866,74.64253298539556,0.2941,1056.57,0.62,0.2,1,0,24,40607,0.9610319830219871,0.03,88.55192263765868,1.52,65.93023691633613,0.87,75.62,1,4262,High
India,Asia-Pacific,3,Agriculture,56.285615208539674,18.54739721736467,73.98249842182544,48.073541959594486,0.7341,843.61,0.52,0.74,1,0,26,8675,0.8825080130673428,0.041,76.3198824074805,0.35,100.0,0.81,51.53,1,5295,Low
USA,North America,2,Agriculture,46.008934161235004,37.037288020763604,49.44901514171653,43.3705945297377,0.8419,136.19,0.57,0.49,1,0,33,11556,0.9360091056478735,0.013,26.324701037074092,1.15,55.30964597418302,0.55,84.13,4,2536,High
Brazil,South America,2,Metals,77.1335295681288,68.54432053118424,67.91056040622433,59.192254044544754,0.2615,1243.0,0.59,0.58,1,0,22,14720,0.8422024330483024,0.034,67.11460312896246,1.37,100.0,0.42,79.87,0,7890,Low
Indonesia,Asia-Pacific,3,Agriculture,72.75334635378618,73.0831894093613,61.63821369495738,40.870043958964345,0.4672,865.04,0.68,0.3,1,1,25,8974,0.9157861325076094,0.029,46.84503166136959,1.57,71.15034457476453,0.87,69.14,0,3345,Moderate
Indonesia,Asia-Pacific,3,Agriculture,57.35766250571216,58.907070428612464,95.00111255490654,75.57717611065782,0.8801,246.35,0.65,0.38,3,0,22,22193,0.8461146823584277,0.034,37.23750677629114,0.84,51.59558606985421,0.25,84.11,0,5742,Moderate
Japan,Asia-Pacific,3,Metals,59.63916709324178,97.16432877806996,56.34229874242667,62.82709311139169,0.5198,1032.73,0.38,0.39,1,1,20,45854,0.9571303349688429,0.046,77.4910813275491,1.06,79.3638003414412,0.26,46.15,0,10899,Moderate
USA,North America,3,Agriculture,71.75485299689967,66.2259453300044,75.6720302728403,41.3971798876789,0.4682,687.53,0.51,0.51,1,1,33,28314,0.9618257942907631,0.036,79.10915814163475,1.29,92.40815564200886,0.56,83.45,1,8550,Moderate
China,Asia-Pacific,2,Chemicals,53.608423280159464,55.4462371864441,65.08588708784511,45.2705515138692,0.7407,422.69,0.99,0.31,2,1,11,11476,0.9451788288612943,0.026,61.168553424694316,0.87,65.37897791117933,0.59,60.17,0,4407,Low
USA,North America,2,Agriculture,71.0881486403833,87.67077074117304,99.10644842195893,73.81079317928209,0.9171,1037.99,0.61,0.44,1,1,35,35471,0.7948231440412711,0.055,78.63485820963133,1.19,98.64538286396446,0.1,79.15,1,8537,Low
USA,North America,1,Agriculture,76.16329627210611,90.48154431946571,77.28230496466627,61.10340511232065,0.2401,502.51,0.71,0.41,3,0,12,30656,0.8757963695234098,0.058,17.438750000000006,0.26,77.91487050489748,0.69,81.88,1,11408,Low
Indonesia,Asia-Pacific,2,Agriculture,50.43933959499462,50.13439078471816,75.5361430279098,47.327376788753405,0.8568,1013.62,0.97,0.39,3,1,33,41513,0.8418374487796266,0.064,70.9415252989968,0.77,92.62931915483242,0.85,61.52,1,8251,Moderate
USA,North America,3,Agriculture,51.37857999501356,63.69980584705235,86.88147531320523,30.80662719009907,0.6863,947.46,0.6,0.32,1,1,40,4616,0.9809468454050105,0.017,71.27550364098614,0.79,100.0,0.48,59.39,0,7434,Moderate
USA,North America,2,Agriculture,56.56261607939759,46.72836779656633,53.78078786544746,46.30713060898784,0.5531,200.51,0.5,0.53,0,0,32,47078,0.8006975924105185,0.06,79.2419860769551,0.2,76.74597542811993,0.83,73.31,2,5294,Moderate
Japan,Asia-Pacific,1,Agriculture,87.21242037034214,88.25565934976699,77.55940984554863,44.409922152900926,0.8815,917.23,0.65,0.38,1,0,41,11459,0.8755340531786139,0.056,66.25240567900235,0.2,73.66561727381112,0.15,83.4,0,4521,Low
China,Asia-Pacific,1,Food & Beverage,39.827769497331005,25.392730009784927,32.76079384031871,24.67792185476295,0.412,1185.94,0.72,0.17,1,0,48,38084,0.9474149071980122,0.049,42.60998352940104,1.43,57.24394353227805,0.56,55.35,2,10116,High
Indonesia,Asia-Pacific,3,Agriculture,61.85858060416592,48.48001623959422,33.218361241497966,57.376248601441205,0.1839,482.68,0.65,0.27,1,1,23,14238,0.8792283314656191,0.039,68.02972922453137,1.29,85.03690710780903,0.29,59.56,1,10012,Moderate
Brazil,Asia-Pacific,3,Food & Beverage,61.584698513966636,79.1035702893518,79.23145785758626,60.533795258555244,0.4811,966.93,0.58,0.36,1,1,19,44768,0.9606255261543188,0.036,29.22351848745472,1.5,69.56614007584461,0.67,43.98,1,10871,Low
Indonesia,Asia-Pacific,3,Agriculture,76.40603034517264,43.626991062500615,71.80425298048522,27.995453103591245,0.4014,1165.83,0.86,0.41,3,0,13,36869,0.9921888451739106,0.04,21.917853730952103,0.66,66.54367638104928,0.56,82.69,2,1575,Moderate
China,Asia-Pacific,2,Electronics,46.26582173808844,46.05979530823803,42.412396806246875,49.37048818043411,0.8408,220.75,0.51,0.4,1,0,19,26171,0.8710049133080565,0.0,66.10423816765434,1.39,77.81089692412267,0.45,61.17,2,6020,Moderate
Brazil,South America,2,Chemicals,61.49760716955575,47.9366818601991,31.827849542352162,43.48200172366766,0.5623,1383.4,0.52,0.29,1,1,13,28749,0.91983819364915,0.044,52.25591456243662,0.93,79.2129385973456,0.34,52.88,2,5221,Moderate
USA,North America,3,Agriculture,67.83503160333181,64.32680808737402,73.52534899569436,69.67984902618757,0.2541,1058.35,0.62,0.54,3,0,34,43807,0.9605131450097616,0.039,77.31819735849919,0.44,100.0,0.4,74.31,0,8585,Low
China,Asia-Pacific,2,Agriculture,54.89105282297815,47.30916309567209,48.80873550232647,58.60682250641921,0.107,536.13,0.69,0.62,2,0,36,16858,0.842882284239046,0.038,23.956100963023715,0.89,68.43707010955846,0.79,78.46,2,9547,Moderate
Malaysia,Asia-Pacific,3,Metals,68.17216894786286,74.55990127173561,47.746971924576386,60.34559377921505,0.5673,629.54,0.52,0.3,1,0,14,30660,0.8423083531564514,0.011,71.0735189205844,0.77,95.3896766831087,0.43,48.1,1,3246,Moderate
USA,North America,1,Agriculture,69.18719756732463,78.592939647419,73.17409231086452,64.31907645812919,0.9576,294.38,0.61,0.55,1,1,8,34803,0.9238270331981455,0.039,88.44258522992695,0.92,100.0,0.53,54.84,0,625,Moderate
Indonesia,Asia-Pacific,3,Agriculture,75.35067325051455,80.10445647538174,70.26152339827303,63.3790776498954,0.2817,1022.66,0.5,0.64,3,0,43,38818,0.8129049602373343,0.035,59.28141381330603,1.7,68.87250488474923,0.71,57.73,1,10314,Low
Brazil,South America,2,Agriculture,69.8214566131087,95.26818768906959,79.56529322573108,68.16594468472908,0.5185,684.59,0.53,0.67,1,0,7,40470,0.8908465190354156,0.043,37.684969428344694,1.1,74.72562284691608,0.13,61.1,0,6149,Low
Brazil,South America,2,Agriculture,62.47084573776477,39.64081900203847,58.283000594998484,27.81147368362536,0.0975,858.48,0.53,0.75,0,1,19,43272,0.8951699488549547,0.029,69.11447708217648,0.32,80.3883892769542,0.5,83.34,2,5890,Moderate
Japan,Asia-Pacific,2,Metals,70.61648760781024,86.85352978653788,61.90640095002385,84.2177837377347,0.3192,568.22,0.55,0.12,1,0,14,9250,0.816400741537695,0.025,28.420152834707366,1.14,61.6226078838473,0.48,84.82,1,8329,Low
Japan,Asia-Pacific,2,Agriculture,73.70441284436782,70.4683119648787,98.09207955717048,72.56047463957981,0.9893,770.35,0.71,0.2,1,0,17,12528,0.961188399151572,0.04,46.31986815617519,0.2,77.60875422453435,0.19,64.05,1,9698,Low
USA,North America,1,Agriculture,54.211946315721384,77.64811437793486,40.83750170152245,52.61013735519355,0.2245,580.14,0.96,0.26,0,1,16,20380,0.9719798630290041,0.028,95.16784884900471,0.57,69.56314316583955,0.84,68.57,2,9491,Moderate
India,Asia-Pacific,2,Metals,69.1706789182875,79.96278073542845,79.67957469316148,61.174833742818215,0.3602,940.33,0.59,0.65,0,1,18,15839,0.9466483844635916,0.017,76.15499096162154,1.33,100.0,0.13,65.43,0,4851,Moderate
Malaysia,Asia-Pacific,2,Agriculture,53.944307476375045,60.05171199307824,49.87774666596584,42.853615480635824,0.8162,590.57,0.61,0.74,3,0,29,23117,0.9463449603378656,0.034,70.21808108948447,0.76,83.93664032193855,0.18,88.37,3,3679,Moderate
Japan,Asia-Pacific,2,Agriculture,77.7843236433374,88.41523623542388,93.12834870472139,95.00876647120758,0.3045,144.39,0.48,0.47,1,0,26,7630,0.9075782109400967,0.043,80.4476342597255,0.76,54.3328466481694,0.19,72.98,0,4188,Low
Indonesia,Asia-Pacific,2,Chemicals,62.68177127261571,57.68322919299571,56.83367549143172,51.30478201034791,0.4003,890.03,0.39,0.57,3,0,16,49119,0.9443271265079394,0.045,71.75270853525093,1.34,90.46455986437788,0.76,65.96,2,2898,Moderate
USA,Asia-Pacific,2,Agriculture,63.66629491895081,38.52108228950227,39.47597223744622,48.48166693797081,0.2698,973.79,0.41,0.19,1,0,6,37504,0.940843202126083,0.029,74.6177980701794,1.11,92.88545819462765,0.55,91.55,0,7240,Moderate
Japan,Asia-Pacific,2,Agriculture,77.55333749915168,78.77740978776718,58.303627664821256,89.5590244675881,0.8118,50.19,0.79,0.26,2,0,27,31301,0.8550929171039608,0.029,98.33953193944458,1.2,88.85089531097111,0.72,68.31,1,5979,Low
Japan,Asia-Pacific,2,Electronics,77.0805019676668,84.48188486759622,71.85711705873494,94.91319494598383,0.7804,1230.92,0.68,0.46,1,1,33,3023,0.9489132958173557,0.044,46.14865253465919,1.15,67.68342748837232,0.37,48.57,0,9267,Low
Brazil,South America,2,Agriculture,60.70355907067907,82.76629714091035,79.43526307137974,72.0088139857614,0.4409,152.9,0.94,0.63,3,0,45,33116,0.8586177230122541,0.019,68.55755873512948,0.32,71.54434494199262,0.47,81.03,1,378,Moderate
Brazil,South America,3,Agriculture,55.28599629164711,39.190339249078704,80.22707457470702,47.420051324594596,0.575,482.53,0.54,0.4,0,0,10,36256,0.8395202652427048,0.021,61.32462023134407,0.65,83.59731583010694,0.28,61.59,0,5349,Moderate
Japan,Asia-Pacific,2,Agriculture,70.00985037964188,100.0,76.86676518966844,70.83262790142957,0.9999,1358.31,0.79,0.5,0,0,16,10463,0.7999232893012039,0.025,51.2135416216428,0.2,82.45439076713393,0.3,81.8,1,7877,Low
China,Asia-Pacific,3,Agriculture,69.98448716151941,29.473933535575952,64.43553488850809,51.03628607931637,0.9846,332.88,0.9,0.3,0,0,6,25764,0.8165613208406102,0.039,73.52072778462295,1.52,66.72947076978002,0.42,86.08,1,4555,Moderate
USA,North America,3,Agriculture,60.26335173205192,42.97468595461898,58.835652867182375,51.349993153254026,0.4194,753.85,0.53,0.26,2,1,37,11204,0.9558144472551078,0.04,66.38686775882324,0.3,85.14343518028029,0.85,63.56,2,9004,Moderate
Malaysia,Asia-Pacific,3,Agriculture,75.1162520825893,85.24978969545667,66.88954174566591,90.47612516114813,0.7147,1025.55,0.68,0.31,1,0,23,44243,0.9708754396263036,0.055,29.657237359353363,0.69,66.24853677521324,0.58,59.15,2,2896,Moderate
Indonesia,Asia-Pacific,3,Agriculture,62.20317963085823,44.28192892805653,71.25793912494494,49.89902310401636,0.1618,1404.51,0.49,0.28,0,0,47,8226,0.8923240873544381,0.045,66.30608249540379,1.51,88.09270681687136,0.64,86.44,0,8931,Moderate
India,Asia-Pacific,2,Agriculture,70.5588878445648,16.7384798947172,58.99556013913868,60.586897390395805,0.4146,1241.42,0.83,0.59,0,0,23,3812,0.8187755821559257,0.058,71.69411694227114,1.1,76.43401046628945,0.11,80.56,0,4122,Low
Japan,Asia-Pacific,2,Agriculture,75.00933611796154,95.24221703975178,83.46465038170486,74.29518593199856,0.582,357.92,0.63,0.27,1,0,18,23570,0.9193934809201393,0.032,57.876006137736454,1.19,48.67919783978736,0.49,82.31,1,6151,Low
China,Asia-Pacific,3,Metals,56.98527833787247,27.173201517986147,70.51456641580899,24.49222251387387,0.9068,489.62,0.69,0.03,1,0,17,25234,0.8653054681168384,0.009,85.66042574031376,0.21,62.96866780022697,0.53,61.49,2,3119,Moderate
india,Asia-Pacific,2,Agriculture,56.659729424218874,49.26528774247284,65.03529088751326,36.45487992789596,0.9186,695.79,0.6,0.74,3,0,26,31675,0.8881766240533111,0.028,95.89638349961255,0.77,77.71537308541588,0.71,70.86,0,6243,Moderate
Indonesia,Asia-Pacific,1,Agriculture,59.27316098782197,43.08789159014171,39.438626968948235,47.89330120077766,0.9263,1372.05,0.51,0.35,1,0,9,36411,0.9036023472140959,0.032,38.85093844749191,0.24,72.92093592278567,0.14,60.52,2,9532,Moderate
Malaysia,Asia-Pacific,3,Electronics,45.33357079219137,42.01802867395452,54.4282913903914,45.93839703156662,0.9415,163.42,0.42,0.2,1,1,17,23918,0.9424826868554536,0.029,69.83303880792695,0.3,72.64366170245256,0.78,66.82,1,7225,Moderate
China,Asia-Pacific,2,Food & Beverage,51.85818549995788,67.35100207604019,82.54059285435599,49.99967883856958,0.065,100.03,0.57,0.37,1,0,47,44078,0.985158942662646,0.031,66.25165503414581,0.22,90.94115289103944,0.73,82.78,0,11345,Moderate
India,Asia-Pacific,2,Agriculture,56.63539173905784,41.985040209970755,57.24345778236287,50.610120723796285,0.8222,70.29,0.87,0.31,0,0,28,16206,0.8687299912642832,0.04,69.27634720650131,0.2,70.75028667990726,0.16,82.06,1,5603,Moderate
Japan,Asia-Pacific,1,Electronics,72.89928938403497,92.06741568496008,91.52491505317617,81.11357999388568,0.9337,623.11,0.61,0.48,0,1,12,27983,0.8613532058154172,0.042,81.63960313149633,0.72,81.74603441976215,0.49,86.97,1,4105,Low
Japan,South America,2,Electronics,70.83811255836308,63.270697316209706,48.8112075618917,81.79499673356838,0.7201,1175.5,0.85,0.69,1,0,14,44441,0.9514479672266554,0.03,37.2088933684204,1.21,86.77860873473765,0.5,60.91,1,11058,Moderate
Indonesia,North America,2,Electronics,66.18697751756697,63.595504733118474,96.70868841058014,53.34072354471302,0.7218,1345.68,0.83,0.16,1,0,30,46933,0.8637628796875335,0.063,61.4799252287816,0.63,90.94382892339675,0.58,66.4,0,2139,Low
Japan,Asia-Pacific,2,Agriculture,78.75952523013535,83.17076650426358,50.17712455524587,43.94593639633534,0.2272,480.88,0.62,0.58,3,0,25,45298,0.951304094833331,0.059,63.262338273563884,1.49,91.54394486416646,0.58,58.51,2,11213,Low
USA,North America,3,Agriculture,76.56628250394147,45.38037661628471,81.65134233614887,97.18820031528344,0.2637,540.34,0.6,0.43,3,1,34,44974,0.965768781453707,0.026,46.50545675736519,0.2,70.86498867262236,0.49,56.25,1,2628,Low
Malaysia,Asia-Pacific,1,Agriculture,58.84468461260249,54.28056311980911,40.35266709632459,84.27799804756692,0.7663,118.87,0.63,0.76,2,1,43,15168,0.8610468547952562,0.04,30.596242474655227,0.83,88.918758241465,0.69,83.43,0,5313,Low
Brazil,South America,3,Agriculture,65.06546851745422,65.08589212716124,91.67928419097989,63.1515462113926,0.6813,807.69,0.83,0.57,1,1,20,3931,0.8024881305071592,0.034,93.96681243135816,1.57,74.94861252650205,0.7,72.27,1,9262,Low
China,Asia-Pacific,3,Agriculture,62.93207229468967,64.20547802853005,49.731266737047356,67.87276307389514,0.3406,1373.37,0.81,0.28,1,0,13,22435,0.949169889510697,0.068,36.069784506870114,1.48,56.795622179670815,0.55,69.55,2,11400,Moderate
USA,North America,2,Agriculture,58.51259326600735,57.21315987188224,73.50038302051922,63.764946008673505,0.7899,1499.5,0.85,0.26,3,0,33,23791,0.8971133871699258,0.042,81.19345064933187,1.09,89.9398229819341,0.6,73.56,0,11459,Moderate
USA,Asia-Pacific,3,Food & Beverage,56.647469183703805,53.82166454079013,53.52665889640473,23.59877520212174,0.7212,467.71,0.47,0.34,3,1,18,3903,0.9381624866548985,0.032,40.91357597163333,1.19,97.59852661233462,0.55,58.36,0,7490,Moderate
Japan,Asia-Pacific,3,Chemicals,69.71207836112832,65.63223180026962,49.14790236430923,35.90283156717344,0.1739,1144.77,0.92,0.58,3,0,20,30813,0.8335721521070307,0.023,60.12637375759957,0.31,89.62973815650126,0.5,82.74,1,4301,Moderate
India,Asia-Pacific,3,Agriculture,54.451949356951275,73.17722528947195,64.81407086734087,53.416816091905055,0.8616,150.47,0.58,0.23,1,1,33,32345,0.8426523211744046,0.043,69.86296658822233,0.56,50.066239537879184,0.83,61.96,1,3056,Low
India,Asia-Pacific,2,Agriculture,53.137755063986035,64.04949382697491,57.80301435794031,44.28587544515844,0.3871,656.36,0.43,0.2,1,0,43,3448,0.9145072607699989,0.022,58.23803632825704,0.43,94.62903583614435,0.63,63.51,2,5005,Moderate
Indonesia,Asia-Pacific,1,Agriculture,61.81016738028274,74.11029192187429,83.225390856535,81.49425136374029,0.1728,470.78,0.68,0.33,1,0,21,47307,0.9589096909068684,0.035,80.90641218481177,0.6,88.68529668298703,0.61,74.96,0,389,Moderate
USA,North America,1,Agriculture,67.82512109166281,28.97485819944309,56.683781228229606,78.339832401878,0.4689,1072.54,0.63,0.4,1,0,33,31985,0.955806018382848,0.034,72.07184551203167,0.74,100.0,0.11,73.8,1,6094,Moderate
Malaysia,Asia-Pacific,3,Metals,64.86440367533406,56.50950691658779,63.512914874979955,21.70941294277268,0.4561,1282.27,0.95,0.51,1,0,10,46748,0.8754890117614261,0.035,92.86042964394422,0.97,68.08017433909741,0.64,64.1,0,1334,Moderate
Indonesia,Asia-Pacific,3,Agriculture,61.39258660663031,50.54311754826953,63.609083498656574,34.934185831453625,0.7071,1167.75,0.72,0.5,3,0,33,22592,0.868138530787529,0.037,67.48437666836442,0.81,66.98129409790965,0.73,64.92,2,3304,Moderate
USA,North America,2,Chemicals,61.85051832630575,64.50325051357798,49.482447756408085,46.337021476625324,0.9362,1263.93,0.66,0.37,2,1,42,11451,0.9758283889934826,0.038,73.8270386298371,0.44,100.0,0.57,71.92,2,5561,Moderate
China,Asia-Pacific,2,Electronics,51.96686802888965,41.13135590735764,46.824772927743496,22.6521268426331,0.8892,1366.91,0.32,0.25,2,0,6,24241,0.9386391112849483,0.041,76.46089197769354,1.15,93.81014764222324,0.3,83.34,2,9819,Moderate
India,Asia-Pacific,1,Food & Beverage,80.06810496156334,82.54045296427627,75.69922044552379,78.91361169104863,0.962,694.23,0.72,0.32,3,0,23,10077,0.9034762654030015,0.021,80.00678799471355,0.25,93.26302747664154,0.23,67.07,0,1615,Low
Japan,Asia-Pacific,1,Electronics,59.35548556067044,37.145062679832336,48.643006937090426,54.89831731686695,0.2618,1024.71,0.54,0.16,2,1,10,47699,0.8920214566853387,0.047,44.85350957826215,0.82,92.1036307983073,0.84,66.03,1,2093,Moderate
USA,North America,2,Agriculture,62.395810156636074,61.16263113444057,75.86576289464814,46.465358517330564,0.4774,1197.86,0.37,0.19,2,1,7,22098,0.8937349466628552,0.048,48.338583596564995,0.9,85.1523025103221,0.14,71.32,1,600,Moderate
Japan,Asia-Pacific,2,Electronics,61.23020247886293,52.21603935419269,57.90678874308062,62.939988977760805,0.7594,990.29,0.58,0.46,1,1,13,31718,0.8915507711850866,0.034,53.53793938279827,1.14,75.92292419591233,0.47,48.89,2,6114,Moderate
Indonesia,Asia-Pacific,1,Agriculture,71.35680220238588,52.99797716289471,94.6399052558122,50.279853606154944,0.1251,135.86,0.89,0.19,3,0,13,31359,0.8324522277586331,0.047,30.446786584242005,0.93,76.70772649097316,0.45,87.46,1,2261,Moderate
USA,North America,2,Agriculture,63.53223510880541,90.54426802549492,45.64713879892169,73.28929679580861,0.2489,1061.06,1.0,0.25,1,0,28,16635,0.8785555035521265,0.045,27.24720924735178,0.2,69.872095150345,0.14,69.06,1,6152,Low
Malaysia,Asia-Pacific,2,Agriculture,75.59773989977316,76.44564140993077,47.67765973449774,58.47146896349108,0.6246,1440.14,0.59,0.17,0,0,20,31726,0.8773206320609421,0.004,75.92761079261514,0.47,81.49540400835825,0.43,63.56,4,8109,Moderate
India,Asia-Pacific,3,Agriculture,78.57722376831235,93.57493684630252,69.2787800033713,79.18464452367598,0.9951,827.12,0.96,0.37,2,0,19,23223,0.8668327100765856,0.053,43.453339573599436,0.93,75.9664770898614,0.16,83.32,1,5572,Low
Malaysia,Asia-Pacific,2,Agriculture,63.997724324869246,75.23428679109169,52.79198604162686,65.01452346112967,0.1718,129.5,0.5,0.35,2,1,34,3606,0.9022345298469098,0.035,72.46593483421337,1.15,84.54613935228333,0.76,65.28,2,1704,Moderate
Indonesia,Asia-Pacific,1,Agriculture,72.58126107713309,37.46732359477099,67.24618149059536,65.80962580567487,0.1013,968.47,0.58,0.39,0,1,18,45376,0.9284648209770383,0.024,74.3263403697257,0.7,70.63099980853379,0.53,58.51,3,4913,Moderate
Japan,Asia-Pacific,2,Electronics,69.99169081854295,58.41178134179246,69.13749745580033,53.72191909260934,0.4657,161.57,0.51,0.29,0,0,32,29202,0.8955318509275534,0.047,64.2786558018446,1.23,63.888029430908375,0.62,64.86,0,4200,Moderate
China,Asia-Pacific,1,Chemicals,55.553849211075885,63.013573135231574,51.659078273734615,62.13602562374489,0.1037,314.66,0.64,0.21,1,1,6,29253,0.8971391853596384,0.027,59.089506218960956,0.93,86.7407258072878,0.22,73.26,2,1862,Low
USA,Asia-Pacific,3,Chemicals,75.27341973189802,72.04106482713192,58.14425216867588,64.42134961848971,0.4115,592.21,0.54,0.57,2,1,34,45787,0.9952026472384379,0.038,79.3820483602641,0.23,69.02723680776509,0.15,96.37,1,845,Moderate
Japan,Asia-Pacific,2,Agriculture,75.05403372024453,37.280913192694435,90.67821611214254,87.3962801962602,0.7544,876.07,0.61,0.17,1,0,25,24224,0.919757461761769,0.017,55.8960489430137,1.16,95.20515827307533,0.17,61.25,1,4526,Low
Brazil,South America,2,Agriculture,80.82987908269924,34.656128059098535,49.04930540315743,47.601470300729815,0.8938,1269.58,0.45,0.35,3,0,7,23074,0.9349681470160457,0.042,73.38686313296627,1.83,99.95025092187838,0.59,79.63,1,5653,Low
China,Asia-Pacific,1,Chemicals,53.39876007494139,40.598092278942914,51.033296464946986,52.85532646067339,0.768,700.41,0.73,0.52,0,0,12,9738,0.8683380738351187,0.035,29.92215793039496,0.93,60.101180927993234,0.31,91.04,1,7441,Moderate
India,Asia-Pacific,3,Metals,56.0258753043807,34.98881618173071,37.74561210036841,45.21664549854191,0.1028,1350.01,0.82,0.34,1,1,7,48579,0.8321771068779423,0.029,70.15603067953379,0.75,76.42004079194515,0.74,61.71,3,3391,Moderate
USA,North America,2,Agriculture,63.821424522187144,65.58342003245474,48.913827916184395,45.608035320523015,0.2356,227.75,0.48,0.32,1,0,27,44221,0.8976672819637976,0.069,77.33318055387129,1.36,74.09803277241049,0.3,69.1,2,2431,Moderate
brazil,Asia-Pacific,3,Agriculture,74.62839898557854,81.15895476723563,66.20110137214073,73.38746335371685,0.6764,382.22,0.53,0.48,1,0,8,34599,0.8849713621442497,0.032,97.38457983841646,0.83,76.02604113073383,0.34,70.51,0,7432,Low
Indonesia,Asia-Pacific,3,Electronics,70.45421459862408,81.16003686682357,84.87742802044068,94.1921243352648,0.7193,912.53,0.62,0.55,0,1,24,42803,0.9046885051047383,0.038,75.97061709098377,0.62,71.32932796881518,0.66,78.1,1,2292,Moderate
Brazil,South America,2,Electronics,75.0425636285912,87.69209766590609,85.50398846072002,55.97246261999034,0.7692,609.51,0.69,0.68,1,1,8,16904,0.863118071772051,0.032,34.40567333236345,1.43,96.76518775350004,0.62,74.87,1,6860,Moderate
Malaysia,South America,3,Agriculture,75.33019995483401,86.10195593625245,70.29409158366863,97.94993549614667,0.5709,973.98,0.48,0.46,0,0,26,27227,0.9528463194750838,0.031,29.244036852744642,1.86,61.62344433786167,0.5,80.57,1,6495,Low
Indonesia,Asia-Pacific,2,Electronics,58.98840279868053,69.11224267370274,51.28396273538108,57.46420257859395,0.0866,1100.04,0.35,0.32,1,1,37,29747,0.9060048780963784,0.044,27.107178059504655,0.73,92.75604113037247,0.39,64.67,0,2307,Moderate
USA,North America,3,Chemicals,76.68119488881995,69.06471649685732,86.70713737575277,30.63264270319536,0.8393,1249.85,0.62,0.27,1,1,35,43765,0.8679074747476654,0.036,72.6196727059339,1.35,59.45108753001412,0.11,63.68,1,7168,Moderate
Brazil,Asia-Pacific,3,Electronics,57.55980857672173,25.097779421548054,81.09720125954237,76.13027596563208,0.7998,102.75,0.51,0.29,1,0,15,11816,0.87678178903401,0.053,57.736659949998156,0.31,74.98697075844073,0.67,48.04,2,7344,Moderate
Japan,Asia-Pacific,2,Agriculture,70.44317749763447,17.643901696518917,84.45460058532538,49.41299569916058,0.8829,113.9,0.51,0.33,1,1,35,44757,0.8716481895200188,0.05,33.130883806440806,1.59,79.69430049967585,0.16,55.56,0,7366,Low
Brazil,South America,1,Electronics,70.0738532813364,41.6370470121289,75.6568425413813,91.05542965839327,0.1101,1189.44,0.66,0.31,1,0,35,24341,0.7995564630929419,0.03,78.88861487485829,0.75,99.08424737705697,0.32,76.22,1,11213,Low
China,Asia-Pacific,2,Agriculture,66.55037175336305,70.56192248467347,96.28903766142469,44.96623401722886,0.4585,474.53,0.72,0.19,3,0,6,37346,0.9444348829566943,0.041,37.64365367346499,0.43,75.39876919385365,0.53,89.02,0,9037,Low
USA,North America,3,Agriculture,65.05477960383853,83.25549447388454,90.40454019805235,49.59224047868621,0.1804,1450.22,0.71,0.23,2,0,27,35748,0.9610801500638753,0.037,26.49518516725245,0.45,100.0,0.12,71.75,1,8207,Moderate
Japan,Asia-Pacific,3,Agriculture,85.87565639408928,84.16030908862001,72.92636021647658,81.13519944117996,0.7361,361.65,0.61,0.02,1,0,26,46387,0.9663214503327242,0.027,82.62144292580214,1.09,65.17196694424732,0.85,58.4,0,4297,Low
India,Asia-Pacific,3,Agriculture,68.76255631193382,45.074603785086104,65.3647390425593,61.073362837519,0.1774,204.49,0.36,0.35,0,1,40,38644,0.9010673509896442,0.018,50.151110310611365,0.53,95.36670326706594,0.85,84.43,0,8800,Moderate
Indonesia,Asia-Pacific,3,Agriculture,80.04785255629426,72.748294019497,74.40429623661196,62.66843786598497,0.5883,1042.29,0.68,0.45,0,1,11,10341,0.9304405081774919,0.037,74.4307594362005,1.05,76.207895807781,0.56,74.98,0,7170,Low
Japan,Asia-Pacific,2,Agriculture,68.88978420522011,45.190744216060814,34.29053636909219,40.8521971999868,0.7481,963.68,0.4,0.34,1,1,28,9014,0.95328649546757,0.036,79.18571584420309,1.15,77.8075644394241,0.13,49.7,0,6280,Low
Japan,Asia-Pacific,2,Agriculture,72.87376008028377,83.25226549113806,84.33026075680948,81.5899208072441,0.4798,880.62,0.64,0.32,3,1,11,45864,0.8937459745283138,0.049,73.57431759951811,1.13,92.88347236355898,0.57,54.24,1,9594,Low
USA,North America,3,Agriculture,46.89941245055519,55.20498856096529,48.08284318290484,44.23299432285947,0.8343,953.47,0.58,0.51,1,0,17,36349,0.9550177306564076,0.037,57.892889439212176,1.14,55.91636116334617,0.41,84.47,2,4908,Moderate
USA,North America,2,Agriculture,64.85968626419952,51.05154976936605,57.60378245125582,23.213225750870336,0.1829,531.52,0.42,0.73,3,1,34,46319,0.8619372690013071,0.039,29.062472754266516,1.55,85.24016809443829,0.1,72.39,2,2458,Moderate
USA,North America,1,Agriculture,60.96004077958452,90.111331643459,94.83400857142992,78.29837008618581,0.1056,807.79,0.53,0.36,0,1,9,4994,0.9706916694798335,0.041,67.57937301381449,0.2,77.63108380958697,0.1,78.95,1,6584,Moderate
Malaysia,Asia-Pacific,3,Agriculture,75.19156714137546,45.17019686970138,70.13181783663785,75.05186833086763,0.2912,1094.98,0.95,0.51,2,1,12,47216,0.8964031749061012,0.045,87.56555878916943,0.57,59.4345266197054,0.14,59.23,4,2467,Low
Indonesia,Asia-Pacific,1,Agriculture,59.83474629553789,65.74849890175474,66.35703283382489,40.83300907048475,0.51,584.24,0.9,0.31,1,1,6,44118,0.8719920410160705,0.041,50.55694379928264,0.69,83.94871766270138,0.34,60.78,1,1427,Moderate
Brazil,South America,2,Electronics,61.31054556276646,62.909973483503066,70.92573282367245,44.69233037302677,0.1254,1098.72,0.52,0.61,0,1,24,48540,0.8878718754887402,0.022,72.89959188878314,1.62,77.83972582483828,0.66,85.7,1,3454,Low
Malaysia,Asia-Pacific,2,Electronics,70.312876787692,100.0,78.92336629837268,81.21192865580518,0.7194,830.72,0.55,0.55,1,0,34,28076,0.846959407196738,0.038,58.64661770117691,0.2,100.0,0.51,55.68,1,8205,Low
USA,Asia-Pacific,2,Agriculture,41.62893506490804,31.428914703583494,34.78354651374182,39.98614483133477,0.9364,990.33,0.68,0.0,2,0,19,12127,0.9001735910451701,0.005,67.65952396481121,0.28,86.42666059256902,0.84,54.52,3,9449,High
India,Asia-Pacific,2,Agriculture,77.65469651699665,83.3301792008522,87.41673455232902,47.42924887714402,0.1143,828.5,0.61,0.36,1,0,5,2550,0.934219894476001,0.025,76.83537124753563,1.85,98.16919355831104,0.15,77.55,0,2526,Moderate
Brazil,North America,2,Metals,69.68776726521129,74.14379613069117,58.577265477478676,39.8216225294197,0.103,1181.57,0.38,0.25,3,0,31,8135,0.9052466406873896,0.042,71.43932039674159,1.26,78.4757582992324,0.47,74.69,2,5787,Moderate
India,Asia-Pacific,3,Electronics,60.45763566854068,46.830453812940384,72.6564677162087,31.082557429575175,0.5597,520.15,0.6,0.74,1,1,44,13983,0.895304892021773,0.033,40.869723938379366,0.82,97.60100602114966,0.54,64.28,2,8979,Moderate
India,Asia-Pacific,3,Agriculture,74.92734497921288,74.07183624048045,78.48157996501342,78.64216846777938,0.7319,232.24,0.71,0.74,1,1,12,44877,0.9237051791166564,0.029,65.78383630653819,0.8,93.25650904912405,0.83,57.64,1,7013,Low
Brazil,South America,2,Electronics,63.192425887387095,91.11277908471186,37.097434642585185,72.91014018537099,0.895,893.8,0.53,0.37,1,0,6,44375,0.9736061410995257,0.008,75.67991379794347,0.24,86.47301310359849,0.37,78.38,0,8882,Low
Brazil,South America,3,Agriculture,53.27695856588527,45.024144505514585,46.77912317439953,31.52992176985035,0.1543,82.23,0.84,0.82,2,0,13,47821,0.8414853060743746,0.042,56.8603921835309,1.02,87.51941835041058,0.61,60.38,4,5468,Moderate
Brazil,South America,3,Agriculture,66.15999412799347,48.33247936374565,76.95818434948701,47.55617370834749,0.0845,737.8,0.57,0.33,0,0,19,12167,0.9059599272283132,0.048,29.985859512316683,1.59,80.39980679335439,0.59,68.75,2,9291,Moderate
Malaysia,Asia-Pacific,3,Agriculture,71.30349127558,71.36179622977967,48.5731326962904,62.02911381854977,0.2644,279.63,0.52,0.52,1,1,11,28361,0.8375551891766949,0.058,36.374042442092495,1.07,94.27530238203497,0.47,82.75,2,8930,Moderate
Brazil,South America,2,Agriculture,58.395367191800176,79.49994692896745,72.16002032680835,48.95442340685127,0.0594,902.53,0.57,0.57,1,0,19,11153,0.8420557213071784,0.032,45.27025325462723,0.58,87.83519271837302,0.54,74.34,0,8528,Low
USA,North America,3,Agriculture,58.69461640406114,60.19696007455013,66.00879593182634,63.21935101447438,0.8952,1353.83,0.65,0.19,1,1,19,13326,0.947715808117641,0.031,87.40222917145296,1.0,58.26888751020297,0.67,70.33,2,3750,Moderate
Brazil,Asia-Pacific,2,Metals,65.21471102338646,45.74342904802433,89.49085343773338,46.46831459603722,0.1527,1385.26,0.43,0.57,0,0,41,11479,0.9701763265931964,0.031,73.25640903793852,1.07,100.0,0.37,71.03,0,11149,Moderate
China,North America,2,Chemicals,59.319425835629296,58.91269422202061,49.86219059511459,28.28732256012592,0.621,1058.47,0.46,0.34,1,1,14,47104,0.8489852922651698,0.022,77.82475983790496,1.07,79.51039294323884,0.89,73.49,1,5309,High
USA,North America,1,Agriculture,53.465565445438216,83.01636322855447,46.12668205723452,77.75299667954458,0.4079,144.63,0.38,0.23,2,1,35,33733,0.886708961343423,0.036,64.12391326270175,1.2,99.36253317609928,0.81,56.37,2,6063,Moderate
Brazil,South America,2,Electronics,58.48748350109054,83.43969960576577,93.08704087155881,79.55798424854167,0.561,344.82,0.54,0.14,1,1,26,21159,0.9524839878759563,0.041,98.28711479463988,0.85,93.53483275990443,0.28,70.04,0,6546,Low
Japan,Asia-Pacific,3,Agriculture,63.46241205110655,48.69762451950648,86.67697608023414,38.68961571124157,0.3196,134.5,0.57,0.37,1,0,41,9088,0.8751942811127374,0.034,78.83486622992113,1.58,99.5483585087424,0.46,71.22,0,11442,Moderate
Brazil,South America,2,Electronics,59.502401695947775,83.13073725078189,92.21659466194863,51.430290699905726,0.9096,554.01,0.34,0.55,0,0,29,40534,0.8371671226344919,0.028,92.17081802283013,0.84,66.74471310420888,0.46,72.77,1,7908,Low
Malaysia,Asia-Pacific,2,Chemicals,39.64029904134198,50.862584072037386,48.734647141290615,22.778740819281957,0.9409,1254.49,0.86,0.32,2,0,24,10230,0.846246971151479,0.031,83.10598327465581,0.93,65.74876165762826,0.82,84.99,2,895,High
China,South America,2,Electronics,49.42025185354756,62.493855856074916,47.684982319682995,55.85771022505576,0.7941,785.89,0.43,0.33,1,1,9,45999,0.8391948765549149,0.048,78.66015362725267,0.75,77.84106410991569,0.39,91.69,3,8112,Moderate
Brazil,South America,3,Food & Beverage,69.41102841890687,73.61721625149711,45.84465873946189,62.217271154557615,0.175,830.55,0.54,0.48,1,0,30,25074,0.9617671931701298,0.039,72.31587357457222,1.14,78.4993631522157,0.39,94.32,1,9578,Moderate
China,Asia-Pacific,2,Electronics,74.53239609854784,72.77757128455906,94.9078828612912,67.15219155146043,0.3012,381.17,0.7,0.41,1,0,38,37023,0.9464364182391278,0.04,71.65863154681423,1.26,86.57807505466505,0.42,75.7,1,2344,Low
Japan,Asia-Pacific,1,Electronics,73.3440611831151,87.47193653879995,79.19804332820506,58.007229109054904,0.7823,642.58,0.63,0.09,3,1,24,11880,0.8783780145661999,0.035,72.0122841833241,1.14,53.97752443661439,0.65,80.05,1,9730,Low
India,Asia-Pacific,1,Food & Beverage,48.441360338865586,41.05573645045667,71.29765706679146,52.945038171461036,0.7625,1337.75,0.65,0.3,3,0,10,45539,0.954257286891843,0.033,86.16454758802432,1.0,95.5638664021,0.74,74.68,0,2456,Moderate
Malaysia,North America,2,Electronics,53.02110714870394,52.20960784942381,42.24824869621562,46.054997993268906,0.3323,213.33,0.57,0.56,0,0,45,29756,0.8263057676434602,0.041,60.18519662414232,0.52,92.99325116630033,0.81,65.15,2,6395,Moderate
China,Asia-Pacific,2,Agriculture,44.61051829038691,60.86276546054916,54.03237199228724,51.60736176977871,0.8388,149.1,0.61,0.27,1,0,28,27018,0.9546588237726203,0.029,46.52886924956306,1.36,97.74294193712728,0.13,92.66,0,8982,Moderate
Indonesia,Asia-Pacific,2,Electronics,50.73494807112459,69.70122740782038,100.0,77.8629837074242,0.9534,1020.81,0.47,0.28,2,0,20,36234,0.934515284251014,0.039,45.03045458488724,1.11,67.52064593361669,0.3,86.3,1,5619,Moderate
USA,North America,3,Agriculture,77.70361905855515,90.38288299221489,92.47562764083845,51.47895623963098,0.307,1357.71,0.61,0.48,0,1,38,22651,0.9000213530399201,0.048,59.76063221604313,0.33,88.38308398366048,0.57,97.25,1,1998,Low
Malaysia,Asia-Pacific,2,Agriculture,72.52342006803687,94.18858274524976,51.71576246651859,50.367721008382425,0.9201,108.5,0.63,0.44,1,0,31,27247,0.8417529555802759,0.034,75.57489540323618,0.77,82.93714977854191,0.47,85.24,1,9466,Moderate
USA,North America,1,Agriculture,64.8540694354101,32.45389421807568,68.63197637419323,76.83318277935552,0.2656,585.47,0.88,0.43,1,1,8,24755,0.9643839346537254,0.051,74.258338230189,0.25,91.19737667524295,0.55,76.62,2,9375,Moderate
Brazil,South America,2,Agriculture,56.023174262035205,48.5588845753383,37.861429160949655,63.5330171875116,0.8592,1061.88,0.42,0.57,0,0,16,7108,0.9365803322303722,0.039,75.56802367877701,0.5,59.304512027935196,0.47,76.66,2,5530,Moderate
Malaysia,Asia-Pacific,2,Agriculture,57.023167374446096,42.39610414543317,53.07478894493406,53.600444180958704,0.0933,1417.03,0.59,0.16,2,0,31,48058,0.8588922860617172,0.015,45.29495213772169,0.26,76.95183898944912,0.65,62.25,2,5375,Moderate
USA,North America,2,Metals,55.01347183524237,68.42096459983685,48.127329874939484,59.77191931157735,0.955,1003.15,0.54,0.31,3,1,16,35802,0.9208823504067126,0.027,79.34439624696056,1.5,98.30829045540447,0.69,79.23,2,8802,Moderate
USA,North America,2,Agriculture,75.74623013755803,95.65349154336373,75.07353896985434,62.17204791514748,0.2645,1065.55,0.37,0.39,3,0,7,10291,0.816973254476582,0.038,49.75308223116791,0.24,78.15829537869956,0.45,78.21,2,8287,Moderate
Brazil,South America,2,Agriculture,72.58413166254101,72.31241886785226,92.61441654258698,62.255658248915125,0.0455,1443.62,0.53,0.38,1,0,14,17055,0.8368886253126095,0.034,90.11854816268338,1.21,63.25897709436187,0.46,57.5,1,2616,Low
Brazil,South America,3,Food & Beverage,60.31615079746739,84.3779552207839,76.42060334585611,99.11165178241313,0.6698,197.37,0.7,0.4,1,1,8,26293,0.8504289862940154,0.026,73.63942153870447,1.73,100.0,0.44,72.22,1,9281,Low
China,South America,2,Food & Beverage,63.580681744532015,37.07832464248814,61.316696067874624,30.09826030874009,0.9435,347.18,0.63,0.74,1,0,41,11476,0.9575291811400534,0.056,72.72668089597924,1.06,96.83880362947379,0.59,77.87,1,8848,Moderate
USA,North America,3,Chemicals,55.72799217645028,52.09260649466121,63.23767429229058,51.40328482219392,0.9266,235.49,0.69,0.71,3,1,19,13582,0.9575968141281497,0.025,74.0551063816505,0.78,88.2415386669873,0.47,71.86,3,8249,Moderate
Indonesia,Asia-Pacific,1,Electronics,71.777191098139,75.44319229128925,60.96563116073372,74.2167147335069,0.8866,659.12,0.62,0.32,1,0,28,23088,0.8515476224495347,0.043,99.23175422805137,1.31,100.0,0.21,59.65,2,8740,Moderate
India,Asia-Pacific,2,Agriculture,54.783011183432656,67.07529070135524,64.52704405231441,54.851143124174335,0.0549,432.83,0.84,0.67,1,1,20,20435,0.9411388900272722,0.029,48.2136991405135,0.92,95.33474351326495,0.56,67.5,0,10495,Moderate
China,Asia-Pacific,2,Agriculture,72.57146972692455,36.78747087627129,39.6264517038416,46.80250795665273,0.8862,1031.37,0.41,0.23,2,0,29,4523,0.8428069986146325,0.026,85.7381313324646,0.69,90.9605398952,0.72,66.95,1,1185,Low
USA,Asia-Pacific,2,Chemicals,59.19428194162977,58.197115534225084,46.208132566591985,30.441115763337464,0.3377,564.6,0.59,0.2,1,0,36,11521,0.8674703674011865,0.037,32.18553397076743,0.63,86.14987228852178,0.61,60.68,2,3880,Moderate
USA,North America,2,Agriculture,70.50045315791257,83.73887969739282,79.086825777339,88.40251634552229,0.9673,649.32,0.63,0.4,1,1,32,20104,0.9445916797537467,0.048,28.463324319866242,1.43,69.15588320893421,0.13,70.19,1,8069,Low
Japan,Asia-Pacific,1,Agriculture,75.27981927485291,81.73677371564492,38.30587989981151,60.877052701540656,0.3304,159.93,0.64,0.58,2,0,19,46402,0.9931381173151069,0.031,37.97529706152591,1.21,96.6743769930865,0.42,88.47,0,4826,Moderate
China,Asia-Pacific,3,Food & Beverage,74.03922581387293,73.45507220222414,54.64977302876458,89.55518003971827,0.4748,992.97,0.88,0.32,1,1,31,47855,0.832065081807691,0.035,75.38832945988223,1.1,56.27302758887547,0.55,62.98,1,7419,Low
Brazil,South America,2,Agriculture,58.59591950423025,38.34944160871916,46.9633745038479,48.39724472379443,0.3676,1427.31,0.78,0.23,1,0,15,22960,0.8965519990977373,0.029,87.84692870924081,1.44,72.55560705221824,0.46,81.55,2,7761,Moderate
USA,North America,1,Metals,59.49148438469838,64.78464649671287,79.75695332092124,34.045541293403666,0.5569,325.59,0.66,0.69,0,1,7,9483,0.8790819000995034,0.058,98.62476686497891,0.53,76.38114707694254,0.51,76.93,0,8189,Moderate
India,Asia-Pacific,3,Agriculture,74.53586039324006,80.25027090045596,93.75442573943339,96.23460245903124,0.8102,1017.15,0.81,0.31,1,0,26,32121,0.8203026972967958,0.027,37.974856748744024,1.6,77.84021819750262,0.86,51.65,0,5106,Low
indonesia,Asia-Pacific,1,Food & Beverage,62.96321300178356,82.23548104894077,55.33125740917521,75.03231481846693,0.7586,332.29,0.49,0.76,1,0,9,34754,0.9735933837694983,0.021,87.91006681587598,0.24,62.15364229785111,0.69,71.38,1,5521,Moderate
USA,Asia-Pacific,2,Agriculture,56.74933109627432,64.82475193510993,38.57482326698462,65.03588334274974,0.9464,156.62,0.9,0.18,2,0,31,23108,0.7947487077141195,0.055,38.288537411672216,0.8,94.20100782398588,0.7,58.43,2,4035,Moderate
China,Asia-Pacific,2,Agriculture,43.30363071011429,60.61041938678606,32.03781966811096,46.199849035435314,0.0886,887.11,0.67,0.36,2,0,8,39120,0.8786845884596208,0.055,92.7748037679685,0.7,91.54293547757993,0.18,61.01,1,6841,High
USA,North America,1,Chemicals,59.75839155363608,47.07440321523785,46.59533596717759,26.815683412411452,0.8955,200.4,0.67,0.33,3,1,19,39882,0.8904624049168995,0.031,95.46081763934157,1.16,97.10470435446787,0.21,82.75,1,7703,Moderate
USA,Asia-Pacific,3,Chemicals,57.64131556139557,56.812462099334596,48.35250300739015,36.94280403393658,0.1378,791.95,0.29,0.22,2,0,11,49224,0.8786384517761431,0.03,65.90429556437863,1.28,93.60658992026241,0.15,63.7,3,7261,Moderate
Brazil,South America,2,Agriculture,80.52316736936274,50.74416439782972,85.23142822763086,55.6865264643765,0.7295,1000.44,0.44,0.85,1,0,23,11782,0.8733500732497048,0.045,36.420254796390275,0.93,91.57153166652748,0.58,75.23,1,6607,Moderate
China,Asia-Pacific,3,Chemicals,77.2053116451862,73.903459881633,47.94872122571578,77.8777297403489,0.6816,1381.69,0.59,0.58,3,0,39,43615,0.9732739791566375,0.057,30.34789501967743,0.96,66.89602595865952,0.49,78.28,0,6390,Low
USA,North America,3,Agriculture,83.95250997254945,82.9755516672178,84.27655881174856,76.0834788298336,0.8976,146.54,0.59,0.09,1,0,34,29996,0.908774859236079,0.041,69.06177937020706,1.22,100.0,0.47,59.33,0,5363,Low
malaysia,South America,2,Chemicals,80.47737847495111,81.20209358051844,81.00011468998409,72.5096499843846,0.6361,113.92,0.58,0.32,1,0,30,11699,0.8707071438501304,0.055,48.242599820739564,1.55,77.04400766434415,0.39,78.18,1,4803,Low
Indonesia,Asia-Pacific,3,Chemicals,61.683795951606086,82.35791138868896,43.600633406040764,71.9494042863307,0.6357,91.27,0.84,0.74,3,1,9,35907,0.8574018756576606,0.04,72.51245338453397,0.99,82.25181939926713,0.27,97.43,0,1392,Low
Indonesia,Asia-Pacific,2,Agriculture,60.64197820059201,58.71940682600398,55.51535178039255,29.443085404979385,0.7335,264.73,0.34,0.49,3,0,22,15671,0.9563896954189567,0.04,75.79500610149562,0.4,87.74066166443133,0.65,87.95,2,5793,Moderate
USA,North America,2,Agriculture,64.39466359383604,62.54838967818851,95.04478656426274,84.42091727860739,0.5139,1330.65,0.63,0.12,0,0,6,29514,0.8425190120485262,0.036,60.24337540767259,1.08,50.72758538086566,0.82,61.49,2,859,Moderate
Indonesia,Asia-Pacific,1,Chemicals,58.42643836469998,46.76023679257293,50.546062535497505,65.34889911420386,0.9496,174.15,0.52,0.21,3,1,18,45441,0.9342346747353707,0.046,70.61588983010394,1.73,74.92281747689086,0.45,77.81,2,4958,Moderate
Brazil,North America,2,Agriculture,60.168205546972814,47.52430239546232,48.15002555884164,64.13970136596356,0.7693,604.22,0.49,0.42,0,0,31,23941,0.9071452010082367,0.04,47.54041124790964,0.75,94.91726134427691,0.57,75.32,2,6645,Moderate
Japan,South America,2,Agriculture,86.35379325829432,100.0,80.07088454574352,79.26685840080071,0.7951,1328.41,0.46,0.07,2,0,19,38093,0.8765496508139973,0.04,75.61711080033848,0.92,74.23667530863102,0.36,71.77,0,8032,Low
Japan,Asia-Pacific,2,Agriculture,63.63130229707827,40.501487255753524,65.99895060976709,52.824636393593664,0.0874,1457.26,0.66,0.37,1,1,37,16187,0.8541864725128778,0.038,87.41028506390215,1.39,87.42951333317438,0.58,72.99,2,9356,Moderate
Japan,Asia-Pacific,2,Electronics,84.16323070754721,84.2633402834181,80.57446397082117,63.96858319449944,0.9231,706.71,0.44,0.5,1,0,37,24992,0.9160249876151394,0.021,99.02142455181875,1.34,91.95303129280794,0.37,49.62,1,7520,Low
Malaysia,Asia-Pacific,2,Agriculture,70.95967818993601,100.0,82.62176344429291,48.017136048341015,0.8951,926.03,0.46,0.44,0,0,11,45814,0.9552838654311492,0.032,77.58418314012413,1.21,77.37888634745757,0.38,69.45,2,7400,Low
Malaysia,Asia-Pacific,1,Metals,68.23415703490392,69.53756122051358,78.97811265152124,48.18755337298414,0.8738,942.58,0.45,0.34,3,1,40,10251,0.8496332925143864,0.035,77.49613561782783,1.08,75.7307481962856,0.12,93.09,1,1087,Moderate
USA,North America,2,Agriculture,63.06439643240169,84.8246591181415,47.33862611079706,81.16862444729439,0.6776,366.87,0.51,0.51,3,1,32,38863,0.8936303208933498,0.028,93.6351457219083,0.56,75.9835479008178,0.33,67.84,1,6091,Moderate
Brazil,South America,3,Agriculture,81.15531773307137,75.71621321723981,51.85760021091536,85.03747670814468,0.6749,147.36,0.6,0.81,1,0,38,21699,0.8477682570358659,0.03,49.000548198231755,0.92,66.62990076767942,0.63,84.76,1,4243,Low
Brazil,South America,3,Agriculture,65.0663553618027,84.13008435404205,96.59234514752919,25.004188707823936,0.6042,967.8,0.62,0.23,1,0,32,10389,0.9210850013680423,0.045,67.52156587931937,1.83,88.82576663188036,0.51,70.64,2,6942,Moderate
Japan,Asia-Pacific,3,Agriculture,76.78567532147272,91.3070499697592,83.33849181114778,76.19339778371517,0.9999,164.26,0.55,0.54,0,0,32,34029,0.8389701052978725,0.038,34.43783541094956,0.79,91.4690637981029,0.78,58.38,0,9242,Low
Indonesia,Asia-Pacific,3,Metals,58.81301928036161,72.89686130557101,82.36877670747636,63.34578413597421,0.1072,1069.7,0.54,0.13,1,1,13,27871,0.9359392294785029,0.048,68.74141568589906,0.87,84.1584877544065,0.21,57.23,0,1666,Low
Indonesia,Asia-Pacific,2,Agriculture,48.63219561744156,62.42022139504826,52.81049678292497,39.294568163841404,0.1545,1140.93,0.66,0.48,2,0,32,24636,0.934722084401825,0.033,72.87915283939023,0.84,69.3956059180554,0.83,95.12,2,6791,Moderate
China,Asia-Pacific,2,Metals,54.233902961458405,57.83913714095168,46.28876778734812,87.89240562990555,0.0487,1476.14,0.73,0.71,3,1,26,10098,0.9475324324096592,0.035,31.507463023157328,1.64,65.96420314149286,0.59,80.8,1,9233,Low
Indonesia,Asia-Pacific,2,Agriculture,71.61988919985284,82.12136262069865,52.852140182012654,76.25632267178796,0.6915,234.47,0.94,0.26,3,0,14,43732,0.8819952789053092,0.04,67.57884247048932,1.6,77.88587510873074,0.32,85.66,0,4967,Moderate
China,Asia-Pacific,3,Agriculture,58.56639856191497,55.822837675446976,41.163630162016275,43.023342624454926,0.4257,612.65,0.39,0.53,1,1,26,48280,0.9360496100615988,0.043,73.45399091226274,1.16,100.0,0.55,91.16,2,3930,Moderate
Indonesia,Asia-Pacific,3,Electronics,62.64104142941065,39.301915883588556,50.54248994078035,64.69034576235312,0.8174,986.17,0.77,0.35,1,0,16,48498,0.9081774020850084,0.053,33.82378714316679,0.95,75.42012921098959,0.63,80.69,2,6141,Moderate
Indonesia,Asia-Pacific,2,Agriculture,50.774169136007494,62.377900571019694,39.935579708727644,48.209752707946045,0.9546,1084.17,0.65,0.62,1,0,6,34010,0.9485034283137829,0.024,53.55781773793602,0.98,100.0,0.83,70.58,3,6165,Moderate
Brazil,South America,3,Chemicals,60.766829299522016,66.19789080424997,50.17102634150691,65.32074251584517,0.1394,1151.78,0.62,0.23,1,0,44,3187,0.8909208280652898,0.043,20.4840790348856,1.39,95.27424866557507,0.33,71.8,2,2064,Moderate
Brazil,South America,2,Chemicals,59.163604338476596,66.31258387144518,55.484810184498755,39.16482292225862,0.8913,124.9,0.68,0.37,1,0,21,43000,0.8492078774677276,0.042,63.10337336053278,0.76,67.60004605250563,0.25,64.14,2,5502,Moderate
indonesia,Asia-Pacific,2,Electronics,64.53374463314462,70.71453058273586,79.25195775181837,86.2398225077372,0.7637,931.64,0.66,0.32,1,0,27,3671,0.9385738385346151,0.031,86.82056386571517,1.16,79.01094134049148,0.58,58.73,0,6306,Low
Malaysia,Asia-Pacific,3,Agriculture,56.06858667262308,90.26107202102149,45.88652055889324,43.79984447345526,0.5553,624.08,0.93,0.18,1,0,42,11913,0.9351784912963522,0.005,32.85810776031333,0.99,76.47020260029927,0.14,58.03,0,2334,Moderate
China,Asia-Pacific,2,Electronics,72.66197258809828,81.59956998625486,67.96006897234818,68.74822123082126,0.3108,489.59,0.66,0.3,1,1,36,8926,0.9628307984632118,0.058,48.00983167626331,0.76,83.972449972828,0.16,68.07,0,871,Low
China,Asia-Pacific,2,Agriculture,79.72921397079215,89.9345657752969,76.56734119585188,92.13746418914421,0.9499,156.34,0.63,0.3,3,0,39,24232,0.8830367047018243,0.029,61.46070384649519,0.7,91.30688368950436,0.78,66.53,0,11388,Low
USA,North America,2,Agriculture,63.41643411590593,86.98812305147973,52.80568039653588,67.22998188542768,0.2668,169.4,0.62,0.48,2,0,7,41328,0.9455115041743313,0.05,78.2465424376937,0.23,70.38530880564574,0.56,78.4,1,1043,Moderate
Brazil,South America,3,Electronics,56.91762432755416,60.537596698289704,49.59301238275056,47.34828242742786,0.1038,144.95,0.79,0.55,2,1,30,24830,0.8237175537795063,0.008,79.65921463753394,0.56,75.7914765527999,0.63,65.98,2,1607,Moderate
Japan,Asia-Pacific,2,Agriculture,75.37334435858207,95.70990343015032,100.0,70.54875221898953,0.9879,154.17,0.7,0.33,1,0,27,13547,0.8748807541012671,0.048,65.78286453455966,0.72,76.94523289270707,0.55,67.68,1,10283,Low
Japan,Asia-Pacific,2,Electronics,71.08403666237861,60.19029462220939,85.44246058321626,74.76563440476015,0.7344,883.01,0.79,0.02,1,0,20,1994,0.8499687078752318,0.032,83.00046842139571,0.82,92.62633991061435,0.32,80.31,1,3976,Low
Japan,Asia-Pacific,2,Electronics,69.87128123375118,86.12787696819767,94.18823484512097,62.65715024579888,0.9584,1340.47,0.59,0.17,1,0,11,12011,0.9310311766379824,0.022,83.98660082423095,0.84,91.05534363311068,0.28,57.99,0,6460,Moderate
india,Asia-Pacific,2,Agriculture,68.47218304285732,73.4878348235851,71.04490558559223,52.576866376773914,0.7174,182.27,0.57,0.44,1,0,14,26854,0.9569311105260013,0.038,24.011731462613085,1.18,100.0,0.3,83.29,0,3305,Low
USA,Asia-Pacific,2,Agriculture,54.04154353978991,58.96837774161661,46.91525083663341,52.915222034334846,0.4729,188.26,0.43,0.17,3,0,22,48249,0.8581356394657726,0.043,37.00377282135538,1.27,68.86440353170515,0.33,79.89,0,1267,Moderate
Indonesia,Asia-Pacific,2,Electronics,81.36399500066275,60.09639806800119,46.93199118722571,73.02841074880845,0.7375,140.3,0.56,0.43,1,0,27,25764,0.8956479758234704,0.047,63.46609359659465,1.3,95.73603114607403,0.73,71.61,0,9879,Low
Brazil,South America,3,Chemicals,79.72102961317168,85.16134100303343,75.6797071445953,37.17000171082269,0.1074,926.39,0.55,0.73,3,0,7,11920,0.9720466720708767,0.021,86.81822706213025,0.64,75.77843197460294,0.74,44.57,1,8882,Low
China,Asia-Pacific,2,Electronics,66.97439633906133,98.8360902430507,47.28177873410315,46.31882096254374,0.6033,1233.07,0.51,0.21,2,0,47,45415,0.8929797675983436,0.03,99.67849202433312,0.8,92.47938208596003,0.28,72.11,1,2387,Low
India,Asia-Pacific,3,Chemicals,73.27910503490207,85.30817069609188,42.824507563060315,52.336192673294605,0.18,1035.56,0.87,0.38,2,0,25,26062,0.8371373005367102,0.039,37.76613628638038,1.09,89.6948888985807,0.58,79.35,2,6387,Moderate
Brazil,Asia-Pacific,2,Food & Beverage,70.47069309721378,88.62518056144599,82.0936462242546,75.02706111091271,0.596,238.74,0.34,0.29,3,0,32,44114,1.0,0.01,83.7416393085212,0.44,99.1183334552457,0.45,56.27,1,3796,Low
Japan,Asia-Pacific,2,Metals,52.518128834063155,64.90331531899167,89.04417539256232,55.07491162830041,0.3113,768.12,0.77,0.27,1,0,36,38001,0.8733836373454055,0.03,87.02792346256263,1.02,73.46569986082238,0.66,70.82,0,5697,Moderate
Brazil,Asia-Pacific,3,Electronics,79.31258495596794,62.53771445907872,93.18506539146647,95.25609721819613,0.2381,988.56,0.58,0.19,0,0,37,46659,0.9654978136689829,0.044,38.806814522389615,1.58,96.92082702824081,0.74,82.99,1,6842,Low
Brazil,South America,3,Agriculture,59.7426730769856,90.76675951522817,53.04962406279308,46.2335380025494,0.8658,849.36,0.71,0.34,1,0,8,21945,0.8684941382525252,0.017,47.58585209439121,1.6,87.58743775890616,0.41,77.99,0,1564,Low
Brazil,South America,2,Agriculture,79.21378517971044,78.15729334917805,44.62809258344656,56.151222471033606,0.166,1152.55,0.93,0.4,3,0,15,29031,0.8529078022270777,0.046,73.43368168587693,1.16,82.03030926398519,0.65,76.83,0,9877,Low
India,Asia-Pacific,3,Metals,71.27330191394333,82.03908487592167,93.38598097116268,81.36860412719183,0.7271,1187.05,0.62,0.23,2,0,20,11149,0.9567130924258109,0.028,76.88749941701633,0.2,100.0,0.5,94.32,1,7624,Low
Japan,Asia-Pacific,3,Electronics,78.21262553942313,89.84448098223389,79.78395008041029,73.86543822342445,0.9681,1268.09,0.46,0.49,0,1,24,46737,0.9639866003431897,0.03,69.03578348164136,0.57,84.71245976912296,0.53,63.88,0,8596,Low
China,South America,2,Agriculture,63.017641771250524,63.53598453287551,46.294190992040505,44.13125738531465,0.9051,83.48,0.74,0.22,1,0,10,45730,0.955825292676861,0.058,62.55893578140774,0.79,78.79133364154062,0.68,100.0,3,5653,Moderate
India,Asia-Pacific,3,Agriculture,66.42734859541774,77.43261850051755,62.90426439589128,46.223633994375064,0.4798,1395.55,0.77,0.48,3,0,19,21242,0.8990472802483307,0.046,79.86357764934831,1.28,87.27488366937865,0.26,77.67,0,6208,Moderate
India,Asia-Pacific,2,Metals,59.50547673547666,78.7351039680843,83.056397483299,68.94472804953749,0.181,946.49,0.87,0.42,3,0,48,48287,0.8366087532423754,0.026,79.4743237119206,0.86,97.44231867880355,0.85,49.6,2,4792,Low
China,Asia-Pacific,2,Agriculture,56.851509428060055,62.3159652050922,52.922885673174925,46.47856959923139,0.8795,1299.28,0.64,0.42,1,1,39,16697,0.8688451314313519,0.031,45.02155675943205,1.28,78.04497809322773,0.31,42.95,1,8181,High
malaysia,Asia-Pacific,2,Electronics,63.96211378135561,58.84437634491638,65.69165329045958,55.77681344235711,0.7689,1387.4,0.68,0.38,1,0,10,36221,0.8567477492547517,0.057,82.64092158373882,1.46,92.82993440946035,0.66,82.55,0,4926,Moderate
Malaysia,Asia-Pacific,3,Metals,62.584868514225796,52.74163457894346,51.56949623264444,52.32420041658259,0.3875,910.67,0.49,0.54,3,0,32,14823,0.852477150115766,0.035,73.09319992056999,1.09,65.26434239340932,0.38,62.35,1,4575,Moderate
Japan,Asia-Pacific,3,Electronics,71.70895462318057,64.4096221517681,88.96921814171039,85.58994491173574,0.7634,986.65,0.47,0.7,3,0,14,31033,0.9016509495618779,0.04,79.1729566539625,1.35,84.64989739739157,0.83,67.77,0,5896,Low
Brazil,South America,2,Agriculture,55.40518765674564,41.89984237963107,36.93966019859591,47.04690332660643,0.8324,1180.46,0.38,0.16,0,0,12,19306,0.9056192840758848,0.041,74.60574652484364,1.25,92.28972905022157,0.39,57.75,1,6448,Moderate
India,Asia-Pacific,2,Agriculture,59.81962815301401,77.91241142353805,73.96719166635691,50.13213967605124,0.6538,884.04,0.66,0.5,2,0,34,47003,0.9088960307695911,0.033,38.166774527354825,1.85,100.0,0.76,45.36,0,7408,Moderate
China,Asia-Pacific,1,Chemicals,69.26468175386672,72.75740058756388,69.47648839496854,48.06517991846273,0.5384,1085.23,0.52,0.02,1,0,17,46705,0.9425496754455422,0.034,36.650235941874016,0.51,69.13980013106315,0.59,51.8,1,8489,Moderate
Brazil,South America,2,Chemicals,58.87141531323129,73.17628583741534,50.9319884214192,53.51173356813705,0.0675,983.06,0.99,0.63,3,0,25,30821,0.8338970519097992,0.027,69.57316697449244,1.05,97.02742560198992,0.42,82.67,0,6383,High
Brazil,South America,2,Agriculture,60.95530507040662,44.305258696268496,73.20035801537422,44.06676088898007,0.9319,91.59,0.76,0.65,2,0,11,38718,0.8731298286334114,0.045,85.39467195958402,0.72,79.0100055287904,0.31,50.85,0,9061,Moderate
Japan,Asia-Pacific,3,Food & Beverage,77.36783496847666,64.49976485041073,76.68126142647209,66.92678860666932,0.4103,1050.82,0.79,0.24,1,1,9,23721,0.9585903857408036,0.023,57.446212447297384,0.67,94.99521796816052,0.34,88.35,1,5844,Low
India,Asia-Pacific,2,Agriculture,76.90014094908872,40.49740174127226,79.24495428291208,79.40974864213973,0.2513,988.18,0.42,0.27,3,0,33,47722,0.9539374025288498,0.06,66.38480359605187,0.59,92.18296541378648,0.85,59.5,0,5668,Low
Brazil,South America,1,Food & Beverage,55.0548593600445,63.82119236771253,48.782957385487535,66.63712796593656,0.4224,994.04,0.97,0.5,2,1,21,46428,0.8380078662352907,0.018,74.46679947507326,1.61,70.00986801607121,0.51,78.11,0,3585,Moderate
USA,North America,3,Agriculture,53.09347282935675,59.939452973141194,50.768913081663996,34.55726745110135,0.4558,1088.08,0.87,0.21,3,1,27,45873,0.8806813867931499,0.017,81.9452664911321,0.2,90.69846186430888,0.13,80.25,1,9657,Moderate
Brazil,South America,2,Agriculture,44.03360557570895,30.995828424897205,27.447224241131728,23.293502012474406,0.9222,743.02,0.37,0.29,1,0,9,20214,0.8930955105466521,0.036,97.97175213601669,1.12,75.86877920166161,0.57,89.46,2,5186,High
China,South America,1,Chemicals,56.26073570296259,59.2597770395353,83.2139435567825,61.241692933233715,0.3258,99.19,0.83,0.41,1,1,15,13470,0.9081652853747881,0.037,66.91752591581572,1.06,76.18802782196985,0.2,79.59,1,4609,Moderate
Japan,Asia-Pacific,2,Food & Beverage,70.94229956635827,100.0,93.79922826407386,73.64621303396888,0.139,614.71,0.78,0.6,2,0,6,6221,0.89906154632712,0.047,86.2412709919751,1.2,73.55547331047646,0.59,63.23,0,9393,Low
China,Asia-Pacific,1,Agriculture,67.61745100964882,80.44050323263157,75.24012369571486,75.84224102963356,0.647,171.88,0.59,0.44,2,0,32,40182,0.8398926086178119,0.025,88.99605319385459,0.82,74.24480451533414,0.11,77.45,1,9238,Low
Indonesia,Asia-Pacific,1,Agriculture,76.88807280337423,53.86243966858901,85.5503092912388,51.77792028666434,0.6431,170.55,0.54,0.51,1,0,25,26626,0.9344172075561266,0.04,55.48400329690344,1.15,84.2082465135578,0.82,67.23,2,4926,Low
USA,North America,2,Agriculture,60.60173141834829,39.982178778196875,57.03729378172427,48.38867316723532,0.4861,1217.08,0.57,0.47,1,0,36,45841,0.9657058415097027,0.03,38.191649444506616,0.87,65.02516738641933,0.45,71.21,1,7985,Moderate
Indonesia,Asia-Pacific,3,Agriculture,74.14558175198668,80.44096575846297,74.33793713944813,47.641574732875064,0.0225,132.51,0.95,0.05,1,0,13,13644,0.8404916946969808,0.025,59.38340283646487,0.2,100.0,0.48,61.83,1,5855,Low
USA,North America,2,Agriculture,59.779011965777016,45.89573139260953,44.578736216597804,61.91142536659629,0.4849,215.92,0.31,0.21,2,1,34,47242,0.9389581569205957,0.033,66.8541954930362,1.62,77.91249229270888,0.17,59.29,2,11484,Moderate
China,Asia-Pacific,2,Metals,79.48726461492416,90.62558255815166,98.36284410046038,85.78490234785659,0.8446,860.25,0.77,0.33,3,0,8,11556,0.9098576314790001,0.05,91.28674201531882,1.07,88.9160629545045,0.72,70.59,0,11085,Low
Indonesia,South America,1,Chemicals,69.54773393170726,55.002382649910615,74.03982164221296,44.069117178424065,0.7701,1035.56,0.7,0.29,3,0,24,41267,0.9252901404409647,0.028,77.46244031763926,0.82,75.53307946908544,0.24,78.48,2,9214,Moderate
USA,Asia-Pacific,2,Chemicals,53.49276251977331,66.23648395465244,85.12919590673796,68.7494363536501,0.1211,982.12,0.49,0.36,1,1,47,30209,0.952231817177449,0.044,34.60815632554378,1.71,53.09918240469957,0.17,88.21,2,4320,Moderate
Indonesia,Asia-Pacific,1,Agriculture,54.08524763914904,75.5705583422068,50.3465148100536,26.672638723580118,0.5033,817.42,0.82,0.26,2,0,17,38715,0.7992541500926079,0.017,92.73379035378206,0.55,62.49635726279328,0.14,58.11,0,4927,Moderate
Brazil,South America,3,Agriculture,65.99380354788782,64.61889001299278,50.334206295689356,28.24242986479913,0.1159,1181.83,0.35,0.0,3,0,42,13343,0.9708447836269495,0.034,71.3088852831923,1.11,57.13663516126282,0.57,86.25,1,2102,Moderate
Japan,Asia-Pacific,3,Agriculture,73.6132310968861,72.19683582418034,52.644996713055,40.64592730945663,0.7737,790.27,0.41,0.16,2,0,23,8302,0.9108260412289786,0.032,78.50804964095391,1.16,63.169287549765286,0.61,58.6,3,6752,Moderate
indonesia,Asia-Pacific,1,Agriculture,59.965213122405416,82.0765518258755,78.78025890245445,58.93299809448965,0.7626,1442.46,0.61,0.28,1,0,24,12599,0.9354765273072384,0.036,80.3856757792815,0.86,98.83022837130926,0.44,86.93,1,6563,Moderate
India,Asia-Pacific,3,Agriculture,59.12527022873255,72.86869982553515,43.06546188098014,44.47179203578117,0.8345,125.7,0.58,0.56,3,1,22,39614,0.9001329150128252,0.046,91.03901446697199,0.21,85.33706436415538,0.14,43.5,2,11024,Moderate
indonesia,North America,1,Agriculture,47.23873631760315,42.75776020531002,47.19857431785028,65.46914172256133,0.604,190.05,0.74,0.21,1,0,9,1893,0.8847417484299636,0.036,82.7679177026337,1.54,95.07969863357962,0.7,56.21,2,11186,Moderate
malaysia,North America,2,Agriculture,56.34126015984001,59.94923075477458,66.57657965157819,29.684524797487136,0.6881,409.38,0.3,0.31,1,0,16,25653,0.9594682518130963,0.045,83.95354995005975,0.81,89.06353587165917,0.5,59.1,0,7455,Moderate
Japan,North America,3,Agriculture,64.03070695100624,35.268151269414126,51.77817919245258,53.30140523836847,0.2249,953.24,0.69,0.58,0,0,36,47947,0.8677154940970475,0.04,65.24667139697962,0.63,87.0561036230254,0.78,78.15,2,8284,Moderate
Indonesia,Asia-Pacific,3,Food & Beverage,55.82458712021939,75.04320497443807,44.5865216095717,56.47318476086712,0.8758,1308.78,0.6,0.56,1,0,5,11436,0.8598527861354387,0.026,68.51612232072655,0.58,67.9674574640455,0.74,52.68,1,6591,Moderate
Malaysia,Asia-Pacific,3,Agriculture,40.17730071812012,44.04487501856034,58.73481410816569,46.691054322815596,0.5703,1015.01,0.83,0.17,3,1,12,45517,0.9753054311517764,0.029,69.51621998302426,0.64,100.0,0.57,61.09,2,4124,High
Brazil,South America,2,Chemicals,56.69049611825121,60.94449730344075,59.72927514531549,41.78406726649418,0.5732,144.95,0.52,0.34,1,0,18,27612,0.8053900320096862,0.032,82.47255617498963,1.34,70.86006598093996,0.47,79.63,2,2878,Moderate
Brazil,South America,3,Agriculture,75.38772031697798,74.0335113893627,76.28189355040391,33.00444831883505,0.0922,157.41,0.6,0.58,3,1,31,44513,0.8851713876224501,0.016,74.75201198472081,0.48,75.68177940119956,0.54,55.33,1,6551,Low
Brazil,South America,1,Chemicals,85.28505845147063,88.32821189350705,83.67335345730922,68.31295632711547,0.6409,926.73,0.56,0.06,1,1,20,3303,0.8374310179414124,0.045,52.304484692665675,0.82,83.3239429013385,0.73,77.17,2,10655,Low
USA,North America,3,Agriculture,85.70784306146669,86.07684481634635,70.76697370024802,55.23195095872935,0.1322,467.17,0.76,0.31,3,1,15,25193,0.9732493411531128,0.051,69.1203766672582,0.2,65.5972248983594,0.38,70.26,0,7531,Moderate
USA,North America,3,Agriculture,78.79858562108467,90.31039000319984,73.57024716901095,80.60777891815582,0.9288,930.9,0.55,0.26,1,1,39,12009,0.9589847635169041,0.048,52.947651426568044,1.32,100.0,0.19,65.08,1,11027,Low
China,Asia-Pacific,2,Electronics,71.34368805044629,85.42868919435703,87.95279104364909,53.90965920473105,0.0705,959.76,0.52,0.2,1,0,36,28305,0.8841029750302101,0.017,85.26442265153071,0.7,96.79395209681378,0.85,69.83,2,2624,Low
India,Asia-Pacific,3,Agriculture,74.46202784498242,55.356199349698514,80.26539290783437,64.9916956850007,0.9391,1196.75,0.78,0.54,3,0,20,9856,0.9618983355113305,0.034,32.47852483475275,1.27,79.36303450996387,0.61,52.82,1,7142,Low
USA,North America,2,Electronics,76.72429505436246,87.78643428862668,91.44566978470274,74.4291402730828,0.2865,1032.32,0.78,0.57,0,0,41,16098,0.9439318515310431,0.014,65.82402689679549,0.28,96.55488662328493,0.22,58.29,1,2687,Low
Malaysia,Asia-Pacific,2,Chemicals,59.452644970007675,90.05889618953701,59.51995937439583,48.659816137570935,0.1348,1092.07,0.78,0.3,0,0,44,4168,0.9530633208121245,0.067,56.468998153611395,0.76,75.51499478485304,0.46,79.63,2,6088,Moderate
Malaysia,Asia-Pacific,2,Agriculture,53.2893073068193,29.859245326586468,67.99995371321265,48.64720502354779,0.9561,252.86,0.62,0.29,1,0,35,44317,0.8892563200312092,0.023,39.378731263044315,0.94,99.16258495555475,0.48,73.65,2,11342,Moderate
USA,North America,2,Agriculture,54.92254793249719,38.621081405661506,48.77433709855909,42.30004107022077,0.2542,957.15,0.58,0.04,3,1,15,44642,0.8474225235930317,0.003,70.12030669408853,0.82,75.81667643025563,0.52,76.75,1,2461,Moderate
China,Asia-Pacific,2,Chemicals,39.027980414713625,28.85751806968564,55.88688628883924,23.104507944873276,0.8389,169.14,0.56,0.35,1,0,21,28311,0.9163839281039521,0.021,24.846639760235927,0.99,100.0,0.71,78.14,0,3482,High
India,Asia-Pacific,3,Agriculture,71.44424300370875,40.93207580741653,84.43149838376459,24.893952302604134,0.8988,1099.24,0.66,0.5,1,0,37,21829,0.9350076796763958,0.011,69.80281130593997,0.66,92.16406438751144,0.15,94.22,0,11088,Moderate
Malaysia,Asia-Pacific,2,Agriculture,53.570923525892375,32.12609134029706,81.19018970455609,52.88679718249045,0.9464,180.92,0.4,0.48,1,1,21,45765,0.810602996776008,0.009,37.86788113726372,1.14,93.16029492132536,0.15,50.93,2,2773,Moderate
Brazil,Asia-Pacific,1,Metals,80.6166956563688,77.67161574771636,86.82349366517496,83.37693451490631,0.8593,525.86,0.54,0.34,1,0,29,44563,0.8347331805312949,0.02,45.51499149382114,0.24,100.0,0.13,80.03,1,8047,Low
Brazil,South America,2,Electronics,61.602952212247814,65.8122164956527,49.67369937213275,63.397075537546876,0.3304,145.69,0.45,0.12,1,0,23,38542,0.8374173185501586,0.007,80.63908422387868,0.85,95.00957142443146,0.46,84.49,2,6809,Moderate
USA,North America,2,Agriculture,70.09675728588553,61.99993174459455,96.57907487202189,88.61743664678133,0.2266,982.9,0.73,0.51,1,0,35,12026,0.9525288183606325,0.005,40.93854123722046,0.21,92.07771355532337,0.49,83.34,1,350,Low
Malaysia,Asia-Pacific,2,Food & Beverage,56.69829045161274,45.01301645866171,50.225031381026724,48.62226857954566,0.9729,1168.18,0.52,0.24,2,0,29,21453,0.940808856851993,0.035,52.135912843701774,0.22,55.52917719906752,0.86,54.83,2,5256,Moderate
Malaysia,Asia-Pacific,2,Metals,74.94758055530544,89.91519560098831,61.05061629081957,63.0280768224288,0.8124,700.72,0.59,0.57,1,1,29,24190,0.8653390585063374,0.037,56.06159939957289,0.92,100.0,0.41,70.74,1,9220,Low
Indonesia,Asia-Pacific,3,Agriculture,82.30170065327641,43.24647096640285,39.367470331107796,68.6000438600587,0.404,998.84,0.84,0.28,3,0,15,4114,0.9324865408132021,0.033,71.12874939545307,0.33,90.53928112337454,0.13,84.36,1,3265,Low
Indonesia,Asia-Pacific,3,Electronics,71.58208449335288,78.35473760902799,81.14544725962327,80.22069505414589,0.959,342.24,0.32,0.26,1,0,42,40513,0.9596821853122404,0.023,98.91643337273128,0.65,59.464607641391524,0.17,71.03,1,6014,Low
Brazil,South America,2,Electronics,61.38978834391824,74.89109931174825,45.80988964499372,79.6074797586925,0.7524,994.33,0.93,0.36,1,0,26,27260,0.9321455255538718,0.052,38.15474527256835,0.2,92.01007487091722,0.1,55.45,2,3389,Moderate
Indonesia,Asia-Pacific,3,Electronics,75.50320506728846,60.76391230279532,75.62779447978548,62.73676742356319,0.7137,962.19,0.92,0.41,1,0,31,40638,0.800203098924531,0.034,26.79653130894814,0.96,45.73625635235434,0.27,55.41,2,7706,Moderate
Malaysia,Asia-Pacific,2,Metals,62.29810914597053,48.85823726206314,36.34244369184918,60.24894467452418,0.1863,580.65,0.74,0.5,0,0,47,23797,0.8525691799261323,0.05,73.61768972720071,0.95,91.05597493133497,0.1,77.35,1,3461,Moderate
China,Asia-Pacific,3,Food & Beverage,80.92930076489861,87.53087102890048,79.76531910669527,72.44679635925952,0.3857,102.16,0.85,0.5,1,1,34,14175,0.914529847319097,0.018,63.46133639052712,0.29,79.47246955758202,0.39,74.39,1,4923,Low
Brazil,South America,2,Chemicals,49.113773806661115,71.59164850551667,61.472955116424934,39.60192318764099,0.2716,128.11,0.59,0.14,1,0,9,46831,0.9660502708714669,0.026,100.0,1.06,62.83207319717818,0.6,90.86,0,4627,Low
China,North America,2,Chemicals,46.973333807985746,64.51788438078938,53.610701963142674,86.46124708335222,0.0981,1420.97,0.48,0.58,2,0,32,47063,0.9547578773425723,0.052,58.36344368344609,1.05,96.96405827713713,0.75,97.67,2,8451,Moderate
Japan,Asia-Pacific,2,Electronics,56.32401357583268,66.19302502375226,58.18414684344338,53.61802221757214,0.8342,941.79,0.78,0.27,3,1,24,21180,0.9672350757098315,0.028,48.39323982590018,0.2,91.29233079970186,0.87,63.76,2,11156,Moderate
Indonesia,Asia-Pacific,3,Metals,55.03670285126768,71.16835603155815,46.30849262241628,52.56812870874201,0.7805,1368.9,0.99,0.38,1,0,11,32333,0.9119598510800301,0.037,68.53025496843793,0.84,83.92595674558262,0.14,71.4,0,3742,Low
Japan,Asia-Pacific,2,Chemicals,63.42185275047524,91.40394875246389,72.28123981285256,63.24104000201399,0.2337,1220.52,0.68,0.22,3,1,23,33484,0.941136038940772,0.046,38.86673775604153,1.75,74.5684028608529,0.25,60.66,1,11779,Low
China,Asia-Pacific,2,Electronics,60.572135232999315,64.40760399024468,46.08784067505552,47.042598736817915,0.7619,1306.53,0.76,0.23,1,0,37,11756,0.9428751382209419,0.039,41.25433371477381,0.5,82.90678879488415,0.37,72.81,2,7318,Moderate
Japan,Asia-Pacific,2,Electronics,69.31136044912901,86.52405567766974,69.95559902964051,49.582504128878405,0.4459,760.9,0.7,0.71,2,0,20,35301,0.8917710140951397,0.042,35.6639455159122,0.2,71.05637689325086,0.16,64.76,0,7395,Low
Japan,Asia-Pacific,2,Food & Beverage,58.832313796829986,34.17960186449784,97.69060620236041,36.87423437223873,0.2698,166.42,0.63,0.3,3,0,30,13851,0.926881592878858,0.034,71.16398931925225,1.07,100.0,0.54,84.11,1,4006,Moderate
Japan,Asia-Pacific,3,Agriculture,73.31112559602856,87.31378532972441,44.41930043303257,94.29458167700325,0.774,1122.26,0.64,0.64,1,0,27,47091,0.9639522651001774,0.036,46.54691574574712,1.05,52.56921115642231,0.37,73.39,0,10497,Low
Brazil,South America,1,Electronics,81.46095820574007,88.63863053326004,94.61437449560113,61.805522709987166,0.1368,591.77,0.58,0.35,3,0,20,6480,0.9586950563578596,0.021,23.023190486648566,0.44,71.11590326741668,0.17,69.66,1,7520,Low
India,Asia-Pacific,2,Agriculture,69.8267630101691,72.86408302370255,84.15987620755487,28.770654063483057,0.2601,406.79,0.79,0.31,1,0,16,23174,0.8883102138679824,0.041,78.4533870357751,1.7,65.36525275004225,0.6,75.05,1,3166,High
brazil,Asia-Pacific,2,Chemicals,64.77810744898916,65.66668664904094,48.29288283589466,44.34745761991153,0.2148,1242.7,0.85,0.46,1,1,23,41284,0.8257700874968906,0.047,33.36758403147239,0.66,97.01121223604969,0.77,76.71,0,5900,Moderate
Malaysia,Asia-Pacific,3,Agriculture,60.91071118074377,68.00003830498154,58.501852497336365,50.85637543153346,0.2003,905.39,0.56,0.18,1,1,31,34395,0.9811058974062155,0.026,24.241310309790926,0.75,89.16302519159078,0.37,61.51,2,7342,Moderate
Japan,Asia-Pacific,2,Electronics,64.63523790321177,70.79572629000556,76.20148514743083,60.87449566776583,0.8159,790.32,0.43,0.18,3,1,8,23072,0.8947341524687734,0.015,39.39891369823976,0.26,75.14442365857589,0.81,71.42,1,4699,Low
usa,Asia-Pacific,2,Electronics,63.838401081957,85.17623299288107,37.81669838408311,55.280936553312245,0.6235,243.92,0.36,0.16,2,0,27,32669,0.8432273591569805,0.047,84.54938457228121,1.22,68.82212620056984,0.39,80.34,0,2085,Low
Japan,Asia-Pacific,1,Chemicals,59.059399455075514,36.962409895343,51.087262356302034,49.54914317313862,0.7358,907.44,0.76,0.4,3,1,12,28113,0.931228116256444,0.058,27.04588022630591,1.63,71.75009322713713,0.42,75.62,2,7346,Moderate
India,Asia-Pacific,3,Agriculture,62.90197742204296,80.03834006368496,83.12322157907778,59.28895897790714,0.4879,52.28,0.74,0.2,3,0,23,16433,0.8949892605567609,0.037,17.438750000000006,1.48,100.0,0.88,70.92,0,7095,Moderate
India,Asia-Pacific,2,Agriculture,66.23287453030902,78.68396501224139,57.22388675392828,61.1953384074219,0.8635,50.19,0.59,0.72,3,1,33,34784,0.9513264104772231,0.053,26.4730310739264,0.58,95.57014753971514,0.25,79.56,1,385,Moderate
Brazil,South America,1,Food & Beverage,58.77999922561273,34.231194451676316,75.65886343227218,41.82837308131845,0.4049,1452.65,0.7,0.35,1,0,32,8922,0.9109127995394649,0.056,84.40834470327268,0.59,98.9014648634271,0.35,72.52,0,5130,Moderate
india,Asia-Pacific,2,Chemicals,75.61741820572784,67.71209070391275,78.28558733376478,59.674692922456956,0.1486,727.02,0.36,0.41,1,0,31,24843,0.8265655930321486,0.028,82.86758859151432,1.69,56.39173655170941,0.71,55.15,1,11264,Low
Malaysia,Asia-Pacific,1,Agriculture,62.01000136106973,57.26338283932996,48.57967717120457,48.21309709572268,0.8636,1418.21,0.44,0.26,1,0,45,44022,0.8924289339086916,0.036,33.246660640752154,1.17,90.84498551185513,0.39,73.27,1,11641,Moderate
Brazil,South America,3,Electronics,52.236980440254214,63.571704373612015,71.89234577577736,36.43668415885585,0.8914,972.11,0.47,0.25,1,0,29,10173,0.8865907749099237,0.034,77.49293096848584,0.22,100.0,0.66,66.14,2,8086,Moderate
India,Asia-Pacific,1,Agriculture,59.63281902448733,46.56386347290298,53.27388132085558,60.899738087649254,0.2498,105.54,0.6,0.39,3,0,21,45316,0.8609206915136451,0.04,38.94896672753678,0.74,92.26342344763985,0.37,63.99,2,2162,Moderate
Malaysia,South America,2,Chemicals,73.81304437632883,63.586217567247786,55.99662820281297,61.18526667322187,0.9215,950.68,0.42,0.52,1,0,12,45835,0.9648794726911215,0.034,42.16535338370698,0.87,77.7031423404697,0.22,61.36,1,6140,Moderate
Malaysia,Asia-Pacific,2,Agriculture,56.07637537693532,75.71606257450895,48.361238064397234,28.612621127343335,0.2342,743.36,0.65,0.25,1,0,12,45760,0.9444806536425182,0.043,41.054919331156135,1.4,84.46981045474784,0.62,72.71,2,6329,Moderate
China,Asia-Pacific,2,Chemicals,73.49933011405831,79.13514328570977,80.54279281300471,98.79976613525227,0.788,1368.17,0.9,0.47,1,1,8,27606,0.8534441247957953,0.031,55.4253570392417,1.13,96.39210474935099,0.61,62.8,1,1194,Moderate
USA,North America,2,Agriculture,67.2480677565984,81.88411830892998,83.92649986069925,76.14386269889758,0.1567,128.26,0.41,0.62,1,0,39,35514,0.8530718527493367,0.028,99.50743095281754,0.49,56.39618571561065,0.7,65.68,1,7908,Moderate
Japan,Asia-Pacific,3,Metals,76.36970444711218,61.827236067925035,74.06909304692698,53.945346130013895,0.8211,1063.76,0.4,0.16,0,1,11,26332,0.9612975440456278,0.022,69.00369174626027,0.2,91.78559554205258,0.65,59.29,1,8226,Low
China,Asia-Pacific,2,Agriculture,69.08646901705207,53.49149531358127,71.57300083611382,64.42830542755702,0.7429,998.19,0.83,0.22,3,0,46,23945,0.9578424783837941,0.039,59.43453386123285,0.46,100.0,0.65,47.89,1,5564,Moderate
Indonesia,Asia-Pacific,3,Electronics,59.1839240391158,79.29322478944343,79.41050288883771,60.047914496457665,0.494,159.47,0.75,0.5,1,0,7,37348,0.929340420870372,0.023,77.6402114521888,0.89,93.97547198053911,0.73,83.79,0,8185,Moderate
USA,North America,2,Agriculture,59.39778521949161,63.029031836385194,53.5059410302581,48.87387570985342,0.3575,1369.1,0.75,0.22,2,0,46,45647,0.930883217644247,0.048,64.26210534414476,1.52,73.24130291301388,0.63,60.03,2,6198,Moderate
India,Asia-Pacific,1,Agriculture,57.110988489895135,41.197505802489864,57.33506427448219,66.06257844310784,0.0952,468.66,0.68,0.65,3,0,8,35654,0.9456116675457973,0.043,67.05404795919003,0.77,93.05207710579317,0.6,54.34,2,6480,Moderate
Brazil,South America,2,Chemicals,70.7503018425937,77.47896603209657,96.46371695456861,44.804524901998356,0.7127,1229.97,0.74,0.2,1,1,15,15441,0.8819695999329689,0.021,47.680677044322195,1.12,77.34039134960432,0.14,62.43,1,7634,Low
USA,North America,1,Food & Beverage,69.51175576809767,89.64699999555678,72.8276460009258,90.31412955440817,0.1933,1008.17,0.61,0.47,0,1,12,39840,0.9669185603725362,0.036,65.16261626700789,0.73,97.41699688659372,0.61,75.66,2,9527,Moderate
China,Asia-Pacific,3,Chemicals,55.51347593713402,64.54341909433244,93.01901848215,74.80275387620415,0.3296,1174.18,0.93,0.13,2,0,34,13626,0.8306611534015739,0.034,40.31092665830811,0.43,73.88913092529424,0.76,53.26,2,7714,Moderate
China,Asia-Pacific,2,Food & Beverage,66.43260963314428,37.292267686369264,45.31217680179083,30.606355914159796,0.9242,177.48,0.76,0.27,3,0,25,49503,0.9820043813645074,0.037,76.4523220422498,1.56,72.78425523995024,0.47,70.08,2,5205,Moderate
USA,North America,3,Agriculture,60.663815948858534,72.86020482781169,97.37732727324591,78.29896968056937,0.5638,301.87,0.86,0.75,1,1,35,29012,0.8538349124759455,0.033,74.54567087690111,0.91,84.28213013561174,0.83,53.97,1,4511,Moderate
India,Asia-Pacific,1,Electronics,72.54372447237566,84.90133620438151,82.08860564902315,60.31672430961051,0.8074,1142.36,0.62,0.62,0,0,5,44893,0.9103981799207986,0.025,66.50050892913339,1.92,76.11998214979243,0.73,61.83,0,8495,Low
China,Asia-Pacific,3,Chemicals,47.91825061576418,37.41875274306322,60.96084764407631,23.671943887955866,0.329,1138.85,0.6,0.35,3,1,14,27008,0.9577482916010404,0.025,17.438750000000006,0.76,89.65385294300192,0.79,55.66,0,6299,High
Japan,Asia-Pacific,2,Metals,78.35450172217116,90.25622580795472,76.97019309150822,85.02823182167322,0.8029,206.75,0.61,0.51,1,0,24,13756,0.9169817829316946,0.036,21.698511922977453,1.35,82.84744083183313,0.49,78.54,1,6296,Low
Japan,Asia-Pacific,2,Food & Beverage,60.45132204684805,36.64051056111093,54.09979384338517,34.80746128043291,0.4901,1369.32,0.54,0.15,3,0,6,36646,0.9098735045902501,0.015,48.25424917958523,0.32,100.0,0.75,60.32,0,4305,Low
Japan,Asia-Pacific,2,Agriculture,51.425749925589685,37.18579807914644,54.88522796914157,38.421552423738376,0.9999,414.38,0.93,0.36,3,0,46,45022,0.8886955241214843,0.038,31.016660730526834,0.75,74.61186137688621,0.44,85.71,1,6016,Moderate
USA,North America,3,Agriculture,64.81798882260513,85.25541182692714,66.7817301004598,74.71309142749972,0.9257,680.76,0.55,0.64,1,0,18,22256,0.8556606784001878,0.038,75.2398854231233,0.71,69.77650902949517,0.57,55.81,1,848,Moderate
Indonesia,Asia-Pacific,1,Agriculture,79.35816156512952,74.18663333098402,95.03304471936667,69.14755007308551,0.2223,1198.7,0.79,0.56,1,0,14,27635,0.9322420528036365,0.039,79.73147618607337,1.25,100.0,0.77,62.95,1,4557,Low
India,Asia-Pacific,2,Electronics,61.86457379034455,42.07262041358944,51.6396954019815,69.02903049143984,0.0772,771.55,0.55,0.5,3,0,9,39935,0.93982000010745,0.032,78.4360084715193,1.67,77.8200144831116,0.88,86.77,2,2549,Moderate
India,Asia-Pacific,2,Agriculture,60.982850241778,34.732480699818126,56.1320694373318,31.089987356192488,0.136,970.13,0.9,0.49,1,1,32,6412,0.8918485792547763,0.053,77.87686676739952,0.88,99.76751472117827,0.81,70.37,0,3856,Moderate
China,Asia-Pacific,3,Agriculture,59.93301326099794,28.06897416097535,59.55945695853174,54.59962314243729,0.7258,946.64,0.6,0.3,3,1,33,36254,0.8988044161189778,0.049,79.90577189226975,1.04,69.50489788198041,0.65,84.1,2,5278,Moderate
USA,North America,2,Agriculture,75.90176534846916,57.67576192662658,62.01174811449857,46.77012469492023,0.3501,535.91,0.63,0.61,0,0,7,5996,0.9270957329368872,0.03,33.41050525348068,1.29,74.06436369643177,0.25,82.51,1,2659,Moderate
USA,North America,3,Agriculture,80.16719331723773,58.78419028348461,56.31030768493276,63.72305134690762,0.01,722.47,0.73,0.54,1,0,42,2089,0.8632875298691753,0.031,51.3935864761502,0.66,82.75372047832829,0.42,69.24,3,6257,Moderate
China,Asia-Pacific,2,Agriculture,60.32561101308486,62.58589858559509,55.05728597396208,79.54749359283777,0.7902,774.31,0.59,0.09,3,0,17,26048,0.8802910951512666,0.026,44.89986070381456,0.53,63.14095189720084,0.83,89.34,2,2839,Moderate
Malaysia,Asia-Pacific,1,Electronics,70.89924284423681,100.0,59.545156566528796,61.53222433210804,0.5691,187.74,0.91,0.43,1,0,35,14414,0.9162786202106654,0.029,77.59892048218174,0.84,100.0,0.58,78.24,0,7571,Low
Japan,Asia-Pacific,1,Agriculture,82.685577096718,100.0,92.05136788472767,93.78654819532103,0.9098,969.07,0.91,0.43,0,1,49,46944,0.8221277041515751,0.028,32.75856923637533,1.18,86.0086198415655,0.52,66.54,0,8760,Low
Indonesia,Asia-Pacific,2,Agriculture,58.16940588011768,40.09666549796485,56.47256621413319,74.34642391897466,0.793,1433.48,0.62,0.59,1,0,7,48599,0.8044848780737732,0.058,76.45069886682148,0.73,34.836036556659806,0.1,86.05,0,4324,Low
USA,North America,3,Agriculture,43.14086675169808,27.240724906105314,33.81160409362292,21.28508096090024,0.6101,1071.83,0.68,0.37,2,0,12,46012,0.9577027585057581,0.038,79.50245872836938,1.31,100.0,0.32,69.34,2,1984,High
Indonesia,Asia-Pacific,3,Electronics,54.99852750267537,72.3000039166304,96.85002524399778,51.54814629288879,0.4811,611.78,0.64,0.29,1,0,8,46424,0.8293050403255745,0.03,71.94097680031571,1.21,71.16812009114943,0.62,80.55,1,5073,Moderate
Indonesia,Asia-Pacific,1,Agriculture,55.856407321190694,49.28328965344268,36.0158774086904,62.984574168012536,0.9646,1208.98,0.55,0.21,1,0,10,39393,0.9620939431769133,0.049,89.21421839252798,0.81,65.2190743812796,0.38,47.36,1,11446,Moderate
Malaysia,Asia-Pacific,2,Agriculture,60.28261666549303,80.7678802725555,65.30677309353867,63.73347599012451,0.1549,784.21,0.72,0.2,1,1,15,35613,0.8973555848095542,0.004,47.77119946357825,0.79,76.177232786807,0.59,79.73,2,2359,Low
USA,North America,3,Agriculture,72.5121456851329,79.37578093456506,97.30477003598857,66.43984980950555,0.3575,771.8,0.69,0.44,1,1,15,24655,0.8042147047533905,0.002,74.22770212902807,0.85,69.47540455305192,0.14,62.31,1,6836,Low
India,Asia-Pacific,2,Agriculture,67.70849699641224,61.15135185843045,41.36011461095382,50.9453783169577,0.9352,464.83,0.76,0.29,0,1,8,46083,0.9277757995912622,0.059,68.1249506477972,0.81,68.90716248253052,0.69,89.52,1,11171,Moderate
India,Asia-Pacific,2,Agriculture,78.32714158820534,81.36884056357697,79.78825704571358,65.09318524224223,0.2676,721.53,0.57,0.52,0,1,34,10532,0.9474166278881809,0.025,56.20930087614224,1.09,96.23700023983024,0.14,51.09,1,2808,Low
Japan,South America,2,Electronics,67.28606079040367,90.18607944053474,78.12759003955905,97.79662509747229,0.5299,369.67,0.66,0.56,0,1,34,18800,0.8516948393413882,0.037,75.92625872881072,0.96,82.00399579814408,0.16,66.25,0,2998,Low
Indonesia,Asia-Pacific,2,Electronics,69.17766481386163,62.962967611868905,95.78593801277015,67.0688681661745,0.5711,1427.35,0.58,0.39,2,1,8,24377,0.9545855504131162,0.037,77.84388242453274,1.58,99.93962753563689,0.29,63.06,2,4550,Moderate
Japan,Asia-Pacific,1,Electronics,59.3618630089492,38.29174021961459,94.3236246681083,54.1486940535001,0.4604,1046.32,0.76,0.17,3,1,48,41077,0.9109406282611142,0.036,33.57048124563806,1.23,89.47735013960066,0.73,95.6,1,7756,Moderate
Japan,Asia-Pacific,2,Agriculture,87.10496917029833,100.0,89.30371765614268,74.17662124619171,0.5347,421.91,0.87,0.4,1,1,7,48310,0.8904998294523824,0.044,51.29180023674118,1.57,53.51133615776128,0.5,60.24,1,10707,Low
Brazil,South America,3,Chemicals,44.40939468117318,65.62616355064003,64.58400883095894,64.97087781072442,0.0972,919.63,0.6,0.2,0,0,31,48526,0.799335625485493,0.034,72.57600390238053,0.97,78.40953969490279,0.62,86.49,0,7280,Moderate
Indonesia,Asia-Pacific,3,Electronics,52.4714793775094,63.584717238692576,47.215973167317046,52.22779492020506,0.7871,1055.14,0.66,0.17,3,0,46,46949,0.9483295123974224,0.02,46.67806051579123,0.46,97.49530233180484,0.26,70.97,2,6174,Moderate
USA,North America,1,Agriculture,64.20564470607655,48.16965013903332,67.6371668023468,47.49152114127009,0.359,87.96,0.8,0.33,0,0,28,8202,0.9653534622756688,0.052,76.85307202124122,0.69,100.0,0.71,73.9,0,5119,Moderate
USA,Asia-Pacific,3,Electronics,56.925654211412095,51.189220788959055,49.23262908794883,68.13575586411258,0.428,964.01,0.78,0.03,3,0,48,18992,0.9256392576414143,0.052,72.5550785264148,1.5,66.76755256632705,0.42,79.95,0,8114,Moderate
Brazil,South America,2,Agriculture,57.97866338394685,68.79438218147229,55.73572459641636,30.288208866027652,0.2236,1152.4,0.5,0.36,0,0,22,30639,0.8969666081980187,0.038,45.02927877708109,1.23,99.82450802416976,0.49,75.9,1,6248,Moderate
India,Asia-Pacific,2,Agriculture,73.78214082989206,77.31901021143838,70.24400663365176,53.493695317769244,0.2319,118.83,0.42,0.27,1,1,29,34557,0.9447568358713238,0.027,96.34810360569328,0.25,72.0929383318144,0.82,73.86,0,3133,Low
Indonesia,South America,3,Electronics,61.085542607393585,39.79662076370459,93.89706583604716,60.57983169892613,0.063,252.35,0.7,0.36,1,0,29,37698,0.9027024955402293,0.034,62.09493240638803,1.21,71.86409802772863,0.16,86.35,1,5580,Low
Indonesia,Asia-Pacific,1,Agriculture,55.924714416977096,59.011814859976624,43.74618777123974,70.2489924964084,0.7375,1204.71,0.42,0.19,3,0,10,29856,0.8312657220174109,0.041,79.75753365944057,0.41,64.82767614386427,0.73,79.15,0,5195,Moderate
China,Asia-Pacific,2,Electronics,70.1447229248355,57.006605519191254,74.81243444220385,55.73052253515738,0.7109,775.37,0.51,0.63,1,1,47,4843,0.8936105456508661,0.042,35.48657649631614,0.85,74.81736622570772,0.72,59.54,2,6068,Moderate
Japan,Asia-Pacific,3,Electronics,64.50294296117384,89.16645788236718,29.016005613198693,75.95022012278817,0.8646,1113.82,0.75,0.2,0,0,36,21523,0.9125125518372099,0.048,80.09747546829533,0.56,86.16277505742525,0.78,85.05,0,7031,Low
Brazil,Asia-Pacific,1,Agriculture,67.10283425306163,61.21710399664201,63.68361514450342,69.21057722985559,0.352,186.09,0.62,0.03,0,0,32,11709,0.7964347961629952,0.044,67.58088827630043,1.31,92.18150074644606,0.35,86.03,2,5693,High
USA,North America,3,Agriculture,61.97270601370998,32.93010615100161,59.793430346444545,54.243272780967,0.7097,384.79,0.53,0.31,1,0,18,28575,0.8684700457475634,0.033,70.40665141548644,0.42,82.3095813164908,0.8,60.56,2,8567,Moderate
Brazil,South America,2,Agriculture,85.8733442986828,53.99467358937031,57.62953448374613,48.768655740479254,0.8647,256.2,0.56,0.53,2,0,7,20138,0.945196275262977,0.011,74.06843278211119,0.24,93.99155368416552,0.32,64.17,0,8048,Moderate
Japan,Asia-Pacific,2,Chemicals,77.37700060895742,94.44702398049904,75.28626902102108,95.85227504389557,0.3369,469.91,0.4,0.58,1,0,31,30153,0.8666157442939307,0.023,91.21351058256582,1.36,99.45086200531604,0.5,47.31,1,9600,Low
Malaysia,Asia-Pacific,3,Agriculture,81.70364975622142,50.17413145388986,73.81532268210938,67.775905035683,0.83,313.47,0.9,0.16,2,1,45,17892,0.9369701847574664,0.019,81.47724726122739,1.21,68.61810100026318,0.28,74.59,0,5745,Low
Malaysia,Asia-Pacific,2,Chemicals,76.9961526064712,28.164522826737986,45.765236290848364,32.76541030744433,0.9128,1228.64,0.69,0.11,1,0,32,11298,0.8908329882240105,0.059,35.49894775593775,1.42,90.80584559742526,0.29,76.0,1,6561,Moderate
Brazil,South America,2,Metals,83.07668999184976,66.85332077677789,35.7315594247355,50.922536252903,0.187,384.63,0.65,0.49,0,0,17,10474,0.9400109626003177,0.04,78.79553555104957,0.2,100.0,0.62,67.49,1,1071,Moderate
malaysia,South America,2,Agriculture,61.86335351101101,74.17331293062384,78.96681449483383,54.889367615887096,0.8162,388.05,0.93,0.29,1,0,27,39530,0.8553692336656527,0.046,68.9883412017183,1.9,68.25618685490682,0.62,73.42,1,2814,High
India,Asia-Pacific,3,Metals,81.47507921251147,54.281036025976604,51.372846329578756,50.212422174386866,0.9476,1051.0,0.5,0.68,0,0,19,40708,0.8939907878931536,0.012,27.015138885865987,0.72,74.49512882945488,0.13,83.6,2,3507,Moderate
Malaysia,Asia-Pacific,2,Agriculture,37.365,19.83773049148964,34.241509241479136,20.020000000000003,0.2398,1313.2,0.77,0.2,0,0,21,24491,0.9357361905850603,0.046,24.65561379880788,1.07,73.3839671000198,0.39,58.91,5,6862,High
Japan,Asia-Pacific,2,Chemicals,55.220802209192314,74.73315673134557,78.54342923295681,62.731559132533604,0.3945,249.2,0.59,0.19,3,0,28,21198,0.9289727831809006,0.021,33.2532863618401,1.56,62.28226727219298,0.36,77.05,2,2842,Moderate
India,Asia-Pacific,1,Metals,75.04148222322627,59.66535784372695,93.85044404088087,77.4909954956105,0.9113,1202.03,0.58,0.04,3,0,30,9291,0.9602072222280518,0.034,66.5796527765484,0.64,100.0,0.84,76.31,0,5208,Low
China,North America,3,Chemicals,53.629849820566136,58.08767061169249,47.306117188580465,46.9284590578194,0.4393,173.41,0.54,0.19,2,1,8,21173,0.8418455582405298,0.033,35.96952555893135,0.9,76.65412994685258,0.45,67.42,0,10283,Moderate
Indonesia,Asia-Pacific,2,Agriculture,70.98952398462724,62.64194383268464,52.438385154819045,53.429260513280035,0.5303,934.32,0.53,0.29,3,0,28,44855,0.8887335715230432,0.027,61.693709710102056,0.3,75.82027523743007,0.86,74.07,1,3920,Moderate
Brazil,South America,1,Metals,58.924442046468094,66.35896321136208,60.419871188052696,65.34245444103962,0.5524,1002.92,0.8,0.66,1,0,47,36886,0.85917554520181,0.03,84.17342562740362,0.39,87.97005685123753,0.59,84.3,0,2964,Moderate
USA,North America,2,Agriculture,66.48691131166657,30.937102652162956,60.241498896095656,85.39520799459048,0.3248,1144.07,0.92,0.36,1,1,30,35720,0.8398059362380252,0.047,46.57249122487111,0.24,93.7344305830705,0.23,73.48,0,5172,Moderate
Indonesia,Asia-Pacific,2,Agriculture,67.47201906488489,48.23284592772225,56.72846632737877,72.95182255509651,0.1105,315.03,0.41,0.16,1,0,17,27467,0.9250957276549655,0.038,77.6913082830806,0.57,74.24225820523574,0.5,72.38,2,5082,Moderate
Indonesia,Asia-Pacific,2,Electronics,60.54851300392967,66.27253838109338,32.78038612405094,49.050894544251435,0.973,1160.03,0.69,0.68,1,1,34,33504,0.8444896390603571,0.058,82.55491634152098,1.43,86.37360740570095,0.67,50.26,2,9261,Moderate
Japan,Asia-Pacific,3,Electronics,74.1372015548911,90.83511321336275,80.33629219146519,80.36522731286922,0.3605,1410.38,0.65,0.35,1,0,6,37049,0.9612290426826063,0.037,77.56729433043238,0.32,70.81847343195977,0.52,84.38,0,3755,Low
Indonesia,Asia-Pacific,3,Electronics,75.28666858832108,85.9368903415677,79.65844837429113,53.84644341833064,0.1093,832.82,0.62,0.53,2,0,32,44856,0.9084625127504811,0.007,22.91755861451854,0.58,55.80747184813023,0.12,73.03,0,8040,Low
Brazil,South America,2,Metals,67.49326849615461,74.86618291592907,91.38129196877823,59.947222384507924,0.4662,127.6,0.65,0.23,1,0,8,27439,0.8818660104656104,0.035,82.20463054151625,0.22,66.65580514048325,0.47,52.11,1,5582,Low
india,Asia-Pacific,1,Metals,66.9120886784804,35.89722609554704,46.531581730375564,53.14101108131983,0.1886,1364.4,0.57,0.4,3,1,22,33129,0.8909721373389078,0.045,64.25332939013556,0.63,100.0,0.31,48.22,1,8417,High
USA,North America,3,Agriculture,72.2419760697267,91.59201595684506,81.5184139256198,46.330362351166634,0.7562,1347.08,0.52,0.86,1,0,47,12558,0.9014576452949336,0.032,29.65668284822513,0.96,91.08890743826558,0.35,61.95,2,9348,Low
India,Asia-Pacific,1,Agriculture,58.66703658884171,34.77514920245639,52.50962706442759,30.362055607436666,0.62,97.88,0.48,0.41,1,0,19,25895,0.8598726021352641,0.053,74.24154134276434,1.63,95.4725990199757,0.43,83.96,1,8711,Low
USA,North America,1,Electronics,73.42733206995241,86.65610545956442,86.06522685366767,68.36346922979476,0.2727,359.19,0.98,0.0,2,1,31,28269,0.9405570730714204,0.048,63.64694366133693,0.35,95.20611247122761,0.78,49.37,1,3165,Moderate
Malaysia,Asia-Pacific,2,Chemicals,45.60523525227963,31.675340585695658,58.608540790722984,61.710100526010756,0.4855,1359.97,0.69,0.05,1,0,8,46417,0.9072509895556439,0.037,42.89158765337276,1.23,93.56484672650859,0.16,51.94,2,7107,Low
usa,North America,2,Agriculture,59.578918123797955,63.7225745465487,42.94845224203437,45.93149677582069,0.089,1228.24,0.6,0.03,3,0,12,49982,0.8789144600680385,0.041,69.21120790183748,0.96,63.060281218851436,0.6,81.92,2,10050,Moderate
China,Asia-Pacific,3,Agriculture,53.78604213343426,64.64150636787929,44.531596432717954,51.876203920057,0.8319,785.11,0.98,0.39,1,1,31,7461,0.9477020114994806,0.025,67.17332284260998,1.19,86.20777490986198,0.7,56.01,2,5627,Moderate
Brazil,South America,2,Agriculture,59.900532515450614,55.14758803099507,55.986074421246414,43.8317256609323,0.2436,602.83,0.54,0.19,3,0,5,47076,0.8864873183479575,0.049,84.65096201375718,0.72,74.1712126337878,0.49,76.98,2,6037,Moderate
Indonesia,Asia-Pacific,1,Metals,70.93176707166344,67.74327002338022,76.06537439254217,70.12467795898102,0.7857,347.01,0.59,0.79,2,0,32,38487,0.8932847159801929,0.02,75.70745343477972,1.35,71.398212440649,0.51,68.78,1,6437,Low
Japan,Asia-Pacific,3,Agriculture,54.90055820817142,57.89482013613892,96.86047006376316,74.64988444017796,0.6865,954.61,0.7,0.26,0,0,28,9097,0.9320393206722823,0.026,27.16980222337498,0.71,95.6545561812974,0.44,52.67,1,11008,Moderate
India,Asia-Pacific,3,Agriculture,55.949048013359324,42.84919689056663,65.83234422723078,61.863892492912896,0.9066,277.01,0.72,0.51,0,0,27,46869,0.8424928464854796,0.04,42.703839841427026,0.72,73.96943464553796,0.58,82.07,0,2153,Moderate
Japan,Asia-Pacific,1,Food & Beverage,79.05987453022199,60.02886611824084,64.82167548499785,82.1628590249076,0.0705,1128.29,0.57,0.21,2,0,15,12870,0.9044737998026408,0.036,39.48502618095133,0.92,75.68930662562896,0.69,72.07,2,2985,Low
USA,North America,2,Agriculture,58.65162046569267,88.84296488761748,80.4935169101027,91.80205666585081,0.0789,928.72,0.61,0.72,2,0,31,45362,0.9134128427910397,0.035,77.58189583774413,0.89,75.00017417942537,0.73,76.72,1,3489,Moderate
China,North America,2,Agriculture,38.37010459692227,58.461466028039474,57.97530016448175,51.928175853605374,0.6987,980.14,0.52,0.26,1,0,11,33547,0.8750478418123443,0.015,38.70945231071789,0.87,94.3921138955639,0.15,71.42,0,854,High
Malaysia,Asia-Pacific,2,Food & Beverage,53.978350770342324,65.37429503764719,50.02169994572938,48.18124682123251,0.7677,1223.37,0.54,0.37,3,0,10,9619,0.9334139611717956,0.049,80.34714199587425,0.57,96.82408536377173,0.47,92.33,1,4604,Moderate
India,Asia-Pacific,1,Agriculture,49.392086675028594,37.8882896445896,69.29291846468324,54.683513275279665,0.4266,964.81,0.65,0.58,0,0,21,33304,0.8308420733002526,0.037,86.83680650104057,0.75,57.42726274071598,0.79,80.43,2,3498,Moderate
India,Asia-Pacific,2,Agriculture,76.21847492616158,100.0,87.58800561652797,81.46352362444344,0.2838,805.44,0.58,0.57,3,0,12,18619,0.860844916967458,0.017,42.20138205058309,1.3,91.93911629212162,0.15,83.79,1,3068,Low
Japan,Asia-Pacific,3,Metals,70.05310560117623,40.040199562013875,46.118387112304184,61.668921741299094,0.8717,1085.62,0.69,0.17,3,0,13,3142,0.8034657564061012,0.058,75.49462102243143,1.41,95.11308709551687,0.15,71.36,2,3515,Moderate
Indonesia,Asia-Pacific,2,Agriculture,52.43717672724206,30.669913666381504,45.78766605048171,45.52624178370772,0.0959,783.09,0.37,0.18,1,0,6,10300,0.8395560561407175,0.037,54.98589510651573,1.49,75.49564357738466,0.82,74.8,2,5121,Moderate
India,Asia-Pacific,2,Agriculture,63.38898904866749,40.65766379195907,78.8344542343075,74.67692386493187,0.4158,820.18,0.67,0.46,3,0,16,21553,0.857633223562711,0.045,68.58446605783004,0.5,67.33297560101907,0.48,75.41,1,5633,Moderate
Brazil,Asia-Pacific,2,Agriculture,55.45442028174008,44.26257430652979,54.19442291668692,47.8847889216513,0.6412,350.92,0.76,0.76,2,0,28,20653,0.8809420131370423,0.036,77.22104006498903,0.56,94.36384807017976,0.15,47.97,2,1880,Moderate
Indonesia,South America,2,Agriculture,54.62187787312898,50.32417822537292,52.176110071362984,51.22800334244952,0.2299,1322.18,0.59,0.47,2,0,45,20328,0.8109787437130116,0.04,77.34173162883125,0.66,86.68811660786005,0.38,62.87,2,7841,Moderate
China,Asia-Pacific,3,Agriculture,45.54560196364453,62.30838380679202,54.35616034404164,51.75949043088733,0.8402,138.74,0.58,0.16,1,1,11,32349,0.8473509828889585,0.019,81.23658841523542,1.63,78.30335355613094,0.13,82.58,2,5107,Moderate
Brazil,South America,2,Agriculture,72.14293521091093,85.66452425108776,55.22368479439147,64.94619665635788,0.06,98.86,0.54,0.52,0,1,19,40570,0.8124891951495655,0.032,75.3554389900587,0.26,66.89552290997456,0.68,58.61,0,11047,Low
Indonesia,Asia-Pacific,3,Electronics,60.37125224584813,56.9720488569741,38.96225723034406,39.509039800992554,0.63,84.34,0.84,0.27,2,0,15,32461,0.9000233299579488,0.035,80.48957620301069,0.89,84.05429894062692,0.65,56.28,2,6230,Moderate
USA,North America,1,Agriculture,55.605048520841365,75.3630238416913,57.93285718130889,48.27500649320632,0.9302,600.86,0.53,0.34,1,0,39,13838,0.8686652277197274,0.032,66.84937311674872,0.86,97.97999262620041,0.85,70.58,1,4406,Moderate
Malaysia,Asia-Pacific,1,Metals,64.75377521062076,88.49311479130729,94.87815092817227,46.234958349248814,0.9176,458.92,0.77,0.24,2,0,12,42151,0.9449653639887985,0.04,38.98342594594036,0.53,80.25901714457396,0.29,47.14,1,7122,Low
USA,North America,2,Agriculture,72.07114929940751,63.87419265907448,82.62375574660332,50.86399358572905,0.3793,1049.92,0.51,0.35,1,1,34,25901,0.9495653814716133,0.048,43.90333496303358,1.02,66.11970704410835,0.34,68.08,2,5464,Low
Japan,Asia-Pacific,3,Agriculture,63.79820716809498,80.6883222424088,63.332941149924324,91.62854722464554,0.7242,1007.28,0.45,0.34,2,0,26,13547,0.8717059509304372,0.034,57.103009588660875,1.06,79.81860360087133,0.26,83.93,0,941,Low
Malaysia,Asia-Pacific,2,Metals,56.71192915100057,46.620029366549126,33.64287303779206,45.00386641739223,0.3331,139.73,0.51,0.1,1,1,33,46400,0.9456099555845577,0.042,97.42004384722121,1.28,64.15759707212116,0.1,62.54,2,6421,Moderate
India,Asia-Pacific,2,Food & Beverage,37.365,30.580148518925974,77.87013576263536,36.22222464897201,0.1391,536.63,0.94,0.59,3,0,26,11366,0.8410133043152269,0.058,30.25473434011211,0.2,80.28006094173139,0.85,61.67,1,6930,High
Indonesia,Asia-Pacific,2,Agriculture,63.894077801325125,66.5716557054399,42.03329392130545,43.61396036267236,0.4163,918.91,0.35,0.33,1,0,25,46853,0.8900268406052351,0.035,86.88803008152411,0.64,56.57967033120107,0.34,63.47,2,5715,Moderate
Brazil,South America,2,Chemicals,58.17933026296815,76.10576969713682,46.43430464559928,46.65497444447205,0.2109,732.79,0.5,0.31,1,1,7,3220,0.8186779930645823,0.046,97.16265166824027,0.75,68.249726878196,0.52,73.34,2,5446,Low
Brazil,Asia-Pacific,3,Chemicals,70.78454159509344,85.16078863889388,71.21804984421546,61.90365098883562,0.8711,916.5,0.69,0.28,1,1,36,13146,0.8747942114978056,0.03,86.71823694803703,0.23,100.0,0.66,50.13,0,11199,Low
Indonesia,Asia-Pacific,2,Electronics,76.56751728462339,69.47786803886984,74.44563179857366,66.66139383973646,0.2495,940.18,0.3,0.17,3,1,48,35575,0.8525432396357057,0.042,56.43311043529107,1.2,72.86557080900366,0.79,95.46,1,6404,Low
Malaysia,Asia-Pacific,3,Food & Beverage,56.89873502306877,59.85239038255827,43.956545595754875,26.224924810202822,0.1257,228.18,0.59,0.48,1,0,10,18309,0.9369166502346763,0.042,71.8399282692068,0.83,94.24360968811179,0.45,60.92,1,7210,Moderate
USA,North America,3,Agriculture,66.04095723532956,54.08953649621794,49.92835419575944,40.82762061950868,0.5731,1110.53,0.78,0.37,1,0,34,39954,0.941866459369575,0.046,41.11008578904762,0.72,59.4761377031511,0.71,87.82,2,5962,Moderate
Brazil,North America,1,Agriculture,58.30585106914559,77.65109045988731,48.07790147296223,46.511696256708724,0.0897,949.16,0.75,0.26,1,0,9,14420,0.9263085470332403,0.021,30.25675006299716,0.86,76.35653461555715,0.82,75.22,2,3965,Low
India,Asia-Pacific,3,Agriculture,51.62725300628136,66.68337123306792,59.51924151306473,53.607945693165604,0.4874,1166.04,0.43,0.17,3,0,26,35322,0.874944900212272,0.03,22.8219791299361,0.5,82.82071591860694,0.15,54.26,3,3675,Moderate
Indonesia,Asia-Pacific,2,Electronics,50.169950275858305,86.29494575554556,39.456075596182956,53.060470032929196,0.9176,988.18,0.3,0.27,0,1,24,45780,0.8599745845555565,0.049,74.04236390982477,1.33,85.6263174981251,0.72,64.32,2,7909,Moderate
Brazil,South America,2,Chemicals,66.52847508915958,29.838486376478503,52.883929100271516,49.03675227240248,0.4893,409.81,0.46,0.3,1,1,23,22484,0.8103101532740717,0.053,77.8357515140055,0.2,69.49716277888766,0.16,68.13,2,2535,Moderate
Japan,Asia-Pacific,1,Chemicals,75.44839563025447,83.37766044608766,83.60408613500753,82.5941755572971,0.2282,617.87,0.35,0.3,0,0,48,8813,0.8505191059598087,0.036,76.27170115177417,1.37,71.68165731351854,0.47,81.55,1,11258,Low
USA,North America,2,Agriculture,60.05034639145524,79.23294879062894,57.454204317025344,42.350814988468855,0.5164,1017.12,0.42,0.48,3,0,30,40568,0.8633604381089273,0.057,78.50964617357909,1.03,59.59043087212163,0.6,72.37,2,6911,Moderate
USA,North America,3,Agriculture,81.58760311321741,79.03415852191422,88.1952763730527,48.88393271828951,0.2425,428.42,0.54,0.05,1,0,8,44572,0.8686523547153805,0.027,31.81250971388074,1.38,66.85360003761599,0.17,77.03,1,5866,Low
USA,North America,1,Agriculture,67.99377313187127,65.95397575629437,70.93787652950631,50.267839657986244,0.237,1071.09,0.98,0.75,1,0,39,16248,0.9515588502687384,0.029,72.95030276532786,1.13,79.15493054481907,0.47,81.23,2,6028,Moderate
Indonesia,North America,2,Agriculture,50.150639599351344,49.04646460989819,55.733297793004496,39.93501475621202,0.8064,136.19,0.73,0.44,2,0,13,22183,0.867275074832829,0.023,48.50874026646685,1.18,73.1301909904158,0.71,83.43,2,5431,Moderate
USA,North America,1,Agriculture,63.856902414883294,59.493189585325915,67.21858767389688,42.35526454999158,0.2721,222.47,0.47,0.28,2,0,16,27805,1.0,0.021,63.699183186503745,0.31,66.9221256470294,0.33,82.01,1,11841,Moderate
Malaysia,Asia-Pacific,3,Agriculture,62.846390747925795,34.21075095635907,48.98843311207465,43.718721648655674,0.1644,1148.07,0.85,0.62,3,0,19,45157,0.8526706224609001,0.039,17.438750000000006,1.21,61.47731959200564,0.86,74.11,0,9840,Moderate
India,Asia-Pacific,1,Metals,47.333343016285106,61.54899686507039,51.63087429286293,48.405954706999935,0.2815,996.13,0.73,0.56,3,1,28,48509,0.8591183841283114,0.07,70.27623547434635,0.24,89.08850438694994,0.88,65.09,0,4355,Low
USA,North America,3,Chemicals,62.39212505638945,38.236576780041645,88.88679326989961,74.81039689224068,0.941,212.09,0.89,0.46,3,0,5,31359,0.9573547808342737,0.038,66.14734569913061,1.68,73.62013168584494,0.11,67.1,2,1754,Moderate
India,Asia-Pacific,2,Agriculture,73.014664233916,48.46682376726476,79.98043336681103,66.0689083476546,0.9396,146.42,0.48,0.35,3,1,36,5540,0.958652602119574,0.029,97.94359806109064,1.02,90.55277039696111,0.38,70.46,2,1934,Moderate
Brazil,Asia-Pacific,2,Agriculture,71.99146884907454,89.05696746228254,73.33302106739485,81.7645988044659,0.2557,1364.23,0.64,0.34,0,0,25,12817,0.780682145381299,0.042,29.11628539274726,1.05,72.71772731190676,0.77,62.53,0,9176,Low
Malaysia,Asia-Pacific,2,Agriculture,51.149660648564776,52.107252155738536,59.35321385449011,39.98857542463024,0.2227,1053.59,0.54,0.53,0,0,42,12107,0.8344338179339179,0.064,23.555373799675177,0.9,72.10702733460572,0.12,67.39,2,6190,Moderate
usa,Asia-Pacific,3,Agriculture,62.229557587070566,59.357615394935486,67.36380725955023,68.46422465223381,0.8891,132.63,0.51,0.45,1,0,24,15358,0.8706331524555371,0.047,24.518996744039576,1.53,59.245289297218356,0.72,56.54,2,5396,High
USA,North America,2,Agriculture,74.8393240758232,89.96254662986499,87.27955303014019,69.9386843210037,0.248,1439.97,0.55,0.29,0,0,34,10749,0.9565127885963178,0.061,80.41226395037967,0.74,66.70781352331996,0.14,100.0,1,9065,Moderate
Indonesia,Asia-Pacific,1,Electronics,75.93254444456949,50.073759584021325,80.44257955832569,62.09424421185685,0.8523,843.93,0.45,0.53,0,0,29,41364,0.871924501255876,0.049,39.940969159234356,0.98,57.541252310521635,0.79,77.72,2,6210,Moderate
Malaysia,Asia-Pacific,2,Agriculture,66.74379966871979,64.16409766045328,84.04533488326628,61.865197614193825,0.4121,1059.02,0.7,0.1,3,0,26,12472,0.8480792326948905,0.039,75.68307433827763,0.2,75.37351199524043,0.1,82.24,1,3111,Moderate
Japan,Asia-Pacific,2,Agriculture,60.49575720592125,61.73676128577401,54.071401934461925,58.785579055692516,0.2167,818.98,0.3,0.52,1,0,9,25090,0.9002752469788964,0.025,56.09421696123529,0.54,87.2671428212622,0.85,99.77,0,8607,Moderate
Indonesia,Asia-Pacific,2,Chemicals,60.802170577024086,61.334855283630276,47.417451382639044,44.927419347745314,0.8865,1129.04,0.76,0.29,1,0,16,10447,0.8288358535136213,0.06,24.672156714133422,0.7,90.21653129468402,0.81,82.21,0,5085,High
USA,North America,2,Chemicals,58.04291700032487,55.126952341255894,70.86373464324875,63.16932749185747,0.813,180.33,0.73,0.21,3,0,7,34096,0.9568924345501647,0.025,32.30434235113709,0.73,96.9778200081602,0.54,54.36,1,5706,Moderate
Japan,South America,3,Chemicals,69.7323776723817,84.17768801732335,74.83456575974344,84.38866388027779,0.4384,459.57,0.5,0.3,2,0,35,4062,0.9175540043240887,0.037,98.74886268801633,0.53,71.75522685622784,0.65,73.52,0,2388,Low
India,Asia-Pacific,3,Agriculture,69.88861385511406,43.48043330514649,47.26053163986142,52.1249540675079,0.4235,814.09,0.56,0.65,3,0,35,26505,0.8913377326963762,0.038,69.95382601151859,0.58,89.00871426113133,0.63,73.17,1,663,Low
USA,North America,1,Agriculture,45.04666163567693,31.153750103395666,30.98446974638357,51.003430794755616,0.9515,765.05,0.42,0.09,3,1,37,31767,0.8477167269071773,0.03,17.438750000000006,0.61,67.90696526221484,0.8,73.91,1,2417,High
Japan,Asia-Pacific,3,Electronics,82.47817259806416,100.0,82.82932420988247,83.34134839957756,0.1866,750.94,0.88,0.37,0,0,36,25604,0.8413452664557953,0.031,57.76550339371452,1.38,53.8460906630723,0.14,70.25,0,10052,Low
Indonesia,Asia-Pacific,2,Agriculture,56.97375807327169,62.74441465477754,79.5364905356834,62.99409265418609,0.6059,482.46,0.59,0.52,3,0,24,12089,0.8526140494737481,0.038,55.59639240960827,1.38,88.65528324660542,0.53,77.31,1,7389,Moderate
India,Asia-Pacific,2,Electronics,39.545907577010965,43.754518358599036,44.900675522789946,42.02849693053318,0.0604,1406.97,0.9,0.16,1,0,13,45664,0.9352743032966115,0.002,26.096537192392386,1.64,65.14187445143509,0.5,70.1,3,11639,High
Malaysia,Asia-Pacific,2,Agriculture,58.79872309267913,44.36808192892124,67.94073084351804,46.02220713204344,0.6482,268.46,0.42,0.4,3,0,17,41786,0.9783799782121636,0.035,88.6032843575446,0.6,100.0,0.74,82.99,1,3792,Moderate
China,Asia-Pacific,2,Agriculture,61.47418954828056,60.19992154742478,66.71895469341392,52.62844503829168,0.6894,1130.88,0.43,0.53,2,0,11,30054,0.9505141315142676,0.037,59.91772670305292,0.86,59.26705668615267,0.19,73.61,1,4134,Moderate
Indonesia,Asia-Pacific,3,Chemicals,49.35251756742231,61.15063227393047,84.5057210727965,53.55425423789881,0.6137,919.74,0.69,0.27,0,0,21,32216,0.8295050974935055,0.007,36.8220750227695,0.51,94.95080562248864,0.31,60.8,0,8118,Low
Japan,Asia-Pacific,2,Agriculture,74.20988246986333,87.66050582259889,86.45714755123218,74.42678038365673,0.0387,1458.78,0.61,0.19,0,1,17,23618,0.8427272949641689,0.049,41.317864691988774,1.46,72.86715711068796,0.13,73.09,1,2452,Moderate
China,Asia-Pacific,2,Metals,52.8041225781217,73.8126662241957,74.84695169580127,65.4342798951351,0.9023,1046.17,0.56,0.5,2,0,26,22418,0.9230250934906165,0.047,96.33112763234158,0.87,69.45363476094583,0.53,58.1,0,2901,Low
Brazil,South America,2,Chemicals,84.1512045887304,78.1136396017841,57.333857842827065,90.40791057640374,0.0444,1040.98,0.5,0.34,2,0,18,20157,0.8356566364482934,0.042,31.117711953579004,1.15,100.0,0.33,82.83,0,5883,Moderate
Brazil,Asia-Pacific,2,Metals,79.134561666488,83.25822551295805,71.53624423770097,75.55324013037281,0.2,994.9,0.79,0.46,1,0,25,46739,0.804488561093046,0.037,41.25898463638276,1.14,78.09723381861595,0.1,79.37,1,9048,Low
Brazil,Asia-Pacific,2,Electronics,70.25202312237388,53.83007680435158,41.46003546695485,43.38982993928914,0.5415,957.27,0.93,0.49,1,0,15,34938,0.8539108132427505,0.006,35.443568013521286,0.87,97.12242833800586,0.28,97.68,2,7531,Moderate
USA,North America,2,Agriculture,87.72500000000001,67.6636382889039,88.74644171520812,72.59679600819521,0.01,728.57,0.5,0.34,0,0,22,46085,0.9431692651462281,0.034,65.67408762513882,0.5,71.10357708446035,0.53,84.71,1,5969,Low
Japan,Asia-Pacific,1,Agriculture,69.56125972552711,60.325962669825316,42.81598637002466,50.132999249708085,0.6479,50.19,0.54,0.31,3,0,10,26280,0.9482424538764774,0.026,91.89163621267666,1.98,77.8348386609272,0.18,81.36,2,9612,Moderate
India,Asia-Pacific,2,Agriculture,51.676408685262274,47.45640985889117,64.4838491126429,77.525825155334,0.802,161.09,0.71,0.63,1,0,5,10158,0.9373048464474546,0.034,37.80355893917556,0.2,100.0,0.52,45.27,1,10992,Moderate
Brazil,South America,2,Agriculture,60.777561004052636,66.56655812845885,69.54046561156593,75.67138052784867,0.6178,1211.15,0.57,0.34,2,0,26,29173,0.8460312747327045,0.028,80.58981996103637,0.75,66.2476348341374,0.62,83.47,1,7908,Moderate
Brazil,South America,1,Agriculture,48.37315782669335,62.39609546458925,54.48129945849611,49.18857904519565,0.1982,220.12,0.66,0.01,1,0,23,44842,0.8909287756794961,0.036,81.10348399549754,0.88,96.69435725276848,0.45,89.78,2,599,Moderate
Malaysia,Asia-Pacific,2,Electronics,59.12303890338502,50.95905731183085,50.51966757684794,46.002605918915485,0.8255,1218.95,0.79,0.54,3,0,10,13438,0.8358595505831571,0.038,34.54091097749445,0.7,88.04670734118712,0.66,61.82,2,5597,Moderate
Brazil,South America,2,Electronics,58.85752073930681,63.16052049225865,52.35767881364971,63.20380857433385,0.3962,990.5,0.38,0.57,3,0,30,44798,0.9155516138565122,0.04,67.39444967995365,1.35,61.91410296760911,0.57,55.79,0,7751,Moderate
China,Asia-Pacific,3,Metals,72.13982333611378,87.04245184936758,54.440499155393454,54.190222688851925,0.906,777.9,0.73,0.35,3,1,35,4356,0.9671636567022245,0.035,44.39253236105766,1.09,69.53662805453158,0.12,74.49,0,2608,Moderate
China,Asia-Pacific,2,Food & Beverage,53.7951996203137,55.93015224353262,37.28237997966084,41.445070233326604,0.7605,1136.62,0.9,0.28,3,0,8,35154,0.9050706068526233,0.039,76.31382213408381,1.27,92.84342132918488,0.63,82.56,1,2166,Moderate
Indonesia,Asia-Pacific,2,Chemicals,77.07591499231984,75.8440874041223,99.13777664318961,90.92520552573988,0.9313,1133.92,0.71,0.38,1,0,30,5830,0.8952169690547148,0.039,33.25141660401835,0.85,75.90687637419735,0.2,69.69,0,5181,Low
Indonesia,Asia-Pacific,3,Agriculture,57.07009160483667,74.78849885259422,56.9680870954808,56.98264156202767,0.9066,197.04,0.74,0.37,2,1,21,21172,0.8999508308425811,0.043,68.52275968886649,1.69,82.18061910769977,0.69,83.54,1,5979,Moderate
china,Asia-Pacific,2,Food & Beverage,67.42937657655958,60.23391994030514,82.33876604908929,53.72299773123089,0.7724,929.75,0.92,0.64,0,0,19,24064,0.8595805510644646,0.032,81.82994623616268,0.23,75.50517477508961,0.36,69.82,1,6523,Low
China,Asia-Pacific,3,Electronics,49.34779275177387,81.65081360425674,69.57366354967961,51.335273220907624,0.9124,1116.05,0.51,0.38,0,0,22,40898,0.9145556959011407,0.017,58.32802452181768,1.08,79.30779461913147,0.67,52.28,1,11353,Low
Brazil,South America,1,Agriculture,63.03436410334974,62.44582869767704,50.11922124278144,42.384718168041516,0.8762,519.86,0.66,0.26,1,0,33,11912,0.9329936763241581,0.043,68.13678235805617,1.35,77.55333852383157,0.45,56.27,2,6595,Moderate
Malaysia,Asia-Pacific,3,Metals,61.489644921028756,69.98304544277204,50.36492596063813,48.79330434636442,0.7386,1042.78,0.45,0.4,1,1,16,13981,0.9425343184716779,0.026,76.87536975108756,0.67,89.60101602766775,0.82,98.53,2,5023,Moderate
Indonesia,Asia-Pacific,3,Electronics,61.02574832557069,68.76144753942913,75.75618574965053,59.56708497491895,0.3095,1059.46,0.58,0.02,1,1,35,35557,0.9196254759546204,0.041,33.926113023697,0.71,61.17052621832066,0.3,54.2,0,11336,Moderate
China,Asia-Pacific,1,Agriculture,57.75381643235473,70.16926147995858,47.366750246644735,55.54498412485915,0.4958,157.45,0.82,0.13,1,0,12,47493,0.8861660996654175,0.019,39.32268211198101,0.8,62.74440067466992,0.78,51.38,2,5254,Moderate
USA,North America,1,Agriculture,57.175454970108845,87.10834005171564,56.675809996017804,49.05959675770323,0.9098,116.35,0.69,0.32,1,0,34,13067,0.9586842679469251,0.027,52.10836774726188,1.12,100.0,0.23,97.03,2,8876,Moderate
Brazil,South America,2,Agriculture,81.57273587286878,83.4343902506146,78.02392832420935,42.542346644351646,0.6464,1076.03,0.5,0.33,1,0,5,10760,0.918167582994479,0.028,83.5914626699875,1.12,51.63191925820026,0.63,46.18,1,6158,Low
Brazil,South America,2,Agriculture,74.88500877345052,80.08379244544244,65.0381896155507,51.13555107696144,0.9237,435.16,0.43,0.59,1,1,32,18877,0.8633319329037701,0.034,85.48668439377376,0.83,56.590158774130515,0.2,71.69,1,4026,Moderate
Malaysia,Asia-Pacific,3,Agriculture,59.97107691863395,47.11963567472298,44.24141154970525,61.143212164402726,0.3675,1329.68,0.71,0.5,1,1,15,46367,0.9607652463051337,0.05,71.59941593732313,1.47,73.70145142149235,0.51,65.92,0,2318,Moderate
Brazil,South America,2,Electronics,58.20512857830415,56.61880426059984,49.658779562495106,28.408171786966257,0.7325,233.65,0.63,0.27,1,0,21,5060,0.9566264127949491,0.037,75.60991744263032,0.94,100.0,0.6,82.15,0,3333,Moderate
India,Asia-Pacific,2,Electronics,67.06648809107193,85.21994147975649,80.19618770829423,56.49499818905885,0.9623,845.06,0.93,0.49,3,0,13,27465,0.8442148905772281,0.038,89.57198341789814,1.02,66.35636685192748,0.23,76.69,1,4801,Moderate
India,Asia-Pacific,3,Chemicals,59.51198921823355,86.73667059526483,58.40416005780207,55.10447513894379,0.9254,716.19,0.47,0.34,1,0,14,47220,0.9004870052250271,0.033,34.4218828381202,0.81,68.03686409281751,0.32,81.14,1,5455,Moderate
USA,North America,2,Agriculture,64.89429878128368,95.13585159259428,80.08998771903461,43.96421228595857,0.6622,1011.58,0.57,0.35,1,1,32,2559,0.9437437002967621,0.04,75.27520413918639,1.09,100.0,0.78,55.0,1,3056,Moderate
India,Asia-Pacific,3,Agriculture,51.9022189384568,55.378485197401226,84.54114619824955,36.962296982566336,0.7335,276.93,0.51,0.21,0,0,24,32906,0.9309537988909554,0.038,86.10857285642228,0.26,66.99606855716924,0.64,63.53,2,909,Moderate
Indonesia,Asia-Pacific,3,Agriculture,56.058983392057044,66.7936557847704,37.74723544835027,25.839266011631878,0.2314,861.51,0.51,0.77,3,1,24,41124,0.952407081167867,0.036,51.28087163912626,1.01,85.65717056832743,0.55,79.88,2,51,Moderate
Brazil,South America,3,Agriculture,65.18132840824734,86.17599341258929,54.078358839348965,46.07830153868879,0.2227,1109.52,0.83,0.21,3,0,41,8328,0.9432408950553477,0.026,60.48965581866834,0.27,67.71635090013976,0.59,60.38,1,5508,Low
USA,North America,2,Agriculture,63.67361835636029,61.73296677222928,65.39958181698246,43.82333432693603,0.727,139.45,0.72,0.41,1,1,27,12497,0.9507824830752427,0.049,76.13583378600433,1.58,73.53840468335451,0.28,72.24,1,731,Moderate
China,Asia-Pacific,1,Food & Beverage,73.70791228087916,79.91414808425263,37.240415327260145,36.36796408380982,0.945,973.03,0.84,0.14,2,0,33,27070,0.8767705123153307,0.023,47.15644101244173,0.28,61.47520493354792,0.3,97.53,0,5053,Low
India,Asia-Pacific,2,Agriculture,40.383488690719986,15.728936819810057,41.639712227092986,38.09561728597214,0.0934,1274.89,0.55,0.21,2,0,17,12756,0.8515673466896625,0.023,36.515172570283575,1.25,85.46360641300062,0.83,64.06,1,843,High
Malaysia,Asia-Pacific,2,Agriculture,83.13528540476031,85.39704123448392,48.276331860602255,66.1030084306587,0.4245,1034.97,0.59,0.49,3,0,25,17453,0.8601305522988631,0.035,64.05447706529512,0.86,87.99827162333442,0.81,62.25,1,5618,Low
Indonesia,Asia-Pacific,2,Agriculture,53.375566696457696,44.08369272874326,74.5729046487715,62.68788957280439,0.4538,764.31,0.33,0.22,3,0,23,47077,0.9538685873335456,0.04,72.02083489259074,1.88,83.4529561928076,0.41,79.62,0,11261,Moderate
USA,North America,1,Food & Beverage,69.46451430553904,68.14462174632813,49.26925905306126,43.26554281383788,0.2713,1176.23,0.86,0.25,1,1,42,27758,0.9649483930427447,0.034,36.42446075734094,1.13,78.18558763660863,0.81,91.3,2,8413,Moderate
China,Asia-Pacific,2,Chemicals,55.524459420618165,37.644806572897686,81.9376852963637,51.091239635692304,0.8763,476.5,0.33,0.21,1,1,17,7450,0.8193747963783014,0.052,37.46261652857788,0.82,74.5466036872986,0.73,56.33,1,11834,Moderate
China,Asia-Pacific,2,Chemicals,55.90886316561787,39.78839365153137,50.37160001650905,58.68995649377776,0.695,258.58,0.81,0.34,1,0,27,10972,0.874058311047387,0.025,49.791937747808895,0.78,68.75378316292478,0.52,56.99,2,6682,Moderate
Indonesia,Asia-Pacific,3,Agriculture,59.69802982255997,50.00780312599894,77.83463048820636,43.75442424636155,0.9462,495.91,0.37,0.58,0,0,6,30772,0.862306423315504,0.043,77.27664987255028,0.53,92.21255678939218,0.13,71.63,2,5613,Moderate
Malaysia,Asia-Pacific,3,Metals,75.36409930282682,74.85265950190248,63.677151396606256,46.70823280170929,0.0893,601.84,0.52,0.47,1,1,19,42624,0.8971138805619138,0.039,90.04634436838472,1.13,99.09053334480492,0.4,91.92,1,9011,Moderate
USA,North America,2,Agriculture,64.16856919386736,77.49650848523524,71.99302709951172,56.0340239125464,0.2534,227.42,0.46,0.3,3,1,40,48545,0.9640953562543382,0.051,65.49600741855943,1.02,76.09994225747387,0.66,60.93,2,3907,Moderate
Malaysia,Asia-Pacific,3,Agriculture,65.57384775261552,89.95730244586633,86.60173146186605,46.4118485618611,0.9187,127.04,0.56,0.47,0,0,34,7763,0.7970737944848123,0.05,69.0989451926253,1.11,74.69340887145931,0.37,57.68,1,4834,Low
Japan,Asia-Pacific,1,Agriculture,56.45503688678696,57.47722298791504,58.423741648324025,43.954094101875526,0.8508,1416.27,0.59,0.38,0,0,44,25243,0.9417642916177411,0.04,49.43861613247424,0.44,93.3553378252406,0.15,70.71,1,142,Moderate
Japan,Asia-Pacific,2,Agriculture,72.40795547505773,70.75762430645064,77.67546874816728,53.851667670754786,0.1564,1174.63,0.63,0.48,3,0,24,40476,0.8720451706941932,0.033,31.822721960492316,1.36,54.98338071764235,0.69,61.8,2,2818,Low
Indonesia,Asia-Pacific,1,Electronics,56.334172997033214,52.21859510264596,81.41441133879,53.389980560110764,0.4418,169.28,0.62,0.25,2,0,25,17680,0.920352423524517,0.039,60.04681673585025,1.69,61.95123258108373,0.76,71.46,1,5985,Moderate
Brazil,South America,2,Agriculture,55.07837175007919,45.17873503755351,49.987576010746494,63.678071476164874,0.9858,1052.82,0.53,0.66,1,0,39,29793,0.8598508550307725,0.036,66.44328068818861,0.63,81.46006640406294,0.41,65.77,2,2940,Moderate
Brazil,Asia-Pacific,3,Agriculture,54.203649934160424,75.92567145933471,41.428810320715804,51.78454266468478,0.2771,435.3,0.79,0.21,1,0,25,27928,0.8493160621169131,0.042,77.85382311837088,0.2,96.68547384214605,0.71,78.33,2,4386,Moderate
India,Asia-Pacific,3,Agriculture,53.93919368907048,76.14598271241834,38.39322728268083,31.925066703875565,0.937,396.17,0.6,0.41,1,1,31,15999,0.9499620965737338,0.062,55.52344238056818,1.32,66.33313022610653,0.75,72.46,2,1378,Moderate
Japan,Asia-Pacific,2,Electronics,71.28209815749564,88.70466381196522,97.98076784594699,89.66318139044103,0.2484,970.3,0.65,0.32,1,0,37,33621,0.9659462798645462,0.037,99.3285926167685,0.29,94.85360945465695,0.62,57.17,0,2322,Low
Japan,Asia-Pacific,2,Agriculture,84.94629892063224,98.35941791382326,91.6375905204145,88.74352803857677,0.874,1072.54,0.61,0.26,2,0,27,14602,0.9528946735951657,0.037,49.753429457714766,1.46,78.4689293284026,0.43,83.27,1,3240,Low
India,Asia-Pacific,2,Agriculture,59.24822223401025,59.83632515599784,54.54448370764798,66.04634891058011,0.6576,980.53,0.52,0.13,1,0,6,25758,0.8778615011555791,0.035,76.83184183817569,0.55,86.62673522830113,0.77,93.26,0,7458,Moderate
China,Asia-Pacific,3,Agriculture,59.97981589164912,68.98783149324792,59.33375571973562,55.17150231625595,0.8871,799.25,0.63,0.64,1,1,17,23147,0.8927434476440885,0.032,47.47549391867779,0.26,58.46091162529957,0.47,78.6,0,10178,Moderate
USA,North America,2,Agriculture,56.11440125949756,60.82111250234432,58.25894188029611,51.52039229432603,0.94,181.4,0.89,0.28,1,0,13,24149,0.9617679984138486,0.043,89.1126343156904,0.88,54.08742216601042,0.24,68.48,2,4909,Moderate
Brazil,South America,2,Food & Beverage,71.22959729400355,69.98335799195642,72.60594242467396,48.74477249998732,0.9392,1404.04,0.63,0.7,1,1,29,6547,0.9766443081926939,0.028,80.14609268157265,1.01,99.1516825237803,0.79,79.79,0,5808,Moderate
Malaysia,Asia-Pacific,2,Electronics,74.25962201224178,86.06323444994712,76.91906468168538,75.57462141094389,0.7115,792.45,0.71,0.35,1,0,28,11605,0.9516629947138678,0.014,87.92303501839518,1.09,100.0,0.64,66.11,0,8362,Low
Indonesia,Asia-Pacific,2,Agriculture,64.8743947936775,64.10256662035677,92.36636601646684,25.110616351736102,0.3582,748.63,0.65,0.49,3,1,36,17747,0.8728160529302968,0.034,65.36463366588953,1.02,68.28070992469559,0.61,47.22,0,4085,Low
Indonesia,Asia-Pacific,3,Agriculture,52.083463823749405,45.824792230824514,48.89717556257807,48.43549781117869,0.1793,1290.69,0.62,0.24,3,0,12,22733,0.8852827237780382,0.032,67.86055369053926,1.15,78.98331740636968,0.82,83.31,0,3771,High
China,Asia-Pacific,2,Agriculture,58.19725663268228,63.4797685143956,52.863525684192545,70.21752593465698,0.93,987.41,0.65,0.29,3,1,8,48307,0.9407333363387776,0.033,73.07903607951101,0.75,76.3706728894194,0.85,72.94,2,5009,Moderate
USA,Asia-Pacific,2,Agriculture,50.66098998878347,45.27943501779357,51.159501782056964,45.571243125449435,0.3284,727.94,0.62,0.54,1,1,32,32280,0.958124171840274,0.043,23.39001708255813,1.29,97.29470511905943,0.81,73.49,2,5930,Moderate
Brazil,Asia-Pacific,2,Agriculture,57.752782615337324,20.750699210361283,81.43500077655618,69.52299958647215,0.0583,517.47,0.61,0.15,2,0,29,10002,0.8498044127498511,0.033,78.83104318440223,0.98,63.195285018658076,0.72,76.07,2,1187,Moderate
USA,North America,1,Agriculture,63.62557291022752,47.76394899336089,44.24126553613685,66.44498114951084,0.3014,982.02,0.62,0.37,1,0,37,44770,0.9510780773514754,0.037,79.4812314569645,1.16,72.93369423221765,0.1,62.67,2,8967,Moderate
USA,North America,3,Agriculture,60.35022290540115,62.414503270731906,65.39203123502857,66.39078003767395,0.2568,1089.43,0.87,0.48,0,1,8,13752,0.8089896926022421,0.046,62.82776058992878,1.6,70.32462473164615,0.43,71.19,0,8973,Moderate
China,Asia-Pacific,3,Agriculture,66.32070191117708,58.73795831790576,36.47837545802626,86.76019561222594,0.7465,144.43,0.51,0.25,1,1,9,47348,0.9493737383765619,0.041,85.9597930131536,0.5,76.04774536549341,0.41,76.35,2,6147,Moderate
Brazil,Asia-Pacific,1,Electronics,55.44194618009891,70.27506555888192,89.84524815863958,56.523363956095686,0.4334,69.18,0.74,0.18,3,0,35,20108,0.9532906757977959,0.031,77.87177935376137,0.9,66.12301958737702,0.62,84.0,1,2419,Moderate
China,Asia-Pacific,2,Agriculture,74.54250326934226,91.38525662958676,75.85970727596286,73.05705566934874,0.1824,297.0,0.89,0.27,3,0,30,48042,0.9106304047146211,0.059,55.35703056156033,1.04,95.00434357658727,0.64,77.38,1,2441,Low
Japan,Asia-Pacific,2,Agriculture,57.10803408315425,74.76337010534711,51.15171668215134,50.57503231514402,0.6836,1352.38,0.66,0.59,0,0,31,38122,0.8649796436958863,0.039,70.19288967258495,0.49,96.87845253348222,0.57,73.98,2,2384,Moderate
Indonesia,Asia-Pacific,3,Agriculture,55.015093822934794,76.07956154307196,38.670250872104354,63.11122851314263,0.8461,767.3,0.39,0.78,1,0,14,16414,1.0,0.066,67.49094160392023,0.93,95.90742339909201,0.56,72.18,2,4192,Moderate
Brazil,South America,1,Agriculture,60.740174138747015,93.76787398555503,95.35781826899465,75.92135378594159,0.8807,147.5,0.39,0.7,2,1,24,40583,0.8579883651816544,0.043,85.3762741252057,0.22,85.76762003024186,0.24,82.06,1,4963,Low
Malaysia,Asia-Pacific,1,Agriculture,66.86548937116284,87.34061258011629,93.87945126294727,58.559457183572285,0.8804,446.25,0.55,0.26,2,0,19,32707,0.9753856707977981,0.034,68.28086493676936,0.91,66.78452999784466,0.51,51.29,0,4807,Moderate
India,Asia-Pacific,2,Agriculture,52.051732458167955,36.907066421121044,88.26673930396487,47.76680547963546,0.2365,287.4,0.63,0.74,1,0,6,14235,0.8368621631338068,0.025,77.40302520513849,1.24,76.35941676218472,0.18,60.17,0,6725,Moderate
Malaysia,Asia-Pacific,2,Electronics,71.26750755236381,86.14236944509838,80.14889732285788,88.61610306917933,0.8233,1032.46,0.65,0.22,3,0,22,25354,0.8317391768097216,0.04,49.558438890986906,0.23,99.57973862602445,0.58,59.1,1,5696,Low
China,Asia-Pacific,1,Chemicals,72.66063535464916,97.67432009825775,91.27368940776307,70.63343399183694,0.1934,1000.97,0.89,0.44,2,1,27,45790,0.8449186331838573,0.046,71.56383487706843,1.21,79.04062252623812,0.14,81.62,1,10704,Low
India,Asia-Pacific,2,Agriculture,87.72500000000001,70.3482786559836,74.82076912849483,81.00690627749324,0.1982,125.15,0.71,0.34,3,0,21,23875,0.8414150506070465,0.036,37.857825840151506,0.25,63.80234227591166,0.67,79.49,1,4673,Moderate
India,Asia-Pacific,2,Metals,78.46910773055346,86.01453770931724,95.1011479779066,97.18413341385289,0.655,1089.6,0.81,0.05,1,0,38,23312,0.8775643433961757,0.034,79.66712685533899,0.68,67.81545892584835,0.79,71.95,0,8274,Low
Brazil,South America,1,Agriculture,68.94213605137519,79.0928940081238,75.80620186700936,74.46953572112665,0.6656,1010.68,0.6,0.27,3,0,21,10459,0.8307194010481457,0.023,67.4533410201211,1.18,72.7108334503296,0.7,59.78,1,8422,Low
India,South America,2,Chemicals,71.77519816090305,92.71423315908615,63.21876120922134,38.84748331841665,0.6017,790.58,0.5,0.33,3,0,7,14915,0.8782516212598089,0.029,43.920885272710755,1.26,77.71429107947638,0.11,77.01,0,6382,High
Indonesia,Asia-Pacific,3,Electronics,43.69823332240508,62.08761158160784,43.74522343171777,48.704257699816175,0.9129,1226.1,0.66,0.48,0,0,27,45351,0.8869307762700652,0.06,77.31989712733605,0.58,73.42473627371842,0.7,76.37,2,5295,Moderate
China,Asia-Pacific,2,Electronics,55.378514513796546,68.81628803305348,63.52429670241942,44.18934295349629,0.629,101.98,0.43,0.35,3,0,47,5744,0.955154164727162,0.019,74.60668123621922,0.91,82.63967421358393,0.63,73.02,0,5524,Low
Brazil,North America,2,Chemicals,68.25712978257336,96.03869298928905,48.27784438939018,50.74533578267653,0.4405,797.12,0.89,0.51,3,0,39,36024,0.8473793662152741,0.042,34.764986798617635,1.33,58.050534201364265,0.8,86.89,1,8476,Moderate
USA,Asia-Pacific,3,Electronics,60.85859118031398,64.35639863200443,63.40669692095789,45.704997559941546,0.9411,1142.92,0.53,0.34,2,1,33,9658,0.8853067086064451,0.03,76.14724466792914,1.22,89.02840703163531,0.7,60.43,2,5361,Moderate
Indonesia,North America,3,Electronics,54.58893379996922,28.84781994512461,52.33862559283776,50.03492391492792,0.3652,626.13,0.76,0.56,1,0,24,28100,0.9129286518235693,0.048,55.907111504290164,1.24,50.74994296439805,0.19,57.95,2,6622,Moderate
Japan,Asia-Pacific,3,Agriculture,63.837594090380605,50.05698388989832,40.94080846487833,44.4571254607028,0.9641,832.17,0.61,0.32,1,0,10,46604,0.9473070563677104,0.021,29.929627837657726,0.79,91.49756536327168,0.4,92.7,2,3362,Moderate
Brazil,South America,2,Agriculture,57.48365282171235,50.092302181099384,44.77919498237383,40.09557439967923,0.9503,198.55,0.76,0.51,1,0,20,11181,0.9218448258051193,0.043,36.88941752682554,0.63,96.69905010002063,0.45,76.61,2,8649,Moderate
Japan,Asia-Pacific,3,Agriculture,84.3741612024443,100.0,84.76478689766175,69.98610234252557,0.8356,389.0,0.65,0.37,1,0,17,30046,0.9520586738693985,0.027,81.42977061071409,0.3,100.0,0.41,76.86,1,5491,Low
Brazil,Asia-Pacific,1,Agriculture,80.0502440536233,62.725689721135026,80.51271042589234,88.87050957943066,0.122,883.23,0.63,0.6,1,0,46,4034,0.8328058857988933,0.037,90.23327917182796,1.13,85.33348528011264,0.1,83.77,1,4345,Low
Brazil,Asia-Pacific,2,Food & Beverage,57.59972363954978,73.93460610182262,73.35994768152683,42.975933194911214,0.4619,925.49,0.58,0.46,0,1,24,37809,0.8765028086536346,0.04,64.82862767767693,0.2,77.30114003180249,0.66,56.02,0,4946,Low
Japan,Asia-Pacific,2,Agriculture,78.21693537499034,84.17866403708122,89.92273336494691,83.13204791444053,0.7936,988.25,0.66,0.74,0,0,28,15263,0.7859903463540554,0.033,68.62182552081052,0.2,75.57699012173612,0.17,80.92,1,5742,Low
Brazil,South America,1,Food & Beverage,81.44956350669261,86.98011955815794,80.6360425547812,70.23622890358959,0.5415,579.14,0.74,0.0,3,0,30,44388,0.9167658911610077,0.02,30.91325470852809,1.56,86.26328599282877,0.18,55.57,0,8483,Low
USA,North America,3,Agriculture,58.592622387825124,56.097888291773415,64.89588232938769,47.19911976758052,0.0916,591.86,0.82,0.4,2,1,15,10084,0.9687230155281423,0.028,77.25982383517015,1.11,67.60721728032317,0.51,52.04,1,2063,Moderate
Brazil,South America,2,Agriculture,78.86824961371457,47.84729132191493,41.94232486164102,41.7586553492886,0.6993,1379.35,0.65,0.5,2,1,12,28331,0.9032575095176687,0.036,66.99820916372894,0.25,73.4141191064403,0.55,65.48,1,6226,Moderate
India,Asia-Pacific,3,Agriculture,66.3966619423809,71.00020326182755,62.42969586291311,60.758607883652765,0.4362,172.46,0.25,0.48,2,0,17,48002,0.8833550357484119,0.037,78.50812418988558,0.95,82.42808369022737,0.84,85.09,2,2270,Low
Indonesia,Asia-Pacific,2,Agriculture,59.011360352862006,82.15366568254683,47.040710566807036,77.08023471153129,0.0637,647.14,0.69,0.29,2,0,28,3328,0.862253133543592,0.038,79.27914670557944,1.03,77.90943706406789,0.52,74.71,1,5110,Moderate
USA,North America,2,Agriculture,64.7268119901824,61.865110232514546,63.60542310121559,56.30230748840293,0.4209,1040.24,0.75,0.56,0,0,7,41873,0.9503630850322562,0.041,74.5192624688077,1.03,82.54578051474435,0.35,77.48,0,6586,Moderate
Malaysia,Asia-Pacific,3,Agriculture,56.4158618785905,24.99004150666614,53.138522038917564,41.10460076295087,0.9044,257.03,0.71,0.01,3,1,25,10850,0.9629488201327071,0.036,54.864814577853,0.74,58.951473215534534,0.57,94.04,2,6373,Moderate
India,Asia-Pacific,2,Food & Beverage,81.57356070292452,96.61361495047464,92.25848150659888,83.5326562018299,0.6095,575.13,0.51,0.32,3,0,40,24878,0.9724775647497259,0.03,99.38141456650484,1.06,100.0,0.56,84.48,0,6037,Low
Malaysia,Asia-Pacific,3,Agriculture,43.185232921676096,30.757725743878012,55.14159977777937,60.09535274344921,0.8433,938.09,0.67,0.53,0,0,24,46059,0.9137063655477179,0.003,61.82148488179778,1.11,60.103988989357134,0.37,69.68,1,9470,High
Indonesia,Asia-Pacific,1,Electronics,60.02825555332772,70.2667697866601,40.211355508750195,76.58138835567256,0.1925,919.8,0.66,0.5,1,0,7,45070,0.9370651391404318,0.01,78.7323365992423,1.29,57.99492829364924,0.11,65.13,0,3964,Moderate
India,Asia-Pacific,3,Agriculture,63.421993885414665,46.518708776675524,75.4848171085348,47.64654273125251,0.9695,1106.65,0.54,0.28,0,0,35,16818,0.9515452896149138,0.05,64.70684893038036,1.61,46.54298886769051,0.73,85.47,1,2533,Moderate
USA,North America,2,Agriculture,55.797589234129575,51.81244545040636,45.08647082316341,40.172362428961286,0.9555,645.33,0.85,0.59,0,1,17,25234,0.9488174909093514,0.049,59.71338668794739,0.58,90.09439317834828,0.83,73.78,2,5867,Moderate
Malaysia,South America,2,Electronics,53.90758000230927,34.33371242822118,46.74234738388712,47.90419312240382,0.157,50.19,0.71,0.79,1,0,9,2842,0.8961794107357174,0.049,44.7930144629847,0.89,77.05432567870145,0.52,75.67,0,4520,Moderate
Brazil,South America,2,Agriculture,78.96814580155221,90.32765177481339,63.0234972133965,54.885186617344985,0.8815,1461.25,0.62,0.45,3,0,5,8930,0.8063140545234835,0.027,98.6863073232424,1.16,100.0,0.39,70.32,1,6867,Low
USA,North America,2,Agriculture,65.14173045313161,61.931210686204636,74.36785794030888,90.41074924331613,0.267,136.98,0.68,0.18,1,1,36,12550,0.9564259447524754,0.06,90.57428116708117,1.2,98.49987082937737,0.55,54.0,1,6974,Moderate
Indonesia,Asia-Pacific,2,Metals,59.1244518503123,53.59468336250472,66.28558988347034,52.7482109390515,0.8591,499.62,0.85,0.31,1,0,39,13603,0.8184155624217401,0.033,70.80519943276151,1.11,57.85879028734829,0.68,58.08,1,4579,Moderate
Malaysia,Asia-Pacific,2,Metals,63.9821669911075,39.840795518192024,44.73067312756929,47.54650898887074,0.9363,1326.68,0.83,0.44,2,0,5,8245,0.9495791074400028,0.044,56.46199989098706,1.18,100.0,0.35,80.31,1,4671,Moderate
USA,North America,2,Agriculture,54.13319130478792,69.64970047607298,57.20890610715161,27.85571540472275,0.9431,1058.91,0.71,0.67,2,0,27,46018,0.8226576239686608,0.047,77.46045009484173,0.68,93.80679123727714,0.4,68.96,1,5829,Moderate
China,Asia-Pacific,2,Agriculture,54.42834372365557,51.86134783860465,54.24721876175684,42.770638083417644,0.0949,57.24,0.42,0.44,1,0,22,49364,0.9662030533192731,0.041,73.71384675409637,0.83,59.9817925321132,0.39,79.26,2,1412,Moderate
China,Asia-Pacific,1,Food & Beverage,75.32223305424726,38.01739420357075,67.73427026912299,55.63718163416366,0.3713,550.36,0.75,0.39,1,1,38,45178,0.8643277106405418,0.04,62.3428398179539,1.56,88.55726548378487,0.63,46.37,0,4918,Low
china,Asia-Pacific,1,Chemicals,74.72983889233565,78.19766923488108,92.65388487490584,61.13184931659337,0.6832,159.66,0.49,0.53,3,0,21,23548,0.8938844412313266,0.023,90.62114420665,0.86,93.86055938520728,0.74,72.52,1,6633,Low
Brazil,South America,2,Food & Beverage,54.51541183513167,52.003031662506814,67.18110879721138,43.98234099679905,0.0952,585.24,0.63,0.34,0,0,23,18487,0.9389625547397261,0.027,68.91862966739993,1.62,74.3189569237918,0.83,50.99,2,10110,Moderate
Japan,Asia-Pacific,2,Agriculture,74.9027691976368,100.0,95.05396292267069,89.28271574971369,0.7125,1200.11,0.3,0.48,1,1,27,1701,0.9602412170428254,0.062,88.85554309757133,1.27,96.35583674617176,0.64,92.81,1,5815,Low
Indonesia,Asia-Pacific,2,Metals,56.47151562232872,51.80361143814358,57.1500663032155,39.62362947907262,0.8386,355.06,0.92,0.45,1,0,15,27405,0.9942452658394879,0.042,71.4202778182589,1.36,71.99934384600088,0.82,65.66,2,6768,Moderate
USA,North America,2,Agriculture,78.56875258704757,80.21427565244457,50.935064669634336,59.45503859367154,0.7276,743.75,0.39,0.16,1,1,29,47230,0.9412803434160917,0.035,65.58101003155568,1.24,83.91357754599692,0.68,58.51,1,2357,Moderate
India,Asia-Pacific,2,Chemicals,55.055642104113446,76.60216777022895,54.11451197654274,41.534732888298926,0.9432,1033.27,0.57,0.29,2,0,12,12476,0.8774964324954174,0.048,51.35600096888136,1.4,78.05238174448904,0.38,41.65,1,10420,Moderate
USA,North America,2,Agriculture,73.37590637862343,83.89866851664101,86.88912203636967,74.94640389184856,0.1692,762.92,0.53,0.23,3,0,36,35439,0.9237412724442419,0.042,37.24672635884216,1.18,100.0,0.44,58.7,1,1590,Moderate
USA,Asia-Pacific,1,Agriculture,80.79411896784097,88.77402946627265,92.02577351266517,92.14588949607014,0.9569,530.08,0.5,0.41,3,0,31,29040,0.9061663706195934,0.04,57.893955797181796,1.17,78.69821270669559,0.79,73.31,1,5460,Low
USA,North America,2,Agriculture,70.48679696908907,47.518076339774126,64.28096975202389,41.62461334460207,0.9393,209.81,0.67,0.36,1,0,44,20142,0.8663305823437373,0.019,31.564515851870112,1.2,100.0,0.71,49.02,4,5699,High
Japan,Asia-Pacific,2,Agriculture,51.847491964040344,29.991091448775098,46.97713499431436,43.5484107909264,0.1779,218.03,0.57,0.5,1,1,28,36746,0.8780409835731895,0.023,91.1093441923775,0.2,77.68126122195743,0.77,77.88,1,5057,Moderate
Japan,Asia-Pacific,2,Electronics,79.46117502905733,92.08517705454453,91.20794967363165,98.13468883016489,0.7936,557.54,0.55,0.53,3,0,32,4118,0.9067559878033209,0.056,34.710564547159045,1.42,79.64419268063396,0.39,96.91,0,8333,Low
China,Asia-Pacific,2,Chemicals,83.10098898457504,87.5560468349362,99.91802861413494,67.59352207491894,0.8936,938.77,0.55,0.02,3,0,6,10463,0.8929783562315058,0.02,70.96737960768897,1.43,71.66605028739166,0.38,66.53,1,6166,Low
Japan,Asia-Pacific,1,Electronics,74.6052157352085,37.83054872848214,47.164391039899556,42.78814878626266,0.9912,326.9,0.92,0.18,1,1,35,38335,0.9055814141109568,0.043,63.16788938676359,1.27,90.80841222466354,0.87,78.6,2,4444,Moderate
Malaysia,Asia-Pacific,1,Agriculture,55.57718379119139,50.48903142542845,33.38814591915287,69.45663593974078,0.922,1008.79,0.55,0.29,3,1,19,49329,0.9051865011768362,0.042,65.4141551732341,0.97,94.05417334561425,0.17,76.4,2,6183,Moderate
India,Asia-Pacific,2,Electronics,51.220649085424014,46.22677954278046,51.25743747530055,30.17972712760828,0.3856,874.29,0.64,0.2,1,0,27,37255,0.9104320578883828,0.037,79.26161531981337,0.2,79.43989594725876,0.41,75.48,2,5110,Moderate
USA,North America,3,Chemicals,69.65882479802526,33.031794706154514,62.561440201379405,56.04937237738175,0.5547,100.2,0.69,0.64,2,0,5,37740,0.9859190556046646,0.034,63.531779209759975,1.26,100.0,0.48,63.55,3,6067,Moderate
Malaysia,Asia-Pacific,1,Agriculture,63.742347217320486,72.69198488572358,57.604367636884966,42.750960423057876,0.9509,1023.97,0.44,0.19,1,0,29,45705,0.8661502708476219,0.032,55.27837799505381,1.09,71.46559726740759,0.58,70.45,2,4337,High
Brazil,South America,2,Food & Beverage,72.11770307877862,52.11477461695693,76.28543901776742,52.688089880257806,0.607,111.44,0.41,0.27,3,0,44,46640,0.8879611285192898,0.03,20.030033083880923,0.7,86.81293814561434,0.2,72.1,0,5178,Moderate
USA,Asia-Pacific,3,Chemicals,52.63612594697141,82.98443072943965,74.85653582558956,36.368724735892144,0.0477,1412.93,0.52,0.63,1,0,38,16110,0.9689088042394901,0.026,46.458179802984,1.31,100.0,0.53,58.19,2,9455,Moderate
India,Asia-Pacific,3,Agriculture,76.95627874577625,88.73810638700787,95.6558031032696,59.39108513728635,0.1155,511.42,0.5,0.34,3,1,21,12251,0.9620905476234541,0.029,82.18264185420831,1.33,80.31159871652827,0.16,49.86,0,11278,Low
China,Asia-Pacific,1,Electronics,60.52008461812227,64.61420177522703,76.30539676072449,51.17341514074411,0.2348,162.93,0.51,0.55,1,0,34,45187,0.9315759260284416,0.047,68.72427852805954,0.97,62.881463580578995,0.58,58.25,2,11346,Moderate
Brazil,South America,1,Food & Beverage,66.64219713076838,30.28918734397044,47.77981418140186,43.678336916498935,0.9008,931.04,0.71,0.04,2,1,29,1649,0.8306578167024006,0.037,61.191840296739905,0.52,65.91622301840694,0.56,74.63,0,11482,Moderate
Malaysia,North America,1,Electronics,53.82282589434071,36.15422840729897,50.99548937875398,62.797421344997026,0.0591,359.07,0.45,0.42,1,0,14,6628,0.8351590828259131,0.021,78.2194925744197,1.0,94.24634438144521,0.54,70.92,0,7134,Moderate
Malaysia,Asia-Pacific,2,Agriculture,40.37367159766879,44.70690934599133,46.48037570560344,32.86310702776332,0.8767,931.01,0.62,0.31,1,0,10,27962,0.8393286258320521,0.032,99.99443124787756,0.85,69.2692399348473,0.54,82.85,2,11539,High
China,Asia-Pacific,2,Agriculture,38.94187362039948,35.97409947048119,46.726260665197664,38.9572708312764,0.1147,1073.75,0.51,0.19,1,0,44,25333,0.8795282327026458,0.043,73.08023676566826,0.28,85.14882360768047,0.57,64.09,3,2028,High
Japan,Asia-Pacific,2,Agriculture,77.74580043059814,73.4633345875301,81.48923100328052,58.33258884280084,0.2728,837.94,0.76,0.38,1,0,22,21287,0.8414237482976663,0.022,70.38531930066549,0.67,93.4905265670117,0.82,62.38,0,4996,Low
Brazil,South America,2,Electronics,60.71912040870224,56.67729187760986,55.10842443050584,46.261487324836956,0.8858,1149.22,0.47,0.32,1,0,22,27142,0.955977832624103,0.024,34.18815860006964,0.99,90.65733801331967,0.39,86.27,1,2622,Moderate
Japan,Asia-Pacific,2,Metals,50.73858076347258,22.876995203152806,74.72496259548228,68.47989875275974,0.683,74.73,0.47,0.19,2,1,11,28310,0.790477574988296,0.014,49.89322923736356,0.64,59.788027669661375,0.59,94.3,1,5723,Low
Brazil,South America,2,Chemicals,77.53359942053417,82.86330906156394,67.33016442862518,45.66434442243153,0.8567,670.55,0.87,0.29,2,0,37,11513,0.8651234463936853,0.026,47.448874022069695,1.47,87.91718289143654,0.82,80.44,0,960,Low
Indonesia,Asia-Pacific,2,Electronics,58.072658886874905,76.07753654968242,55.540733036157484,42.53276801481357,0.8659,931.15,0.5,0.47,3,1,45,47637,0.8331796975587475,0.056,80.09563092283346,0.78,96.9826399563009,0.18,79.06,0,7299,Moderate
Brazil,South America,2,Electronics,74.07593331564884,41.74949912084286,52.31140057402026,62.99483152564356,0.1993,872.61,0.61,0.53,2,0,33,11570,0.8336559130644217,0.033,63.73326609014874,0.34,67.14994725715938,0.49,65.47,1,11773,Moderate
Brazil,Asia-Pacific,1,Electronics,58.757061817596224,85.9978644541876,53.01841109518731,45.42652458610361,0.1597,1482.77,0.36,0.77,1,0,46,29380,0.8592468533616624,0.051,80.54914817070953,0.82,66.84733540793033,0.13,68.98,2,1132,Moderate
China,Asia-Pacific,2,Agriculture,77.7852593672388,100.0,94.6533044561974,90.2611186102392,0.8184,495.41,0.57,0.28,0,0,27,27818,0.8779708098681145,0.043,49.7003215275911,1.22,77.90552680859159,0.16,59.83,0,6145,Low
Malaysia,Asia-Pacific,2,Metals,45.28928476485545,48.06000158980345,70.05973564081567,47.2870862397494,0.4851,223.21,0.46,0.37,3,0,10,29572,0.8516162869130233,0.018,77.968937870701,1.01,85.74493900516063,0.84,51.73,1,4555,Moderate
Brazil,South America,2,Food & Beverage,83.31004313508473,78.65513471151162,40.89488314835921,59.227759870348855,0.9267,1420.99,0.62,0.2,1,0,34,11524,0.8915676700568386,0.027,98.55141318691844,0.35,97.74270279915918,0.74,76.03,1,7549,Moderate
Malaysia,Asia-Pacific,1,Chemicals,59.37375743112426,75.04190180125406,58.774298987052184,51.45599654161539,0.6898,153.85,0.68,0.61,1,0,12,6519,0.8930836239135281,0.041,86.0961988998826,0.8,66.76458876347849,0.81,81.27,1,7594,Moderate
Malaysia,Asia-Pacific,2,Metals,54.69506286961962,85.19268994855807,34.923889621335604,46.79190786922525,0.9302,1102.77,0.62,0.26,3,1,47,46475,0.9097421378695695,0.017,26.524802747080628,1.46,96.93568653434583,0.8,54.46,0,6460,Moderate
USA,North America,2,Agriculture,60.893803979994814,64.01713250291793,97.5671158175011,27.82834076314842,0.1224,989.21,0.74,0.66,0,1,36,36078,0.9735078991836,0.04,28.52602435501168,0.65,65.24699331707055,0.51,67.79,2,3670,Moderate
USA,Asia-Pacific,2,Electronics,58.406389001156946,44.81851375499337,80.71462775245435,44.062077602956606,0.6536,1152.55,0.46,0.41,0,0,8,34381,0.9162956230052851,0.039,48.69625221753055,0.29,71.53889392685329,0.29,61.83,2,3758,Moderate
Brazil,South America,3,Chemicals,77.28802268007132,43.86995458192274,69.40988644691392,62.07418952269551,0.119,562.65,0.68,0.15,3,1,8,32631,0.8609507626304197,0.03,35.56293109413295,0.2,84.54493819168862,0.68,87.2,0,809,Low
Malaysia,Asia-Pacific,2,Agriculture,49.840755394046994,61.40374047657708,43.43000383335533,66.07534170168033,0.4226,949.32,0.63,0.18,3,0,10,19402,0.8642066424331605,0.054,57.00715653845854,1.08,89.90160984578527,0.35,55.4,1,3497,Moderate
USA,North America,1,Electronics,71.74511668498174,73.08550791975127,97.02524921874956,61.03877627009331,0.2007,1138.43,0.68,0.47,2,0,5,26758,0.9500420574497301,0.053,19.0012400951622,0.38,91.78134004392176,0.5,57.53,2,4481,Low
USA,North America,3,Agriculture,54.24658858051188,74.26310658554426,78.49657049005356,43.978585079998844,0.4362,179.92,0.52,0.0,3,0,20,11519,0.8705173697521976,0.046,75.64147785823744,0.67,76.16790136344146,0.11,76.24,1,4628,Moderate
Japan,Asia-Pacific,3,Food & Beverage,73.09312712056165,48.300359262867325,74.31575351356777,51.4737782792886,0.1427,719.64,0.47,0.25,0,1,30,42660,0.9028233802962663,0.034,24.355609540546897,0.2,88.5352287882239,0.75,56.72,1,10593,Moderate
USA,North America,3,Agriculture,71.00131045844692,57.481974103427774,68.79855843845819,46.85402910413161,0.2018,526.92,0.51,0.34,1,1,7,8370,0.9353648312460578,0.043,81.5163015806411,1.25,70.83824082423776,0.29,78.89,2,6181,Moderate
Malaysia,Asia-Pacific,3,Agriculture,53.54306504740728,40.70418285616925,82.69666086091789,49.3032688261027,0.7545,154.61,0.44,0.21,3,0,27,16180,0.8733789312729033,0.002,61.4526263947883,0.77,72.66837289700482,0.88,62.4,1,1710,Moderate
china,Asia-Pacific,2,Chemicals,63.15269408453608,78.7196361212547,78.5483743599684,72.31658832138352,0.804,674.71,0.91,0.7,3,0,35,25369,0.9717905521947237,0.028,23.13597932474351,1.15,87.81503083961445,0.17,58.38,0,3021,Low
Brazil,South America,2,Agriculture,56.97502559545904,34.174987390736035,48.412458635807205,52.67348567533947,0.7984,617.85,0.55,0.42,2,0,18,31362,0.9406849475197515,0.032,72.38503431311418,0.24,100.0,0.65,74.25,2,6012,Moderate
Japan,Asia-Pacific,3,Metals,73.68098385319672,100.0,94.0261658012449,92.65465782806145,0.2045,1294.06,0.74,0.33,3,0,46,22628,0.8585314076754148,0.028,52.54680765050392,0.2,77.26366414823288,0.5,59.51,1,3331,Low
Malaysia,Asia-Pacific,2,Agriculture,51.76483481971267,44.53944448219529,61.97684160298124,44.45004444654894,0.961,1015.36,0.8,0.47,1,0,6,45492,0.950191865722082,0.042,19.92770829613728,1.3,90.15396254035322,0.67,88.51,2,4415,Moderate
China,Asia-Pacific,3,Agriculture,53.33504868622099,30.098013436332643,52.33228413767192,35.80025021858626,0.2664,134.77,0.52,0.26,2,1,33,48246,0.9477812325331192,0.029,70.37223261240183,0.85,56.51146832958622,0.73,67.84,5,4639,High
Indonesia,Asia-Pacific,3,Chemicals,58.65387895688921,46.93112507318416,85.55625724452793,36.059185327814845,0.2346,507.83,0.88,0.46,1,0,8,14075,0.922605676620647,0.018,43.0699183689993,0.69,73.88500433548779,0.47,64.09,2,9772,Moderate
USA,North America,2,Agriculture,61.96759704702672,61.351681965404154,84.28999965871752,40.46418366104124,0.2107,107.04,0.96,0.4,1,0,18,25662,0.9262664166059857,0.041,54.97614023163174,1.75,58.31215398228354,0.15,74.71,2,2823,Moderate
Malaysia,Asia-Pacific,2,Metals,64.13394276299886,94.868636693294,60.446561055381196,49.42288132647769,0.9044,1263.79,0.74,0.29,0,0,24,29091,0.9521525192691868,0.04,89.91678929454126,0.83,96.53910869557403,0.69,59.67,2,5856,Moderate
Malaysia,South America,2,Electronics,57.90652917645135,72.86064997131822,62.55521695704206,55.9470697405761,0.8452,788.83,0.64,0.22,2,0,25,35012,0.9544246815671318,0.025,73.26815522452901,0.79,61.51950781862973,0.28,54.92,1,7895,Moderate
USA,Asia-Pacific,1,Agriculture,57.99437316611901,21.091371424119913,49.20100461778313,45.438513941215696,0.928,169.17,0.39,0.41,1,0,5,2125,0.9523400069847698,0.041,75.56109707012524,1.24,62.654875055909855,0.3,81.9,2,4316,Moderate
Brazil,South America,2,Chemicals,58.80303693255028,52.03209275314209,63.668113058032176,49.05385777060835,0.1955,499.84,0.78,0.39,0,0,21,35968,0.8460875570702681,0.04,88.6927393928336,0.48,80.38101998992585,0.65,54.2,2,5340,Moderate
Malaysia,Asia-Pacific,2,Agriculture,61.766155834644316,30.940773485436292,55.31762430512215,58.90328000359413,0.3497,969.56,0.83,0.26,3,0,30,45593,0.928408025022134,0.036,67.73442543542672,0.6,71.29266184436692,0.8,51.45,0,10976,Moderate
China,Asia-Pacific,2,Agriculture,54.10377103449645,38.02931612206984,46.79606888853998,46.88904193630032,0.8134,1229.07,0.85,0.44,1,0,17,45270,0.8578788400600875,0.05,46.82427845359805,1.49,64.09544918124949,0.78,77.51,2,4549,Moderate
Indonesia,Asia-Pacific,2,Agriculture,74.41680327330604,61.22421321912185,86.12376694874659,51.212435064623456,0.9234,861.43,0.3,0.34,2,0,9,37033,0.924365644597621,0.028,35.25668714042035,0.27,58.08202876351438,0.72,81.45,0,6511,Moderate
USA,Asia-Pacific,3,Agriculture,58.3985191448003,54.614278308312166,54.465727207960526,50.238367864126964,0.129,409.2,0.96,0.43,1,0,12,43936,0.8908436201038524,0.036,82.41355235769487,1.11,99.24813468066988,0.14,81.47,2,4116,Moderate
Indonesia,Asia-Pacific,3,Metals,57.743839729071425,56.00366683018833,66.40221736221403,78.50735898167366,0.7065,656.71,0.72,0.72,1,1,8,45680,0.9529479140792021,0.027,39.70466601350982,0.78,92.65486687896163,0.52,54.18,1,9338,Moderate
India,South America,2,Food & Beverage,65.51369527172612,64.60337444268282,87.67972421288152,46.26745612376724,0.7817,922.62,0.71,0.26,0,0,29,44477,0.8632058765985122,0.035,64.68470335893528,1.1,76.39909456466343,0.68,53.74,1,439,Moderate
India,Asia-Pacific,2,Agriculture,68.6672225061807,66.8051677819492,60.03191595504682,49.78487825951825,0.8688,598.37,0.92,0.66,3,0,20,35021,0.9751772196040122,0.034,46.99070102123107,1.61,98.70714940640279,0.88,63.29,1,2780,Low
China,Asia-Pacific,3,Metals,59.44652528478874,57.40402174767781,82.54106814720019,68.03430602629967,0.3189,913.47,0.54,0.42,3,0,48,24131,0.8974486988177809,0.029,58.32997515505828,0.83,88.15419048745979,0.84,59.07,0,1721,Low
Brazil,South America,1,Agriculture,73.16197284006738,50.309149550480825,72.7701718652429,63.3914286459113,0.5722,419.28,0.43,0.81,1,0,20,18638,0.9083415556278547,0.003,54.05010636637699,1.2,85.85102731524576,0.83,71.67,2,2181,Moderate
Japan,South America,1,Agriculture,72.37359747238145,100.0,88.37708413511231,62.16881939196182,0.6639,154.66,0.44,0.01,2,0,16,38594,0.8851964277799931,0.027,70.89160221858478,1.27,77.67618114512635,0.45,81.15,1,2801,Low
Japan,Asia-Pacific,3,Electronics,78.68299163082504,32.18933209331417,45.21599130840258,50.92074637713279,0.9556,1230.81,0.29,0.26,1,1,13,38623,0.9995271235912913,0.024,28.761588453247352,0.96,85.51913366541154,0.51,84.62,2,6181,Moderate
China,Asia-Pacific,3,Electronics,69.39227747452466,72.90085070966802,65.86415129388033,65.49009581521003,0.771,495.66,0.48,0.31,0,0,25,16979,0.8753228133012284,0.022,35.437355340216186,1.56,56.942138949162896,0.3,79.57,0,8691,Low
Brazil,Asia-Pacific,2,Electronics,72.59228404569498,100.0,94.6663553098762,93.77919319058678,0.7061,515.69,0.59,0.46,1,0,24,34351,0.8871795893927401,0.043,75.28332077681114,1.34,100.0,0.16,63.82,0,9515,Low
Malaysia,South America,3,Chemicals,62.4499878581233,29.43108477790606,63.46703301274452,44.31400981261458,0.9144,423.84,0.75,0.46,3,0,33,47997,0.9508544871938852,0.038,77.08601372293228,0.62,77.3835123986988,0.62,50.97,0,4074,Moderate
Brazil,Asia-Pacific,2,Chemicals,59.88321208155347,50.82340839945825,44.922379323157905,41.0327117215663,0.7052,960.49,0.49,0.25,1,0,21,14484,0.8728889322290119,0.048,42.05994891220236,0.45,76.87496676992899,0.33,76.49,2,10246,High
Japan,Asia-Pacific,3,Electronics,70.73212559605153,88.47994078984631,96.62571294741531,67.32788134285296,0.5097,1382.43,0.82,0.59,3,0,35,11281,0.8412167449535866,0.046,30.149531776991832,1.1,87.48558783248768,0.49,85.52,0,8956,Low
USA,North America,2,Electronics,61.93560307000404,85.6707475869673,46.99049643828742,34.42026880906013,0.4179,1335.2,0.4,0.27,2,1,37,14896,0.8542815871934546,0.021,59.557272363469664,1.5,73.92298026061977,0.1,80.98,1,7363,Low
Indonesia,Asia-Pacific,1,Chemicals,49.175022291891864,46.99036412138955,56.14433461484393,57.6060228218266,0.3068,1063.68,0.75,0.53,3,1,17,48343,0.9617584282340957,0.059,49.239195298489705,1.21,63.749859969881335,0.33,54.7,2,6126,Moderate
Malaysia,Asia-Pacific,2,Agriculture,54.10027930437813,98.85759936541608,35.433660156724024,59.72105266564582,0.2009,1414.71,0.84,0.24,3,0,21,18729,0.8969796917938458,0.031,29.936113369839937,0.85,85.90685613756693,0.62,67.89,1,5114,Moderate
Malaysia,South America,2,Food & Beverage,60.71337901056391,38.482599128425576,97.87452472704545,84.73169338831246,0.3846,127.53,0.71,0.33,3,0,7,11699,0.9750878397334578,0.021,70.13816021391749,1.22,63.87700143344198,0.39,53.16,2,5880,Low
Japan,Asia-Pacific,3,Electronics,75.03649157028116,93.9728922717373,73.51546041373904,71.1140700895182,0.9278,1258.26,0.4,0.19,1,1,32,19711,0.8063456392005948,0.024,53.04128014534873,0.59,64.43639350707778,0.25,79.73,1,10200,Low
Malaysia,Asia-Pacific,3,Agriculture,47.09826477619878,34.92369808232875,39.18753221478868,28.734542366690167,0.978,743.24,0.51,0.31,0,0,18,45140,0.9485642136635484,0.037,79.83361814795207,0.69,71.44921991404509,0.33,64.14,2,5460,Moderate
China,Asia-Pacific,3,Food & Beverage,70.76699520699454,69.45976342658588,93.37013763928593,46.78640295407486,0.4257,1028.16,0.91,0.36,3,0,16,26940,0.9726035472026526,0.007,79.04828059509171,0.36,78.35102625877195,0.55,62.02,0,10659,Low
Malaysia,North America,2,Food & Beverage,58.49263500737399,51.646460838597214,71.09840556249843,42.62750100152611,0.2692,217.54,0.52,0.5,0,0,17,8015,0.9423632161837109,0.039,99.4602564662286,0.84,94.1097008993629,0.43,68.14,2,7962,High
USA,North America,1,Agriculture,57.29770741452204,52.82417894972089,56.43108047955317,54.73363441859064,0.7756,248.25,0.85,0.48,0,0,34,45882,0.9190603940399598,0.049,74.5218377126366,0.4,55.706843714235916,0.57,56.28,0,7468,Moderate
Brazil,South America,2,Agriculture,69.80023930660691,52.39627026581151,88.60963700777802,42.62980960225799,0.3403,912.62,0.6,0.61,3,1,6,13504,0.8966672633592595,0.028,97.81292627997453,0.22,89.03470649134323,0.66,56.44,1,3694,Low
India,Asia-Pacific,3,Agriculture,84.11276247576845,88.98751413099754,89.72437142055551,94.86338955893643,0.2401,439.74,0.49,0.12,3,1,7,29632,0.8804670736957501,0.036,74.34455351379337,0.78,95.12618813729144,0.5,72.11,0,6811,Low
India,Asia-Pacific,2,Metals,70.07657853585127,78.0907981131549,80.6523127401479,57.93756289927986,0.4759,574.38,0.73,0.13,3,0,34,10783,0.8821424403969149,0.05,69.8238874516105,1.03,92.12117760362509,0.74,70.82,1,408,Low
China,Asia-Pacific,2,Agriculture,46.675268938098206,53.590624775234694,73.35581128462466,59.4807552549416,0.8986,732.43,0.7,0.77,3,1,34,32721,0.8670489862607308,0.031,39.68653149899069,0.86,76.75512451265062,0.45,65.37,0,4241,Moderate
USA,North America,3,Agriculture,70.75848395471336,97.00703101188324,88.93161145748697,73.59161742286467,0.1531,699.96,0.5,0.28,1,0,29,22579,0.9375267074587258,0.037,30.36848555550535,0.26,99.60917090958263,0.79,59.74,1,7879,Low
Brazil,South America,2,Agriculture,69.31050628311402,64.74941998434875,59.46799484533934,70.95144495586857,0.1067,910.1,0.54,0.01,1,0,19,17841,0.8955457034860257,0.03,39.46857317441755,1.36,75.4552414029552,0.58,69.63,1,5997,Low
Brazil,South America,3,Agriculture,61.728081366089896,62.25250038250503,75.4449461388774,64.87130267233407,0.1795,1103.84,0.66,0.53,0,1,24,29083,0.8978578005356154,0.03,96.91621641264632,1.19,100.0,0.3,70.94,1,730,Moderate
Indonesia,Asia-Pacific,2,Agriculture,52.20126568644191,58.323022343699485,51.68164886218667,25.158922318532568,0.9206,428.99,0.39,0.37,2,0,27,47412,0.926147055911907,0.037,72.92769612477082,1.47,68.07184413635729,0.5,56.14,2,4716,Moderate
USA,North America,3,Chemicals,53.87530266313059,28.628412576435114,49.420270717388526,42.0413772174029,0.875,158.19,0.84,0.76,0,1,33,38862,0.9221176917021605,0.037,68.21244868777211,1.22,96.16224090941002,0.13,79.7,2,7669,Moderate
Indonesia,Asia-Pacific,2,Agriculture,74.6875145968594,50.11054042676784,81.6001832892008,80.3741926818567,0.7312,966.68,0.67,0.19,3,1,36,40678,0.8844856221730854,0.023,75.64182590523745,1.02,74.08937942899884,0.85,59.35,0,5198,Low
Brazil,South America,2,Agriculture,70.77282898892994,46.22518920746789,71.78261672812789,59.0838347644447,0.3818,1178.5,0.51,0.57,1,1,11,2787,0.8608543736473477,0.05,62.75831731513988,0.99,85.72247479647606,0.4,71.62,1,4071,Moderate
Malaysia,Asia-Pacific,2,Metals,46.07493684913252,43.064042527474726,57.959084028495596,47.02503120201767,0.3929,414.78,0.81,0.72,3,0,34,25228,0.9464236854592138,0.061,78.59747066652184,0.2,58.050151834400225,0.27,53.24,2,8363,Moderate
Japan,South America,2,Agriculture,48.35096861550965,97.69191188799793,74.12947437429179,93.14240276674116,0.5113,187.47,0.49,0.64,3,1,25,49893,0.8324407030286479,0.037,71.3188574515228,1.26,70.68206999033622,0.76,73.33,1,9518,Low
Brazil,Asia-Pacific,3,Agriculture,81.49713831581002,59.91105868090736,67.86411344728046,50.41992737218483,0.4233,706.03,0.53,0.3,3,1,25,22516,0.8482130259550644,0.034,79.49572632263744,2.03,81.80585200144733,0.77,55.58,2,10922,Low
USA,North America,2,Agriculture,54.946728819182624,49.65421638618986,63.28153611536897,48.92471160077895,0.4416,501.76,0.57,0.31,1,1,30,25680,0.8646433905229411,0.038,49.049454759602455,0.24,56.90090304221309,0.79,76.76,2,5990,Moderate
Malaysia,Asia-Pacific,2,Electronics,58.48006507158571,63.05587847050619,68.32260264555269,51.54785430729922,0.8741,118.26,0.72,0.47,1,0,9,44627,0.9905903647387038,0.032,40.47481619870293,1.21,95.80956089308343,0.54,56.79,2,11238,Moderate
Japan,Asia-Pacific,1,Agriculture,66.12094770908665,62.7198108847001,96.17614542141264,59.99817336715263,0.1094,417.64,0.75,0.07,0,0,12,38659,0.9504208236255728,0.023,39.95811443813281,0.26,95.67396166251666,0.17,66.68,2,7630,Moderate
Malaysia,Asia-Pacific,2,Agriculture,78.11660523892554,90.90232577899604,76.24887962888582,87.43283292956463,0.2714,1127.72,0.61,0.23,3,0,18,15035,0.8434217200362983,0.032,22.023449385012945,1.91,61.06298311607676,0.65,79.5,1,3211,Low
China,Asia-Pacific,1,Food & Beverage,78.11906490805882,60.47768839413977,51.193255309211764,74.87475095278022,0.4467,740.94,0.61,0.4,3,1,35,39784,0.9062553815735751,0.03,75.62518910665132,0.87,76.10371910145237,0.43,68.41,0,3298,Low
Indonesia,Asia-Pacific,2,Agriculture,60.935674769595174,75.11213188528805,54.30247957219461,53.67053560407803,0.9127,62.05,0.4,0.51,1,0,11,23344,0.9961244133589973,0.039,100.0,1.41,60.9434155767648,0.74,80.18,2,6665,Moderate
China,Asia-Pacific,2,Electronics,57.85154948122394,29.395588843397128,30.054827703736727,48.786845984196745,0.436,129.49,0.6,0.13,2,0,34,42193,0.8554985396180097,0.029,49.43910919720781,1.16,71.96980559746282,0.86,85.06,1,7386,Moderate
China,Asia-Pacific,3,Agriculture,73.01281935490502,70.17170752635701,32.00589343965056,35.503432921821236,0.7153,483.55,0.7,0.42,2,0,19,47654,0.880759513716647,0.022,73.75231248297794,1.56,94.73455216936455,0.77,77.09,1,4467,Low
India,Asia-Pacific,3,Agriculture,69.99956345752825,27.2572683791278,54.175117467409656,51.82638374184467,0.9283,117.27,0.5,0.24,1,0,7,46493,0.8512696651912606,0.034,49.532997792387675,1.0,63.5893898509909,0.4,70.58,0,3065,Moderate
Indonesia,Asia-Pacific,2,Agriculture,40.51631720220745,37.96793891067222,41.99434793527771,20.590172613613547,0.9148,805.47,0.49,0.26,2,0,25,46026,0.8659029870949799,0.02,69.42596468045186,0.87,60.16941136484648,0.27,51.37,0,10904,High
China,Asia-Pacific,3,Electronics,54.058955714710734,58.77435354599913,60.20538216973165,43.779149970330515,0.1975,1171.71,0.5,0.55,3,1,15,34457,0.9148520120478899,0.047,47.1964648855684,0.7,89.48942013425976,0.72,64.5,0,3243,Moderate
USA,Asia-Pacific,1,Food & Beverage,74.19325303672292,53.305556352294055,62.28186835132947,31.489386616304014,0.1668,523.28,0.58,0.31,3,0,15,46762,0.9376969499471665,0.05,73.4323643679836,1.57,54.73685519689056,0.3,60.9,2,6082,Moderate
Brazil,South America,3,Agriculture,53.120967755007534,65.76733534637695,81.44687450541633,48.525592660016365,0.2262,144.17,0.67,0.05,3,0,46,2481,0.8381797958464371,0.037,40.11602073127286,0.53,92.1820608141578,0.21,75.28,2,6361,Moderate
USA,North America,2,Agriculture,75.07960388917685,91.13578050297829,50.577655209837815,76.85971550463039,0.6624,1291.31,0.64,0.69,3,0,33,7318,0.8942734837609563,0.042,92.12659665842818,1.16,70.3230982264704,0.79,70.56,0,7161,Moderate
Japan,Asia-Pacific,1,Agriculture,77.2287000431227,89.87749663290977,82.66287434347937,78.5251418209138,0.3303,555.46,0.49,0.3,1,0,35,5478,0.7959598820258738,0.037,62.35308607272818,1.4,100.0,0.49,85.62,1,8500,Low
Indonesia,North America,2,Chemicals,53.601535057291706,51.05565801610167,47.316110570211976,27.386413060268524,0.7783,911.85,0.41,0.35,3,0,38,26847,0.9167908729500887,0.051,74.93534733782535,0.43,97.95388563294568,0.43,56.93,2,4815,Moderate
Brazil,South America,3,Agriculture,60.569765520330854,60.489869201045856,65.64297182442488,45.91334948901733,0.1471,1126.71,0.59,0.37,1,1,19,7375,0.9802273030175177,0.038,83.65496028486649,1.22,66.40710081686017,0.66,85.95,0,3569,Moderate
USA,North America,2,Agriculture,66.7810191694494,79.68321597455456,62.855599210639454,43.600225581510635,0.4313,710.67,0.64,0.76,3,1,33,43153,0.9730324038587657,0.039,28.11969664616939,0.76,95.02113595768651,0.26,61.11,0,1844,Moderate
Indonesia,Asia-Pacific,1,Agriculture,74.74214173174808,88.81520411427452,72.52528270420659,49.92907621061072,0.8414,1050.33,0.48,0.66,3,1,29,14656,0.9603342396046469,0.03,71.942121555776,0.69,75.13477023519704,0.84,48.54,1,7948,Low
USA,North America,3,Agriculture,65.75031538571504,37.38115157671466,57.59666890426846,55.4989525255615,0.2732,1131.43,0.85,0.3,3,1,39,46022,0.9434160417947877,0.046,42.791683613346706,0.58,82.69966247565564,0.79,73.23,1,4293,Moderate
Japan,Asia-Pacific,1,Electronics,62.07440072442962,97.48475652760655,55.386674726080635,53.59765292711673,0.3225,746.79,0.83,0.31,1,0,20,27098,0.8591218299660762,0.034,39.70299575137639,0.75,99.91333611184938,0.17,63.27,2,8391,Moderate
USA,North America,2,Electronics,63.30237888803159,61.48897000375839,85.39529157751329,58.00233692200253,0.7832,987.69,0.65,0.74,2,0,10,22606,0.9477236559705509,0.044,74.38291194084876,0.82,82.53940494589318,0.47,61.74,1,9518,Moderate
brazil,Asia-Pacific,3,Food & Beverage,73.2409772922749,64.82190180467028,46.34629026113479,60.07850397285928,0.6591,530.49,0.66,0.14,1,0,12,38247,0.960687978369404,0.038,77.8894302761936,1.53,51.895961852522746,0.16,70.33,1,8852,Moderate
indonesia,Asia-Pacific,2,Food & Beverage,65.26766331235969,78.02136803366223,48.68233209144783,81.47529604168572,0.8148,120.21,0.91,0.06,1,0,39,45372,0.9076776649687303,0.024,79.87928232387154,0.21,68.03457417704755,0.8,59.47,0,7817,Moderate
India,North America,1,Agriculture,78.48719289233638,66.06229052777235,46.47848806202936,47.91988435728729,0.6345,84.44,0.39,0.27,3,0,36,44763,0.9017768450403552,0.064,79.87132580756663,0.35,98.55312374570616,0.16,92.12,3,6155,Moderate
