Country,Region,Supplier_Tier,Industry_Sector,ESG_Score,Environmental_Score,Social_Score,Governance_Score,Carbon_Emission_Intensity,Water_Intensity,Waste_Management_Efficiency,Renewable_Energy_Usage,Compliance_Level,Sustainability_Report_Availability,Lead_Time_Days,Production_Capacity,On_Time_Delivery_Rate,Defect_Rate,Financial_Stability_Score,Cost_Index,Labour_Compliance_Score,Diversity_Index,Supplier_Audit_Score,Incident_History_Count,Logistics_Distance_km,Risk_Classification
Brazil,South America,2,Agriculture,51.067752384779276,43.97258511812928,66.46061548540939,48.870459218878196,0.8622,126.01,0.55,0.5,2,0,41,35079,0.8579491671824026,0.046,74.07676576873655,0.76,60.883159260132416,0.56,80.36,1,11423,Moderate
Japan,Asia-Pacific,3,Agriculture,64.56486895178271,58.34747396147415,74.08343118867016,59.48120419180191,0.8388,222.98,0.61,0.6,2,0,9,46891,0.8695960068435322,0.031,67.31812491026328,0.69,56.286854034375125,0.72,81.04,1,10823,Low
Japan,Asia-Pacific,3,Agriculture,64.56696575009887,50.10901061516924,74.18163120983714,58.16242536342922,0.8383,1378.31,0.75,0.54,2,0,10,46271,0.9025445810858483,0.019,71.70975580659004,0.9,88.13594499438747,0.74,75.2,1,11487,Low
Japan,Asia-Pacific,3,Agriculture,65.81174122605488,69.75125250805313,66.22596080680039,61.714016017252675,0.2328,172.68,0.68,0.47,2,0,16,31529,0.8779080176886026,0.021,72.04473078062986,1.42,82.4473067793465,0.77,78.13,1,9321,Moderate
China,Asia-Pacific,3,Agriculture,82.35875973420346,95.69366584185374,94.70604440193785,83.07196960551907,0.1841,191.46,0.42,0.48,1,0,43,6718,0.9172084357486247,0.041,63.901898763619855,0.68,77.8933750146783,0.76,76.75,0,10459,Low
Brazil,South America,2,Agriculture,69.11610686640101,58.80525175937071,61.88836704577283,74.51326146615368,0.5241,127.99,0.6,0.52,2,0,37,31487,0.858555220451088,0.021,73.90371869224124,1.14,65.20522041639641,0.6,72.17,1,916,Low
Malaysia,Asia-Pacific,2,Agriculture,54.74156730876494,57.29370812895743,65.5333425097694,52.69030112126573,0.7648,1301.64,0.56,0.7,3,0,39,47872,0.900285774912467,0.039,80.46187947379593,0.61,77.55740426433182,0.75,78.06,1,919,Moderate
Malaysia,Asia-Pacific,2,Agriculture,67.21718895396666,67.9143633678446,70.81911422922698,64.31236708794299,0.9539,237.38,0.43,0.62,0,0,42,26772,0.8697462377910252,0.034,68.83582447270462,0.91,84.59708600467272,0.75,82.7,1,10771,Low
USA,North America,1,Agriculture,65.27146686401852,45.63470010924235,66.65430696985916,59.61488940063435,0.0886,359.52,0.63,0.44,2,1,37,44524,0.9296776360602576,0.027,78.71447528693562,1.09,66.87845139680132,0.76,74.3,2,8109,Moderate
Japan,Asia-Pacific,3,Agriculture,63.15928172799239,54.84993685692434,71.5978464238391,63.18200376672469,0.8149,117.03,0.8,0.43,0,0,16,29674,0.84342117104051,0.025,67.11744756015398,1.05,82.79135190219264,0.77,74.73,1,10702,Moderate
USA,South America,2,Agriculture,65.8694819263725,53.3751432664859,65.38427602483769,59.6296317427474,0.5865,50.19,0.53,0.3,2,0,44,25398,0.9529971217682064,0.034,75.33259575953579,0.92,62.75547154796155,0.57,71.95,1,9364,Moderate
China,Asia-Pacific,1,Agriculture,77.70829757915457,64.70318273121667,90.79133986568533,80.02566089306683,0.8264,297.96,0.46,0.46,3,0,44,11352,0.8856421598109834,0.032,64.72556966012482,0.84,89.9562306772115,0.75,74.12,1,11005,Low
China,Asia-Pacific,1,Agriculture,48.66341951396163,62.943502520869735,49.00634332011469,52.37340354304215,0.7339,278.0,0.79,0.35,1,1,14,12050,0.8965364342875329,0.038,73.56523030632451,1.04,90.46202183065733,0.73,85.68,1,8862,Moderate
Brazil,South America,2,Agriculture,42.06288724750346,23.233402055119427,57.340277158683335,56.13099133173398,0.8976,1139.65,0.6,0.58,2,0,43,32944,0.9040672831917541,0.039,72.19815134186655,0.69,66.45948895812322,0.71,73.38,0,1263,Moderate
Malaysia,Asia-Pacific,3,Agriculture,60.19833656864891,47.978492769291535,64.68608384249112,52.31269094696207,0.8951,250.85,0.78,0.57,2,0,8,25190,0.8912887260117991,0.051,71.68788625835636,0.8,79.25992135135768,0.44,81.82,1,11159,Moderate
Brazil,South America,2,Agriculture,57.35869527795486,61.256709225524624,63.85255258136842,62.27743918237565,0.8511,207.01,0.6,0.23,2,0,44,29321,0.9237371344207855,0.015,87.41346405650411,0.87,64.19741388431957,0.8,70.06,1,6939,Moderate
Brazil,South America,2,Agriculture,62.56412594518081,54.14998451121445,66.31033330615519,66.06327599520537,0.7034,139.67,0.5,0.51,2,1,43,30435,0.8755626622692114,0.035,73.05544506414334,1.32,80.52636536390102,0.68,87.69,1,10491,Moderate
China,Asia-Pacific,2,Agriculture,62.20810050302268,59.285330184942985,79.43516504654714,65.40177584294752,0.1087,790.75,0.58,0.57,3,1,44,15035,0.9249533650535484,0.021,76.67992669002835,0.71,84.70140235685571,0.68,81.88,1,10424,Moderate
Japan,Asia-Pacific,1,Agriculture,67.44218289606964,90.58762711214199,84.51721754330642,65.78350614724464,0.7256,119.44,0.59,0.42,1,0,15,11052,0.8997578665162884,0.027,60.88397743914328,1.18,73.99450151628149,0.66,82.83,1,10471,Low
Malaysia,Asia-Pacific,2,Agriculture,69.63480819349134,57.77025339858597,65.29063324361752,67.91104799145492,0.8925,204.4,0.58,0.55,2,0,42,30531,0.8556362231398471,0.039,70.42839007433736,1.27,76.76020825347356,0.54,87.79,1,11394,Moderate
Japan,Asia-Pacific,3,Agriculture,56.21944259341394,42.85392024151536,57.33358243716427,51.941188846603026,0.9269,1092.77,0.75,0.6,2,0,20,48165,0.8493502860680313,0.044,69.16375372977544,0.71,82.8068164603512,0.76,76.27,1,11999,Moderate
Japan,Asia-Pacific,2,Agriculture,55.46238443068695,41.90938740518559,54.849360963337574,49.656927011412364,0.9043,625.66,0.54,0.55,2,0,42,28632,0.8752924923036435,0.023,69.35802386285728,0.65,76.33349029130159,0.7,84.42,1,11124,Moderate
India,Asia-Pacific,3,Agriculture,78.09452893125102,93.64072915001029,80.87103841748936,89.29765365985509,0.767,301.2,0.45,0.51,3,0,41,20760,0.9161512099016142,0.02,55.71526963517215,0.95,60.08586217038147,0.73,71.92,0,9046,Low
India,Asia-Pacific,3,Agriculture,68.68201585473766,58.05102104636117,75.60554607444192,66.42411882003675,0.8733,197.28,0.71,0.4,0,0,49,35461,0.8625373561602396,0.022,72.39722112502545,0.87,64.44869343164713,0.8,80.62,1,10707,Moderate
China,Asia-Pacific,2,Agriculture,61.09364861291639,58.95062006592801,65.4815207741907,48.71428558147644,0.8723,455.02,0.53,0.73,2,1,40,42031,0.9203576118577196,0.019,79.10398203380726,0.91,82.20348816029541,0.72,71.55,1,9389,Moderate
USA,North America,2,Agriculture,41.90151660635735,29.313355377201084,42.45060321542572,36.769855664737335,0.218,413.17,0.48,0.32,1,0,43,15088,0.9465423533473066,0.041,77.53167379657282,1.29,76.39259005357084,0.7,74.89,1,1391,Moderate
Malaysia,Asia-Pacific,2,Agriculture,52.70885736927351,53.17048650213066,59.22517773264798,52.56297315128857,0.9128,127.74,0.59,0.49,2,0,43,31504,0.8391258427284416,0.03,70.5195498417286,0.83,87.13652899743536,0.71,78.11,1,10043,Moderate
Malaysia,Asia-Pacific,2,Agriculture,66.65823277947078,85.27342133485739,69.10734709508607,71.00797915017375,0.7789,1463.83,0.63,0.49,2,0,8,45177,0.8396246414107099,0.033,73.62660815498216,0.7,58.2159140754661,0.75,77.81,1,9098,Low
Brazil,South America,1,Agriculture,69.50395061969544,81.87208624500282,76.4204939636741,73.27632338294806,0.7083,1407.85,0.55,0.52,0,0,43,3133,0.8432532019981632,0.035,69.3211617076852,0.89,66.41468465515739,0.3,67.66,0,10337,Low
China,Asia-Pacific,2,Agriculture,53.5771748650089,51.998470216959674,64.76176624672455,46.2456047262915,0.7545,197.09,0.76,0.42,2,0,11,45457,0.8509234012375777,0.047,73.22673131442278,0.92,76.8319652843345,0.73,74.82,2,10200,Moderate
Malaysia,Asia-Pacific,1,Agriculture,77.44094062794713,84.2455156873921,73.46587474826521,76.77138936493088,0.8371,64.99,0.61,0.46,0,1,41,1003,0.95792654840927,0.03,70.68647525292144,0.65,56.18257077406334,0.69,84.79,0,9826,Low
Brazil,South America,2,Agriculture,51.17022034081668,50.89769696741474,67.08749678338295,46.02257684154046,0.8701,82.98,0.47,0.43,2,0,13,28053,0.825597287709987,0.018,71.29933971322177,1.23,55.082196870192504,0.76,85.71,1,9940,Moderate
Malaysia,Asia-Pacific,2,Agriculture,45.249507070002124,36.02438555625746,50.84817274699273,42.11334402075587,0.822,427.28,0.48,0.62,2,0,42,40426,0.934884949168547,0.019,81.4240197901237,0.9,58.8791036403612,0.74,70.47,0,8437,Moderate
India,Asia-Pacific,3,Agriculture,78.38807121594756,85.72082266165243,82.05875420200775,87.53134589035673,0.121,135.33,0.59,0.6,3,0,40,38306,0.9383393654385281,0.029,73.67026178592737,0.94,80.29467212019473,0.7,75.0,1,8520,Low
China,Asia-Pacific,2,Agriculture,59.916314273673876,63.25381861188789,62.065735560508365,70.70187978928527,0.8035,525.54,0.55,0.16,1,1,39,8331,0.8868767473852283,0.022,74.95203094301417,1.22,73.16702805809513,0.71,84.27,2,1197,Moderate
India,Asia-Pacific,2,Agriculture,48.67236512269032,36.975410772267125,44.25130121361689,51.33672536788055,0.8159,346.76,0.88,0.53,2,0,39,9374,0.9384598733225094,0.029,71.31568611169394,0.51,72.38492327258896,0.81,75.97,0,10631,Moderate
China,Asia-Pacific,1,Agriculture,51.83664030514568,43.00170487150212,53.187704444506515,59.73493299137493,0.665,192.06,0.81,0.34,2,1,14,4381,0.8560558887908716,0.043,62.4756933614474,0.46,83.74256162745881,0.71,70.82,1,9739,Moderate
China,Asia-Pacific,2,Agriculture,52.39183415797006,51.46721621500289,50.02262405661376,55.720379486129566,0.9755,575.24,0.8,0.49,1,1,45,12968,0.856340239774025,0.034,51.588620224593555,0.97,81.27508298305763,0.62,77.07,2,11559,Moderate
Malaysia,Asia-Pacific,2,Agriculture,56.85093946766021,47.45747373247037,57.16640037976711,49.554824955415164,0.9637,200.08,0.57,0.59,2,0,47,7262,0.912097296585475,0.038,73.47426292283028,0.85,78.84644490250064,0.69,72.23,1,10678,Moderate
India,Asia-Pacific,2,Agriculture,53.48948405181772,38.92324440785897,52.48270484927484,56.84450738305594,0.8246,1027.6,0.61,0.52,2,0,38,4111,0.9192796665184254,0.014,75.7149923421044,0.4,80.2558904049894,0.61,68.58,0,9946,Moderate
USA,North America,2,Agriculture,46.5793335398793,37.83099213038397,49.29868896773843,46.92398208159732,0.9043,162.81,0.61,0.45,2,0,15,28227,0.9428894496586024,0.026,66.24706008076683,0.73,86.23560880755562,0.71,76.24,1,11429,Moderate
Malaysia,Asia-Pacific,3,Agriculture,67.11207904911562,79.50755382472948,74.8596095931989,82.0121666109052,0.8747,251.48,0.61,0.51,3,1,41,46269,0.8654655394880949,0.031,68.65724880990363,0.81,61.70401927554476,0.73,79.46,1,9403,Low
USA,North America,1,Agriculture,74.31189106433447,74.66008940357699,72.00127217367202,85.23095483183,0.3277,374.97,0.61,0.22,1,1,41,9605,0.9147153415291704,0.031,78.0133486716349,1.23,87.01061155898402,0.78,77.24,1,10976,Low
India,Asia-Pacific,3,Agriculture,52.03714221690758,13.076250000000009,48.02596275268599,59.08261692719027,0.7629,505.5,0.45,0.58,2,0,42,22108,0.845373279219204,0.067,64.28715800503068,1.02,84.46483892727198,0.79,75.13,0,10170,Moderate
Japan,Asia-Pacific,2,Agriculture,62.639580123881736,63.14085110420898,73.35301870643978,80.50374324032177,0.9492,295.54,0.57,0.15,3,1,41,8958,0.848304570784295,0.027,64.57550176887358,0.8,88.11902048141224,0.79,81.93,1,656,Moderate
India,Asia-Pacific,2,Agriculture,51.66396860859713,13.076250000000009,49.22483223806041,42.38364858858012,0.8132,926.88,0.85,0.54,2,0,42,1878,0.9179227268883221,0.037,66.38802890427817,0.4,69.11348232583518,0.62,74.0,0,9399,Moderate
Malaysia,Asia-Pacific,2,Agriculture,51.97779245005622,50.87281481941356,53.3598001114143,41.93511662033519,0.723,133.39,0.61,0.57,2,0,13,6740,0.9155118416909831,0.031,71.60989345958228,0.6,75.2275130003182,0.63,83.42,1,10324,Moderate
Japan,Asia-Pacific,3,Agriculture,59.599859995037065,58.39223084598293,63.587968653953745,49.65470420262934,0.9182,183.92,0.74,0.5,2,0,15,30733,0.862322306492917,0.029,73.40253134647901,0.98,86.88522411617842,0.53,75.38,1,11220,Moderate
Japan,Asia-Pacific,2,Agriculture,64.59889443360257,77.30128080124055,82.32780715389748,69.64187765815971,0.7746,1136.07,0.58,0.29,1,0,11,9737,0.9042716469653191,0.02,41.893653131867694,0.75,74.32762042103728,0.79,77.24,1,9177,Low
Japan,Asia-Pacific,3,Agriculture,58.54360694139638,32.010760325805805,60.628094655698284,53.222237829128154,0.796,890.22,0.82,0.49,2,0,10,502,0.8321662979452097,0.03,77.14427499444534,0.64,78.7291954437127,0.7,71.57,0,10298,Moderate
Japan,Asia-Pacific,3,Agriculture,61.410550575431046,66.35563107638893,61.49675325380095,68.17581267308879,0.7661,321.66,0.82,0.56,2,1,12,8024,0.9046611553649517,0.025,46.30762609744796,1.27,85.96490355411566,0.72,75.27,1,9160,Moderate
Brazil,South America,2,Agriculture,63.219084095302456,54.02516212076055,65.05575231961689,61.41950881473787,0.9027,125.33,0.49,0.61,2,0,43,33685,0.8702789991524513,0.027,65.92782996979592,0.83,67.04341399261882,0.62,74.85,1,51,Moderate
Brazil,South America,2,Agriculture,50.972250551342405,53.0753346758005,57.759756001109714,38.31859452627099,0.5756,1323.95,0.63,0.5,2,0,16,4284,0.9271355458794285,0.027,61.54199895418327,0.56,62.93589275193779,0.58,84.37,1,6660,Moderate
USA,North America,1,Agriculture,80.85853405173437,66.60846205763094,82.51070467849298,89.47324226088168,0.0813,316.14,0.61,0.57,3,1,46,32701,0.8608820241560986,0.039,75.7440314803603,0.94,64.46476786491446,0.81,70.02,0,9809,Low
Malaysia,Asia-Pacific,2,Agriculture,56.20501066211513,57.99790286553455,64.50068121566372,62.2553894094221,0.9576,260.82,0.8,0.47,2,0,9,46888,0.8738594874834302,0.021,76.99873561386363,0.75,80.88435401278657,0.85,80.09,1,9678,Moderate
Brazil,South America,2,Agriculture,54.52992264756371,34.71834558269231,63.06299441646267,52.9962132319,0.7507,191.35,0.56,0.51,2,0,42,31079,0.8869274900873784,0.032,76.74303664515249,1.17,73.5728122770884,0.57,73.86,1,9917,Moderate
Brazil,South America,2,Agriculture,62.45204230796009,59.78145233373387,69.03468784737312,66.00361120077085,0.8513,1417.78,0.63,0.58,2,0,44,4485,0.9418324980338484,0.037,88.4393060009624,0.54,59.06971345150326,0.43,78.85,1,11140,Moderate
Brazil,South America,2,Agriculture,57.361452202861976,55.86401012275748,64.95702405242156,48.85403741273478,0.871,231.65,0.38,0.55,2,0,37,37444,0.9068765118779436,0.027,75.4704543676899,0.79,76.36329585249932,0.74,88.91,1,9385,Moderate
China,Asia-Pacific,2,Agriculture,68.53471466045406,85.93826926658359,79.04702512661778,64.05580807861679,0.77,1324.0,0.61,0.45,2,0,12,10250,0.9377961987420157,0.046,68.02448648889784,0.68,73.87857170342453,0.88,84.05,1,11193,Moderate
USA,North America,2,Agriculture,53.064145873736564,65.48990799118224,60.44109369656636,60.35096341845578,0.0687,327.96,0.52,0.66,1,1,40,7825,0.9081599118066803,0.022,73.8324530601586,1.19,86.68559006922577,0.7,76.9,1,202,Moderate
Malaysia,Asia-Pacific,2,Agriculture,37.365,24.695327373969675,47.247185861808575,41.97372269577474,0.7861,1326.08,0.85,0.4,2,0,13,26851,0.8470269241507763,0.02,66.34003624487924,1.02,75.19563802379881,0.68,69.72,0,10718,Moderate
Indonesia,Asia-Pacific,1,Agriculture,56.00564498704825,51.612078061536295,60.98366105385462,37.973890807193825,0.7192,317.89,0.81,0.61,1,0,23,7261,0.9201816372194894,0.03,67.8077881514316,0.73,75.42017677036127,0.67,81.89,1,9238,Moderate
USA,North America,2,Agriculture,45.160712082154625,31.225208390700644,57.435674558977674,37.768227397140315,0.2263,264.8,0.54,0.55,1,0,43,16186,0.8899222136384581,0.041,76.41119387248338,0.66,72.2963145440778,0.72,80.92,1,8823,Moderate
Malaysia,Asia-Pacific,2,Agriculture,70.6295175454334,75.980567857002,75.33041803231167,78.24990558465748,0.8223,1236.06,0.64,0.52,2,0,38,32962,0.8518993870572977,0.035,68.58291377006343,1.26,87.08299562100633,0.73,81.75,1,10473,Low
China,Asia-Pacific,2,Agriculture,68.94141041129087,58.86063499474371,76.6726798331186,66.93028348103616,0.8442,393.99,0.8,0.53,1,0,49,10080,0.8817703842408973,0.024,64.46997410727822,1.0,86.52578170023918,0.62,83.42,1,10348,Moderate
China,Asia-Pacific,2,Agriculture,65.6488178343877,56.512868199997044,64.50609181716585,67.18956800320437,0.4587,565.71,0.63,0.24,2,1,21,45392,0.877993831729235,0.026,68.04782771672835,1.06,79.74130382906152,0.78,79.07,2,8303,Moderate
Japan,Asia-Pacific,2,Agriculture,50.92152001210839,52.30338775661879,56.60391613981817,48.947637468295945,0.7086,219.9,0.74,0.63,2,0,21,45876,0.8895810748983811,0.041,75.5932368901756,0.87,81.58888086627572,0.8,75.84,1,9936,Moderate
Malaysia,Asia-Pacific,2,Agriculture,55.10851260681217,52.04547490677709,64.05765763656804,56.629462371317416,0.8168,1305.6,0.62,0.53,2,0,38,45765,0.8364848016522126,0.016,65.92847017265059,0.5,76.8357683072897,0.67,75.58,0,10669,Moderate
Malaysia,Asia-Pacific,2,Agriculture,53.53205529641995,43.746631333936406,65.46192551128897,34.91737692813736,0.8266,258.82,0.52,0.61,2,0,20,44391,0.9014667393485476,0.032,66.19179885605271,0.65,86.14360932245292,0.74,76.24,1,9628,Moderate
Japan,Asia-Pacific,3,Agriculture,62.910448248593354,56.83675495105605,70.53609534148826,65.373250931767,0.9459,193.03,0.59,0.51,2,0,44,15968,0.8642037353595388,0.041,70.17248773961263,0.8,89.26156659243885,0.74,88.85,1,11476,Moderate
India,Asia-Pacific,3,Agriculture,72.00358458096777,72.77772553371955,86.40313234133998,84.47522073642958,0.7372,468.99,0.59,0.48,3,0,43,30014,0.9064195823910924,0.038,73.10717475409646,0.97,74.39398768941075,0.76,85.01,1,9602,Low
Malaysia,Asia-Pacific,2,Agriculture,52.69858672137114,26.738502717533866,51.19274231191973,47.0102353684624,0.9227,267.69,0.57,0.61,2,0,44,8971,0.927680943033931,0.031,77.7956711908527,0.54,63.644860438507955,0.76,69.7,1,4379,Moderate
USA,South America,2,Agriculture,63.18127050790525,72.1726772747294,66.81680386766793,76.185262247536,0.4253,1496.61,0.38,0.34,2,0,38,33308,0.8221368644213667,0.03,79.5153007737983,0.88,58.3521738829585,0.7,73.2,1,946,Moderate
Brazil,South America,3,Agriculture,75.1660052068312,78.86472489096033,81.66302813259762,79.9826842297358,0.8881,961.87,0.45,0.65,3,0,43,31702,0.9481890935035571,0.035,68.13270503729574,1.05,60.92275906800773,0.12,76.03,0,10066,Low
China,Asia-Pacific,2,Agriculture,74.99581821147675,78.93669437538847,79.22308994161281,78.36555288999365,0.6807,394.37,0.58,0.35,0,0,8,9996,0.9138277519087761,0.019,68.38499848603932,0.57,76.30083174661735,0.83,84.52,1,9420,Low
USA,North America,2,Agriculture,50.446981965814835,53.500044239099786,65.79266862909179,49.91763910854444,0.7078,1138.07,0.51,0.46,2,0,36,46537,0.8979433848300391,0.041,80.5293328992609,0.97,71.82648285257659,0.68,81.15,1,9427,Moderate
India,Asia-Pacific,2,Agriculture,69.14548076187454,58.695876116384795,75.27928639424218,59.165128724164006,0.7861,185.3,0.83,0.55,2,0,24,45644,0.8749567135510979,0.022,68.44671014109747,0.83,75.80505173308599,0.68,81.68,1,11281,Moderate
USA,Asia-Pacific,2,Agriculture,48.1331799248891,48.16128853272925,50.25005438569517,47.17336965182414,0.0784,485.24,0.47,0.65,1,0,43,29341,0.9382928452796431,0.028,82.9299559116157,0.92,61.812238437610745,0.69,73.88,1,9475,Moderate
Japan,Asia-Pacific,2,Agriculture,61.56223533439445,57.83657003318674,68.0028252830538,51.55089916311278,0.8238,169.94,0.6,0.49,2,0,6,46544,0.880047093907163,0.018,71.75743475458636,0.67,82.86022206413753,0.53,76.38,1,11570,Moderate
India,Asia-Pacific,2,Agriculture,66.69967154365277,59.0206249965095,82.06426962915928,67.52336163620038,0.8157,1272.48,0.65,0.22,2,0,11,14585,0.9079112680243971,0.032,71.62713453141143,0.63,79.47077458607059,0.7,75.99,1,10659,Moderate
China,Asia-Pacific,2,Agriculture,67.24331458790516,57.087867266971855,80.14506224620125,64.77644834392028,0.1179,97.07,0.46,0.66,3,1,43,44525,0.9327158542244528,0.029,70.0777289146096,0.89,80.68898298035847,0.82,76.05,1,10544,Moderate
USA,North America,1,Agriculture,69.74591241578756,55.37121734043038,81.55235444992684,67.85906450878039,0.7406,379.31,0.58,0.52,1,1,46,8418,0.928968575064668,0.031,80.91512672302198,0.65,83.20161540437427,0.72,77.75,1,10609,Moderate
China,Asia-Pacific,3,Agriculture,73.2244243650819,83.76303376494214,98.53174229435677,81.76020224734492,0.8041,290.15,0.61,0.57,1,0,41,10257,0.8932923062838388,0.021,41.26145068428059,0.7,75.26367180153304,0.71,74.51,1,9555,Low
Japan,Asia-Pacific,2,Agriculture,46.284672122695284,27.59678895111606,53.34871094436952,56.42754538261931,0.8276,354.61,0.76,0.66,3,0,44,14561,0.9336976700170605,0.044,89.02082773012862,0.71,86.7416694932821,0.75,74.02,0,10742,Moderate
Malaysia,Asia-Pacific,2,Agriculture,63.58463151891769,56.02410141171194,73.05038085081776,62.8866511792354,0.9175,1156.96,0.56,0.64,2,0,47,4583,0.977501325815309,0.022,73.54888723359129,0.45,54.93944746351049,0.72,88.61,1,6774,Moderate
Malaysia,Asia-Pacific,2,Agriculture,64.15358104896008,62.355831846743406,63.71838877366455,68.28815664447706,0.6857,1240.66,0.6,0.5,2,0,12,45429,0.8368662485517554,0.033,67.47436825668889,0.72,75.36246027511639,0.8,89.11,1,11485,Moderate
China,Asia-Pacific,1,Agriculture,75.79951689298923,61.206466931475425,80.2047038485333,75.04875009042597,0.8959,401.95,0.6,0.6,1,1,43,12228,0.9007407051528039,0.044,66.7908780573402,0.95,79.71017952724466,0.77,79.35,1,8108,Low
USA,North America,2,Agriculture,53.824661442292005,64.57856775207257,63.313322474536506,56.59630446859205,0.2325,799.74,0.53,0.64,3,0,38,27250,0.9168991432868829,0.033,82.26770511718561,0.71,72.5864598600183,0.67,72.03,1,1016,Moderate
China,Asia-Pacific,2,Agriculture,71.7781726838702,62.06181551675581,66.28286266352721,79.74710521336559,0.1917,271.1,0.58,0.45,3,0,38,44493,0.8701963775105187,0.032,67.2216067549481,1.26,76.04997277927004,0.74,80.08,1,1061,Low
Brazil,Asia-Pacific,2,Agriculture,56.20727767708468,46.07754109920269,63.790086157514615,59.72811501424519,0.9044,291.42,0.7,0.47,2,0,41,26573,0.8740455985896499,0.024,74.12129429148976,1.06,55.89896565363161,0.67,80.51,1,10325,Moderate
USA,Asia-Pacific,1,Agriculture,76.03891658441921,96.16322294671568,84.94998882295667,73.6847081995675,0.6589,420.27,0.41,0.54,1,0,16,5197,0.9439920810018676,0.034,78.69657243098874,0.86,76.09681371942794,0.82,69.16,1,10143,Low
Malaysia,Asia-Pacific,2,Agriculture,60.77108636929862,56.368181084934086,63.07267237526267,65.98185424096955,0.8779,156.59,0.59,0.58,2,0,5,36789,0.8785595692855274,0.032,69.74654152212857,0.7,71.95900283549055,0.61,74.93,1,794,Moderate
Brazil,South America,2,Agriculture,60.84836935336126,59.27627206715129,68.44707690541546,53.88118112726441,0.9605,1376.8,0.68,0.6,2,0,44,3308,0.8528929499238208,0.044,65.37978394636615,0.63,60.7527435339578,0.6,85.05,1,11393,Moderate
Malaysia,Asia-Pacific,3,Agriculture,55.98370035520612,29.168773836949796,37.83921998324474,32.96969448183801,0.7885,268.53,0.5,0.5,2,0,42,33520,0.9154022336832702,0.036,66.3035044017106,0.95,62.8393070401596,0.73,75.78,0,10644,High
Japan,Asia-Pacific,3,Agriculture,65.11428446510442,71.15228486827439,65.32756284970323,68.00803038075553,0.8516,348.79,0.4,0.48,0,1,43,6210,0.8587693725991296,0.027,67.72212043830369,0.76,71.27317940229416,0.67,78.1,1,8994,Low
Malaysia,Asia-Pacific,2,Agriculture,59.936656864570196,63.85957202845364,67.25598170298947,63.16047119848767,0.9881,126.36,0.59,0.52,2,1,48,29824,0.8475279773944714,0.022,70.1880515416347,0.74,86.90990951957721,0.79,81.2,2,11999,Moderate
Malaysia,Asia-Pacific,2,Agriculture,61.97810882600737,58.43066761571303,69.67399887756176,53.22162347086004,0.8636,1418.55,0.6,0.59,2,0,38,49622,0.8521545488073945,0.025,67.78654033934842,0.72,74.43746768663381,0.67,79.62,2,11196,Moderate
China,Asia-Pacific,2,Agriculture,68.74345895326917,58.560297030094866,59.631908913522146,85.67611980553247,0.7718,605.16,0.6,0.11,1,1,40,48831,0.88295830816265,0.017,73.47074939358062,1.47,84.85274647754547,0.66,79.71,2,10126,Moderate
China,Asia-Pacific,1,Agriculture,46.50971414527461,46.26909091820026,57.462590961415664,60.93908001498478,0.7429,397.36,0.6,0.41,2,1,44,10266,0.8854617131769307,0.027,66.9435480731389,0.82,83.98535118197033,0.81,75.91,1,8429,Moderate
USA,Asia-Pacific,3,Agriculture,87.72500000000001,80.29464679795043,75.56195068636471,89.2516407703234,0.0687,307.79,0.59,0.47,3,0,39,29367,0.9596893467773706,0.033,77.63370464986646,0.85,69.79774382332424,0.63,67.86,1,9465,Low
Japan,Asia-Pacific,2,Agriculture,60.747933551047176,58.908838571329,60.34702200319638,47.34562817691822,0.9937,960.32,0.6,0.47,3,0,8,46073,0.9254125922926391,0.037,70.83851182004416,0.64,90.1496392222595,0.73,82.39,1,10841,Moderate
Malaysia,Asia-Pacific,2,Agriculture,62.19544265185239,53.322749455835805,66.54699301879124,53.73683242742328,0.725,1147.6,0.58,0.57,2,0,6,46886,0.9338637540670389,0.034,68.3603169932263,0.73,75.10425104098455,0.72,80.42,1,51,Moderate
China,Asia-Pacific,3,Agriculture,51.76838308827017,13.076250000000009,51.627590707698985,37.80865198478844,0.7901,396.33,0.46,0.56,1,0,45,22807,0.92095269037958,0.043,85.9643600051122,0.85,75.30947261044315,0.76,73.49,1,8849,Moderate
Japan,Asia-Pacific,2,Agriculture,63.21552476030109,54.122134047438905,53.93333651359078,68.08988764721563,0.8839,183.06,0.58,0.18,1,1,43,7427,0.9190312907427314,0.03,53.933304524863956,1.26,86.69293664605019,0.7,81.19,2,381,Moderate
China,Asia-Pacific,1,Agriculture,70.90994937994766,83.7715958474691,80.67006219881713,88.09506549408196,0.7792,353.3,0.62,0.4,3,1,43,9793,0.8832198745570344,0.036,71.1283928655648,1.0,85.98949968193841,0.77,80.23,1,10533,Low
Malaysia,Asia-Pacific,2,Agriculture,58.24758798666208,55.32884874350174,65.43136162749065,53.173487382701374,0.0214,1069.29,0.57,0.47,2,0,42,29090,0.8747117636381571,0.025,78.10541810907048,0.85,82.06720633390604,0.64,75.01,1,1584,Moderate
China,Asia-Pacific,2,Agriculture,58.33508463480229,34.60715397205482,58.04579471784785,50.07992777786608,0.8647,924.38,0.79,0.38,2,1,8,49982,0.8842563797890839,0.03,80.88783485046326,0.69,83.50990017125183,0.74,80.32,1,8300,Moderate
USA,North America,1,Agriculture,71.49855352464526,77.78430483484993,85.54843743034273,91.7258758164857,0.3046,323.46,0.47,0.21,1,1,46,12421,0.8950369025914708,0.032,42.94572685596231,1.25,85.85771002472866,0.7,69.49,1,9759,Low
China,Asia-Pacific,2,Agriculture,48.668634631827715,54.57967145414384,49.162345585470135,44.40409798219433,0.8877,340.49,0.6,0.6,1,1,41,9877,0.9314474409422162,0.022,86.60731924238355,0.73,83.99422062664048,0.79,74.58,1,7962,Moderate
Brazil,Asia-Pacific,3,Agriculture,80.54051691696296,96.73605544641902,75.6107012313943,81.89456209942598,0.7881,399.81,0.63,0.58,1,0,13,27047,0.9117391591572753,0.027,42.83630975059879,0.85,83.87046789650815,0.71,71.1,0,9506,Low
Japan,Asia-Pacific,3,Agriculture,69.0556332239172,89.17560717432181,72.73385305117645,72.08758317798245,0.9329,527.91,0.56,0.51,3,1,40,11233,0.8682913291355112,0.029,72.56731352798202,0.68,71.59495675931056,0.66,75.76,1,8609,Low
China,Asia-Pacific,2,Agriculture,71.89853303756331,92.15536344717573,83.5139641318089,77.19747989426239,0.7209,435.15,0.63,0.46,1,0,40,2839,0.8990139190555779,0.031,66.82436619493618,0.51,71.0978820096894,0.65,75.99,1,8413,Low
USA,Asia-Pacific,2,Agriculture,46.5882334317271,39.28964704421576,56.9862759357875,37.83451999972448,0.7751,920.72,0.53,0.54,2,0,41,45700,0.9433728618446648,0.031,72.74911343097894,0.89,60.666166590772086,0.73,76.61,1,9083,Moderate
USA,North America,1,Agriculture,65.28499032673533,52.98283787174565,70.07090044643036,43.85787959766044,0.7876,129.9,0.48,0.54,2,0,49,32636,0.8782472310082098,0.024,69.97951532228197,0.81,85.58894720598518,0.83,78.5,1,9783,Moderate
China,Asia-Pacific,2,Agriculture,63.97795252028262,56.00913015777444,68.41269607760778,54.048491936531995,0.9274,230.37,0.54,0.47,3,0,47,31657,0.881308906783474,0.024,70.20253010213999,1.0,84.6495359515874,0.75,82.11,2,9971,Moderate
Brazil,South America,2,Agriculture,71.88672687024638,70.09506259671147,78.179264649559,82.22360821406188,0.1597,1358.69,0.56,0.51,3,0,42,32675,0.9593380093831475,0.024,68.3979673026256,0.69,64.83293933617682,0.82,80.98,1,823,Low
Japan,Asia-Pacific,3,Agriculture,86.59691534267948,81.84679809425026,76.1973248108203,82.11715934569662,0.9063,344.61,0.61,0.23,1,0,9,10177,0.9143477990475921,0.043,74.00851245012649,0.67,74.2891167211246,0.74,89.22,1,9396,Low
China,Asia-Pacific,1,Agriculture,50.49061501209317,48.722472448415246,53.83825403541706,51.293183269403386,0.0815,234.04,0.63,0.25,1,1,44,6844,0.9022324767087496,0.03,48.568992123668174,0.98,82.91584271768666,0.76,72.53,2,9507,Moderate
Malaysia,Asia-Pacific,1,Agriculture,69.32146378820691,75.21676038180729,85.14013595591737,78.30883848212248,0.7685,1274.63,0.63,0.56,1,0,42,14540,0.9077059130507983,0.029,70.98790833686206,0.67,70.94594210892332,0.67,76.25,0,10056,Low
Malaysia,Asia-Pacific,2,Agriculture,66.83652105102335,65.64554204410443,74.34474721641473,73.25085871790434,0.6516,1385.62,0.57,0.59,2,0,39,7023,0.943558097019738,0.033,70.81564039809943,0.59,75.12759758679152,0.67,77.35,1,213,Low
Malaysia,Asia-Pacific,1,Agriculture,72.74352200333111,78.341418270436,69.74739403439222,69.88843067945302,0.8239,445.22,0.53,0.29,0,1,10,10386,0.9125524252922509,0.033,41.92297549582424,0.99,86.67118348288804,0.65,88.77,1,9267,Low
USA,North America,2,Agriculture,62.325337070923496,81.5567182158616,75.46848601030098,81.29970829289073,0.0212,262.34,0.59,0.29,1,1,39,5816,0.911792615806347,0.024,83.21998109160359,1.06,62.72507734106056,0.76,65.39,1,2185,Low
Malaysia,Asia-Pacific,2,Agriculture,69.34964644579703,79.16460162869319,64.5429735640588,66.1504940937905,0.7957,302.95,0.57,0.49,2,0,10,44607,0.8522308222254774,0.027,68.10089566067235,0.68,78.42790662107325,0.69,77.3,1,9313,Moderate
Malaysia,Asia-Pacific,2,Agriculture,65.45978171570309,54.56752719505304,65.07716903398608,70.35231323849807,0.7165,1426.59,0.59,0.53,2,0,6,48105,0.8430022914703821,0.022,69.75527327379963,0.61,66.53458034441427,0.59,84.54,1,744,Moderate
USA,North America,3,Agriculture,77.46367533434899,97.88645092133872,76.10516109763212,89.94965574749429,0.3214,385.37,0.48,0.5,3,1,42,21916,0.8814449314491385,0.052,83.56355916335653,0.97,46.79301775087768,0.79,70.56,0,10082,Low
China,Asia-Pacific,3,Agriculture,65.20046070195203,65.89148826891737,78.98674393278843,66.65216090540851,0.8138,50.19,0.6,0.19,1,1,39,11248,0.8880105168006535,0.022,60.93670769644265,1.02,87.46270841774009,0.73,77.4,1,8503,Moderate
India,Asia-Pacific,3,Agriculture,65.30340525440253,47.860326505060314,61.48413749462186,53.56376645548324,0.2271,189.54,0.76,0.53,2,0,9,45543,0.8948417686515973,0.03,67.4762860161673,0.77,85.11023923193393,0.82,74.39,1,8303,Moderate
Japan,Asia-Pacific,3,Agriculture,55.156330168161865,48.88284249195074,56.513433074656064,51.360206097246724,0.875,996.2,0.76,0.44,2,0,45,5500,0.9390969827205767,0.031,79.55008209838326,0.72,68.00465439860915,0.65,60.69,0,11650,Moderate
Malaysia,Asia-Pacific,2,Agriculture,54.19234289644297,54.04289794797156,59.73267231906724,59.73754393274244,0.9315,1403.6,0.64,0.45,2,0,7,44122,0.8818138529297309,0.031,73.3313774346923,0.48,75.67317869338498,0.7,75.4,1,9873,Moderate
Japan,Asia-Pacific,2,Agriculture,61.744785678290896,42.875854686620286,56.27314971649011,51.363114018351844,0.8907,71.82,0.7,0.56,2,0,10,26758,0.8759995448841983,0.021,75.66985526338573,0.75,83.38518738717055,0.7,83.34,1,1229,Moderate
China,Asia-Pacific,2,Agriculture,60.97637929554264,65.17963865658658,65.4475269024835,66.50051996440452,0.8849,301.32,0.63,0.36,2,0,40,7803,0.9264507312089952,0.027,90.17226548884986,0.67,96.46974330371765,0.68,68.92,1,11891,Moderate
Malaysia,Asia-Pacific,2,Agriculture,61.232726719101734,58.6745827161885,62.68553283941409,62.65735017979681,0.1889,85.68,0.55,0.53,2,0,19,27877,0.8551921688621086,0.021,79.17948206532189,0.88,78.07032975979304,0.85,82.32,1,709,Moderate
Japan,Asia-Pacific,2,Agriculture,60.06730230843038,60.625727873404486,62.62504233053023,65.68155780822693,0.7331,317.56,0.57,0.51,1,0,41,9439,0.8639598262562441,0.023,50.01742704514171,0.74,79.60820837107694,0.67,80.38,2,1057,Moderate
Japan,Asia-Pacific,3,Agriculture,62.57134624212765,52.260870435050556,62.27094710772495,47.38281335396822,0.9126,1252.13,0.78,0.48,2,0,14,14334,0.8360068894216983,0.037,70.38318470224495,0.7,80.32565263178003,0.84,75.23,1,10625,Moderate
Japan,Asia-Pacific,3,Agriculture,61.1180133642451,38.14942321113549,56.95328819553943,53.820939181171504,0.879,451.21,0.71,0.62,1,0,44,15970,0.8786587967147109,0.044,65.97228716441549,0.9,79.56133015752593,0.73,76.62,1,8816,Moderate
China,Asia-Pacific,1,Agriculture,60.69148323941172,60.21121122969299,48.25012689478269,63.9098668790956,0.9232,314.39,0.63,0.37,1,1,13,17550,0.8593601039533578,0.03,80.95284742561496,0.92,87.90653786538527,0.9,70.4,2,9539,Moderate
Malaysia,Asia-Pacific,2,Agriculture,52.87742948391378,36.07938409147536,52.99848880764669,48.46613942892133,0.7674,528.07,0.45,0.64,2,0,42,30941,0.9046298181521831,0.037,89.31175493007555,1.02,88.85403512229058,0.78,74.2,1,7663,Moderate
China,Asia-Pacific,2,Agriculture,60.84082029992774,58.50260308572342,63.67647626212921,63.65631284588387,0.9154,401.7,0.59,0.54,1,1,46,15642,0.9384633833251883,0.027,69.93806186990274,0.82,91.24882884429844,0.79,79.91,2,122,Moderate
India,Asia-Pacific,2,Agriculture,66.868887919158,58.198457997676606,70.11243967349071,74.87685753347539,0.7043,1233.02,0.63,0.59,2,0,7,49982,0.9049905778517995,0.044,71.90828085341192,0.75,91.06140654985539,0.75,68.16,1,11452,Moderate
USA,North America,2,Agriculture,75.86787773112425,58.47505518071005,78.18876774234059,73.65581295974408,0.8068,616.79,0.49,0.58,1,1,40,46733,0.9183374003645376,0.03,74.25577458466614,1.03,93.00022269039685,0.64,67.34,1,10537,Low
Brazil,South America,2,Agriculture,53.49431461135791,36.8464370568225,65.82362383856973,46.145530426577956,0.9574,165.62,0.46,0.59,2,0,43,6873,0.821106255177664,0.055,72.58547251171483,0.84,53.675897736876095,0.1,81.27,1,8887,Moderate
USA,South America,2,Agriculture,63.49777247630653,55.66114023168915,65.77392944849126,58.183093767054075,0.7417,173.42,0.54,0.54,2,0,22,30566,0.9288295584516413,0.035,59.54853498296253,0.86,61.5288928739135,0.75,81.67,1,10372,Moderate
Japan,Asia-Pacific,1,Agriculture,64.78365090326267,61.804670494247986,60.66946935022396,61.22784621169317,0.7631,1233.21,0.84,0.37,1,0,16,3366,0.8419441287019588,0.048,70.92227906216928,0.8,93.23611531745223,0.65,77.34,2,8696,Moderate
Japan,Asia-Pacific,3,Agriculture,67.04492480734118,62.981870927776626,76.75384657997091,63.206398912999425,0.7675,104.94,0.77,0.55,0,0,41,25161,0.863999980046679,0.029,66.88633590643273,0.84,76.86798691772837,0.74,74.17,1,9794,Moderate
China,Asia-Pacific,2,Agriculture,75.84097273609932,73.6075848079418,89.08671223803265,84.90327016953512,0.9246,1192.36,0.6,0.43,3,0,35,11610,0.9008390044590032,0.024,73.08011577101827,0.57,76.38576444038597,0.73,84.39,1,10211,Low
Malaysia,Asia-Pacific,2,Agriculture,61.12180287682651,60.01815198461372,66.4247148508901,60.59364056948624,0.8688,114.72,0.63,0.46,2,0,14,23327,0.8358926978974863,0.016,78.34653015289332,0.73,58.809196326713646,0.63,83.11,1,10345,Moderate
Japan,Asia-Pacific,3,Agriculture,66.24119735967929,72.0166200678205,73.06331571872526,60.48812078609774,0.8937,171.47,0.45,0.49,0,0,10,8035,0.8903291843896068,0.029,69.50745350729451,0.83,79.16557238032382,0.72,83.71,1,9085,Low
USA,North America,2,Agriculture,70.48501321478358,60.23308240572154,77.76726395028119,75.7963728110287,0.94,166.28,0.57,0.56,3,0,42,27600,0.9195011125377716,0.035,80.28116005840411,0.7,82.922991787325,0.62,67.28,1,603,Low
Brazil,South America,2,Agriculture,67.11740123817962,91.81169985127315,70.78314440045153,74.11378802839,0.7784,1441.78,0.52,0.46,2,1,41,27472,0.822118325548671,0.041,69.25570915208692,1.32,66.85155587684497,0.69,79.4,0,9467,Low
China,Asia-Pacific,1,Agriculture,61.45333098985874,50.97392711162008,62.9416744805969,52.528943684870036,0.8589,316.59,0.58,0.46,2,0,43,13359,0.9475011762025,0.033,71.37760512483096,0.65,74.0817724189432,0.57,74.64,1,9903,Moderate
Malaysia,Asia-Pacific,3,Agriculture,82.43620864022823,99.4024728783486,76.1065977615629,81.6943035597957,0.6953,182.63,0.54,0.61,0,0,17,24869,0.9242183410552957,0.028,62.90468241039288,0.94,64.16188672852786,0.73,71.24,0,10704,Low
Malaysia,Asia-Pacific,2,Agriculture,63.52275665044505,56.474732357195286,66.2666709616774,65.34720501903715,0.9891,109.48,0.61,0.48,2,0,45,1269,0.8442660148998387,0.027,65.91387798990196,0.51,84.97601493736506,0.68,82.97,1,11096,Moderate
India,Asia-Pacific,3,Agriculture,63.04084373522668,60.54714027147691,64.44087625351175,65.54081806070121,0.9999,57.12,0.82,0.45,2,0,48,2738,0.8659227302657206,0.034,72.22204569620595,0.81,61.13723085639161,0.86,83.6,1,11235,Moderate
India,Asia-Pacific,3,Agriculture,54.55106791322711,48.73727901237184,46.98677409534007,63.579786177363744,0.4359,608.34,0.55,0.1,2,1,42,38396,0.8429619152778814,0.04,74.5164903308819,0.91,88.42719070282895,0.74,79.97,1,10475,Moderate
Japan,Asia-Pacific,2,Agriculture,63.01673870669143,57.784694757218446,73.40351289507147,65.59483045841654,0.8903,1163.4,0.56,0.54,2,0,41,30122,0.8495713337490765,0.026,76.22258662041233,0.63,66.86165733920903,0.51,79.64,1,11664,Low
Brazil,South America,2,Agriculture,61.65876512648963,51.550624883488375,66.21697157828912,63.053616559589365,0.8835,268.65,0.64,0.57,2,0,40,27859,0.8919454486737864,0.028,73.64798018956141,0.66,81.6783826273479,0.74,75.12,1,11204,Moderate
USA,Asia-Pacific,2,Agriculture,72.5994681240887,87.88251776278096,73.01031060129095,75.79504873443543,0.7638,369.32,0.63,0.37,2,0,37,43321,0.9026246366779069,0.04,73.30806592259076,0.88,84.49914627827258,0.74,85.35,1,10490,Low
Japan,Asia-Pacific,3,Agriculture,57.71397018545637,50.722174338348424,66.99091762039697,50.5938909685481,0.6462,1499.5,0.73,0.49,2,0,13,33907,0.8547221350406807,0.013,69.046974725181,0.91,65.19846443222612,0.57,80.22,0,10718,Moderate
Japan,Asia-Pacific,2,Agriculture,71.80043846162702,60.31017938696771,72.32383462559193,84.5917298764524,0.8203,413.17,0.55,0.5,3,0,41,502,0.9514727725784716,0.032,68.42201894681455,0.45,72.08086909355094,0.67,76.14,1,447,Low
Malaysia,Asia-Pacific,1,Agriculture,53.14975059120519,14.7367380341819,59.888614863670824,57.971141088980744,0.8804,1361.0,0.78,0.49,2,0,42,35324,0.8429108476389009,0.046,69.81542529958722,0.84,56.346516352698885,0.69,69.84,0,10392,Moderate
Malaysia,Asia-Pacific,3,Agriculture,79.16328352112856,85.00473230273293,73.21803667873446,83.7429356772044,0.9362,681.36,0.58,0.63,3,0,41,5109,0.9101303973083021,0.015,75.32793672078118,0.76,87.73280832847756,0.8,68.45,1,11901,Low
Japan,Asia-Pacific,3,Agriculture,69.58646208508482,87.93702311886905,82.20027622762848,84.83074413967644,0.855,386.01,0.49,0.54,1,0,46,5942,0.9020069611683327,0.012,59.241419212421725,0.77,88.7071317194479,0.8,75.09,1,9972,Low
Brazil,Asia-Pacific,2,Agriculture,52.529874588066946,47.36041479848328,54.9208998954425,44.45465830920204,0.8895,195.94,0.43,0.57,2,0,40,29820,0.9350354804095099,0.029,73.82539548331135,0.81,75.29577437185904,0.12,78.5,1,9023,Moderate
China,Asia-Pacific,2,Agriculture,64.65127501617381,81.56145884754065,74.70505833318578,69.69217924418089,0.1795,180.37,0.55,0.52,2,0,40,43567,0.9210641881101862,0.027,80.68983796091294,0.85,78.28115047418352,0.79,78.45,2,10217,Moderate
Malaysia,Asia-Pacific,2,Agriculture,62.08795532305138,71.53315175512786,65.6692214042298,46.577166954421315,0.1639,1457.01,0.45,0.5,2,0,5,49982,0.8705021229704478,0.035,78.92284224068268,1.03,79.75279437562605,0.75,72.04,1,9596,Moderate
China,Asia-Pacific,2,Agriculture,62.27853179427142,48.648855998056256,59.714292672072766,55.437664946560815,0.7755,483.96,0.6,0.17,1,0,7,8744,0.9099588852059658,0.03,64.45391489041863,0.87,73.1598781960997,0.67,87.29,1,11178,Moderate
China,Asia-Pacific,1,Agriculture,40.085406004987256,17.094125025092055,53.19276137139476,43.025876979830954,0.0643,275.02,0.6,0.53,2,1,40,9688,0.9407327618538697,0.043,85.53986036788858,0.48,80.00724160555546,0.69,79.78,1,7567,Moderate
Malaysia,Asia-Pacific,2,Agriculture,59.52034999512758,59.11188980704902,64.43418504756809,61.76231081318806,0.7481,50.19,0.57,0.52,2,0,7,28200,0.8440330174866749,0.031,66.84900177230594,0.81,71.59254443008953,0.72,81.31,1,539,Moderate
Japan,Asia-Pacific,2,Agriculture,61.039230996295906,63.23504433631827,69.58503856824387,64.30214497926355,0.971,400.81,0.63,0.42,2,1,44,14356,0.874523882184931,0.042,68.92755500013206,0.59,80.8168796967638,0.7,76.07,1,11154,Moderate
Japan,Asia-Pacific,3,Agriculture,69.05595040473217,61.72560629099655,63.89032773514932,66.46041998405417,0.8986,1179.01,0.58,0.47,3,0,42,14838,0.8463550096128165,0.029,66.85148094766433,0.73,81.100487268969,0.82,77.54,1,861,Moderate
USA,North America,1,Agriculture,71.33633877594069,75.48664143955027,72.83047272742552,80.91038895905152,0.2156,551.55,0.61,0.43,1,1,47,43719,0.8771578123385468,0.017,81.5401509136532,1.32,86.71639222135357,0.66,72.48,1,9315,Low
USA,North America,2,Agriculture,65.2453115890064,80.9567327656433,68.00914321275404,64.11898980788129,0.8107,559.43,0.62,0.32,1,1,39,16829,0.8857909933753991,0.029,63.02786555977979,0.98,85.65474435139687,0.71,71.39,1,9135,Low
China,Asia-Pacific,2,Agriculture,70.8640635030554,80.95392783295041,68.19991605918138,70.92784981537685,0.8479,396.88,0.59,0.44,1,1,8,7759,0.9034538320772814,0.028,77.70811198520336,1.03,74.97561448638106,0.76,84.96,2,8998,Moderate
USA,North America,2,Agriculture,63.41663532451136,59.94557739558445,61.37488479683164,68.65949646780028,0.7509,109.62,0.54,0.31,1,1,19,49433,0.9278155612392756,0.046,77.07171287171454,1.09,69.3633831250985,0.79,68.88,2,9944,Moderate
Japan,Asia-Pacific,2,Agriculture,63.87900309732558,55.83420640475533,65.70299652639775,65.4558963676667,0.9999,754.04,0.63,0.47,2,0,38,36009,0.892664624763818,0.026,67.13201912059421,0.59,80.11263128538134,0.74,82.81,2,10320,Moderate
India,Asia-Pacific,3,Agriculture,75.10883329394515,94.1921716142816,95.30081083244907,74.9719690738795,0.8326,146.11,0.41,0.57,0,1,43,4091,0.9450494929412422,0.016,38.76195608488306,0.79,61.04940638477218,0.78,74.55,0,10519,Low
China,Asia-Pacific,3,Agriculture,44.36229733065778,37.76335526043563,52.60400631124782,52.03128468454826,0.7873,502.94,0.55,0.42,1,0,43,5378,0.8601711987851554,0.038,47.110912562619056,1.14,87.45150973009329,0.75,77.6,1,9036,Moderate
Malaysia,Asia-Pacific,2,Agriculture,60.25131154167683,59.83956374704022,66.1913338499611,58.61312599976826,0.8124,124.87,0.61,0.48,2,0,8,2826,0.8733666136049706,0.028,60.99174389019062,0.69,78.5648752056488,0.63,81.37,1,10634,Moderate
USA,South America,2,Agriculture,65.78718237565512,60.21937179136902,70.42642031187661,41.27095477496972,0.6776,186.97,0.49,0.56,2,0,43,32940,0.862803893709339,0.025,64.00969397468272,0.75,49.201959499848535,0.65,83.26,1,10649,Moderate
USA,North America,1,Agriculture,73.91596255977461,93.95128910541258,89.73649276254983,92.84311167262814,0.4832,208.95,0.58,0.23,1,1,39,7578,0.9058296038293584,0.029,42.30459130276658,0.8,83.98728257498051,0.66,74.84,1,8440,Low
China,Asia-Pacific,2,Agriculture,57.871323644285155,57.733556742823914,52.37262055227084,51.01792033147586,0.1134,291.33,0.72,0.06,2,0,13,5390,0.838992679517695,0.025,68.44962579377824,1.02,72.26337178149996,0.8,78.44,1,9266,Moderate
Japan,Asia-Pacific,2,Agriculture,64.2816830547307,61.089433829443145,73.8289864674125,59.43731082280976,0.9061,1273.67,0.59,0.42,2,0,15,9734,0.9458656511095781,0.043,68.06553492157664,0.39,74.41835037565892,0.74,77.86,1,10598,Moderate
Malaysia,Asia-Pacific,2,Agriculture,61.161849094537274,59.31280791584902,62.75584170066288,58.76715773359622,0.8837,188.67,0.44,0.55,0,1,43,47130,0.8493918685653193,0.027,76.3431676016072,0.92,86.24691708967278,0.87,77.81,1,9654,Moderate
India,Asia-Pacific,3,Agriculture,60.15310979954643,46.92983937777388,62.5271988936931,51.87793045848304,0.7839,742.79,0.74,0.29,0,0,10,44661,0.8709793997762185,0.025,69.82110260511699,0.63,76.30440726595901,0.75,87.94,1,9168,Moderate
Malaysia,Asia-Pacific,2,Agriculture,55.21032073370921,63.95727479824663,62.56524864620214,52.15853049023742,0.826,195.43,0.46,0.43,2,1,45,36532,0.8134548280676723,0.039,71.08424025315904,0.93,54.532545163860355,0.62,83.15,1,9285,Moderate
Japan,Asia-Pacific,3,Agriculture,68.07365893281005,59.20971088600208,68.96599212910208,70.30358521258721,0.9571,737.56,0.52,0.59,3,0,41,45713,0.8380092306744392,0.04,70.51266958364485,1.32,75.92124553442922,0.7,77.28,1,11999,Low
USA,North America,1,Agriculture,56.62320576066119,61.55357813127392,61.66090566672873,61.30476727369366,0.1413,438.87,0.62,0.44,1,1,43,13730,0.9120555794868617,0.026,79.67828790596718,1.06,87.18932512449871,0.8,76.87,2,1400,Moderate
Indonesia,Asia-Pacific,2,Agriculture,50.74531779347274,56.96804443080099,50.21077859875601,50.453493053677775,0.6767,312.35,0.75,0.54,2,0,13,13131,0.864094806230325,0.013,61.217693531367864,1.04,72.68665666146941,0.7,79.42,1,8904,Moderate
Japan,Asia-Pacific,3,Agriculture,54.12345407338241,48.454217409438726,58.11075129158736,48.151411370656696,0.6748,1441.4,0.75,0.51,2,0,13,502,0.8398634791786207,0.011,65.56654343864338,0.71,73.1902193152199,0.77,84.74,0,11116,Moderate
Japan,Asia-Pacific,3,Agriculture,56.13234608079541,50.84657053209952,52.01185613404905,49.117012988606945,0.9254,774.3,0.69,0.56,2,0,43,29808,0.8726173346278564,0.035,69.7286532533153,0.89,85.34360157308336,0.52,73.09,1,11299,Moderate
USA,North America,1,Agriculture,57.96537924937094,58.64203087129944,62.412889200332685,62.222252385007415,0.1809,376.28,0.59,0.17,1,1,45,12205,0.8839687282193397,0.042,85.26059534072616,1.46,81.14034474512827,0.7,77.15,2,10350,Moderate
Brazil,Asia-Pacific,1,Agriculture,64.57346573093788,60.08372051653316,76.37520584854602,73.27456514930961,0.5745,1446.37,0.58,0.39,2,0,17,3288,0.8386537278577325,0.031,70.28185549277687,0.74,58.94629922174054,0.66,85.14,0,11361,Low
Brazil,South America,2,Agriculture,63.01434256723377,60.611726338588284,67.20738090958316,67.59084593766023,0.683,1426.08,0.41,0.55,2,0,6,49982,0.8541698464903598,0.029,75.25274568893107,0.8,61.492553363562756,0.59,78.62,0,1001,Low
China,Asia-Pacific,2,Agriculture,74.52670512812729,80.06424007750387,86.64646069431146,78.17841990949026,0.8576,167.58,0.59,0.46,3,0,8,49982,0.8871023360552056,0.037,70.95404058935229,0.97,70.20654555341618,0.73,76.97,1,7313,Low
Japan,Asia-Pacific,3,Agriculture,74.73861519910761,67.39557049613418,70.48450579535591,67.03899514590087,0.8977,672.97,0.54,0.54,3,0,37,38481,0.8287963425542054,0.038,69.63330482979492,1.15,48.451593204191525,0.53,85.93,1,1268,Low
Malaysia,Asia-Pacific,2,Agriculture,66.3299385660522,57.189110975193294,63.631796248702216,64.18685279603409,0.8574,245.93,0.55,0.26,2,0,24,25606,0.877459785460318,0.04,78.92301106516275,0.71,65.75042333477866,0.7,84.78,2,2048,Moderate
Malaysia,Asia-Pacific,2,Agriculture,64.35442440640799,76.3183313538611,74.63605558815549,71.13945120798068,0.7405,184.73,0.56,0.62,2,0,39,33459,0.9125378877005933,0.028,69.1014706770226,0.78,83.00608794786137,0.73,75.5,1,578,Low
Brazil,South America,2,Agriculture,64.21880864573822,50.77186912836131,62.36115564337658,60.0256897012846,0.717,1316.06,0.61,0.49,2,0,44,5455,0.8805794664459037,0.035,72.65305334719767,0.52,65.34426408670359,0.69,75.81,1,320,Moderate
Malaysia,Asia-Pacific,2,Agriculture,56.53015972287715,60.379098380870225,62.54804869679781,60.71105941907166,0.8257,67.81,0.55,0.57,2,0,40,45226,0.8807505311211273,0.031,73.21796828581613,0.64,75.9329198300305,0.66,78.33,1,1106,Moderate
China,Asia-Pacific,2,Agriculture,59.59075564809393,29.072628403374324,53.28469539150774,36.93730938732886,0.7777,438.45,0.6,0.41,1,0,8,9201,0.9270295704891524,0.026,71.275472689191,0.52,75.78165490883764,0.82,77.41,1,8530,Moderate
Indonesia,Asia-Pacific,1,Agriculture,50.69510097764123,42.57931513428651,55.35142479917715,41.66230389307441,0.7865,243.46,0.8,0.46,2,0,17,4807,0.8914450295679586,0.027,71.62583400376658,0.59,65.46564176791065,0.75,77.85,1,9004,Moderate
Brazil,South America,2,Agriculture,64.75974573449881,76.08351653706536,72.31099455386264,80.33827353937455,0.7499,1417.14,0.45,0.64,2,1,47,2892,0.9498826555021732,0.029,77.37814211536455,0.74,45.96816566419856,0.24,69.45,1,8966,Low
China,Asia-Pacific,3,Agriculture,73.78922177784693,58.678559605072046,85.79434908648835,56.27224624308936,0.787,348.59,0.43,0.6,3,0,40,7273,0.8849049549925924,0.035,74.13317047890162,0.85,83.38061906352128,0.65,79.25,1,8931,Low
Malaysia,Asia-Pacific,2,Agriculture,53.92582345311717,13.076250000000009,46.90414231474874,42.80330858797145,0.7581,1340.2,0.47,0.45,2,0,46,37719,0.9224648998314396,0.029,68.55534075350073,0.85,56.997239794201505,0.1,71.64,0,10669,Moderate
USA,North America,1,Agriculture,67.72605567308932,58.68723410228815,67.63907663979028,62.47605250568456,0.3886,334.75,0.63,0.22,1,1,49,7379,0.9042398025447895,0.027,59.44335074749664,1.0,80.58432823323523,0.81,78.47,2,9145,Moderate
Japan,Asia-Pacific,2,Agriculture,40.97822828742511,24.590353533339403,55.890123870321425,51.60702306824767,0.7679,364.47,0.6,0.53,2,1,39,41149,0.9343733158567488,0.012,75.36966857227304,0.82,74.23819945101184,0.71,78.19,0,7400,Moderate
Japan,Asia-Pacific,3,Agriculture,59.87956268063454,44.64324032798565,66.53811096103935,53.027880437786266,0.8891,1304.59,0.77,0.56,2,0,38,46728,0.8682910702113931,0.037,71.71910050375672,0.9,78.38183056909236,0.69,73.55,1,11138,Moderate
Brazil,South America,2,Agriculture,59.84558300873396,63.29330891957909,68.02178215466418,57.20697953405666,0.1032,1237.23,0.59,0.65,2,0,44,33985,0.9233431515080945,0.034,69.10623800766457,0.6,82.21158907407602,0.27,85.02,1,10635,Moderate
Malaysia,Asia-Pacific,2,Agriculture,69.78651599730341,63.26978416095103,73.45016975786417,82.28623310428502,0.7856,1225.25,0.59,0.5,0,0,35,33979,0.8658830608526273,0.024,85.45157387501574,0.82,60.400094704157844,0.66,81.6,0,9152,Low
Malaysia,Asia-Pacific,2,Agriculture,64.93519122968097,61.4784633027058,72.40231977568091,61.830580979028746,0.871,233.74,0.55,0.59,2,0,9,26710,0.8775418478460691,0.046,70.53283641198522,0.62,55.837443630859674,0.46,84.67,1,10940,Moderate
China,Asia-Pacific,2,Agriculture,75.24432628514138,92.8710506400063,78.65105890623305,68.26922141878967,0.4628,338.68,0.57,0.19,1,1,46,8405,0.9137535870457437,0.05,73.1417843406457,0.95,82.27209537508155,0.74,81.84,1,9209,Moderate
Malaysia,Asia-Pacific,2,Agriculture,50.587637354267876,58.422872500534154,62.15511055880061,43.35185230574556,0.8707,128.06,0.57,0.59,2,1,39,47242,0.9405470095234522,0.031,78.39064204573995,0.75,79.55621027087611,0.73,74.76,1,9800,Moderate
India,Asia-Pacific,3,Agriculture,75.94982948338283,99.40666118943199,74.85961503061424,88.60111419620938,0.8035,576.1,0.62,0.35,3,0,38,6078,0.9095452176274563,0.034,67.44054893342461,0.71,56.09292989057368,0.8,80.46,0,7136,Low
Malaysia,Asia-Pacific,2,Agriculture,57.57678497122043,55.575175998588456,64.86304709178381,61.773442000929634,0.9486,187.7,0.58,0.47,2,0,14,5806,0.85589431130151,0.037,73.95844071652243,0.53,60.14588429547271,0.63,86.62,1,11330,Moderate
Malaysia,Asia-Pacific,3,Agriculture,62.72030022683816,55.91054757155374,75.67168446054761,65.53476914584141,0.8916,1133.96,0.77,0.55,2,0,44,31149,0.8694339809875107,0.045,69.4201603819719,0.82,62.70965883860262,0.55,81.37,1,11064,Low
Malaysia,Asia-Pacific,2,Agriculture,54.16904919800012,56.09374581940853,65.65128999473207,42.81227109438931,0.7674,149.5,0.8,0.5,2,0,11,46611,0.8930420061546636,0.056,66.64211942126815,1.07,86.05509501311583,0.76,83.62,1,10260,Moderate
China,Asia-Pacific,2,Agriculture,58.662255077048314,46.183144920742436,59.05964870423849,49.57962785880114,0.7237,540.51,0.58,0.54,2,0,42,12952,0.9225218431950541,0.05,65.85755331287136,0.51,69.7267555848561,0.87,80.72,1,8542,Moderate
Japan,Asia-Pacific,3,Agriculture,62.742805953911756,60.62970730903657,70.46926630706639,62.71854647459158,0.963,194.21,0.74,0.53,2,0,42,3172,0.8901171672693862,0.05,71.71380863342645,0.76,80.27319127670914,0.67,80.99,1,11752,Moderate
Japan,Asia-Pacific,3,Agriculture,66.55229836463208,70.13654318844823,80.24907178957426,70.42143678865258,0.9173,1454.32,0.58,0.37,3,0,41,5530,0.8430568436951951,0.038,68.02477979110097,0.84,58.57587625727677,0.76,77.7,1,8547,Low
Malaysia,Asia-Pacific,2,Agriculture,64.79253278500703,59.21056881043373,65.5117229776954,66.4135661927531,0.8566,115.21,0.61,0.54,2,0,10,34909,0.8654159379064768,0.049,70.85513978072261,0.74,81.88284191829976,0.58,76.23,1,10817,Moderate
China,Asia-Pacific,1,Agriculture,67.95388043564513,64.98368801264239,86.73669909931701,68.23953213282691,0.8508,395.62,0.56,0.39,0,0,49,40740,0.8493587669408523,0.045,68.3360770264333,1.24,75.65310817410784,0.69,81.26,1,8389,Low
Brazil,South America,1,Agriculture,68.448044705891,93.14466871213938,71.37851464354172,77.93968958551707,0.7614,1323.09,0.63,0.43,2,1,43,19112,0.8471199123318341,0.032,72.62877953713453,1.19,68.27231017555019,0.69,75.1,1,10008,Low
Japan,Asia-Pacific,2,Agriculture,57.7070252060733,60.338786690243836,64.95494085710115,58.38196304171755,0.8972,182.1,0.57,0.5,2,0,11,8244,0.8818782192469431,0.044,69.86181035236196,0.68,77.05741863740828,0.88,73.82,1,1037,Moderate
Malaysia,Asia-Pacific,2,Agriculture,43.189072211190265,38.59402508154101,53.16006321908745,46.465325513422776,0.913,234.49,0.8,0.53,2,0,15,27347,0.9270199680960328,0.03,70.25223071522551,0.73,60.83357536652907,0.82,76.63,1,11163,Moderate
Brazil,South America,2,Agriculture,66.58883681157123,63.13260090678007,65.7430783933099,67.0149117440856,0.7968,132.51,0.6,0.58,2,0,45,30759,0.849614366192977,0.032,85.23256377587433,0.63,86.8389403060893,0.66,81.63,1,9552,Moderate
China,Asia-Pacific,2,Agriculture,55.56857715533921,52.953238105771696,44.02545363454168,54.43551625964636,0.3482,277.86,0.52,0.19,1,0,41,13674,0.8931041238321032,0.018,71.3512260139289,0.91,77.88437255998748,0.71,72.72,2,414,Moderate
Japan,Asia-Pacific,3,Agriculture,68.08925385084224,70.18807271409852,77.33806240923883,76.58184423351949,0.6923,1431.86,0.46,0.51,0,0,38,43057,0.8726701645834013,0.039,65.27887771603052,1.25,70.66565752359904,0.81,74.09,0,11173,Low
USA,North America,1,Agriculture,79.94129482408505,65.43454016807553,84.5966401826013,73.8674095908138,0.6628,544.91,0.57,0.35,2,0,50,47762,0.9095622659141995,0.049,64.58588833162742,1.16,74.49836991645321,0.7,79.6,1,7983,Low
Japan,Asia-Pacific,2,Agriculture,63.6569032109463,51.57282979174237,69.74398090715677,54.496410242155434,0.9244,1335.2,0.59,0.58,2,0,38,44272,0.8697572509855782,0.022,69.79557522244315,0.67,82.52680021695218,0.78,73.48,1,11448,Moderate
China,Asia-Pacific,3,Agriculture,50.81882578749989,25.55335233856498,53.13908373248828,58.756445603238504,0.7538,274.42,0.83,0.39,1,0,45,7925,0.8904229828136289,0.028,57.08876145042997,0.96,85.98286860229344,0.81,71.13,0,8220,Moderate
China,Asia-Pacific,1,Agriculture,46.93056921778327,57.40928072169481,59.43748875420852,52.67244808493032,0.8658,385.39,0.83,0.42,2,0,13,10611,0.9489584981080995,0.008,72.72168726150076,0.63,76.41925499768175,0.68,73.03,1,10238,Moderate
China,Asia-Pacific,1,Agriculture,67.47725916993673,88.72240172945376,93.02566674382095,69.53711171819765,0.4873,252.08,0.57,0.47,1,1,46,4041,0.9353744484545305,0.016,74.09161656670636,0.69,81.92177944352346,0.67,70.05,1,8694,Low
USA,South America,1,Agriculture,59.90353628530095,56.7449763537461,70.36605267675317,51.84647042644688,0.7664,183.56,0.58,0.4,2,0,40,34630,0.8768123389278614,0.048,82.18852083889789,1.26,79.83026020734437,0.64,70.61,1,10916,Moderate
Brazil,South America,2,Agriculture,54.18981721891408,42.15628208724059,61.186570689687905,59.49659046679007,0.9446,1380.39,0.47,0.56,2,0,40,19429,0.8799038268443848,0.038,75.21289312536359,0.82,59.718144863539685,0.73,76.06,1,51,Moderate
Malaysia,Asia-Pacific,3,Agriculture,70.93142736881599,73.67899647089983,74.85865386152622,83.84890337828425,0.1833,1436.01,0.62,0.47,0,1,46,39246,0.8217793519473224,0.029,65.82012392744002,0.85,55.95990002438685,0.66,72.25,0,8380,Low
USA,North America,1,Agriculture,69.49972434408362,92.61662442053131,88.99664238685224,72.64718621818528,0.7129,313.92,0.48,0.49,1,0,15,35976,0.9110547682657144,0.031,45.182927580999944,0.73,65.67555895105369,0.81,73.66,0,8737,Low
USA,South America,1,Agriculture,68.45856336853745,75.8035581522861,83.4712828645697,77.35291740946788,0.6612,87.7,0.59,0.56,2,0,47,23937,0.885071581507781,0.012,72.55894291403888,0.82,62.453000796313425,0.18,75.52,1,8776,Low
Japan,Asia-Pacific,2,Agriculture,45.478189723139046,42.12561555657307,53.90374350935748,51.671072222005854,0.7251,298.21,0.55,0.61,2,0,38,41372,0.861500290803517,0.036,72.04655178380482,0.6,58.30728806479509,0.83,79.36,0,51,Moderate
Malaysia,Asia-Pacific,2,Agriculture,61.84954305316033,61.50127121964182,67.90156214347006,66.97398243439152,0.8541,1415.01,0.52,0.65,2,1,46,15475,0.9334377074203224,0.017,67.17179486784227,0.75,81.85501133272678,0.74,71.94,1,11103,Moderate
Malaysia,Asia-Pacific,3,Agriculture,70.65761851282754,61.758727149682095,71.77295638056057,77.13855142648431,0.9554,125.29,0.41,0.64,3,0,45,33213,0.8912818630819603,0.027,71.93776519618662,0.87,79.7327143086971,0.68,76.85,1,11605,Low
Malaysia,Asia-Pacific,1,Agriculture,71.14571838807024,58.980230089133414,78.06580991018099,66.07615166809316,0.8849,148.23,0.82,0.39,2,0,15,46460,0.8365472788388527,0.023,66.38243856235381,0.77,65.12695570368116,0.62,74.2,1,11185,Moderate
China,Asia-Pacific,2,Agriculture,47.504659399095516,30.82017250949796,49.499537055087394,42.395951564722616,0.1039,160.94,0.56,0.24,1,0,44,14123,0.9150539667201437,0.035,89.1905938355093,0.82,74.71765692258745,0.69,84.22,1,1027,Moderate
China,Asia-Pacific,2,Agriculture,75.17508745835377,65.52390918644325,92.50447796537287,89.86763406255284,0.7498,275.74,0.65,0.28,1,0,8,8864,0.892892813441904,0.028,64.47414932200654,0.85,64.68243452077262,0.72,70.91,1,9049,Low
India,Asia-Pacific,3,Agriculture,65.05208768639334,68.04174709705724,69.9991479385368,52.252576461619974,0.8019,1391.48,0.58,0.45,0,0,9,48498,0.8610217249605282,0.031,69.67588462208239,0.76,71.52657303001725,0.64,77.93,1,9882,Moderate
Malaysia,Asia-Pacific,3,Agriculture,76.98262424523834,75.2035297484781,83.20754977547928,77.87974494410264,0.9009,1417.38,0.59,0.55,3,0,36,33869,0.8481047013117027,0.041,73.76337394457859,0.78,73.15977900286813,0.73,83.71,1,8420,Low
China,Asia-Pacific,1,Agriculture,81.41316445161596,67.0316275277188,82.91853454252163,88.76001814795251,0.1141,457.29,0.58,0.47,3,1,42,9062,0.9267181544081913,0.033,80.39529459182708,0.79,89.17090216641813,0.69,74.6,1,9276,Low
China,Asia-Pacific,2,Agriculture,66.9949892928619,59.863286436504254,82.1937517790918,76.15885016517933,0.4005,575.76,0.59,0.55,1,0,39,10637,0.9136437196031952,0.035,76.23862392225466,0.91,81.31933346184331,0.74,80.37,2,9011,Moderate
Malaysia,Asia-Pacific,2,Agriculture,54.848201155475856,35.97521607328857,48.965828254685846,36.5928565251104,0.8028,1168.21,0.64,0.52,2,0,40,6845,0.9287639889231021,0.023,70.75294617776595,0.37,69.88709118086743,0.71,70.88,0,8278,Moderate
Brazil,South America,2,Agriculture,57.03629012870413,52.9641118226176,62.29183883238304,52.43205496337997,0.8713,1449.55,0.64,0.54,2,0,37,35873,0.8632507354890439,0.033,76.77428075287112,0.6,57.686473231909886,0.68,84.03,1,1367,Moderate
Malaysia,Asia-Pacific,3,Agriculture,72.61105097628186,63.408437349684405,81.29175585962248,86.46863238751347,0.9125,1299.33,0.4,0.55,3,0,40,38774,0.8340462226334756,0.056,74.49421983492843,0.84,66.21483056987464,0.67,76.0,0,10690,Low
China,Asia-Pacific,2,Agriculture,66.45439581973612,51.232622256656136,67.25618779164282,66.15500602919461,0.868,1431.77,0.67,0.52,2,0,19,45458,0.883879977822854,0.023,51.424337865308644,0.73,76.78025650508076,0.61,71.76,2,9927,Moderate
India,Asia-Pacific,2,Agriculture,44.11077558373422,36.950689730628454,59.028133391768975,48.1162748710145,0.726,1338.96,0.63,0.53,2,0,9,48594,0.8999159788464064,0.016,75.05602665236701,0.64,68.56537863299901,0.63,71.2,0,8507,Moderate
China,Asia-Pacific,2,Agriculture,68.3114012021067,89.98931831700081,81.77921601249133,75.79891713608917,0.9614,515.84,0.46,0.31,1,0,33,9006,0.9420209226612042,0.038,82.84485634591425,0.96,76.54185234473867,0.68,81.02,1,7855,Low
India,Asia-Pacific,2,Agriculture,52.08714290488805,50.27606072261508,57.88784034187082,54.805629153742345,0.7361,396.33,0.59,0.59,2,0,39,33835,0.9348202679425034,0.024,67.6020516960611,0.82,79.45031588294422,0.75,72.95,1,1112,Moderate
Malaysia,Asia-Pacific,3,Agriculture,67.75799313296194,61.98554758488359,73.01074425137807,73.04038699579917,0.9289,1270.95,0.49,0.62,3,0,39,8356,0.9092725299280653,0.036,75.2012874188054,0.62,82.61774213323069,0.69,72.72,1,9751,Low
USA,North America,1,Agriculture,72.764559334395,61.127656023234074,83.78156615778423,63.403388111816355,0.0624,380.17,0.61,0.54,3,1,41,46609,0.9283502295036621,0.025,70.41559815356977,0.93,80.2026450171863,0.79,75.16,1,10966,Low
Japan,Asia-Pacific,3,Agriculture,66.2193982124593,82.24655274450375,72.10629124947747,80.55337647728136,0.6946,304.01,0.6,0.3,0,1,42,9000,0.9275072125187512,0.019,65.80703505089731,0.62,70.81216468792398,0.68,75.3,0,1424,Low
USA,North America,1,Agriculture,70.72154316254282,94.11971228229314,91.79922059402283,81.87049762215561,0.2414,390.56,0.62,0.24,1,1,40,35639,0.9058075902763041,0.018,77.6886817198148,0.82,67.93243442713971,0.74,67.22,0,8910,Low
Japan,Asia-Pacific,3,Agriculture,61.22411954469693,60.41393819848805,70.37584952386344,62.2817956919818,0.8822,92.63,0.71,0.58,0,0,45,27492,0.9013312105296177,0.031,69.26232428912459,0.91,78.99642496535796,0.67,70.49,1,10124,Moderate
Brazil,South America,2,Agriculture,58.99392807787282,37.56139986518267,58.972600106539936,57.17545166674585,0.0386,128.99,0.48,0.66,2,0,47,31157,0.8776023537393691,0.039,69.0453543553496,0.76,55.76733139111504,0.15,72.65,0,11688,Moderate
Malaysia,Asia-Pacific,2,Agriculture,66.40253958603344,57.529091853330776,64.09773317717531,57.124835890547146,0.8916,167.55,0.6,0.54,2,0,21,46269,0.874400582260059,0.028,72.0951073586085,0.64,73.43612801665357,0.71,80.51,1,9830,Moderate
Indonesia,Asia-Pacific,2,Agriculture,48.241659529090576,47.1446555745603,53.83852829810685,49.44091779923017,0.7516,387.68,0.56,0.63,1,0,39,11256,0.9415974834422237,0.036,79.74584130708422,0.82,89.0435495409967,0.78,84.19,1,706,Moderate
Japan,Asia-Pacific,2,Agriculture,71.06833592902123,74.45480157277845,65.52752387019383,67.89300925629264,0.6751,1428.4,0.6,0.2,2,0,10,45053,0.8865792270048762,0.025,64.31087604386586,0.82,76.26133416859503,0.88,79.4,1,517,Moderate
Brazil,South America,2,Agriculture,68.74412896807975,71.0886818988039,74.28226105891561,68.2297924591108,0.7732,218.52,0.46,0.62,0,0,41,26937,0.9163070707567869,0.003,68.11696665042905,0.87,79.65667915741608,0.65,80.57,0,9347,Low
China,Asia-Pacific,3,Agriculture,64.71109285239432,77.93063791484866,73.89806211597495,66.48524627885554,0.8248,264.26,0.58,0.53,1,1,44,6961,0.9060557045529918,0.035,53.700021622773235,0.91,84.80563660943903,0.84,67.95,1,1740,Moderate
Brazil,South America,2,Agriculture,54.262463631144556,47.64466821166773,58.64845922567807,63.002354672157956,0.2479,433.8,0.46,0.51,2,1,41,35049,0.8323586877849407,0.029,69.5584219772913,0.87,68.00342698797408,0.61,72.41,1,10107,Moderate
Indonesia,Asia-Pacific,2,Agriculture,58.496805941221524,54.96718021143461,64.89213735703403,45.7282496886078,0.8346,62.68,0.79,0.57,2,0,14,29384,0.8740460627900264,0.025,59.76277181878312,0.87,68.15203735346186,0.73,78.42,2,11999,Moderate
China,Asia-Pacific,2,Agriculture,55.100877480258205,53.53416302396731,61.773195403904346,56.58895996563311,0.9287,1261.73,0.57,0.51,1,0,21,7239,0.8849347158054353,0.018,68.99617773968245,0.69,82.64165228332605,0.75,81.52,2,7809,Moderate
Indonesia,Asia-Pacific,1,Agriculture,70.40286247634036,78.9493703267574,78.2091274330454,68.98225908735401,0.6368,1431.71,0.53,0.24,0,0,12,18621,0.9005120640077229,0.033,69.56491269749634,0.72,69.77670636590206,0.74,83.33,1,9135,Low
Malaysia,Asia-Pacific,3,Agriculture,55.60595641314141,45.18713779549261,65.57268457210353,51.382705580960035,0.8957,138.63,0.79,0.53,2,0,9,4229,0.8600313916394359,0.028,68.38663379038752,0.86,62.86319235027593,0.53,76.46,0,11343,Moderate
Brazil,South America,2,Agriculture,53.15538681909381,44.79244387532726,61.40297334259294,48.73060834832459,0.8997,908.48,0.55,0.43,2,0,7,24610,0.9435551829604624,0.024,76.43041570475617,0.38,61.97199797589526,0.74,80.44,1,9007,Moderate
India,Asia-Pacific,3,Agriculture,81.60528400810783,95.93214586028512,93.047724164763,77.75503652043867,0.824,278.8,0.43,0.57,1,1,39,12468,0.9143448837915858,0.043,51.73910598725392,0.75,76.06648388812123,0.85,80.95,0,10563,Low
India,Asia-Pacific,3,Agriculture,52.90446466654522,32.58230982257683,47.072168515194214,27.02976848041946,0.8369,299.26,0.78,0.51,1,0,41,41030,0.9442298972825612,0.051,78.51973432410169,0.92,64.53109568587557,0.76,77.39,0,9281,Moderate
China,Asia-Pacific,1,Agriculture,62.932025264396025,55.57512787461072,61.91299624158303,67.36173475588113,0.8661,362.8,0.64,0.48,2,1,13,5390,0.8765573797680629,0.033,85.3734561503874,0.92,84.55372649181471,0.68,77.19,2,10954,Moderate
Japan,Asia-Pacific,3,Agriculture,65.33393839338419,84.9545144145166,76.79650523804239,79.3036732760798,0.8179,1171.93,0.6,0.62,2,0,40,45160,0.9125414505913643,0.032,68.72531016515585,1.09,79.14254039078448,0.72,76.82,1,9562,Low
India,Asia-Pacific,3,Agriculture,58.36260239955846,41.387641504947474,44.021514364529544,48.82450266868058,0.9837,1413.34,0.76,0.35,2,0,12,5286,0.8815681483016011,0.038,72.02416883630657,0.55,77.8691406422558,0.82,62.34,0,10227,Moderate
Japan,Asia-Pacific,2,Agriculture,60.88996433710909,55.09084046595078,65.30596979165256,66.40816507632964,0.7625,1229.38,0.62,0.24,2,0,6,49553,0.8804641821451367,0.053,72.01629689324434,0.74,93.34304259747147,0.7,84.89,2,9987,Moderate
Brazil,South America,2,Agriculture,49.21386942610872,46.8574385984202,65.74982948257993,50.646483957586945,0.9267,50.19,0.57,0.62,2,0,39,26316,0.8582847340640632,0.043,83.3287722536457,0.59,56.5184993712623,0.76,71.23,1,51,Moderate
Malaysia,Asia-Pacific,2,Agriculture,43.619508195654745,33.45504498725293,44.097907183809944,46.376922167689955,0.8871,1354.15,0.5,0.56,2,0,39,27872,0.883293133018813,0.041,75.23596630542048,0.55,58.71614649731086,0.81,83.62,1,10557,Moderate
China,Asia-Pacific,2,Agriculture,70.60979476494532,56.8974128711633,84.17926142580029,63.37636116407662,0.1783,442.76,0.56,0.53,3,0,39,41717,0.9450581415917825,0.027,82.97984111330388,1.37,72.7324110541123,0.64,66.78,2,9087,Low
China,Asia-Pacific,2,Agriculture,53.97790837255744,46.797721112547606,53.43747272703652,41.24701425178127,0.9251,147.86,0.43,0.41,2,0,13,26892,0.908572150979368,0.032,72.57681972408952,0.89,70.83097670282638,0.67,67.48,1,8575,Moderate
China,Asia-Pacific,2,Agriculture,66.05688880397395,70.53158537130791,63.61129667333547,71.18509435230986,0.9002,296.04,0.59,0.11,1,1,43,12242,0.8508658115000028,0.028,87.8961265652973,1.31,86.13488380369296,0.85,78.56,1,681,Moderate
Malaysia,Asia-Pacific,2,Agriculture,39.370020050957834,38.302968697247145,44.6039907474744,43.147034543385296,0.7992,1346.71,0.81,0.55,2,0,42,31621,0.9122222578519386,0.033,76.32138375829267,0.77,58.22133145034125,0.68,79.84,1,8932,Moderate
China,Asia-Pacific,1,Agriculture,54.64903104591929,47.530556286158856,61.62041073523861,60.84732236147778,0.723,1168.53,0.61,0.42,2,1,43,42280,0.8704933206603873,0.053,71.85894337505611,0.81,86.25092883903065,0.72,79.03,1,10141,Moderate
Malaysia,Asia-Pacific,2,Agriculture,44.09845737600509,15.249464912525774,57.79806201200142,44.03992711984128,0.9079,1328.09,0.59,0.43,2,0,8,33778,0.9016623854899225,0.024,70.76860387837333,0.37,57.44604804918817,0.74,73.92,0,8490,Moderate
Japan,Asia-Pacific,2,Agriculture,53.838139561307365,47.89246362050187,65.76587554777997,52.1240283997816,0.8767,221.85,0.82,0.57,2,0,15,1368,0.8652619007317788,0.048,71.4560206934376,0.67,79.25270630638182,0.72,80.82,1,11619,Moderate
Japan,Asia-Pacific,2,Agriculture,65.23048731455657,56.56760999476288,67.50272299798904,65.84202382477497,0.9595,859.86,0.57,0.53,3,0,46,16217,0.8919886273070781,0.046,71.04742632818845,0.7,82.24092659987122,0.73,72.07,1,11237,Moderate
China,Asia-Pacific,2,Agriculture,73.50003261350018,58.830135664194806,81.07134915673174,61.31213140366778,0.8766,173.55,0.59,0.44,1,0,48,12286,0.8991454235123606,0.018,68.2549425585774,0.77,87.61502901950301,0.78,81.75,2,10695,Moderate
Malaysia,Asia-Pacific,2,Agriculture,62.913727834881364,49.83372728049201,64.18700477367062,55.09153709648476,0.8537,1160.4,0.63,0.58,2,0,38,29718,0.8383672470281217,0.038,72.164071770412,0.61,82.84430156681135,0.73,82.04,1,11720,Moderate
China,Asia-Pacific,1,Agriculture,72.03171196534127,70.6500429172485,83.01274925370602,66.53410011822581,0.434,242.57,0.56,0.38,1,1,50,18090,0.8516516724700098,0.039,74.53367849134679,1.06,84.14965829832197,0.71,88.9,1,9988,Low
China,Asia-Pacific,2,Agriculture,53.76016174249555,45.01305834636662,51.12686959834636,62.83898031129042,0.2734,568.15,0.56,0.24,3,0,39,10092,0.9095768064055199,0.027,77.6162428343047,1.2,75.68933001881435,0.64,70.77,1,411,Moderate
Malaysia,Asia-Pacific,2,Agriculture,58.23778430765436,59.257937028540496,63.071066826467806,63.622924521309024,0.926,156.97,0.56,0.52,2,0,41,31988,0.8193782895455098,0.026,65.05751953926654,0.67,62.79915466676186,0.6,78.93,1,10726,Moderate
Brazil,South America,2,Agriculture,60.697290415534006,61.43095945194388,66.75140689133576,69.94595597907293,0.719,236.95,0.59,0.37,2,0,37,24962,0.9352133922794141,0.031,75.70816386239495,0.65,75.86828812697287,0.61,73.47,1,981,Moderate
Japan,Asia-Pacific,2,Agriculture,62.204941744356674,57.77636280641759,60.55941389649636,67.30199711420592,0.8727,281.1,0.77,0.18,1,0,16,502,0.9283166465705026,0.025,56.307279486445694,0.73,87.6498724774517,0.69,79.33,2,183,Moderate
Japan,Asia-Pacific,2,Agriculture,55.79445861699028,43.580567607181806,64.06205796252169,43.34349318196194,0.8686,1027.37,0.71,0.52,2,0,16,46291,0.8536449197520919,0.023,64.47880883015432,0.98,86.25487404859192,0.66,76.95,0,10405,Moderate
Japan,Asia-Pacific,3,Agriculture,49.91601296799268,50.76721826687856,56.364454162579236,49.50073406766587,0.754,265.67,0.79,0.38,1,0,12,10931,0.8456835636038609,0.025,73.51505885992246,0.9,72.57692422152587,0.8,75.24,0,8488,Moderate
Malaysia,Asia-Pacific,3,Agriculture,67.53311421103344,69.43464487441614,81.96051385045237,71.7820702830868,0.7985,1295.79,0.58,0.51,2,0,37,25838,0.8848039105709388,0.031,69.080845003971,0.81,52.04418461568089,0.57,80.33,0,8273,Low
USA,North America,2,Agriculture,49.41390642573955,46.72486370325299,56.05729722068357,48.68354928994182,0.0507,391.01,0.59,0.4,2,1,7,12546,0.9194738154241524,0.038,72.06377101391784,0.42,77.06711994256332,0.63,74.04,1,7882,Moderate
Malaysia,Asia-Pacific,2,Agriculture,68.72550304412769,61.87232282524268,66.58040336427355,71.59703083686851,0.8499,1250.31,0.84,0.46,2,0,8,7978,0.8680029505330886,0.026,68.83873835219963,0.68,67.39253476762512,0.8,90.26,1,11943,Moderate
USA,North America,2,Agriculture,63.755246340435505,61.2723834921557,60.75553726875306,66.91007911408727,0.7588,632.09,0.54,0.09,1,1,18,7404,0.9151038688187968,0.038,77.8575920417487,1.6,92.89467180710146,0.71,69.33,2,7888,Moderate
Malaysia,Asia-Pacific,2,Agriculture,63.88737430840886,58.645454663587685,78.43754468733532,60.56364944008875,0.9636,132.69,0.6,0.55,2,0,42,35492,0.8641510446003395,0.028,69.9480266412112,0.67,82.03059342523383,0.9,74.78,1,11088,Moderate
China,Asia-Pacific,3,Agriculture,74.88001911826713,71.41146817793613,78.09280386266701,83.29903002332559,0.8104,221.13,0.56,0.42,3,0,41,11973,0.8718036238952951,0.034,68.64594883249576,0.77,82.58372170374874,0.68,79.57,1,10206,Low
Brazil,South America,2,Agriculture,58.23777864548982,59.4528909309442,64.12091637821987,58.91743586970931,0.9039,1281.67,0.6,0.66,2,0,36,42519,0.8840301707839128,0.024,82.2163407419054,0.47,75.05558524461645,0.68,73.84,1,576,Moderate
Brazil,South America,3,Agriculture,77.06162736396584,69.43201297353968,77.7321716589561,83.2249276005158,0.8717,1350.9,0.64,0.55,2,0,42,28318,0.8947709966990781,0.044,68.07136260661743,0.82,71.84389217312038,0.37,88.92,0,8673,Low
Malaysia,Asia-Pacific,2,Agriculture,59.0533236702449,53.109627634453695,63.8288121000724,51.93931016419005,0.9898,1498.51,0.6,0.44,2,0,39,1748,0.8911544452527481,0.057,70.63763905403579,0.42,65.6090872441074,0.62,73.54,0,10952,Moderate
Japan,Asia-Pacific,3,Agriculture,60.91817095557233,46.43760586201488,63.8420820711612,71.66037552092675,0.9269,1198.21,0.71,0.52,3,0,42,37060,0.8119639722648951,0.046,73.52611682130114,0.93,65.95429593192716,0.49,80.08,0,11027,Low
China,Asia-Pacific,3,Agriculture,71.1658501199838,60.66736744688293,74.23807948528123,75.85176783976868,0.8622,263.75,0.6,0.64,3,0,36,49395,0.9375996893641511,0.036,82.79968295157624,0.8,79.10705971807035,0.62,70.78,1,9206,Low
Japan,Asia-Pacific,3,Agriculture,56.596441043028825,52.957234387839065,55.0433138028564,54.65398921376669,0.8117,324.61,0.61,0.46,2,1,40,13353,0.8389931064320018,0.03,71.33374673928053,0.47,79.83910214749201,0.69,76.53,1,10451,Moderate
USA,North America,1,Agriculture,70.90415784503695,79.44632456355723,75.86875919002485,79.30593786192159,0.8586,382.93,0.64,0.45,2,1,11,12098,0.9162233543741843,0.024,80.62099927947592,1.02,66.99637366931596,0.68,68.16,1,9272,Low
Brazil,South America,2,Agriculture,65.5119205395679,75.92236766635124,76.77272191864752,69.76219477430442,0.0222,238.31,0.58,0.65,2,0,43,33803,0.8969090689063551,0.025,78.10773738809169,0.74,62.838609941077934,0.74,72.77,1,9377,Low
Malaysia,Asia-Pacific,3,Agriculture,62.86535007991098,79.20641820838152,76.4018227473912,60.23896597423824,0.8526,1103.11,0.61,0.54,2,0,42,4572,0.936237335029508,0.029,70.25551678936252,0.52,61.97482844063939,0.68,87.48,1,11640,Low
Malaysia,Asia-Pacific,2,Agriculture,66.07589653542841,57.36653114015923,68.22137192100237,70.72402023929466,0.9459,1314.07,0.84,0.44,2,1,12,46477,0.8335958879555623,0.037,71.03970905021723,0.7,70.57092010440824,0.82,83.07,1,10671,Moderate
USA,North America,1,Agriculture,61.520364628287766,63.08717284206517,67.55704235028378,65.81453235312986,0.8345,171.22,0.57,0.45,1,1,48,43064,0.8634062035963539,0.025,84.08435938541268,0.76,73.29681933825174,0.68,83.65,2,9252,Moderate
Brazil,South America,2,Agriculture,59.794403126730074,58.5689030210168,62.770658371921286,64.74420591419297,0.8741,50.19,0.59,0.59,2,0,39,24562,0.8639799343638003,0.033,81.11304611099918,0.64,56.70588096885551,0.75,78.58,1,51,Moderate
Malaysia,Asia-Pacific,2,Agriculture,55.222569108381364,50.57180174769102,63.836580718014304,57.43043025861094,0.8911,212.74,0.78,0.59,2,0,41,37120,0.8646593628415176,0.038,64.72521851333953,0.73,85.93333982277753,0.75,73.43,1,11315,Moderate
Japan,Asia-Pacific,3,Agriculture,51.05525885041894,50.857888238811746,57.65815275730555,51.80769298651983,0.2526,218.06,0.68,0.51,2,0,5,48865,0.8851766097267518,0.031,68.2263925414907,0.82,83.81616959664805,0.77,75.56,0,9162,Moderate
Malaysia,Asia-Pacific,2,Agriculture,59.01959245441922,49.79715974273913,66.39771768005244,62.33602694118418,0.9245,1138.05,0.74,0.56,2,0,42,41051,0.8685801501228505,0.035,68.90516712910073,0.78,85.9736212929279,0.82,76.61,1,11396,Moderate
Brazil,South America,2,Agriculture,51.99520080248407,35.50366520430824,65.56721570439903,59.01904609202586,0.1133,209.79,0.45,0.59,2,0,40,24467,0.8758256608528625,0.014,77.50955732216613,0.86,58.50084829889428,0.12,77.71,0,962,Moderate
USA,North America,2,Agriculture,46.171801979456454,57.52986548421256,62.76192833550192,51.33466756289533,0.8478,252.07,0.61,0.56,1,1,40,30095,0.9330784508375713,0.022,66.3119772759863,1.15,83.88191053462909,0.62,74.74,1,9332,Moderate
Malaysia,Asia-Pacific,2,Agriculture,51.77663577906778,53.3096776479773,62.66860810278516,41.21751187397226,0.8232,117.61,0.77,0.48,2,0,19,3637,0.8346639462960934,0.048,66.73699765564587,0.74,60.47704164865662,0.65,81.98,1,11999,Moderate
China,Asia-Pacific,1,Agriculture,72.4667495439032,72.49656552945162,76.1705330417346,84.11132662059791,0.719,224.35,0.64,0.43,3,1,45,6620,0.8896231046887207,0.011,60.04277955734488,1.06,86.84500360996223,0.69,84.71,1,8630,Low
Malaysia,Asia-Pacific,2,Agriculture,65.13605489233731,61.567594220090385,61.59045308230759,63.04931394706856,0.679,172.1,0.76,0.57,2,0,45,32693,0.8559617528768086,0.027,62.110090064014464,0.85,91.67277410130308,0.54,80.2,1,1296,Moderate
Malaysia,Asia-Pacific,2,Agriculture,49.11724229412559,20.308505868580742,40.47512414419715,38.95623535601057,0.9057,1374.66,0.6,0.48,2,0,40,30060,0.9317432442630161,0.036,72.28095127131431,0.4,66.08955072962816,0.49,66.33,0,9972,Moderate
Malaysia,Asia-Pacific,1,Agriculture,68.84263606668102,64.11515316928023,72.55407634137471,79.89985646062269,0.8948,1115.16,0.65,0.53,2,0,39,3441,0.8706955725418754,0.032,70.92727836704812,0.89,80.25953060547467,0.77,72.38,1,8806,Low
Indonesia,Asia-Pacific,3,Agriculture,44.38485413689415,35.26976205138267,52.09852302094706,45.35768605662217,0.7751,477.7,0.82,0.59,2,0,46,2490,0.8510784886589403,0.043,71.41642256989304,0.76,59.26893123417157,0.5,71.43,0,11771,Moderate
China,Asia-Pacific,3,Agriculture,81.69730136568592,97.27746406868886,97.76940105674193,80.20878400930013,0.8416,372.86,0.62,0.35,1,0,41,14634,0.8932644785327852,0.042,42.52673786396177,0.71,81.71442720674166,0.87,74.35,0,9495,Low
Malaysia,Asia-Pacific,3,Agriculture,74.07842952044055,84.26642226324645,71.3892686248982,66.79736082302036,0.9126,381.48,0.42,0.51,0,1,38,14830,0.88044614791646,0.032,71.29436910351076,0.78,73.58023889277014,0.66,81.85,1,8773,Low
USA,South America,2,Agriculture,59.61257951515656,61.8444937452174,63.42216683458961,60.52554532179242,0.7955,150.74,0.5,0.51,2,0,41,33361,0.8619578676382104,0.029,61.41191882746139,0.76,69.52813097180393,0.73,75.44,1,10326,Moderate
USA,North America,2,Agriculture,64.60873815949031,67.88608431661316,62.15821580127694,75.97144082472106,0.193,367.32,0.6,0.34,1,1,39,4220,0.9530376562844414,0.045,77.39593824323671,0.97,76.41856758235654,0.78,71.09,1,1826,Moderate
USA,North America,1,Agriculture,68.75982045816639,92.98155744773317,79.09502583466035,60.293211589180196,0.6565,701.84,0.61,0.41,1,1,49,10244,0.8922484126460047,0.022,85.32574834598049,1.05,62.22673112055902,0.75,69.88,1,9883,Moderate
Japan,Asia-Pacific,2,Agriculture,58.285700385935,58.515956462571204,64.54481108638748,61.820895236277686,0.9385,105.13,0.82,0.42,2,0,14,14132,0.8359570335014692,0.035,71.29001423217993,0.62,77.74262704099853,0.79,82.87,1,11064,Moderate
Japan,Asia-Pacific,2,Agriculture,58.71519269684876,61.684826428781996,62.438227126044715,58.37097813247379,0.885,1331.37,0.76,0.41,2,0,8,45126,0.8940734309891484,0.048,74.35049248008583,0.81,80.29720924086314,0.74,84.2,1,10759,Moderate
Malaysia,Asia-Pacific,3,Agriculture,68.36813865229993,67.73530265919408,80.35679067933499,70.60097887344041,0.9185,1499.5,0.54,0.41,0,0,42,669,0.861929715346509,0.038,64.04181498524873,1.11,43.83875591699622,0.64,81.96,1,10684,Low
China,Asia-Pacific,2,Agriculture,68.99976551174662,80.28443757372163,64.48333996037766,77.49284516608492,0.7475,315.78,0.49,0.36,1,1,43,8733,0.8393640593953489,0.036,39.72464403015644,1.49,74.36196073653586,0.71,77.41,1,1045,Low
China,Asia-Pacific,3,Agriculture,70.42112620870643,95.10303830992252,96.50967965829301,83.11439268278612,0.4254,164.76,0.43,0.56,1,1,45,13830,0.9079941862316692,0.025,52.99174981186972,0.82,89.9935386792337,0.9,69.34,1,8711,Low
China,Asia-Pacific,2,Agriculture,57.85504155195719,61.28228991391586,61.53904765742017,56.50713850713134,0.9009,443.0,0.61,0.39,2,0,9,7316,0.9040960612738425,0.026,79.02461474153485,0.41,74.27679904326504,0.82,81.72,1,8357,Moderate
USA,North America,2,Agriculture,67.5417381398192,68.32305173414883,62.800739984023664,80.11492143421846,0.8839,337.35,0.58,0.39,2,1,10,46216,0.8420649587371088,0.044,78.80407786747114,0.57,82.4475270967572,0.74,75.14,2,1154,Moderate
Indonesia,Asia-Pacific,2,Agriculture,49.7100177474122,48.00074836937166,56.827644393519606,53.32846465995544,0.842,428.55,0.58,0.58,2,0,43,14856,0.9617221270729827,0.039,75.61416664961763,0.7,75.44698297651598,0.78,73.36,1,1035,Moderate
Japan,Asia-Pacific,2,Agriculture,61.994568931679254,63.032908311406636,66.33724300276519,67.54860068197938,0.9994,858.84,0.52,0.57,3,0,41,35667,0.8816016400611412,0.025,77.37112502408792,0.6,79.64575232681757,0.8,82.68,2,2270,Moderate
China,Asia-Pacific,2,Agriculture,62.52367877843034,54.68493391885285,65.37013436794423,52.910505328402806,0.9509,128.72,0.64,0.51,2,0,41,5329,0.912219039334249,0.04,71.91927481516583,0.95,71.43739321671681,0.86,74.19,2,9722,Moderate
Japan,Asia-Pacific,2,Agriculture,57.26413320552004,52.302978560171475,62.90890678341761,53.04162307811326,0.6912,50.19,0.77,0.19,2,0,8,45419,0.8395547470622862,0.021,64.78677282711782,1.35,78.46038138276921,0.75,76.37,1,9692,Moderate
USA,North America,1,Agriculture,55.968867451338504,57.47740023966845,54.590075651889244,55.729880138994716,0.3998,395.63,0.59,0.07,1,1,49,11447,0.8320381633189915,0.051,73.43299056203367,1.45,83.5968611802399,0.85,68.74,2,7209,Moderate
Japan,Asia-Pacific,2,Agriculture,67.31293606510035,70.07391572241004,66.32170390261786,67.8477583719888,0.6819,1442.8,0.74,0.54,0,0,16,6694,0.8452302433707061,0.032,73.38425741678394,1.54,86.704573194469,0.77,81.33,1,688,Moderate
Brazil,South America,2,Agriculture,56.23454042359801,45.870039959796934,65.99813493235567,45.0327050315096,0.9448,163.66,0.53,0.55,2,0,40,33859,0.8526696859601982,0.025,71.26438667810397,0.76,50.32943170910866,0.8,76.1,1,9594,Moderate
Malaysia,Asia-Pacific,1,Agriculture,73.06215771657143,87.8608384098556,87.85426210217125,73.06025119291084,0.785,1181.6,0.47,0.5,0,0,41,2956,0.9241228721109909,0.036,69.96157759298362,0.64,70.87501772179216,0.9,75.27,0,7978,Low
Japan,Asia-Pacific,2,Agriculture,62.34381989379069,48.92059284307474,65.77401104299099,63.925448640188925,0.959,781.5,0.55,0.56,2,0,39,33171,0.8635705977820454,0.032,73.68937989359566,0.79,80.30082304246488,0.81,78.51,1,10946,Moderate
USA,South America,1,Agriculture,50.30765350633756,19.316496828760343,48.05223482880729,34.1893804288686,0.7455,578.02,0.46,0.49,2,0,42,29287,0.9334577297513393,0.046,79.80347151627572,0.88,71.58684544817574,0.15,77.18,1,7334,Moderate
USA,North America,2,Agriculture,45.229031310837705,53.85351589786969,44.76768054642524,40.55914035208909,0.0167,625.53,0.61,0.3,1,0,10,6900,0.9255323957581774,0.027,79.52289900527077,1.16,75.87920223871551,0.68,72.37,1,908,Moderate
Japan,Asia-Pacific,3,Agriculture,71.41128301951828,59.755911329325095,78.03861624551934,58.35653841503106,0.8937,674.12,0.56,0.61,3,0,37,32402,0.847113750604909,0.033,66.09634599721016,0.87,77.17483710852449,0.69,89.23,1,1207,Low
USA,North America,2,Agriculture,65.77415094102167,58.880910815797485,67.18275297465978,76.28740727990449,0.8665,117.18,0.56,0.44,3,1,42,25621,0.8575226564543611,0.032,77.84731891321533,0.75,80.78178433097473,0.82,83.82,2,8989,Moderate
Japan,Asia-Pacific,3,Agriculture,60.9536652959973,48.2918430952556,59.220592422465685,51.65941443155038,0.7473,84.91,0.74,0.6,2,0,20,43759,0.8075150709065699,0.019,75.01383943532613,0.75,79.45505700724624,0.86,71.4,1,221,Moderate
India,Asia-Pacific,1,Agriculture,55.514426256391744,48.43246396311981,60.21744501622784,51.26746434178528,0.7735,317.16,0.76,0.42,1,1,39,11351,0.9214252212823768,0.029,75.01706235606348,0.95,75.03209843310388,0.59,69.77,1,9471,Moderate
China,Asia-Pacific,2,Agriculture,48.30866577836542,39.69483149238699,50.70948944502268,49.31557139787219,0.9147,65.3,0.74,0.47,2,0,12,27588,0.8474632150827622,0.027,65.15272409627404,0.9,84.79156767517009,0.68,75.63,1,9717,Moderate
Brazil,South America,2,Agriculture,72.10333007822177,73.55859948750648,73.88784705790104,90.54987582744202,0.2039,1358.97,0.52,0.6,2,0,8,47809,0.8916045725820184,0.043,77.03602651943926,1.35,60.451736961147354,0.71,77.76,0,8567,Low
India,Asia-Pacific,2,Agriculture,71.1694283186505,59.31246937427238,75.84375210441206,64.8664738634118,0.9362,1267.26,0.53,0.59,3,0,45,2468,0.9154913073661174,0.03,68.9719784515741,0.5,74.62466960640829,0.67,78.83,1,11809,Low
China,Asia-Pacific,2,Agriculture,57.74028646719281,58.83795295463861,66.00508088579438,61.47301450884527,0.8158,118.02,0.62,0.46,2,0,46,8925,0.9011902191652954,0.022,73.91066678700388,0.59,91.34932185401551,0.65,80.54,2,10583,Moderate
Malaysia,Asia-Pacific,2,Agriculture,62.97351781970737,63.09458919427616,61.02584547641128,64.70394195769616,0.9186,1377.58,0.62,0.58,2,0,40,44063,0.8568024256964435,0.035,84.10506734648844,0.58,39.66307984881337,0.78,72.36,1,10524,Moderate
Japan,Asia-Pacific,2,Agriculture,53.501879951844906,51.31780294818136,64.44555479078743,48.885824281428036,0.8623,160.1,0.76,0.57,2,0,12,34688,0.8398849426727133,0.033,70.65953776087483,0.78,78.59110905633565,0.73,87.91,1,10021,Moderate
Japan,Asia-Pacific,3,Agriculture,72.04233538220224,80.6731319675163,70.07645340966437,85.80382706933379,0.8751,274.19,0.47,0.54,3,0,44,49273,0.8540870099522255,0.028,62.308215901065054,1.05,59.01673672143324,0.85,80.83,0,11107,Low
Japan,Asia-Pacific,3,Agriculture,60.45696040850603,48.8001910543553,62.88617571314426,54.00214061476995,0.8922,1142.54,0.71,0.51,2,0,14,2769,0.83251703486928,0.039,66.92863103023484,0.7,72.29188626873072,0.54,85.59,0,10797,Moderate
China,Asia-Pacific,2,Agriculture,50.26680002243395,45.29367243222307,57.63350314312167,39.135207274087925,0.2183,299.11,0.38,0.46,2,0,15,7525,0.9450320806847209,0.032,66.18552061396366,0.9,72.34422189681499,0.77,77.44,1,8084,Moderate
Malaysia,Asia-Pacific,1,Agriculture,71.023678780194,64.45148094044058,79.9237275676164,72.56421443271635,0.8727,85.04,0.56,0.57,3,0,47,38018,0.856408253216005,0.048,74.73844230751062,0.79,74.29889805626767,0.76,85.92,1,8238,Moderate
Malaysia,Asia-Pacific,2,Agriculture,49.416301918262526,42.23474260565064,63.881721051892306,51.8727434800149,0.9077,845.43,0.58,0.52,2,0,38,6125,0.8923936549910121,0.013,67.80225209761143,0.58,73.49198080842547,0.7,71.45,1,8533,Moderate
USA,North America,2,Agriculture,66.71301673086556,93.22227114076586,73.25110747884729,75.44397335595512,0.2019,458.61,0.59,0.45,2,1,39,13409,0.9111905021392743,0.024,75.85269369577422,0.86,74.92094846670965,0.61,68.72,1,374,Moderate
China,Asia-Pacific,2,Agriculture,55.01879590975966,42.32193415230314,50.25655368338793,47.67943484410697,0.8403,486.89,0.56,0.24,1,1,40,8238,0.9005048695709262,0.037,84.88030651152584,0.85,77.20658915844385,0.86,74.72,1,8630,Moderate
Brazil,South America,1,Agriculture,64.63686214477677,65.95024533980653,77.52038079585486,84.18235532853492,0.1373,1385.54,0.62,0.48,2,1,46,31650,0.872023363122533,0.038,79.0187462604051,1.24,68.65818456087473,0.53,71.9,0,9461,Low
China,Asia-Pacific,3,Agriculture,73.4449754496403,85.01131233094104,81.81109461994899,89.33736991025344,0.8607,378.72,0.56,0.51,3,0,40,6494,0.9260146641097247,0.02,78.99981082360881,0.72,75.28442519650105,0.7,75.66,0,8432,Low
Malaysia,Asia-Pacific,3,Agriculture,65.90432261656619,76.96868216498572,70.67578857937724,88.20543438651296,0.9452,277.18,0.45,0.56,3,0,44,28786,0.8791678808813199,0.024,81.65066597397578,0.94,68.59821103307227,0.59,81.92,0,8440,Low
Japan,Asia-Pacific,2,Agriculture,54.34539213533161,58.300807098028685,47.72794882589652,46.18807196344446,0.1718,1425.27,0.55,0.45,2,0,9,34396,0.8671324716217619,0.038,70.17262455537501,0.63,72.89758684531161,0.66,80.53,1,948,Moderate
Malaysia,Asia-Pacific,2,Agriculture,69.05669972903382,66.80284169808785,66.34445156859277,68.44642688441765,0.858,82.99,0.56,0.58,2,0,12,32662,0.8401451075487573,0.034,67.51300936707888,0.93,79.02720220066803,0.7,75.24,2,11999,Moderate
Malaysia,Asia-Pacific,3,Agriculture,68.09561298686603,74.46597388309729,75.56010052853432,76.93915217603403,0.754,1368.0,0.42,0.51,2,0,39,4003,0.8637467763668213,0.056,72.83685832304127,0.86,62.191856121777235,0.57,82.71,0,10904,Low
Malaysia,Asia-Pacific,2,Agriculture,59.99844358013288,56.37287836168159,69.62420752799645,54.65437776262293,0.903,1145.95,0.6,0.6,2,0,38,837,0.8521337858352196,0.033,72.87917023829783,0.66,83.40956577247083,0.9,76.04,1,8867,Moderate
USA,South America,2,Agriculture,75.47829166516144,72.40430225404292,72.19770621719884,77.64347407776908,0.4602,1418.3,0.49,0.64,2,1,11,4578,0.8899688233359709,0.043,74.42951512250654,0.81,67.87223782408904,0.28,68.76,0,8547,Low
USA,North America,2,Agriculture,63.25366344312206,56.99454569375136,65.4496909423418,56.301294122896245,0.1553,297.39,0.55,0.34,2,0,38,34694,0.9296665177483933,0.021,80.00508035334373,0.91,76.26114159933977,0.67,69.01,2,1684,Moderate
India,Asia-Pacific,3,Agriculture,67.8805336330835,81.86567546347818,78.52135544909332,83.34416363622108,0.8568,386.49,0.38,0.57,3,0,39,642,0.9387877179986927,0.033,47.36364988020417,0.97,51.56860862066587,0.89,70.06,0,9534,Low
USA,North America,1,Agriculture,49.74665291269771,34.99617614439971,49.61626689283703,34.0900915534204,0.0856,442.01,0.5,0.58,1,0,44,35726,0.9377089761407288,0.036,74.91533520771652,0.83,64.00454938540447,0.16,72.68,0,11011,Moderate
India,Asia-Pacific,3,Agriculture,57.67073650403657,50.42382007530241,69.01131568222038,53.519811571770674,0.7583,207.59,0.69,0.39,2,0,38,49982,0.8372926959208353,0.035,65.40759258896904,0.65,76.08140601983062,0.78,73.29,0,10012,Moderate
Indonesia,Asia-Pacific,3,Agriculture,46.192727841842014,34.323521709108675,51.05252228411088,39.49145491183198,0.6844,310.88,0.46,0.57,3,0,41,16370,0.9350349154911262,0.024,74.78938798653853,0.72,77.80608311205383,0.83,75.82,0,10175,Moderate
India,Asia-Pacific,2,Agriculture,47.90287722543304,34.823953840504934,54.95964353202464,46.30847582432286,0.8822,1396.83,0.72,0.42,2,0,15,24302,0.9001975160816431,0.021,69.9527987651426,0.94,75.11757819475989,0.73,85.09,1,8435,Moderate
China,Asia-Pacific,1,Agriculture,72.48623859123737,88.7978729198913,97.03572205157843,72.8475205372368,0.8862,186.44,0.48,0.09,1,1,41,10076,0.9147525575548753,0.029,51.59888527132328,0.83,77.69180042828931,0.74,82.58,1,7629,Low
China,Asia-Pacific,3,Agriculture,69.95941185284126,100.0,76.47229711044824,71.13122651329527,0.8594,239.24,0.53,0.42,1,1,38,12498,0.9273012090835329,0.034,38.67518150995995,0.68,72.36857820801103,0.79,77.45,1,10078,Low
India,Asia-Pacific,3,Agriculture,70.6161749812982,71.57797208608324,80.17593162407385,82.72621557968958,0.7008,1348.97,0.6,0.38,0,0,48,4753,0.9413201844951792,0.014,69.71963103742219,0.72,50.54414133268821,0.72,60.33,0,7935,Low
Malaysia,Asia-Pacific,2,Agriculture,45.41547053238686,35.07957109625025,49.474302338956534,55.90868741336803,0.2191,265.62,0.47,0.64,2,0,43,37398,0.8648338491475244,0.034,53.64056216824745,1.08,76.83730795981799,0.71,73.32,1,9422,Moderate
Malaysia,Asia-Pacific,3,Agriculture,69.48671137664769,63.232362217437604,75.08414118995303,81.60961239646313,0.832,1400.64,0.57,0.55,2,0,8,30881,0.8360486010180376,0.037,66.17814257008065,0.74,65.29545216633372,0.51,73.79,1,369,Low
India,Asia-Pacific,2,Agriculture,53.360182314618214,49.19074925041814,59.96023763183503,50.91863182901592,0.9176,114.1,0.76,0.55,2,0,46,3647,0.9070926797486818,0.033,71.82192027128175,0.53,55.179658027072264,0.87,72.3,1,10449,Moderate
Japan,Asia-Pacific,2,Agriculture,58.38711530553436,52.55368396042094,62.85162635538792,64.5783118929984,0.9527,374.28,0.71,0.25,1,1,26,14237,0.857311435273621,0.023,68.41269337079365,0.86,92.40780674778748,0.75,76.02,2,629,Moderate
India,Asia-Pacific,3,Agriculture,68.48338946597319,68.04619424931916,68.15737243288473,81.18363633732137,0.8596,61.87,0.45,0.58,1,1,41,11331,0.8800936826357899,0.027,54.477870164661454,0.8,83.76888824983433,0.74,77.56,0,7183,Low
USA,North America,2,Agriculture,68.61214686516303,78.35166855268574,71.85457377040143,70.5160097270729,0.8212,380.46,0.6,0.35,1,1,37,5221,0.9186477251941545,0.024,76.81698648363837,0.9,78.72555110632717,0.78,69.73,1,8347,Low
Japan,Asia-Pacific,3,Agriculture,61.42369159048322,56.36876145781454,73.2391950039896,62.70714619538434,0.9451,166.05,0.7,0.58,0,0,40,33919,0.8348229926118633,0.05,66.92522444413508,0.95,87.44007666724801,0.75,83.34,1,9235,Moderate
Brazil,Asia-Pacific,2,Agriculture,62.4419332670543,54.953154259280296,65.71664199196664,62.30194429650675,0.9327,201.8,0.64,0.56,2,0,39,32995,0.8455960651805067,0.024,72.17596279217297,0.69,86.75070221727982,0.75,80.08,2,11561,Moderate
Brazil,South America,1,Agriculture,63.83479169871974,64.35984733711638,67.21687911303867,59.15732961831471,0.7667,80.73,0.61,0.48,2,0,39,35106,0.9070322714060965,0.046,74.15674058735623,1.21,70.22507030129127,0.74,77.61,2,1160,Moderate
China,Asia-Pacific,1,Agriculture,70.77702817641452,91.35454110214913,96.85820320656148,80.30696196914387,0.6776,263.99,0.61,0.43,1,1,45,4788,0.9035146874563973,0.031,49.70995243506782,1.01,90.73015231679732,0.77,81.98,1,9332,Low
Malaysia,Asia-Pacific,3,Agriculture,78.29344294012843,88.69483938483178,75.685070827572,84.03295539715666,0.895,219.38,0.48,0.62,3,1,46,7382,0.9140416997091617,0.022,80.4907540072174,0.8,52.933919207818555,0.71,71.28,0,11526,Low
Brazil,South America,2,Agriculture,58.41676520260187,45.0370727032846,49.16273796426564,49.61621014488935,0.9421,212.17,0.6,0.53,2,0,41,29620,0.939250196965365,0.042,76.72404472095837,0.59,72.57791560838207,0.61,76.97,1,956,Moderate
Brazil,South America,2,Agriculture,62.92167252185873,55.12753803639275,66.8966575890119,53.806663368331805,0.8841,98.88,0.44,0.57,2,0,42,6924,0.84596176520382,0.046,74.53530613753419,0.68,84.49546836139723,0.56,80.53,1,9858,Moderate
India,Asia-Pacific,3,Agriculture,61.697685890353036,50.13488533787576,69.53369694169479,63.19601561861625,0.9566,1238.29,0.57,0.41,3,0,42,16311,0.8704983691659811,0.022,68.03377108222037,0.58,79.67486636194036,0.77,79.31,1,10235,Moderate
China,Asia-Pacific,2,Agriculture,81.3308052422052,74.28029870682629,83.76573977034904,69.25500207015074,0.7828,348.19,0.6,0.31,1,0,35,10087,0.923438469594685,0.04,79.07420536944906,0.52,74.64173058129336,0.78,87.61,1,9432,Low
China,Asia-Pacific,2,Agriculture,61.91304025847838,54.04916146935826,58.74317501506187,66.16998431428453,0.8581,225.9,0.59,0.44,1,0,19,8518,0.9123522260043246,0.023,57.82479465529208,0.53,74.38564818557589,0.68,84.4,2,1161,Moderate
Indonesia,Asia-Pacific,2,Agriculture,54.19346299303512,64.95784095227589,59.978512122678666,50.65060385699744,0.8838,1303.45,0.85,0.52,1,0,16,13010,0.8547804732174582,0.039,51.96431233472879,0.63,87.51147270746044,0.76,78.45,2,11801,Moderate
Brazil,South America,2,Agriculture,65.52226261270829,59.80776425893053,66.99769242609813,67.59341926879195,0.1069,86.11,0.59,0.65,2,0,43,31906,0.8713731462041864,0.042,83.82371276309871,0.78,86.24437889171006,0.78,83.79,1,9596,Low
Japan,Asia-Pacific,3,Agriculture,66.90356482797455,83.28312363887292,80.64102282078036,64.02451782799,0.8194,1016.38,0.62,0.51,3,0,40,41685,0.8578349582988645,0.034,68.78474315627142,1.17,59.98428078253864,0.71,81.11,1,10268,Low
Japan,Asia-Pacific,2,Agriculture,57.72894222495774,53.3031314220936,65.52572862150907,50.89450558687353,0.8957,97.73,0.71,0.4,2,0,14,10466,0.8509279361320792,0.017,63.58220490516297,0.76,75.07633809035102,0.81,82.06,2,11625,Moderate
Brazil,South America,3,Agriculture,72.15873100557594,69.46651623202672,84.29675515311578,80.32539559982813,0.9138,984.16,0.51,0.61,3,0,41,3526,0.9324358484862284,0.031,73.24747200215194,0.66,81.535027136245,0.72,74.96,1,9858,Low
Malaysia,Asia-Pacific,2,Agriculture,58.51434894980286,55.79371967774986,64.53967699508864,65.48556788923818,0.7311,1288.56,0.63,0.52,2,1,10,48206,0.9478900446186621,0.046,70.05066795452538,0.58,69.31626396934901,0.68,76.09,1,11961,Moderate
China,Asia-Pacific,1,Agriculture,72.74264010644897,83.20545773764253,80.94311965953656,71.80705179819252,0.8532,419.03,0.53,0.5,1,1,43,13270,0.8810483194802112,0.029,50.71609430634792,1.0,84.31086958415672,0.76,75.77,1,9938,Low
China,Asia-Pacific,1,Agriculture,59.83284663688676,48.85731975513166,63.03546109636035,54.35243248000547,0.4294,472.15,0.6,0.27,1,1,46,9427,0.8642835448181191,0.025,71.6980456852025,1.48,84.37677649069643,0.78,74.28,2,10567,Moderate
Malaysia,Asia-Pacific,2,Agriculture,68.42979866308355,61.696493139944835,66.91263368695876,66.41718104624228,0.9346,239.19,0.57,0.57,2,0,41,30347,0.8538916501465866,0.043,68.5482532772637,0.77,84.67664243039903,0.69,78.74,1,1015,Moderate
Brazil,South America,3,Agriculture,68.39602862597438,64.55605610786866,68.28751012878769,57.541807718947545,0.0939,1138.54,0.49,0.59,3,0,41,30219,0.8583772946779255,0.053,70.58836238492972,1.28,82.01229292920617,0.85,79.32,0,10550,Low
China,Asia-Pacific,1,Agriculture,66.24070417228658,67.07076464503183,74.69086436870734,63.862161338714216,0.5951,1382.49,0.58,0.53,0,0,16,49163,0.8576259182661986,0.047,66.00093580128897,0.99,77.74599005062515,0.74,84.09,1,9575,Low
USA,Asia-Pacific,2,Agriculture,58.187999500978314,58.667950734555404,63.53320672650088,52.64188430614979,0.7786,143.08,0.57,0.42,1,1,11,11315,0.8275324514386555,0.041,76.35655204413095,1.51,77.85189198712801,0.66,83.19,2,10261,Moderate
Japan,Asia-Pacific,1,Agriculture,77.28525380168145,82.73884713771885,72.74469572135779,81.12930109847863,0.7146,326.64,0.64,0.22,0,0,10,6496,0.8912982595728858,0.031,74.15783645836355,0.88,77.99895358871095,0.8,79.58,0,9018,Low
China,Asia-Pacific,2,Agriculture,62.231778374869606,54.95010191703,63.731721856213554,53.967456973202104,0.8709,1073.0,0.65,0.51,2,0,41,1383,0.9223288197274622,0.03,57.591213253909565,0.91,80.67797514992783,0.77,74.74,2,8089,Moderate
USA,North America,1,Agriculture,68.44963975185568,54.05866106897314,65.52585201027307,65.01591502617045,0.7078,246.8,0.61,0.46,1,1,47,9825,0.8753718849910823,0.053,86.49331222292962,0.94,80.01922529076982,0.67,70.48,2,10950,Moderate
China,Asia-Pacific,2,Agriculture,50.25934458787013,43.69640603978786,62.43502772504044,41.52911096726631,0.7899,232.54,0.59,0.48,1,0,9,14213,0.9476672843438225,0.031,81.12393625003027,0.53,74.37941911364724,0.65,78.21,1,8489,Moderate
Malaysia,Asia-Pacific,1,Agriculture,69.93050198837862,95.65666751301869,95.12113634099012,71.54263352838846,0.7835,308.69,0.48,0.53,1,1,42,35215,0.9310493834196468,0.03,47.01810248295708,0.85,64.08882686764888,0.76,68.96,0,9727,Low
China,Asia-Pacific,1,Agriculture,54.32576835081726,46.91713646772844,53.17910914091408,58.091458133186805,0.404,448.68,0.59,0.29,1,1,43,3809,0.9053122013497297,0.029,54.60817976480519,0.93,84.70523279370173,0.69,69.18,2,1489,Moderate
USA,North America,1,Agriculture,76.90494367769163,75.85522706235982,88.62967671730308,87.94136644885086,0.1404,435.87,0.59,0.18,1,1,40,17529,0.9152373681483758,0.054,57.93775680830579,1.12,81.6403373133686,0.69,73.64,1,2680,Low
Indonesia,Asia-Pacific,3,Agriculture,73.85606006413221,89.93733868897007,96.60225972089079,74.38030279882358,0.7524,304.55,0.52,0.48,1,0,43,11036,0.9200380194077511,0.039,50.78360178349751,0.8,74.51124123981583,0.8,76.24,0,11134,Low
Brazil,South America,2,Agriculture,69.3886675139512,70.20167811864265,76.18014960927023,63.68392247108281,0.8287,974.75,0.6,0.65,2,0,40,43192,0.8788779142978921,0.02,73.94846326380934,0.68,80.84378211428537,0.78,84.7,1,9088,Low
Japan,Asia-Pacific,2,Agriculture,58.12945229919751,62.062769742294286,67.42881612815378,59.27318159883009,0.9411,1286.1,0.57,0.5,3,0,8,46032,0.8757613986684025,0.025,70.55004831361695,0.72,83.96080358457033,0.77,85.88,1,9650,Moderate
USA,North America,1,Agriculture,64.03419646794609,82.11340626029165,79.49024808628789,74.36710283565642,0.0764,1499.5,0.59,0.53,2,1,46,48671,0.909970782821213,0.015,48.47509858584378,1.42,63.68174980311709,0.62,70.42,1,8122,Low
China,Asia-Pacific,1,Agriculture,64.91923050368453,63.941410661738914,66.73906737584228,62.58987107264432,0.9265,157.8,0.82,0.46,2,0,46,24727,0.873958579029536,0.018,64.09864084877155,0.83,75.31647082179909,0.77,76.66,1,9783,Moderate
Malaysia,Asia-Pacific,1,Agriculture,61.17060952383605,48.73539847023937,68.6500162388237,61.56290484674406,0.6733,1181.75,0.78,0.4,2,1,45,48368,0.8363950576479084,0.023,71.884462219229,0.72,84.52801278560742,0.79,79.11,2,11551,Moderate
Japan,Asia-Pacific,3,Agriculture,64.87885316554582,60.51102000775551,71.97257431988315,65.53190733094195,0.9427,484.43,0.62,0.42,3,1,45,7117,0.8650695041249374,0.02,70.85345376804165,0.78,83.37568152253733,0.7,79.92,1,11580,Moderate
China,Asia-Pacific,2,Agriculture,56.74392650981684,60.99213661385907,63.341012288630544,62.19624288463442,0.8257,167.06,0.57,0.41,1,1,46,10833,0.9342686667256285,0.032,83.49715548538254,0.67,82.23517407120801,0.84,78.11,2,8895,Moderate
Japan,Asia-Pacific,2,Agriculture,64.12925365858888,60.67926625492722,55.906165186513576,71.39328806892013,0.8733,208.61,0.56,0.19,1,1,39,13239,0.8921726344160618,0.026,58.35843320965672,1.27,77.1232791818174,0.68,73.42,2,9183,Moderate
Malaysia,Asia-Pacific,3,Agriculture,75.62530104615735,86.74995604635966,77.66753419545034,81.45807640033053,0.8031,1175.07,0.53,0.5,0,0,39,29864,0.8594952263002498,0.04,69.6866687643057,0.93,59.848687407571916,0.73,94.31,0,9984,Low
Brazil,South America,2,Agriculture,66.71437507962591,67.71427708273022,67.79337618812636,79.21879472612602,0.8972,1041.34,0.63,0.66,2,0,35,46351,0.9292618761751423,0.04,73.27412241839164,0.61,85.97976452763335,0.7,83.91,1,9266,Low
Malaysia,Asia-Pacific,3,Agriculture,69.24945696218921,70.34326415934319,78.03621275706145,65.001268557218,0.9206,1275.94,0.61,0.46,2,0,11,28800,0.8867975250110837,0.007,67.83825735537006,1.22,50.67595318835951,0.61,76.03,1,11131,Low
China,Asia-Pacific,1,Agriculture,70.30340134184463,49.66934240796137,63.030642342260144,62.22554664586008,0.8288,1333.73,0.64,0.51,1,1,41,10191,0.8732057286534465,0.046,54.177598925700934,1.01,87.7299505045021,0.68,74.09,2,8601,Moderate
China,Asia-Pacific,3,Agriculture,69.67686106169874,66.21756812515844,80.11893041800738,80.767271614107,0.7094,302.73,0.46,0.48,1,1,47,29382,0.9174224263521789,0.005,79.7085338534478,1.04,88.87100590134018,0.71,80.54,1,9535,Low
USA,Asia-Pacific,1,Agriculture,78.61918608279944,80.53030466571701,71.15984140141958,69.41362371494358,0.4337,404.59,0.63,0.12,1,1,20,46565,0.8833823623366561,0.043,37.67543259688051,1.67,88.43568894976259,0.74,74.04,2,9837,Moderate
USA,Asia-Pacific,1,Agriculture,79.79838548929717,85.74389133009522,73.30192983290888,83.22651117748455,0.2052,1426.6,0.61,0.34,0,1,14,3041,0.8653703983422086,0.042,72.91548720017985,0.78,67.53874741501399,0.77,72.04,0,9655,Low
Japan,Asia-Pacific,3,Agriculture,60.23109627955967,63.809508702860214,64.6503422561741,62.112592576408574,0.7161,52.19,0.76,0.39,0,0,15,10335,0.853567600168519,0.031,67.88075751577703,0.73,75.71546452869167,0.78,79.69,2,11736,Moderate
USA,North America,2,Agriculture,71.7181714113068,84.46818827595203,73.74925279780503,84.16088400168204,0.0536,265.04,0.57,0.54,3,1,35,12034,0.9081160177687848,0.017,77.21481467349084,1.09,74.73998996354146,0.68,74.99,1,1379,Low
India,Asia-Pacific,3,Agriculture,49.02566586588332,46.652746149781684,57.804993308300816,54.13687359627657,0.1026,362.64,0.6,0.62,2,1,17,46139,0.896818848969289,0.016,70.47328232866879,0.55,86.18080770337565,0.63,71.64,1,11353,Moderate
China,Asia-Pacific,1,Agriculture,68.6264997136562,76.2904374164881,70.08549355139775,70.14311209086985,0.7554,192.08,0.46,0.13,1,1,45,8265,0.8899486300042684,0.039,54.05453085476344,1.51,84.13715129837333,0.76,83.12,1,10053,Low
Japan,Asia-Pacific,2,Agriculture,57.13772841419405,51.41420920272368,60.98088289961444,64.75927541612101,0.8783,287.65,0.71,0.52,2,1,42,49063,0.8903090966569419,0.061,73.43427685677551,0.9,87.91376953868439,0.8,84.38,1,9395,Moderate
Malaysia,Asia-Pacific,3,Agriculture,60.81111175827186,41.26757441188339,61.335658911108766,52.83264157238168,0.8991,1499.5,0.42,0.46,2,0,42,3721,0.8328383289135773,0.049,73.74548799633114,0.92,63.46754904974045,0.68,78.54,0,9673,Moderate
China,Asia-Pacific,2,Agriculture,53.18749396538994,44.456210750737846,52.907628024797695,55.34467113998338,0.8966,458.88,0.57,0.55,1,0,44,36418,0.920135395402786,0.035,81.42419831501316,0.96,86.88596055832404,0.81,74.67,1,8892,Moderate
USA,North America,1,Agriculture,68.1875403478255,71.57237313570319,71.8307185249925,88.57178294035448,0.8333,194.64,0.57,0.49,1,1,44,7461,0.924244902161421,0.021,86.53050684918539,0.83,85.55088593304141,0.79,70.59,1,8800,Low
Malaysia,Asia-Pacific,2,Agriculture,51.07347973108296,56.25663836183448,51.75868064755532,37.52893851419711,0.8322,1316.38,0.79,0.48,2,0,16,6747,0.9255199223130423,0.032,74.3359909036288,0.83,62.5700862130856,0.83,73.51,1,9817,Moderate
USA,South America,2,Agriculture,69.87591878418917,79.38588785910862,64.55052124516695,74.1490628094822,0.4739,126.75,0.58,0.53,2,1,37,32297,0.9079385453184757,0.028,77.18481320885944,1.14,81.71892718152712,0.62,71.85,1,360,Moderate
Japan,Asia-Pacific,2,Agriculture,61.58260651630779,54.82865927105497,66.70063456831983,59.23008114076353,0.9294,1208.91,0.55,0.52,2,0,36,26834,0.8758210573742495,0.018,65.11833735433854,0.71,79.30794500179381,0.78,87.26,1,1033,Moderate
Malaysia,Asia-Pacific,2,Agriculture,67.50817513495387,59.947324053345014,63.45383952934336,63.24198594623039,0.9417,173.07,0.62,0.5,2,0,9,35084,0.8610797847855519,0.034,78.96239944969552,1.2,80.73454330542795,0.87,78.64,1,11077,Moderate
India,Asia-Pacific,3,Agriculture,70.25840759678742,64.09271140424622,86.85540263414786,63.71614407048102,0.8402,1365.59,0.8,0.46,3,0,45,31837,0.8544099520570375,0.019,68.03694628606891,0.98,88.15948217072503,0.81,87.12,1,7106,Low
Malaysia,Asia-Pacific,2,Agriculture,61.52708953022627,49.88600872464738,65.0789080712782,54.47325100746187,0.0528,183.21,0.61,0.63,2,0,44,38882,0.9286647471375261,0.038,71.83257338024619,0.67,84.58172712440765,0.74,77.39,1,591,Moderate
India,Asia-Pacific,3,Agriculture,70.93237607411604,56.782969985391944,76.41426614779054,70.51958382260338,0.9599,1316.74,0.81,0.55,3,0,45,48948,0.8963256571955507,0.032,70.10676863683918,1.02,83.8986922487505,0.78,73.78,1,8592,Low
Brazil,Asia-Pacific,1,Agriculture,59.82442982083513,28.95324850396304,63.34103958983741,48.37241484699205,0.7434,1075.36,0.81,0.47,2,0,49,26492,0.8531890372092298,0.037,67.92126760225929,0.97,55.524716175198684,0.66,78.19,1,10000,Moderate
China,Asia-Pacific,2,Agriculture,70.25749110378709,63.33284451808396,77.00119802912134,71.42172097936364,0.6274,226.66,0.58,0.46,3,1,49,12253,0.8923289069186338,0.026,75.17499444042868,1.02,79.0481232483801,0.69,80.95,1,1252,Low
Japan,Asia-Pacific,3,Agriculture,69.33094790844518,59.1834903616655,66.05354947710566,64.56523961828442,0.9518,878.16,0.74,0.4,3,0,13,49569,0.8423990468587209,0.039,74.15589695448371,0.87,77.85125439761747,0.73,85.76,2,9872,Moderate
Brazil,South America,2,Agriculture,61.862369267897215,58.27992672117074,65.00479514506053,63.69911671428819,0.807,50.19,0.53,0.54,2,0,18,36372,0.9346965618623664,0.031,74.72319546586915,0.8,77.45820586792316,0.63,78.98,1,10359,Moderate
Malaysia,Asia-Pacific,2,Agriculture,55.009622543904975,42.19409824029828,53.15177940561563,41.36350209430789,0.8589,1477.34,0.43,0.5,2,0,17,6847,0.9369946400639959,0.042,75.72994372831117,0.67,69.88192026534449,0.81,76.25,1,11124,Moderate
Brazil,South America,2,Agriculture,56.38625490714832,13.239516658155313,31.156821451815663,36.09896804196774,0.762,426.32,0.45,0.52,1,0,42,38589,0.9710617755391047,0.03,77.90918097183551,0.78,61.76689182884783,0.17,77.04,0,9555,Moderate
Brazil,South America,2,Agriculture,71.00946219040316,58.51909045159211,62.95019102745594,82.25623056582862,0.926,108.64,0.8,0.49,2,0,39,30387,0.8732157026783987,0.024,77.17008474259,1.33,57.12671992332398,0.54,89.92,1,10955,Moderate
Malaysia,Asia-Pacific,2,Agriculture,68.60421875596222,62.94392964446845,64.79336943889805,71.15853813980516,0.9229,1049.57,0.61,0.57,2,1,41,14363,0.9408886854367029,0.022,96.60670862936824,0.46,82.19459403769211,0.66,75.21,1,8446,Low
China,Asia-Pacific,1,Agriculture,66.63357081512912,57.168284905589715,70.6578044437235,74.71780313208276,0.9208,138.93,0.8,0.41,2,1,26,44699,0.8826248847256869,0.046,69.9890626683241,1.24,78.72769000827947,0.75,74.65,1,8263,Moderate
USA,Asia-Pacific,2,Agriculture,78.77598968765177,55.50488256999554,75.22508078579044,82.77245152070999,0.1069,759.2,0.55,0.55,3,1,45,4588,0.9521471611102893,0.043,76.30515910939815,0.92,77.72083266820937,0.83,71.77,1,8477,Low
Malaysia,Asia-Pacific,2,Agriculture,69.8812499174297,62.13550600976813,72.48861333929253,71.17862293039686,0.8853,440.41,0.53,0.58,3,0,44,8944,0.8709964166684816,0.024,74.00843370401941,0.62,75.32265432413392,0.63,82.23,1,1205,Moderate
India,Asia-Pacific,3,Agriculture,71.10160131962314,76.91210679663365,67.45439755368236,88.76107005025825,0.7507,372.21,0.65,0.56,0,1,41,15136,0.9005596397817256,0.018,40.9429562878654,0.81,86.96799733224329,0.69,78.7,0,9973,Low
China,Asia-Pacific,2,Agriculture,59.22764963234181,60.37507514309155,65.85107683559198,53.92670586622655,0.9102,274.27,0.58,0.44,1,1,20,10877,0.8346912803561508,0.046,69.82913564352728,0.89,80.92195164244905,0.74,74.24,2,9966,Moderate
Brazil,South America,2,Agriculture,71.41035612736867,77.81835932794847,74.2561093531991,63.55479269359985,0.8672,1035.77,0.43,0.51,2,0,39,4127,0.8445140418643926,0.017,69.23727787538682,0.62,64.29500403467097,0.81,80.33,1,9115,Low
Malaysia,Asia-Pacific,1,Agriculture,76.01485497949702,87.05737363057796,82.89426308111027,81.20534217467868,0.8012,94.33,0.59,0.41,0,0,44,7424,0.9255817651732386,0.029,68.52826911123194,0.74,65.36118451751977,0.64,71.2,0,9614,Low
Brazil,Asia-Pacific,3,Agriculture,79.00708243531935,66.50636520386635,67.73797355978108,88.16799019612914,0.7572,191.64,0.55,0.59,3,0,39,49252,0.8567599525847408,0.018,47.01188883969312,1.07,84.13515947620922,0.79,70.93,0,10111,Low
China,Asia-Pacific,1,Agriculture,69.82918932438282,64.46895858698196,82.85636618890992,70.85658306134405,0.3424,473.1,0.59,0.52,1,1,48,16152,0.8857730916411652,0.042,50.37911458212152,0.94,82.6463524867152,0.79,75.27,2,10365,Moderate
USA,North America,1,Agriculture,76.63663684431009,100.0,88.15817234099872,84.082179504213,0.2584,366.92,0.6,0.43,1,1,46,9577,0.8612045223114042,0.025,56.659891243797546,0.78,84.822684666425,0.81,71.66,1,9148,Low
Japan,Asia-Pacific,3,Agriculture,61.87647029503446,60.08517410166392,60.88263885127422,77.90389905741445,0.9321,339.14,0.59,0.47,2,1,11,46109,0.8669520602939056,0.045,71.17245153900808,0.83,81.0150138100915,0.61,83.04,1,10819,Moderate
China,Asia-Pacific,1,Agriculture,58.72178179490354,49.834871203675405,63.314246860411124,44.79910486737856,0.4563,517.97,0.47,0.52,1,0,26,14082,0.9209864482243343,0.03,77.20956768609635,0.96,75.78850156562179,0.71,73.85,2,8234,Moderate
Malaysia,Asia-Pacific,2,Agriculture,57.4802411380503,52.73912689974912,65.19888824936832,55.041809966863774,0.9279,977.21,0.56,0.66,2,1,46,42268,0.9082415646838792,0.037,83.58717268059334,0.77,89.97202772971806,0.76,77.49,1,10981,Moderate
China,Asia-Pacific,1,Agriculture,59.256089711889814,53.019705489446196,64.46450242542213,55.627628419333035,0.7378,488.82,0.83,0.43,1,1,10,15367,0.873301152500925,0.035,58.332748671275304,1.05,76.49306346316101,0.7,77.09,2,9471,Moderate
Japan,Asia-Pacific,3,Agriculture,74.6082289458866,94.67074780851294,89.23668401847218,76.35237886882341,0.7359,305.03,0.54,0.55,0,1,45,4172,0.903853445011093,0.025,50.635447925074935,0.96,68.8249645857428,0.8,73.43,0,9989,Low
Malaysia,Asia-Pacific,2,Agriculture,68.0791073895085,81.77870591671818,71.45279576787269,68.98417688594778,0.6589,1499.5,0.74,0.45,0,0,11,48069,0.8215474245163434,0.024,71.46105820843205,0.94,65.33530542117468,0.6,81.31,1,11999,Moderate
India,Asia-Pacific,3,Agriculture,50.51306969079111,39.07328209256726,58.68033194012774,51.717351674716504,0.732,269.67,0.75,0.5,2,0,8,45798,0.8436864889171408,0.049,66.3218156053346,0.61,72.12813665011662,0.73,69.52,0,10208,Moderate
Brazil,South America,1,Agriculture,65.09319307961452,66.5343644894173,67.0412776431444,68.71667841824738,0.9283,165.07,0.59,0.5,2,0,47,29006,0.8761980020446232,0.026,82.88327024073918,0.72,86.75476467716814,0.72,71.17,2,9499,Moderate
USA,North America,1,Agriculture,55.570127057864354,51.12201866547812,54.12527165546415,56.291935410137214,0.8294,437.51,0.56,0.44,1,1,46,7270,0.854292444441781,0.024,84.41810246113312,1.03,84.11193559327849,0.78,81.79,2,11088,Moderate
Japan,Asia-Pacific,2,Agriculture,49.472310049358114,48.30052900973128,53.859018655327795,56.087054659131326,0.3262,360.08,0.53,0.18,1,0,39,13789,0.8825286303690816,0.02,82.53773597067928,0.88,74.96423375285309,0.71,73.32,1,9918,Moderate
Malaysia,Asia-Pacific,2,Agriculture,61.76697412187377,65.04803691661526,61.01020492689806,62.92927586548122,0.8811,87.73,0.56,0.53,2,0,9,31676,0.9119992849643159,0.047,67.80105646423496,0.73,66.41618004162459,0.63,73.79,1,957,Moderate
Japan,Asia-Pacific,2,Agriculture,59.57870537430951,52.527169129199386,63.218694181982514,59.01175992025025,0.888,1177.64,0.58,0.45,2,0,14,13115,0.8419366655315266,0.026,70.910301089322,0.64,77.89880019218423,0.66,80.73,2,10984,Moderate
China,Asia-Pacific,2,Agriculture,61.06805095130565,62.10966658730729,63.883246338398465,73.44836675397747,0.9301,468.84,0.63,0.23,1,1,13,13198,0.9183356264986619,0.026,72.38157954829454,0.97,83.52328933337084,0.74,75.61,2,9029,Moderate
Brazil,South America,2,Agriculture,45.26514999338416,54.778780035206566,66.80550872453409,57.55298946873854,0.7422,50.19,0.44,0.55,2,0,48,28630,0.8984575397631839,0.036,62.63985165434127,0.61,53.1951437140333,0.56,93.87,1,10760,Moderate
Malaysia,Asia-Pacific,3,Agriculture,68.8790477828289,65.59771788355282,72.8356842034288,68.63311607632458,0.8835,1349.05,0.75,0.46,2,0,12,35666,0.8687249421714562,0.026,71.1176174614066,1.24,63.90007465859604,0.55,78.01,0,1169,Low
China,Asia-Pacific,2,Agriculture,70.08674363120198,59.57193957478523,63.912507118364935,69.4713429124997,0.9999,1160.62,0.61,0.51,3,1,41,46484,0.8886346546157446,0.013,64.76360179300923,0.97,88.53044524612568,0.78,73.14,1,9639,Moderate
China,Asia-Pacific,2,Agriculture,62.70788327667013,66.65099737052235,66.18253544117863,65.52165891122722,0.098,918.85,0.59,0.66,3,1,45,44110,0.9618606155741961,0.041,73.40533959204828,0.71,77.40024013240486,0.84,70.42,1,10874,Moderate
China,Asia-Pacific,2,Agriculture,63.98582115539614,53.37759339312262,76.18759300621254,59.37481450362972,0.9958,1140.49,0.84,0.49,2,0,44,7613,0.9357175366129299,0.035,75.20467887475458,0.52,84.32053897049089,0.73,77.06,1,11295,Moderate
USA,Asia-Pacific,1,Agriculture,72.19149741224174,69.4138599276993,83.19309354872021,82.26369973662864,0.0345,439.3,0.6,0.46,1,0,43,9172,0.8658945339498341,0.018,76.27738918547564,1.0,84.61610784948483,0.81,72.06,1,9010,Low
Malaysia,Asia-Pacific,3,Agriculture,69.6966442821279,63.56290006554232,75.97713571556773,75.96481803109548,0.8789,222.56,0.48,0.54,0,0,41,31289,0.8870328299936331,0.049,70.13214810023157,1.33,80.70807478197129,0.68,75.69,0,8869,Low
USA,North America,1,Agriculture,57.585430031627176,75.34896123233482,71.29972709293524,66.9261797686364,0.7683,288.61,0.59,0.38,1,1,9,5867,0.8919250184206234,0.036,80.57776848015881,0.91,75.60278767691324,0.78,68.4,2,9345,Moderate
Brazil,South America,2,Agriculture,64.81059154251038,58.101117124310505,66.50316426789539,60.91049642288498,0.8742,1198.31,0.61,0.52,2,0,43,25051,0.8449690895901278,0.035,74.79261763839442,0.67,58.88122842950544,0.74,83.95,2,169,Moderate
Japan,Asia-Pacific,3,Agriculture,52.74104476142516,46.893693501521845,56.771278219907984,52.18936082526506,0.8378,1478.06,0.36,0.39,2,0,8,3852,0.8409306748817378,0.055,73.65457695997009,0.58,50.631881010091774,0.65,79.61,0,9074,Moderate
USA,North America,1,Agriculture,72.13398786972438,74.77104499095627,78.75370818068389,74.83092521192559,0.7809,1013.57,0.59,0.49,1,1,45,43927,0.8723674582088581,0.018,87.17306818370238,1.28,70.02188415752687,0.67,69.51,1,9989,Low
China,Asia-Pacific,1,Agriculture,66.79495507310122,62.2777363260302,65.43787082132329,65.60043880281032,0.904,88.64,0.6,0.59,2,0,43,26118,0.9522468158571264,0.035,66.75179228338467,0.98,78.95593240647256,0.72,73.98,1,11148,Moderate
Malaysia,Asia-Pacific,2,Agriculture,54.43755086451503,35.957313766707905,61.33280763893075,51.10734140520394,0.0784,1220.02,0.6,0.62,2,0,40,49982,0.9483244829050992,0.035,69.97748093169412,0.67,78.65177014789515,0.7,78.8,1,8101,Moderate
Indonesia,Asia-Pacific,3,Agriculture,53.64928861419448,13.076250000000009,60.83348505868065,45.836293178375016,0.7845,315.98,0.41,0.58,3,0,42,6049,0.9356206028728068,0.051,66.07045918065549,0.76,75.22785390467675,0.85,73.95,0,10359,Moderate
USA,North America,1,Agriculture,60.52101183505492,57.9546901343817,66.52996686746653,54.148280996541246,0.107,120.05,0.58,0.58,1,1,42,38364,0.9387944641578094,0.025,72.59538092436729,0.87,84.32316414581796,0.72,70.02,2,9161,Moderate
USA,North America,1,Agriculture,76.9341910904755,81.61696930232073,76.47381254414428,82.133021496096,0.5218,251.91,0.59,0.48,1,1,42,42506,0.899728826027142,0.035,69.85823227166229,1.08,83.00686399217363,0.76,78.78,1,9152,Low
USA,Asia-Pacific,1,Agriculture,73.62466327907634,94.32122181364943,76.6563738013233,78.20580173086516,0.8927,246.27,0.61,0.35,1,1,41,10198,0.8944308347148703,0.027,76.04880454260606,0.94,95.74919958178788,0.79,81.86,1,8861,Low
China,Asia-Pacific,1,Agriculture,72.45750517971976,72.69174948281338,84.53872776537462,77.66239390463372,0.7528,448.23,0.63,0.39,1,0,41,8828,0.9169943128145178,0.034,72.59124959235405,1.15,70.52579187520651,0.76,80.75,1,9862,Low
Brazil,South America,2,Agriculture,70.7520071312077,82.11506457278885,67.79704404019779,72.4412801474187,0.7927,1470.66,0.55,0.55,2,0,40,36433,0.874865915287981,0.027,78.0130343009284,0.91,74.17888101818106,0.79,82.75,1,10819,Low
China,Asia-Pacific,1,Agriculture,62.613631004023645,56.70663249379965,68.0438260457486,60.44203744979971,0.9575,1217.61,0.62,0.44,1,0,48,13078,0.905646178473032,0.041,70.91727100858827,0.95,73.99303545963949,0.75,75.36,2,8812,Moderate
Malaysia,Asia-Pacific,2,Agriculture,56.97505133272027,55.89813011507539,63.18488721290563,62.823581575132536,0.8542,119.64,0.61,0.53,2,0,15,49743,0.8852242403432332,0.039,82.50181351595528,1.33,84.65857095921481,0.77,81.38,1,10652,Moderate
