Country,Region,Supplier_Tier,Industry_Sector,ESG_Score,Environmental_Score,Social_Score,Governance_Score,Carbon_Emission_Intensity,Water_Intensity,Waste_Management_Efficiency,Renewable_Energy_Usage,Compliance_Level,Sustainability_Report_Availability,Lead_Time_Days,Production_Capacity,On_Time_Delivery_Rate,Defect_Rate,Financial_Stability_Score,Cost_Index,Labour_Compliance_Score,Diversity_Index,Supplier_Audit_Score,Incident_History_Count,Logistics_Distance_km,Risk_Classification
USA,Asia-Pacific,2,Agriculture,58.84815330135072,54.1822968382146,68.18869696185833,56.71238516875763,0.7977,1214.47,0.61,0.5,3,0,36,43140,0.903277229901253,0.02,80.38452354167283,0.62,75.14157297717294,0.61,71.26,2,8819,Moderate
Japan,Asia-Pacific,2,Agriculture,61.29171535079086,67.63568877721733,65.67574191681837,62.97110378800734,0.9166,1290.19,0.59,0.57,2,0,41,37649,0.838975338183476,0.027,65.64393887600531,0.66,70.2193531900446,0.72,77.1,1,11999,Moderate
Malaysia,Asia-Pacific,2,Agriculture,50.202535636123116,25.510385889976256,41.80385015766431,41.57208840685388,0.2032,523.55,0.39,0.5,2,0,42,37059,0.9164228392525274,0.039,85.27621637398144,0.95,73.72929201742971,0.79,71.94,0,7595,Moderate
India,Asia-Pacific,3,Agriculture,74.85062954372084,93.19337062875076,76.4557764464959,83.94753270215917,0.7581,381.58,0.44,0.51,0,1,41,7855,0.9096884275340019,0.036,65.89380767081786,0.71,57.5951489637253,0.82,62.27,0,10232,Low
Japan,Asia-Pacific,2,Agriculture,60.41846318531986,54.89665445255896,62.631898257297046,58.3451281108973,0.7865,50.19,0.58,0.51,2,1,11,9080,0.8264746091439326,0.035,65.7009000086092,0.71,73.9055839012534,0.67,78.28,1,10168,Moderate
Malaysia,Asia-Pacific,2,Agriculture,66.27171635867676,61.13646124150991,66.6945266034757,62.16966726345926,0.9021,53.48,0.61,0.49,2,0,12,28867,0.8281004760901018,0.022,62.626872773292234,0.67,78.67169276783711,0.52,81.06,2,11465,Moderate
China,Asia-Pacific,3,Agriculture,62.33163902556684,38.57076248998664,46.15191244526413,37.34385610123093,0.1947,296.89,0.53,0.46,1,1,41,10773,0.9046631018855781,0.026,71.3618579044967,0.45,86.54694201858085,0.61,72.91,1,8456,Moderate
China,Asia-Pacific,2,Agriculture,68.3571155369455,62.36466577735984,72.69295795756217,72.69288034392552,0.8215,308.87,0.56,0.53,1,1,47,4893,0.9464178838268026,0.015,72.72841324745524,0.48,90.64867928678109,0.75,72.28,1,9932,Moderate
Japan,Asia-Pacific,2,Agriculture,64.94629939529395,76.34057333329761,65.88011272524788,74.55039034599702,0.6805,1093.25,0.75,0.37,0,0,10,11213,0.8786086358695191,0.034,61.34246359771393,0.8,76.15767087680922,0.64,83.52,1,9166,Moderate
Malaysia,Asia-Pacific,2,Agriculture,64.4538614322429,54.49630806015365,72.9644525354026,64.75142282309174,0.8695,1029.91,0.84,0.4,2,0,9,45031,0.856069141930352,0.03,73.67874273400244,0.82,78.57047863920197,0.78,77.42,1,10196,Moderate
China,Asia-Pacific,2,Agriculture,61.50988080937958,49.74507450056447,52.01388194905781,41.9638781319105,0.7421,389.79,0.56,0.43,2,0,10,35008,0.9176802811840867,0.028,65.00648619103426,0.44,73.37543851382188,0.67,79.51,1,9680,Moderate
Japan,Asia-Pacific,3,Agriculture,63.88902324125507,60.50895712169722,68.2441422717205,60.32262703959121,0.8308,1399.33,0.77,0.46,2,0,13,2955,0.8966428792783253,0.03,66.83814958312274,0.6,64.67204460542156,0.63,84.92,1,10965,Moderate
Japan,Asia-Pacific,2,Agriculture,59.423627233545986,54.951064846049135,70.41764008141787,61.519890912991464,0.6937,159.01,0.75,0.48,2,0,13,24873,0.8588004010944591,0.033,67.48745984900744,0.68,70.30086118499332,0.7,79.32,1,10650,Moderate
Malaysia,Asia-Pacific,1,Agriculture,69.82784780478343,74.91803887931884,81.27026663570717,77.99271421032398,0.745,1280.83,0.63,0.6,2,0,41,13779,0.89460628983025,0.034,66.9748929300467,0.6,63.96682008375347,0.75,72.54,1,8985,Low
India,Asia-Pacific,2,Agriculture,64.7838473699311,58.38012913460174,74.8849506612645,72.97737745242524,0.8969,1085.26,0.85,0.51,2,0,10,1796,0.8441980842280205,0.014,70.27802804560433,0.55,79.02590754350595,0.78,77.86,1,11300,Low
India,Asia-Pacific,3,Agriculture,63.15363302378623,47.09592782089592,60.6883739443329,50.4860543676001,0.7694,404.25,0.64,0.47,3,0,45,13714,0.8547193014235274,0.042,74.24150342983235,0.72,79.23162638341802,0.8,75.16,0,10979,Moderate
USA,North America,2,Agriculture,52.710748267724085,31.827719454448125,44.74093103719991,55.10181727417806,0.2267,584.15,0.51,0.23,1,1,43,9261,0.9113809807730467,0.035,83.16751061865386,1.21,84.28954970809922,0.72,70.48,2,79,Moderate
Brazil,South America,1,Agriculture,69.8680233700075,86.02602431375867,84.43993577835975,75.29054502415886,0.9153,936.59,0.54,0.62,1,0,44,1803,0.9169808355600731,0.024,98.07937367348946,0.74,67.21283009720254,0.78,74.96,0,11999,Low
Japan,Asia-Pacific,3,Agriculture,72.41153330319126,67.19836791571252,77.12572507703948,82.94500459292955,0.8959,454.61,0.5,0.62,3,0,44,8612,0.8496689625207485,0.033,68.52724842390107,0.95,77.83786758758811,0.78,76.63,1,8757,Low
China,Asia-Pacific,2,Agriculture,57.06907076236894,41.49578169786665,54.074503631019255,53.10612861726743,0.6928,449.47,0.74,0.41,2,0,14,7698,0.8598134628080646,0.03,73.83435804384703,0.82,72.72856722696218,0.83,76.29,1,9290,Moderate
Brazil,South America,2,Agriculture,77.18533509008284,81.44180013557416,85.88109527177474,65.61436196303026,0.8848,1002.25,0.63,0.59,2,0,37,502,0.9216317267503789,0.033,66.0562415927317,0.63,87.12478917344673,0.71,84.24,1,9462,Low
China,Asia-Pacific,1,Agriculture,74.69301486414233,61.44490231523686,89.17469925999043,53.96072761320258,0.8817,210.59,0.59,0.46,1,0,47,8694,0.8945442164907385,0.018,64.45034120226575,0.58,73.62127994283232,0.71,73.84,1,8358,Low
China,Asia-Pacific,2,Agriculture,59.986513879503136,45.33142855065287,62.49012292192234,56.266643709475936,0.795,339.13,0.54,0.61,1,0,37,11298,0.9006271002922253,0.036,81.1854474917634,0.65,77.75131896812354,0.76,74.25,2,235,Moderate
Japan,Asia-Pacific,2,Agriculture,51.60006779380136,42.28371319854509,58.651170083009426,42.651779932031275,0.8277,369.27,0.56,0.64,3,0,40,10314,0.8984565498634699,0.02,76.01939182406143,0.69,75.59103741351024,0.82,76.47,1,8608,Moderate
Malaysia,Asia-Pacific,2,Agriculture,68.5508910712715,48.03708808970278,73.26933442744755,63.75164895982179,0.9197,203.21,0.62,0.6,2,1,46,4033,0.8962893953253955,0.025,65.69854605023988,0.56,73.86864805668685,0.82,74.17,1,10981,Moderate
Japan,Asia-Pacific,2,Agriculture,62.32602790905898,40.198704706497494,58.326813110226446,60.173226925137314,0.8596,368.08,0.74,0.59,3,0,48,5319,0.8341327032700805,0.045,63.58421743545233,0.68,66.36839858933216,0.66,76.1,0,8496,Moderate
Malaysia,Asia-Pacific,3,Agriculture,72.90494801932807,77.64511049925977,75.01578799121363,86.38304633302647,0.7458,181.43,0.58,0.61,2,0,40,49982,0.8427886402655642,0.045,41.65350750226622,0.92,85.61438220362905,0.71,71.55,0,10233,Low
Brazil,South America,2,Agriculture,70.6615015841821,85.45160515189069,71.85797644408115,75.82273894077828,0.7922,1479.75,0.55,0.42,0,0,10,31410,0.8546134369231971,0.037,80.4464774557029,0.68,58.2340031872655,0.8,79.39,1,181,Low
China,Asia-Pacific,2,Agriculture,64.06308334152506,61.5475319272532,65.45786986705201,63.08118816470791,0.956,50.19,0.6,0.2,1,1,23,13835,0.8579091467977236,0.032,74.36106515386773,0.83,74.94310030649572,0.64,77.68,2,9305,Moderate
Brazil,South America,2,Agriculture,59.16799453646838,65.33802549563939,64.98680245033081,65.39612466852476,0.9493,1243.76,0.58,0.5,2,0,37,31950,0.8894900936766128,0.028,75.92877092024534,0.69,75.89270000211509,0.67,79.61,1,781,Moderate
China,Asia-Pacific,2,Agriculture,37.365,48.66420077877442,55.902622785613055,44.23272370785825,0.8304,251.29,0.61,0.35,2,0,9,11742,0.9264018080445144,0.048,74.6046449898932,0.51,71.79941740337432,0.75,75.29,1,8965,Moderate
Brazil,South America,1,Agriculture,74.99648167820509,79.11918263615813,84.0561251926642,84.68640757728618,0.0973,401.54,0.55,0.51,3,0,46,39034,0.8284178001476079,0.031,78.79249043569438,0.83,54.0870323438415,0.68,84.45,1,10154,Low
Japan,Asia-Pacific,3,Agriculture,67.78180437091554,63.23813746044646,79.10108806662653,62.12105683174259,0.9162,1163.03,0.6,0.53,0,0,41,7102,0.8506265633849994,0.035,68.61499200578152,0.67,45.51758579525723,0.76,78.58,0,11538,Low
Malaysia,Asia-Pacific,1,Agriculture,64.50997473064174,85.4720535698291,72.78893178843815,83.93359772149547,0.2135,1401.89,0.63,0.45,2,1,44,2874,0.8183976941017289,0.02,67.45724255368754,0.77,42.8489602993419,0.66,65.17,0,10944,Low
Brazil,South America,1,Agriculture,74.88836454315913,80.6101036031737,71.74539971290112,69.78456573925835,0.1094,1352.25,0.62,0.42,0,1,13,37402,0.9066156964308172,0.033,67.18913955159178,1.12,64.12750243934923,0.67,67.25,0,10557,Low
USA,North America,1,Agriculture,72.16953204763016,78.60629069402628,75.41401570168895,74.63771091053175,0.1639,264.33,0.62,0.36,1,1,48,44444,0.8694241425037394,0.022,78.52121261031242,1.28,73.66453659852986,0.85,69.4,1,10508,Low
China,Asia-Pacific,1,Agriculture,67.67164997554305,61.06665239108852,76.4641043022644,68.4712701310678,0.7529,161.58,0.6,0.45,1,1,44,49982,0.871873444879062,0.038,71.19547351930791,0.98,81.51799456891369,0.75,81.11,1,1040,Moderate
Malaysia,Asia-Pacific,3,Agriculture,67.69893259912114,52.36086347806245,75.98088540077657,80.19264652287958,0.9825,1069.58,0.62,0.52,2,0,39,4739,0.8789972507273912,0.022,69.33590614395109,0.71,62.06794949693684,0.74,83.44,1,9558,Low
Brazil,South America,2,Agriculture,62.36295389288803,90.63886440127176,61.335070474288905,72.04801773629669,0.6682,1384.73,0.61,0.47,2,0,10,41909,0.8644282566710937,0.016,81.15147195147287,1.19,63.69853747279865,0.62,72.62,1,993,Moderate
China,Asia-Pacific,2,Agriculture,72.04235958113253,92.47526993726352,69.2881428746257,72.40933655015706,0.8505,229.72,0.61,0.19,1,1,18,17736,0.923200966033402,0.018,80.90477247453921,0.97,87.67278912848533,0.73,67.61,2,9050,Moderate
China,Asia-Pacific,1,Agriculture,65.08347095608636,66.93156323185312,79.06334341735237,75.16756463300422,0.8066,382.71,0.64,0.43,1,1,48,11283,0.9391337326130544,0.026,83.29861554960631,0.9,87.02916578922844,0.9,73.14,2,10390,Moderate
Malaysia,Asia-Pacific,1,Agriculture,74.50531041025364,60.53552912492258,74.64604682889347,85.78303037244218,0.7651,860.87,0.59,0.52,0,0,40,2385,0.8827611649956782,0.033,76.94346117962395,0.85,53.93099684510577,0.68,84.58,0,9600,Low
Malaysia,Asia-Pacific,2,Agriculture,39.05739733094825,36.46597360027789,59.644813564189086,45.91981157745204,0.7509,455.31,0.56,0.58,3,0,41,3425,0.9268235235611727,0.04,65.16212895714101,0.5,78.96912316503587,0.69,77.6,1,913,Moderate
Japan,Asia-Pacific,3,Agriculture,62.38929420213863,53.64843697370014,63.80563004026056,65.88267410051726,0.8805,164.59,0.76,0.48,2,0,17,43222,0.855656864614989,0.026,69.69066192344252,0.98,57.98071906903395,0.54,78.15,1,10976,Moderate
Japan,Asia-Pacific,2,Agriculture,62.21718331413299,57.435931743467876,62.97411665028641,62.493107745182826,0.7318,165.17,0.82,0.5,2,0,11,43761,0.8636346958916679,0.042,67.28478117802979,0.86,89.42592231474633,0.69,78.46,1,11113,Moderate
India,Asia-Pacific,3,Agriculture,73.21760631105654,100.0,82.00993539135987,92.43403963553158,0.0722,424.51,0.51,0.6,3,0,43,29460,0.8411207343301871,0.023,52.30807707683336,0.99,65.8173415885488,0.73,72.33,0,9828,Low
Japan,Asia-Pacific,3,Agriculture,71.56923328526013,63.085595126361355,83.19323626332385,64.16595903525172,0.9539,1207.94,0.58,0.57,3,0,42,33047,0.8783261351554633,0.043,74.69254052829172,0.74,84.8471307792256,0.72,80.79,1,8355,Low
China,Asia-Pacific,2,Agriculture,54.90422188951869,50.547114298343104,56.39502332874415,51.04769179869819,0.9748,806.27,0.64,0.45,2,0,42,502,0.9104605833139507,0.03,68.81052845758957,0.57,88.2333573737739,0.76,71.78,1,9276,Moderate
Japan,Asia-Pacific,3,Agriculture,66.51648746658083,66.64539846402982,76.66914963216854,74.20837934450428,0.9112,1159.75,0.62,0.43,1,1,41,12589,0.8493838922149805,0.022,68.77376766979216,0.97,91.86647234395998,0.77,82.32,1,10092,Low
Japan,Asia-Pacific,3,Agriculture,62.21573907980875,68.17616152227133,73.96372564591299,55.71651286927155,0.8128,65.87,0.45,0.55,0,0,13,46221,0.8905966335924717,0.04,69.1446418654356,0.87,86.52139747043535,0.85,77.14,0,10670,Moderate
Malaysia,Asia-Pacific,2,Agriculture,68.2663552626963,47.21269901590185,82.8832532974698,59.779593311776225,0.8961,1191.27,0.56,0.51,3,0,43,7493,0.8561544710151245,0.058,58.7395417995254,0.58,83.74916308386373,0.8,73.33,1,9394,Low
China,Asia-Pacific,1,Agriculture,72.93756508954878,90.91111308792847,78.81712057889645,78.7568765861225,0.6469,631.48,0.51,0.34,1,0,43,11144,0.9003224387521348,0.036,55.76963375125658,0.92,89.6783036814021,0.84,76.97,1,9551,Low
USA,North America,2,Agriculture,63.70075548320025,66.0197065508402,64.51264547358161,75.52347134655189,0.7638,136.44,0.65,0.16,2,1,10,45513,0.9100131808187187,0.027,78.16882169788953,1.27,96.3252952895563,0.7,86.72,2,10228,Moderate
Malaysia,Asia-Pacific,2,Agriculture,61.464618754243546,53.442275359422425,66.57834687063803,59.878913551794945,0.8619,111.07,0.63,0.58,2,0,6,3756,0.8786849782214147,0.036,71.32154339033993,0.71,85.0670226662337,0.28,82.75,1,10861,Moderate
Brazil,South America,2,Agriculture,47.78997250881928,41.29596469617344,58.356139324747254,50.83080029817277,0.9565,884.07,0.8,0.46,2,0,42,39971,0.8733995231976311,0.036,70.8351862900767,0.48,46.88707231480467,0.69,74.97,1,10051,Moderate
Brazil,South America,2,Agriculture,57.59950051202436,46.793103181915605,68.53598221164197,54.078741566672555,0.1118,247.34,0.47,0.61,2,0,41,34043,0.8640519537385479,0.035,77.54527750534265,0.79,64.80560063030461,0.7,80.12,1,51,Moderate
Japan,Asia-Pacific,2,Agriculture,54.27324775367868,53.99813001905428,52.4952040864333,56.30314763255262,0.8591,401.66,0.75,0.51,2,0,14,11308,0.8662518226653589,0.031,71.72741546063446,0.7,91.01742379476666,0.71,72.8,2,341,Moderate
China,Asia-Pacific,1,Agriculture,72.16035558068292,51.52961935056049,59.39965665592787,63.977901025838754,0.4992,426.07,0.62,0.26,1,1,20,11830,0.9138339667928607,0.024,74.17590913931727,1.02,77.22216633598757,0.61,75.66,2,2398,Moderate
India,Asia-Pacific,3,Agriculture,73.13455939223898,68.8585212269388,82.06911053262347,84.33809957384084,0.7663,442.22,0.34,0.6,3,0,38,3282,0.9255151520209373,0.042,80.30532608018194,0.9,57.35767675034775,0.9,71.89,0,9779,Low
India,Asia-Pacific,3,Agriculture,44.7422093360931,21.61422944852172,51.31564930134278,55.97575537213054,0.8085,368.75,0.76,0.54,2,0,44,10911,0.8349544462418289,0.024,73.65459194251005,0.8,92.75236042001696,0.71,74.98,0,10844,Moderate
USA,North America,2,Agriculture,42.92088494607195,20.1176318987436,37.280211457705086,28.486828153019093,0.144,424.73,0.46,0.55,1,0,39,32406,0.9062986568840883,0.025,78.05230774648817,1.26,72.24380496704146,0.17,73.44,0,9925,Moderate
China,Asia-Pacific,1,Agriculture,74.030476389818,65.82225588141561,73.06037369272096,76.37136274647878,0.8615,320.7,0.58,0.12,1,1,9,11110,0.8823080382187888,0.047,75.54997592138585,0.86,87.45340996081069,0.8,81.3,1,10060,Moderate
Japan,Asia-Pacific,2,Agriculture,61.24386326342241,56.55671095428488,69.4164460280014,61.27478012662685,0.7147,110.45,0.83,0.54,2,0,15,48183,0.8297440339838952,0.022,69.54104099355851,0.74,61.50648188478043,0.68,82.68,1,10491,Moderate
Brazil,South America,2,Agriculture,56.91909351766854,60.47793044577259,62.585739715649524,45.0505405181361,0.9117,50.19,0.54,0.55,2,0,42,19866,0.8520383055386627,0.028,83.55924471628083,1.17,66.37868368225543,0.6,77.34,1,1689,Moderate
Malaysia,Asia-Pacific,2,Agriculture,60.45814141920186,59.38390168802433,62.35827690647077,66.49581146384376,0.93,1434.06,0.62,0.46,2,0,12,11553,0.8514761372327276,0.023,70.95004323996713,0.55,60.520718935205544,0.74,76.7,1,11019,Moderate
Brazil,South America,2,Agriculture,64.88908878227,58.94650699104817,66.01152191850555,64.85615039865023,0.9372,164.91,0.55,0.57,2,0,44,3857,0.8642839526341828,0.031,66.26930730783067,0.65,81.45807059568024,0.58,84.32,1,11896,Moderate
Japan,Asia-Pacific,3,Agriculture,75.4468345700771,57.88891581254419,80.72043012877069,64.63785073477624,0.9321,1178.29,0.48,0.58,3,0,41,502,0.8379038855734312,0.015,73.64793628403395,0.73,79.94751731339673,0.71,75.37,1,10211,Low
Brazil,South America,2,Agriculture,49.70029403880592,50.78489064844579,63.01161855332325,43.58673256810778,0.9181,93.99,0.49,0.49,2,0,9,29618,0.8582640975878408,0.032,67.14420017714248,0.75,74.35896538681634,0.46,70.47,1,10889,Moderate
China,Asia-Pacific,2,Agriculture,67.88634017403525,55.01406418479705,73.80912360246411,76.0080510106879,0.8413,698.18,0.59,0.47,3,1,42,44134,0.8889963086836934,0.042,87.34283363139961,1.28,91.85024573959868,0.69,79.96,1,10352,Low
Japan,Asia-Pacific,2,Agriculture,65.0339932054449,57.49185670698015,68.60395127935719,59.71444936312127,0.8262,839.16,0.41,0.62,0,0,21,49982,0.9077160034984311,0.022,66.41911929252831,1.04,77.10331524997062,0.82,81.78,1,8827,Moderate
Japan,Asia-Pacific,2,Agriculture,62.361465103617746,52.73196071725288,60.25197911055827,68.22043362961836,0.72,468.12,0.59,0.24,2,1,41,12595,0.8600137081641647,0.016,52.98660012935633,1.38,85.20425566311928,0.77,75.0,2,1107,Moderate
USA,North America,1,Agriculture,60.11970682076922,62.78642596397081,47.507138333249465,57.07233122239331,0.8297,583.22,0.59,0.12,1,1,43,13855,0.8808430906175605,0.034,74.27054567806066,0.91,77.2635842322782,0.65,76.41,2,9678,Moderate
Japan,Asia-Pacific,2,Agriculture,61.91390413148828,63.18860146227443,58.28077105272644,49.77877138903775,0.5703,839.8,0.46,0.53,1,1,47,13677,0.9096950190985358,0.035,61.5590675682559,1.13,86.3005296948755,0.81,80.64,2,9554,Moderate
USA,North America,2,Agriculture,77.43172039938625,85.80376893762501,81.345674506692,68.97712492668317,0.1443,389.52,0.55,0.59,1,0,45,10025,0.9535142939919569,0.024,79.28377307497693,0.84,84.33016590448977,0.8,77.18,1,10653,Low
Malaysia,Asia-Pacific,2,Agriculture,54.090468992912385,60.92055384462072,62.956473712385,38.10012747117373,0.7985,259.92,0.51,0.58,2,1,20,47371,0.8862986031533701,0.018,78.16258088374398,0.94,75.37415577918439,0.74,77.43,2,10756,Moderate
India,Asia-Pacific,3,Agriculture,59.483498788391984,43.98917703659218,66.91738113002549,53.82378814170732,0.2656,79.71,0.7,0.48,2,0,12,28581,0.8454985221216659,0.036,60.68150526659291,1.35,83.1984753287891,0.67,77.21,1,8033,Moderate
USA,Asia-Pacific,2,Agriculture,56.302658295653394,58.882464805054724,49.58286429709577,62.553884885535325,0.7804,403.21,0.6,0.35,2,1,12,7484,0.9553501628936514,0.027,62.800494551941476,0.32,85.35008387953623,0.83,80.46,1,9344,Moderate
Japan,Asia-Pacific,3,Agriculture,64.39735890690223,60.26447130520112,75.91775961834094,64.48973182007663,0.9083,732.79,0.76,0.45,0,0,20,49982,0.8965249657215382,0.039,69.12863461712814,1.31,87.74497956239298,0.78,82.48,1,10696,Moderate
Japan,Asia-Pacific,3,Agriculture,65.13745520441272,50.143089193283124,73.42770899054577,68.83480406202948,0.9582,404.87,0.81,0.56,3,0,45,46490,0.866989204303323,0.047,70.80375365358508,0.94,61.523578575082695,0.72,74.97,1,11171,Low
China,Asia-Pacific,1,Agriculture,64.60248328931847,48.99192108678465,66.90878279021098,63.56158877711794,0.0881,1153.15,0.6,0.47,3,1,42,49982,0.9041579856059795,0.039,71.37780050788477,1.0,86.88963560437197,0.73,88.73,2,9518,Moderate
Brazil,Asia-Pacific,1,Agriculture,68.39540123342795,83.5295388818498,62.224667983936286,74.01491834672493,0.8685,1310.86,0.61,0.46,2,1,13,23902,0.8365857328799919,0.022,71.19463545374002,1.2,55.22563867677245,0.78,76.35,1,519,Moderate
China,Asia-Pacific,2,Agriculture,55.69237062861369,17.04814530572268,42.57908705684505,32.74147003879231,0.7869,537.21,0.43,0.46,1,0,42,33511,0.9236099050090074,0.038,74.99150534182303,0.89,80.3136220766997,0.1,79.8,0,10163,Moderate
Japan,Asia-Pacific,2,Agriculture,66.2308274654187,75.09904221183075,65.15291997186648,64.83512713246007,0.7082,107.75,0.56,0.14,0,0,11,15241,0.8673578950695495,0.035,64.64264566047882,0.77,72.53237698628868,0.77,89.9,2,1097,Moderate
China,Asia-Pacific,2,Agriculture,64.67019293686505,59.41690525094999,63.464788745123634,65.01225001413412,0.9093,738.53,0.61,0.53,3,1,42,5174,0.958023808648463,0.027,80.11436634697192,0.84,94.99023781810766,0.78,79.98,2,11103,Moderate
Brazil,South America,3,Agriculture,70.12134675445274,93.63740289978517,75.96726025454998,77.46640496716954,0.9305,239.05,0.4,0.56,3,1,38,27925,0.9113916927428685,0.034,82.97558175700021,0.98,65.84399007173883,0.14,68.31,0,10357,Low
Malaysia,Asia-Pacific,2,Agriculture,63.19110476863925,60.631272331708495,64.86962825062912,58.52827880064848,0.686,1292.92,0.75,0.49,2,0,14,45370,0.8519527477475515,0.017,70.7063118008866,0.79,71.65225551558063,0.75,85.62,1,11307,Moderate
China,Asia-Pacific,2,Agriculture,70.21526504634119,62.826841576742886,67.10614184180015,77.17435056940762,0.4812,575.05,0.81,0.18,1,1,22,14446,0.9200851337866878,0.014,87.33553808337746,1.58,82.85370071175,0.77,76.17,2,8296,Moderate
Malaysia,Asia-Pacific,2,Agriculture,66.34041645564125,86.35035874358974,77.7330688995137,60.775672993642814,0.8071,143.62,0.61,0.48,2,0,11,40589,0.8285913042513715,0.042,69.49332330235877,0.8,81.312285533774,0.72,80.25,1,10057,Low
USA,Asia-Pacific,2,Agriculture,64.57188284237915,81.17658338117465,63.447665203985935,77.76754218256194,0.4351,184.14,0.61,0.15,2,1,18,49158,0.910885941990225,0.033,67.75104583283178,1.27,65.03644054441489,0.66,71.04,1,9912,Moderate
China,Asia-Pacific,2,Agriculture,67.9452895807715,60.49159799100925,73.40081909645497,76.34805913676851,0.9999,902.05,0.59,0.42,3,0,9,11728,0.8440010436440504,0.035,75.45860744828346,0.66,84.79057752366141,0.69,85.43,2,8992,Moderate
Japan,Asia-Pacific,2,Agriculture,62.67044149632699,67.75419807931793,74.60479671298191,62.080829957259745,0.7525,920.66,0.48,0.49,0,0,6,47822,0.8855489514137408,0.02,77.07381035481765,0.68,76.59596415014843,0.88,80.48,1,8517,Low
Japan,Asia-Pacific,3,Agriculture,66.97578005846094,66.9980980121562,70.30885193068568,64.86875051336489,0.922,50.19,0.44,0.58,2,0,46,31662,0.8501285602001455,0.041,71.30577495124473,0.74,60.42795489673372,0.73,78.68,1,11999,Low
USA,Asia-Pacific,1,Agriculture,72.42244704975816,76.57021875841257,97.34710501869237,88.2142409058475,0.7768,478.54,0.62,0.49,1,1,47,14026,0.8852973276953855,0.03,51.97997510077888,0.88,87.85288002735881,0.81,79.62,1,9571,Low
India,Asia-Pacific,2,Agriculture,59.146846095772645,43.940302426756446,50.152734773058086,49.15470080229871,0.9826,155.9,0.79,0.51,2,0,21,33769,0.8567614145961542,0.024,69.37888151319721,0.9,88.99131229188527,0.81,83.0,1,11233,Moderate
Malaysia,Asia-Pacific,2,Agriculture,50.26315392549596,55.216344386036546,50.40944262457416,44.723096661390876,0.7998,175.74,0.48,0.62,2,0,38,46690,0.89408824363545,0.041,76.39251556660277,0.9,81.34821744362372,0.7,72.38,1,10800,Moderate
USA,North America,1,Agriculture,69.36580494619065,94.89898460725571,81.60762831550323,80.49782296764513,0.1676,379.75,0.6,0.54,3,1,45,28246,0.9136270434569959,0.039,52.754015983664615,0.96,86.75083276496139,0.79,72.48,0,9949,Low
Malaysia,Asia-Pacific,3,Agriculture,65.87380481038338,76.28759335620944,74.11449494322483,81.07194420104115,0.8309,1472.21,0.45,0.41,0,0,40,27618,0.8238301263766399,0.017,73.58037830947828,0.9,57.85063699214845,0.53,71.32,0,9280,Low
Malaysia,Asia-Pacific,2,Agriculture,67.28001145388814,79.02293388532573,72.74779499408737,68.21299679685119,0.8557,1217.13,0.6,0.47,2,0,10,4470,0.8730924679120207,0.029,70.86671966829525,0.54,63.77018967414405,0.74,82.55,1,10230,Low
Brazil,South America,2,Agriculture,67.1920881593672,60.92701926338644,68.76487126864718,72.32227711912475,0.9331,251.47,0.54,0.52,2,0,43,30553,0.8477596710943791,0.043,73.22910852912747,0.76,56.93984072165318,0.59,85.67,1,1198,Low
China,Asia-Pacific,1,Agriculture,70.4088636421994,58.08197378851584,69.89992212633332,70.70201314142834,0.87,331.49,0.48,0.56,1,1,46,3050,0.9385989285344297,0.041,86.72295574286747,0.96,74.60032598742475,0.69,79.64,1,10169,Moderate
India,Asia-Pacific,3,Agriculture,72.99606449558098,55.253229846266244,74.46415164429055,66.18878285500305,0.9445,133.73,0.79,0.52,2,0,49,979,0.9231659733425859,0.025,67.44063976378922,0.79,55.86832070064144,0.6,82.58,1,11154,Moderate
Japan,Asia-Pacific,1,Agriculture,69.25508898904664,82.5269254653167,73.1197653454022,78.28581810184853,0.721,1383.7,0.61,0.46,0,0,10,47629,0.8371674839822995,0.026,72.55599739114103,1.19,54.54787176201035,0.73,74.66,1,1060,Low
India,Asia-Pacific,2,Agriculture,41.70075482189418,35.02274032019743,52.6070505309733,40.27542998513401,0.8054,1427.47,0.8,0.41,2,0,9,9879,0.9161586590034285,0.026,69.47301531350782,0.58,66.70446865814222,0.74,81.93,0,8830,Moderate
Brazil,South America,2,Agriculture,53.618632353783234,33.75655050812902,54.329938351324294,54.11689174699834,0.9919,652.24,0.34,0.52,2,0,41,6069,0.8573335399823694,0.036,70.83990297876392,0.76,60.29841722517721,0.54,76.46,0,9573,Moderate
USA,North America,2,Agriculture,76.90651280051297,61.24635876479161,84.0404171219917,83.19641621710163,0.974,786.15,0.59,0.67,3,1,43,44009,0.895665205392102,0.01,81.89897015830482,0.59,80.27709998365833,0.77,73.09,1,8370,Low
USA,North America,1,Agriculture,62.1549047806116,58.51101928830386,67.6231749632529,66.67884711355923,0.0751,159.11,0.6,0.46,2,1,44,28267,0.8481826768897703,0.039,68.90594446124844,1.0,86.7827154267364,0.76,70.02,2,9748,Moderate
China,Asia-Pacific,3,Agriculture,52.69858269186027,30.8803038531559,46.25121385001123,43.5672176819089,0.7727,242.39,0.64,0.54,2,0,41,6685,0.922457671313385,0.039,69.04918926784723,0.36,69.09695158208673,0.79,71.6,0,9036,Moderate
China,Asia-Pacific,2,Agriculture,60.638048803607376,66.42251153019168,61.92034190288669,56.85007888361536,0.8508,460.08,0.5,0.55,1,1,18,12824,0.8985392802088191,0.017,85.12380054183892,0.9,81.59122243738506,0.73,84.37,2,9323,Moderate
Brazil,South America,2,Agriculture,46.508622808365516,40.145635119934866,41.234989055626954,35.83557514243547,0.7841,231.6,0.49,0.65,1,0,42,27267,0.9445690108472774,0.046,82.0999069753487,0.96,64.78972312888921,0.71,73.35,1,9473,Moderate
Brazil,South America,2,Agriculture,53.290125463889986,32.663589637543765,65.36069067271863,51.643264331994125,0.7683,128.35,0.6,0.51,2,0,43,502,0.8865860205632251,0.034,75.47817366073316,0.47,53.034032023912566,0.65,71.8,1,11999,Moderate
USA,North America,1,Agriculture,74.2154255983569,78.92957411296432,65.54553089784734,73.6218725625823,0.4356,638.25,0.55,0.17,1,1,42,11990,0.9291662223820292,0.037,82.86503044369164,1.37,93.32020155004422,0.79,77.27,2,8576,Moderate
Brazil,South America,2,Agriculture,61.283279831761675,61.009181693397515,65.66024369096036,67.12017322746672,0.9807,895.02,0.39,0.62,3,0,43,31815,0.868541106772326,0.039,94.88953522832858,0.75,74.40163132664217,0.16,78.05,1,11340,Moderate
Malaysia,Asia-Pacific,2,Agriculture,65.59778685808146,64.80201548826567,68.1027669488373,62.225093758873186,0.979,186.19,0.62,0.51,2,0,48,24347,0.861146035782679,0.031,66.53520848972587,0.68,86.27539351310996,0.73,75.49,1,10807,Moderate
India,Asia-Pacific,3,Agriculture,44.24190820554505,39.96399921436741,54.901426422033666,43.09201970287607,0.8824,1436.52,0.72,0.52,2,0,38,29959,0.8724652189387359,0.019,70.47267280470467,0.67,87.2990950605346,0.72,74.32,0,11854,Moderate
Malaysia,Asia-Pacific,2,Agriculture,57.99020581908276,42.497547576881786,70.14930924389168,45.42744176326139,0.765,185.66,0.6,0.63,2,0,7,5112,0.8530846790835576,0.028,69.27265555577992,0.67,79.0496727552261,0.33,79.88,1,11309,Moderate
Japan,Asia-Pacific,3,Agriculture,39.16122757116169,35.19672215145696,45.568202263338435,47.84469320625851,0.8807,299.05,0.81,0.5,2,0,38,13702,0.8484063410936573,0.037,64.47885307753288,0.43,74.29570017717894,0.76,73.61,1,8567,Moderate
Brazil,South America,2,Agriculture,64.14021308363255,52.007671772895534,68.64105303963834,70.67887525114261,0.8709,63.09,0.66,0.27,2,0,40,11223,0.9251711486969795,0.019,82.11436932852588,0.94,63.558542531843955,0.54,75.62,1,5094,Moderate
China,Asia-Pacific,2,Agriculture,62.526309653077895,52.942107576365096,64.06607970386752,56.85804697392986,0.7854,318.84,0.58,0.56,3,0,38,7081,0.9314465832046261,0.042,74.39555448795187,0.61,74.62579101893068,0.81,72.58,1,1351,Moderate
Japan,Asia-Pacific,2,Agriculture,50.839677672596316,36.77712543623795,59.50033666788239,52.85861985875818,0.7177,530.1,0.85,0.41,2,0,11,6126,0.8793274548835621,0.03,66.60922966318132,0.68,58.34031110764929,0.79,77.44,1,9393,Moderate
Brazil,Asia-Pacific,2,Agriculture,59.24513046423517,58.52331558099224,64.14792957533616,50.56125833820616,0.8858,658.62,0.37,0.62,2,0,49,24899,0.9019513308291278,0.025,86.27890401099376,0.76,66.05205283273462,0.68,80.73,1,216,Moderate
USA,North America,2,Agriculture,57.43350299578601,52.61886293884151,45.49870916184312,68.43543492746849,0.4502,221.47,0.57,0.22,1,1,36,6843,0.8811504965677398,0.028,83.86063462942018,1.42,69.50928674473909,0.66,71.25,2,9227,Moderate
Brazil,Asia-Pacific,2,Agriculture,55.06514379508356,44.83899363589454,60.7361829773369,60.63416223783487,0.8384,588.08,0.58,0.49,2,1,38,36631,0.8932068434268986,0.023,80.02827752829423,0.83,89.2638266613518,0.75,71.36,1,8914,Moderate
Brazil,Asia-Pacific,2,Agriculture,63.57277077018964,62.713139655853645,80.10703158784953,53.60388526033272,0.8953,128.22,0.58,0.6,2,0,42,4064,0.8696955688013582,0.016,69.56458242341533,0.64,67.12174803379064,0.33,74.74,1,10818,Low
Malaysia,Asia-Pacific,3,Agriculture,72.41539653447852,74.37699303740894,88.34040215873237,79.02830669063015,0.7916,188.79,0.44,0.52,3,0,43,7381,0.8706321036219717,0.02,75.88840652277257,0.9,67.50199714763163,0.77,71.18,0,10257,Low
USA,North America,1,Agriculture,76.03986553334715,83.03309383715214,87.09158961387661,79.77346712134079,0.0388,220.1,0.59,0.37,1,0,48,32286,0.9466028492403359,0.024,69.91258345197932,1.22,60.3160106552954,0.83,68.74,1,7807,Low
Japan,Asia-Pacific,3,Agriculture,62.32451528425966,62.48931092086241,62.35388992866883,64.6881290442861,0.9267,56.8,0.8,0.54,2,0,24,47169,0.8493880296650214,0.048,72.40574612471325,0.85,81.31973298681935,0.64,77.77,1,11009,Moderate
Malaysia,Asia-Pacific,1,Agriculture,75.82836383428895,69.01675855130438,70.01220223012389,77.20665212801359,0.6356,1392.55,0.52,0.57,0,1,42,45958,0.906398745787763,0.045,53.1222513499021,0.86,59.35270435984187,0.87,71.1,0,10465,Low
Japan,Asia-Pacific,3,Agriculture,64.47014166065006,50.44910079983496,63.62083011724608,66.27451634499526,0.8798,1197.02,0.58,0.38,2,0,13,10087,0.8883164432923666,0.033,70.24555443114322,0.66,71.27316051778897,0.7,83.01,2,559,Moderate
Malaysia,Asia-Pacific,2,Agriculture,55.29520047139988,46.922859208089285,68.34220649037303,53.6533828302675,0.9621,168.98,0.6,0.63,2,0,46,29030,0.8860696448777329,0.048,67.30627667927297,0.67,60.32585148553991,0.27,74.16,1,11288,Moderate
Malaysia,Asia-Pacific,2,Agriculture,66.9475112889046,94.94936612469171,68.22328807959481,75.59292222142066,0.7131,370.86,0.56,0.66,2,0,42,11893,0.9211250927400974,0.019,82.61680043160256,0.57,79.65311910473494,0.8,68.4,1,1540,Low
Malaysia,Asia-Pacific,2,Agriculture,65.17849219844678,57.53836940191678,72.52588030947834,63.64751095822909,0.9144,107.88,0.63,0.6,2,0,40,46830,0.8947164264366834,0.031,77.0853835221883,1.14,84.40980505875449,0.7,70.02,1,11171,Moderate
Malaysia,Asia-Pacific,2,Agriculture,60.47883658689426,58.615905135408134,64.25897554645387,60.97434130594205,0.9917,700.16,0.58,0.55,2,0,37,44688,0.8556379321477195,0.034,71.62710138027924,0.71,82.49756143631294,0.76,78.44,1,9073,Moderate
Brazil,South America,2,Agriculture,56.89060686231794,56.70784978621279,66.53953914126656,59.65108574253303,0.8606,1088.73,0.65,0.56,2,0,41,47085,0.8561754429268663,0.028,67.46084401644364,0.81,84.30754131873212,0.77,73.18,1,10472,Moderate
Japan,Asia-Pacific,3,Agriculture,66.63574767794904,72.49042641806003,74.57521239605195,79.80956590359673,0.7694,1487.16,0.6,0.46,0,0,41,5559,0.8526498709205689,0.054,68.2191865301421,0.68,63.60240494370866,0.7,94.19,0,9998,Low
Malaysia,Asia-Pacific,2,Agriculture,57.496191561639826,49.62632161002143,67.46748844231608,56.97769746706219,0.9346,1036.49,0.81,0.52,2,0,12,2814,0.8655116812923083,0.047,76.03425710945834,0.65,74.35437856939893,0.7,80.32,1,11844,Moderate
China,Asia-Pacific,2,Agriculture,52.87137180116924,52.636556548017076,46.53377255943519,61.82177556780108,0.881,453.66,0.59,0.38,1,1,14,6311,0.8803092377278671,0.028,74.68194111956988,0.88,80.80799048999248,0.68,70.08,2,9999,Moderate
USA,South America,2,Agriculture,66.61277055102094,65.09970569770603,61.50291660402019,70.12702751237899,0.5109,1324.84,0.39,0.44,2,1,40,30381,0.8580926605539787,0.03,76.88459017084479,1.27,53.70306456464762,0.61,81.56,0,548,Low
Brazil,South America,2,Agriculture,70.86478581264177,59.98913887464853,65.49961433217594,75.80388336879601,0.7631,1430.54,0.51,0.59,2,0,5,1548,0.8438733351794308,0.042,65.85029451230474,0.6,60.3262184083645,0.26,86.0,0,10044,Low
Malaysia,Asia-Pacific,2,Agriculture,58.16449583229421,47.89283091248062,54.645586158889145,55.00780888517781,0.891,252.91,0.72,0.48,2,0,12,30985,0.8568215435108396,0.034,69.74253916268812,1.35,80.56239029498273,0.86,83.46,1,8799,Moderate
USA,Asia-Pacific,2,Agriculture,51.1999230341257,56.70590249407386,44.91177912528026,61.24656706456256,0.4391,341.25,0.59,0.14,1,1,23,11767,0.9034911565690245,0.025,77.44302700800937,1.49,80.38272472899276,0.67,53.02,2,8375,Moderate
China,Asia-Pacific,2,Agriculture,51.274306518106,45.86696262386776,53.669402505088755,50.57518465738169,0.4166,362.44,0.58,0.16,1,1,10,10892,0.9374643658589183,0.022,79.76096895482496,0.93,82.06648893932284,0.84,81.17,1,10956,Moderate
Brazil,South America,2,Agriculture,51.29659441067806,16.240443978675387,58.516027588945974,46.75250548345622,0.7946,165.94,0.45,0.53,2,0,41,29943,0.8381841570991232,0.049,74.5653116085883,1.21,62.23540411960208,0.82,76.41,1,9768,Moderate
USA,North America,2,Agriculture,63.16855733363499,60.00588047891406,60.55476579690518,69.57195083384649,0.7673,281.73,0.5,0.3,1,1,41,10236,0.9221890941872788,0.031,84.94364628230981,0.99,79.29325090235997,0.73,71.64,2,428,Moderate
USA,North America,1,Agriculture,74.58902119016211,61.243145690040706,65.89587578108772,76.59844827243067,0.4668,599.35,0.57,0.12,1,1,48,48783,0.8514714039695684,0.039,74.42807494063811,1.3,84.85145034250868,0.83,90.92,2,9420,Moderate
Japan,Asia-Pacific,3,Agriculture,72.06032835441216,74.56186974705103,79.60089660630241,89.26861541066764,0.6922,1373.74,0.6,0.49,0,0,9,9613,0.8531735094344219,0.033,67.90102240769872,0.91,60.49093856380562,0.73,81.41,0,9846,Low
Japan,Asia-Pacific,3,Agriculture,73.38896945077892,59.45295331322497,76.31856218922259,79.02041570669206,0.7985,415.6,0.52,0.63,1,0,39,44742,0.8896511579282464,0.011,62.78688841910718,0.85,82.19012844008117,0.74,73.3,1,11999,Low
Malaysia,Asia-Pacific,2,Agriculture,68.38390053358253,61.1769639660862,69.9201548497881,81.07600537408352,0.9535,754.12,0.56,0.62,3,0,40,22110,0.9300604256797235,0.047,78.66872210989874,0.76,73.32853088995331,0.75,84.72,1,11128,Low
Japan,Asia-Pacific,2,Agriculture,60.65067777345892,54.27029743314948,56.62679929063439,63.86139021856145,0.901,475.61,0.57,0.45,3,0,39,15460,0.8564117787423949,0.03,76.75441133495545,0.61,73.14899843020974,0.65,74.22,1,1015,Moderate
Brazil,South America,1,Agriculture,57.78204657520135,59.65741393178406,71.02042113306199,48.06041253639923,0.9076,112.39,0.61,0.47,2,0,49,31190,0.8700956498246847,0.036,67.26313264401158,0.79,81.6512134403371,0.56,82.5,1,10172,Moderate
USA,Asia-Pacific,1,Agriculture,67.05216373353866,74.50959763264078,71.72571533668544,78.7332521648985,0.2602,287.12,0.57,0.34,0,1,11,48553,0.8166845081928152,0.025,81.9438614300272,0.77,82.38488291164086,0.71,78.09,1,8784,Low
China,Asia-Pacific,1,Agriculture,71.4784227535141,70.38553188205854,86.50920316757683,73.59658614837504,0.3826,262.12,0.6,0.11,1,1,31,10369,0.9179360060872915,0.033,54.28166759542754,1.64,87.01685704265797,0.73,83.56,2,2934,Moderate
China,Asia-Pacific,2,Agriculture,75.79058323387355,70.69299702940855,83.55670108616556,76.19609646157394,0.7398,319.16,0.38,0.53,1,0,41,11239,0.9239989714450171,0.03,77.95642592685472,0.94,69.155890336255,0.71,72.1,1,9884,Low
USA,North America,1,Agriculture,71.36951097752811,89.09604394980943,93.15357193178737,90.29199380050832,0.4518,349.1,0.64,0.45,1,1,49,15289,0.9001353459025526,0.017,74.44553548913164,0.91,84.38055972622126,0.75,73.63,2,8123,Moderate
Japan,Asia-Pacific,3,Agriculture,64.71629196175954,55.865336266490054,71.67441952179063,68.45479180709977,0.9548,268.93,0.59,0.36,3,1,11,49982,0.8632250327605382,0.046,66.10396459560737,0.86,82.92759306320345,0.75,82.91,1,9273,Moderate
Malaysia,Asia-Pacific,2,Agriculture,64.67668031129614,65.33138186696631,65.79523084539625,68.93606603181777,0.8813,156.04,0.51,0.41,2,0,12,29301,0.9025185575346283,0.027,72.58530790524173,0.87,59.06051070229212,0.79,85.11,1,11096,Moderate
China,Asia-Pacific,2,Agriculture,62.211868622906835,50.30356648311441,50.90272197821078,64.9093007379573,0.3868,237.38,0.53,0.26,1,0,37,9268,0.875597482690692,0.027,75.10007761435017,0.81,70.7671248293881,0.72,81.8,2,9079,Moderate
Japan,Asia-Pacific,2,Agriculture,65.51649551170915,61.38401717331309,70.15774791838959,62.47538197624612,0.7871,441.09,0.82,0.49,1,1,24,13403,0.921893008833472,0.033,60.78877784932623,0.93,94.75342912071366,0.73,77.23,2,11728,Moderate
USA,Asia-Pacific,1,Agriculture,61.74618296787385,60.25398027889728,72.22806080594434,57.02747145859536,0.6078,1417.72,0.61,0.35,2,0,19,14958,0.9311987484285829,0.046,73.02361653672338,0.62,65.18445642800312,0.75,82.39,1,9940,Moderate
Brazil,South America,1,Agriculture,55.38100226208286,47.44229290508175,60.29217834952446,39.842551950944035,0.5362,115.47,0.55,0.52,2,0,15,32849,0.9065192800084201,0.021,74.72624041499657,0.83,66.0528813019102,0.7,86.51,1,10469,Moderate
Malaysia,Asia-Pacific,3,Agriculture,72.65421119359561,78.75465118808282,71.07220711516356,77.75276899441009,0.9115,335.39,0.46,0.67,0,1,38,45172,0.9389150595381078,0.038,49.18249784892923,0.99,79.92103216002542,0.72,76.51,0,9341,Low
USA,Asia-Pacific,2,Agriculture,67.6148584819929,60.33044468560791,64.01174666668193,63.98393146406,0.8983,461.81,0.57,0.22,2,0,42,45367,0.8458250031759673,0.033,78.32838089761492,1.25,81.49867937571229,0.77,85.88,2,765,Moderate
China,Asia-Pacific,2,Agriculture,50.7101225667941,45.36637985814208,57.12858808951172,46.99397257864351,0.9301,188.22,0.6,0.43,2,0,12,6709,0.9300743933573256,0.032,70.285291480145,0.54,77.31867621545358,0.69,76.88,1,10653,Moderate
Indonesia,Asia-Pacific,2,Agriculture,45.835040210831075,45.92296539672382,52.50854704172757,49.41479356314103,0.7559,259.72,0.59,0.44,2,0,5,13313,0.9156503592977204,0.044,66.44135880917322,0.37,71.51130761609538,0.64,72.98,0,8824,Moderate
Brazil,South America,2,Agriculture,58.34872119220301,54.487083991264186,62.591313677037,62.38325909581955,0.8737,219.78,0.47,0.5,2,0,39,32600,0.8417792081488134,0.025,73.80813735221625,0.68,58.37344853507816,0.72,73.1,1,1112,Moderate
USA,North America,2,Agriculture,43.79825397954047,37.03543198686123,49.075408425851386,42.950221239746696,0.764,422.1,0.42,0.59,1,0,43,32339,0.9188261160809356,0.032,81.05572753204171,0.88,63.108590098876,0.18,75.52,1,10425,Moderate
Brazil,South America,1,Agriculture,68.03763470878125,60.92113003269067,64.82008370809321,81.30920714390612,0.8975,1276.34,0.61,0.48,2,0,42,31379,0.872515577975196,0.034,70.48316568252051,0.67,68.03386792136743,0.59,84.84,1,679,Low
Japan,Asia-Pacific,3,Agriculture,68.1529202883523,43.425804659951496,66.97903670168175,66.86361775346747,0.9759,1180.66,0.59,0.47,3,0,40,30909,0.8926797569113538,0.027,73.00362134686074,0.7,83.8693766514276,0.79,76.06,1,9880,Moderate
Malaysia,Asia-Pacific,3,Agriculture,37.365,36.45225871707622,49.102229702178015,44.91852121984866,0.7705,443.95,0.57,0.49,2,0,39,25911,0.9122961223388157,0.023,85.39570402093543,0.41,74.04756363436795,0.9,73.29,1,8310,Moderate
Indonesia,Asia-Pacific,3,Agriculture,52.7477157446433,48.25035673095065,47.18831354055716,47.6449732743048,0.8083,467.59,0.79,0.53,2,0,12,45186,0.8643042541464464,0.027,71.41578982791061,1.16,80.63032998391076,0.71,70.87,1,9209,Moderate
Japan,Asia-Pacific,2,Agriculture,53.27607785523746,29.977104459909768,46.65013237253661,55.39149686004676,0.8258,515.16,0.79,0.55,1,1,45,10914,0.8861775172924088,0.041,72.49746725253961,0.86,81.97694729072762,0.76,71.55,1,10571,Moderate
USA,North America,2,Agriculture,67.57700208699389,85.32472301732041,76.29471967241402,78.4583004731879,0.6151,904.21,0.63,0.35,2,0,38,10508,0.9639335218827982,0.03,56.67976644303263,0.54,68.47156963244265,0.75,79.59,1,7977,Low
India,Asia-Pacific,3,Agriculture,55.31229892062718,44.78052834648322,56.01837940900055,57.057144331371454,0.8637,335.24,0.82,0.57,2,0,42,36288,0.8562570777539523,0.027,65.43533110619758,1.01,75.74069222848297,0.79,72.62,0,11364,Moderate
Japan,Asia-Pacific,2,Agriculture,58.402768943628246,48.8466276463119,59.17421649212966,57.444229980762806,0.5606,384.44,0.63,0.22,1,1,43,12506,0.9074932827252219,0.017,73.9563571551584,0.93,80.51892165737182,0.64,73.46,2,8558,Moderate
China,Asia-Pacific,2,Agriculture,64.1211315351298,54.40462519215301,55.75109488312186,65.38602180466168,0.4638,487.92,0.57,0.28,1,1,36,7653,0.9048971008569133,0.045,80.69963317612216,0.89,83.92144731601533,0.74,78.05,2,7989,Moderate
India,Asia-Pacific,3,Agriculture,69.13598200697794,83.35270653241217,73.9634491129414,81.75532768330356,0.8194,304.06,0.48,0.64,3,0,47,502,0.8802609597516615,0.025,63.885359901518335,0.82,80.34521387704017,0.89,75.35,0,8300,Low
Malaysia,Asia-Pacific,2,Agriculture,58.055428689482554,34.1269668587788,62.16158664239085,49.29383222642799,0.9306,624.14,0.55,0.56,2,0,44,5148,0.8596369630207306,0.044,71.73552557912747,0.54,61.400718838287766,0.55,78.73,1,11155,Moderate
Malaysia,Asia-Pacific,2,Agriculture,50.945988766918504,39.063610149037146,46.438599126950585,61.16490520790621,0.9614,302.1,0.42,0.55,2,0,41,30648,0.8697735502727071,0.052,75.61650271543499,0.82,86.79886865445653,0.71,74.16,1,9194,Moderate
India,Asia-Pacific,2,Agriculture,63.75417022222501,50.82191952296837,69.91759780653119,61.562778014699965,0.8798,1322.1,0.61,0.4,3,0,7,46402,0.861870041784742,0.031,69.7871730099132,0.82,78.73897839169544,0.63,83.85,1,9945,Moderate
China,Asia-Pacific,2,Agriculture,54.43428469211029,59.60604406162634,53.194043154027696,61.13438801064832,0.8416,362.55,0.62,0.47,1,1,46,12975,0.9267615923971654,0.037,77.11080873149271,0.7,86.57110534271955,0.65,73.41,1,8252,Moderate
Japan,Asia-Pacific,2,Agriculture,57.285848277505,51.816811371066095,59.8251117123989,66.46457573202186,0.828,451.41,0.58,0.57,2,0,38,39858,0.8887938942893674,0.031,72.45419074052676,1.18,74.58234096033195,0.69,80.02,1,928,Moderate
Brazil,South America,2,Agriculture,72.2146929312887,60.92364389098375,72.329599819862,80.45704504630423,0.9718,837.69,0.5,0.55,3,0,40,26388,0.8438244859635347,0.024,78.58627232464829,0.53,72.22904448883574,0.55,78.51,1,51,Low
Brazil,South America,3,Agriculture,67.62374792254666,78.34439270665595,80.49631454244434,81.7377704676663,0.8223,936.08,0.52,0.6,3,0,38,30836,0.863908151033115,0.032,74.7295301769761,0.87,51.99906448219443,0.36,71.58,0,8513,Low
USA,North America,1,Agriculture,76.96055771592427,64.14575356465986,70.97009355399008,74.26562867787388,0.5324,198.58,0.61,0.55,1,1,39,45616,0.8826240425437877,0.035,83.38033920551149,1.24,74.60310548189014,0.8,74.28,1,9039,Low
Japan,Asia-Pacific,2,Agriculture,61.59256502056388,58.940447296629614,71.03938378908127,73.51128807640347,0.7581,590.44,0.46,0.21,1,1,27,2130,0.8905723988603171,0.022,53.33588795342069,1.51,83.62847461548095,0.67,71.43,1,160,Moderate
USA,North America,2,Agriculture,62.61925460136473,90.86068626934113,69.4910848713199,66.07607094699713,0.1923,267.18,0.58,0.39,1,1,38,46754,0.9095350323419327,0.031,80.05931385423128,0.94,79.31650049856476,0.71,69.46,1,542,Low
Brazil,South America,2,Agriculture,59.84792691906692,13.076250000000009,42.74968840272065,46.509408635111726,0.1456,303.88,0.42,0.48,2,0,44,29568,0.9166716199387472,0.044,84.47049117351915,0.8,64.0689269702609,0.21,69.02,0,9913,Moderate
Japan,Asia-Pacific,3,Agriculture,56.162190794713304,52.271050361152554,70.43354492831669,47.88230230603248,0.7117,171.13,0.77,0.57,2,0,9,1569,0.8525526785181741,0.051,70.9755257032396,0.82,73.9900589189252,0.75,76.89,1,11776,Moderate
China,Asia-Pacific,2,Agriculture,62.041031103524034,51.88361773733507,65.82525411827167,53.13361485153188,0.889,212.72,0.49,0.54,2,1,38,44534,0.8750297267059166,0.021,80.80266960021852,1.31,86.49384450051564,0.65,87.56,2,8350,Moderate
USA,North America,1,Agriculture,71.91886295708198,91.85095352102422,94.35116022218605,89.47166734671738,0.1256,326.88,0.63,0.5,3,1,44,5884,0.9350397577485097,0.044,67.83553475699736,0.97,85.99175624709638,0.69,74.21,1,8741,Low
Japan,Asia-Pacific,3,Agriculture,52.05893443066931,33.02678993282014,53.96962759319737,49.59133269788246,0.82,393.02,0.77,0.6,3,0,42,519,0.9235158422497821,0.028,75.50487925670004,0.75,66.37043265581472,0.73,70.85,1,9314,Moderate
India,Asia-Pacific,3,Agriculture,65.41227528448886,92.08026700985901,76.21411552441056,76.38764616262894,0.885,325.33,0.59,0.62,1,0,47,2730,0.9326162302018428,0.037,58.43941522645611,0.82,57.96288598175047,0.76,73.69,0,8650,Low
China,Asia-Pacific,1,Agriculture,60.69515001022567,13.076250000000009,57.93521287901737,50.181369366793696,0.9053,263.21,0.59,0.42,1,0,44,7487,0.9214446117491158,0.037,68.83114051879986,0.82,78.73804668503324,0.74,80.59,1,9410,Moderate
USA,South America,1,Agriculture,65.97992314025223,79.08226392310193,83.78655670843577,76.06560921071235,0.1431,1352.63,0.38,0.55,3,1,46,5890,0.8708332019192735,0.052,84.31835348863981,0.74,61.77118529939554,0.18,72.73,0,10230,Low
China,Asia-Pacific,3,Agriculture,78.46600999799196,74.46832484668823,71.80232675925056,71.94701247044765,0.8127,599.74,0.39,0.35,1,1,37,8720,0.8983602764192193,0.025,81.41027281055912,0.78,72.4692536447984,0.65,76.95,1,10952,Low
Japan,Asia-Pacific,3,Agriculture,66.11880071967553,53.841775059919016,60.729503878829306,81.65646689742815,0.8869,265.03,0.61,0.35,3,0,10,7193,0.874545842831972,0.024,66.42861379917451,0.66,70.9914008935158,0.68,81.59,1,8818,Moderate
Japan,Asia-Pacific,2,Agriculture,58.885503288465365,45.21667112775124,62.589495160440215,51.469648923312896,0.9265,592.84,0.68,0.57,2,0,21,30722,0.8650804630830063,0.026,65.21327743213159,0.95,80.35165847762346,0.77,71.77,1,9202,Moderate
USA,Asia-Pacific,1,Agriculture,67.19110383737842,55.07973690724231,63.875623132567235,66.40461116915016,0.0715,252.24,0.63,0.13,3,1,42,48450,0.8603577275724089,0.036,77.27457499778797,1.56,79.01913242988795,0.72,79.95,2,9512,Moderate
Brazil,Asia-Pacific,2,Agriculture,57.46512458423231,44.00176686564592,53.68138130308295,49.065914381876276,0.8172,165.39,0.54,0.61,2,0,42,31364,0.8541570524814925,0.03,67.65721120295332,0.9,78.53562732252611,0.82,72.31,1,8985,Moderate
Japan,Asia-Pacific,3,Agriculture,76.50352078655155,79.31574976155166,88.06792054941454,74.02425920759413,0.8861,326.55,0.51,0.45,1,0,40,502,0.9120178226955601,0.021,75.2469275827403,0.82,73.14441155362658,0.65,79.99,0,8837,Low
Indonesia,Asia-Pacific,2,Agriculture,61.525200845626756,51.072975604189146,62.819660810191415,57.44041921158264,0.7266,1363.66,0.77,0.45,2,0,15,13682,0.9317325087365277,0.034,69.51006941239858,0.67,74.71870534910828,0.73,80.04,1,10731,Moderate
Malaysia,Asia-Pacific,1,Agriculture,78.27738738719879,59.54773425787467,84.3002307489255,61.97943687199758,0.845,1310.59,0.6,0.53,3,0,43,3908,0.9358709053904016,0.039,67.38511287025092,0.57,84.13499668878319,0.66,78.84,1,10118,Low
China,Asia-Pacific,2,Agriculture,60.09914313891392,56.58956923719512,64.13508517813527,48.42498311652211,0.9667,196.19,0.72,0.5,1,0,43,31759,0.8839861681501577,0.026,73.70632717007315,0.98,75.34123690651194,0.69,75.11,2,8209,Moderate
Japan,Asia-Pacific,2,Agriculture,62.16033369768401,49.59610046470085,71.71996008885691,66.59213862197565,0.9036,1289.76,0.65,0.23,2,0,7,39436,0.8616453243812953,0.009,73.3651459425013,0.58,77.68342229947737,0.77,82.04,1,11812,Moderate
China,Asia-Pacific,2,Agriculture,65.34733947672456,58.73442677848147,76.45604301482673,64.59945793246114,0.9762,1451.8,0.6,0.59,1,1,42,42544,0.8774006419993196,0.019,66.95374112694873,1.0,88.70377870299234,0.78,71.66,1,9313,Moderate
Brazil,South America,2,Agriculture,63.73456579830548,73.7903945514626,74.55931111688906,82.31875490743414,0.2042,1286.99,0.59,0.52,2,1,42,25777,0.8371883022599126,0.04,74.87034761840765,0.66,53.66389495197354,0.75,84.43,1,1165,Low
Japan,Asia-Pacific,2,Agriculture,59.27678001371492,52.391334035163084,57.99288452642579,47.473230587871086,0.9259,135.11,0.68,0.5,1,0,21,34103,0.8482637742235523,0.034,64.96140764466888,0.9,82.86383076343067,0.81,90.56,2,11724,Moderate
USA,North America,1,Agriculture,66.49528317455277,78.91322255968218,78.26648451520553,66.50666460775143,0.739,228.14,0.57,0.59,2,0,43,8924,0.8479264237576949,0.017,80.04657809383241,0.71,82.72450434354704,0.79,76.41,1,9658,Low
Japan,Asia-Pacific,3,Agriculture,74.70415713910724,82.17732873121338,78.8277275514614,76.4674843423462,0.7393,254.8,0.59,0.38,0,0,13,45361,0.8662942538421293,0.039,69.43521768288701,1.25,73.36020747090251,0.86,73.83,1,9464,Low
Brazil,South America,3,Agriculture,63.313241361594706,71.51110094090397,75.22815285685067,75.34777879925839,0.9082,1357.99,0.58,0.43,0,0,13,5654,0.8453810992002162,0.03,72.63475766091985,1.1,56.8499165878937,0.58,82.96,0,1336,Low
Malaysia,Asia-Pacific,3,Agriculture,71.35648266185201,70.39747873597503,75.08896740945197,60.35922529842707,0.8579,207.04,0.5,0.52,2,0,44,31824,0.9019532194849531,0.023,68.61763901461204,0.81,52.020682314548786,0.55,71.12,0,9545,Low
Japan,Asia-Pacific,2,Agriculture,63.21963895780296,48.38507747366869,56.64211197299241,58.462104090964914,0.9601,787.69,0.53,0.56,3,0,35,11826,0.8902460005564744,0.042,73.98715308425709,0.6,72.05035161465764,0.68,76.5,2,8036,Moderate
Malaysia,Asia-Pacific,2,Agriculture,66.84101222417394,58.03195913247848,69.87527881851604,64.58172037889581,0.8208,103.2,0.47,0.57,2,0,40,43537,0.857326312067063,0.025,68.17724185146481,0.95,83.78199730870276,0.73,85.95,1,11211,Low
China,Asia-Pacific,1,Agriculture,79.36594303121855,92.57369256200843,95.37567934821965,78.49835742521286,0.1892,184.78,0.6,0.4,1,1,15,9593,0.901537791912433,0.028,66.06872959704648,0.84,75.18680032609412,0.83,73.33,0,8404,Low
USA,North America,2,Agriculture,61.651905449731274,66.30547720359283,60.232099795114536,51.53024244907186,0.1298,557.86,0.49,0.29,1,1,44,9942,0.9117900096039422,0.032,81.04551695494777,1.09,60.745876514541685,0.8,79.22,1,797,Moderate
Malaysia,Asia-Pacific,2,Agriculture,62.66526486714757,64.46060007968958,68.81899791042275,47.558331056666155,0.805,1096.53,0.61,0.64,2,0,6,45489,0.8908018870747533,0.035,75.17864309205439,0.67,77.58656813378019,0.71,81.42,1,11209,Moderate
Indonesia,Asia-Pacific,1,Agriculture,70.73669706269361,84.79083889876672,82.09925986239759,62.36316786913827,0.706,241.7,0.58,0.49,1,0,45,8939,0.9013772850290787,0.024,69.29786154222886,0.7,76.19211285709902,0.78,81.73,1,11470,Low
China,Asia-Pacific,3,Agriculture,72.46055806908552,77.29677423427893,79.07025222842155,84.98723447374353,0.0572,463.67,0.57,0.47,3,0,44,26994,0.8555861146313732,0.016,75.99206815401485,1.0,84.17515152752263,0.72,85.67,1,9464,Low
Japan,Asia-Pacific,3,Agriculture,67.35956714058173,88.47003703180881,77.64287254371598,62.96641908804406,0.8138,1371.96,0.6,0.39,0,0,13,12939,0.858328361860681,0.018,68.68132738844861,0.63,78.68688647568061,0.79,84.87,1,9206,Moderate
Brazil,Asia-Pacific,2,Agriculture,62.9692585110359,61.25597204562307,62.46024912105094,60.04827070324588,0.9263,165.66,0.62,0.48,2,0,12,502,0.8631033073177536,0.019,74.10909931721775,0.61,58.33011360798242,0.62,86.0,1,11081,Moderate
USA,Asia-Pacific,2,Agriculture,63.83184464294576,80.30042553554539,69.31592387790299,70.34284067838249,0.2607,413.2,0.6,0.48,1,1,43,14681,0.8995951710878526,0.031,75.92690824454112,0.89,94.25454393967667,0.84,71.12,1,384,Moderate
China,Asia-Pacific,2,Agriculture,55.903544875478374,61.69177044639927,51.54077381182847,61.96104421920112,0.8926,390.84,0.6,0.13,2,1,10,16794,0.8699144916782974,0.042,75.8608033089241,0.48,75.36552471876577,0.78,77.33,2,789,Moderate
Malaysia,Asia-Pacific,2,Agriculture,63.25154157681219,49.79673511546074,69.29538484485361,45.09108502909977,0.1046,105.52,0.59,0.59,2,0,5,48084,0.8580272838591136,0.027,63.718971949311,0.93,76.3692436227209,0.63,82.25,1,9467,Moderate
Japan,Asia-Pacific,3,Agriculture,71.3711127466576,56.79753062149055,72.69033875394481,66.66977350944352,0.9921,1149.98,0.62,0.61,3,0,47,7748,0.8663030964061152,0.031,72.75452548176118,0.57,84.88635125495402,0.78,79.52,1,11193,Moderate
China,Asia-Pacific,2,Agriculture,42.42573499273197,48.767398036063064,45.12542418937379,51.198429427581424,0.9261,412.75,0.77,0.46,1,0,46,3821,0.9091737046829719,0.03,73.5616454997305,0.77,69.10583696003498,0.79,75.49,1,9478,Moderate
China,Asia-Pacific,1,Agriculture,68.17880433465874,90.72482246766332,74.60568462896467,76.31443948436798,0.9141,1321.64,0.61,0.51,2,0,10,46848,0.8998806153390366,0.035,66.87325906606449,1.22,87.4773673490745,0.8,84.95,1,8837,Low
China,Asia-Pacific,2,Agriculture,70.78296742707808,59.36060681748709,66.67028300291787,67.0428815661139,0.8794,1313.61,0.6,0.58,2,0,46,49505,0.8936402164686981,0.026,70.30204930599146,0.66,81.37698877121356,0.78,84.08,1,9436,Moderate
USA,South America,2,Agriculture,65.22183531597193,53.31818641528274,67.65448907484208,55.71613616800161,0.8042,187.02,0.49,0.65,2,0,46,29331,0.841286776214407,0.053,100.0,0.92,59.514986190810326,0.12,73.9,1,9088,Moderate
India,Asia-Pacific,2,Agriculture,45.26025820548661,43.951103183825396,54.06204275794819,42.2395972756565,0.3119,207.49,0.75,0.53,2,0,24,34573,0.8997687143282096,0.039,71.2872126438117,1.02,75.36503874557904,0.73,79.38,1,9857,Moderate
China,Asia-Pacific,1,Agriculture,65.84296178309307,57.48403648254674,57.8461977186753,67.7245135324676,0.4104,357.74,0.63,0.51,1,1,48,5868,0.9464409174093602,0.028,77.05771167950927,1.15,93.86233363543013,0.8,78.92,2,8957,Moderate
Brazil,Asia-Pacific,2,Agriculture,60.462064083297825,54.81234659634253,64.21088683823066,57.08691003475442,0.809,163.46,0.8,0.46,2,0,45,32123,0.8518324404459606,0.046,67.90883758319609,0.89,61.1435288993126,0.74,82.64,1,8586,Moderate
China,Asia-Pacific,2,Agriculture,58.087414487978535,51.60406314027079,54.96880966838355,53.69435798794655,0.8714,297.99,0.42,0.34,1,1,16,10340,0.8447622443628985,0.028,73.00280092808666,1.02,86.09440924390229,0.68,82.36,1,10366,Moderate
Indonesia,Asia-Pacific,2,Agriculture,51.50151445783487,49.615416229606886,53.898114156673195,40.00324035835871,0.7428,153.36,0.76,0.6,2,0,26,11767,0.9058899721935837,0.041,67.16958460505981,0.68,75.6762667065254,0.7,73.88,1,7510,Moderate
India,Asia-Pacific,2,Agriculture,50.74101045249006,43.770037917773166,53.10911315637174,50.96650789095467,0.2495,385.49,0.72,0.5,2,0,25,41849,0.8709352921024099,0.036,65.3691586883075,1.09,83.77248321471343,0.65,84.87,1,10428,Moderate
China,Asia-Pacific,3,Agriculture,78.03686018656965,94.63786024881672,92.91099120018319,77.43606003168249,0.1575,387.3,0.46,0.59,1,1,44,13186,0.9394773597936812,0.027,58.29023033238031,0.91,79.29435780329693,0.72,70.41,0,9034,Low
China,Asia-Pacific,3,Agriculture,44.05354240068833,31.00028637351289,45.62902361613554,48.89132848461794,0.898,279.01,0.59,0.45,2,1,9,1539,0.9219744067549613,0.018,73.87580368765283,0.49,74.63233366477645,0.79,73.31,1,8137,Moderate
China,Asia-Pacific,2,Agriculture,56.66067613307457,47.98162345037136,51.203103214953344,61.8489653121872,0.384,333.39,0.55,0.18,1,0,37,13336,0.8671909980931877,0.023,69.32024578580506,0.88,77.95005684534686,0.75,77.05,2,972,Moderate
USA,North America,1,Agriculture,53.415467609525265,63.55559185775719,57.33087741294418,47.30790708376345,0.0599,429.93,0.61,0.51,1,0,42,7301,0.946849957812571,0.034,72.72241683183127,0.96,75.03350025331207,0.81,69.96,2,1268,Moderate
China,Asia-Pacific,2,Agriculture,44.25931233808909,32.855874929035394,28.072746678027528,43.552116058112404,0.4206,372.22,0.43,0.24,1,0,39,16482,0.8956643643630847,0.031,78.27509210348276,0.88,77.00672157891972,0.66,73.83,0,9348,Moderate
China,Asia-Pacific,1,Agriculture,73.14129614432332,90.72111834341597,95.69759910625402,84.46089867346505,0.1632,521.76,0.61,0.43,1,1,44,7888,0.9256444788751181,0.033,62.23226316817554,0.71,76.16709196590607,0.66,74.51,0,10632,Low
Malaysia,Asia-Pacific,2,Agriculture,61.90033034639121,49.54283114387361,70.57577187534692,41.418024713419115,0.7326,105.76,0.77,0.51,2,0,15,47296,0.8492946293566661,0.029,75.56918874714403,0.8,77.25619197149757,0.66,80.01,1,9909,Moderate
Malaysia,Asia-Pacific,2,Agriculture,71.10404181086635,77.00876782655752,78.54045809359803,70.10119661990144,0.9099,389.83,0.58,0.48,3,0,45,2214,0.9427562730959762,0.038,71.85979014978957,0.62,64.84528939092142,0.85,82.96,0,10809,Low
Japan,Asia-Pacific,2,Agriculture,50.066176541056905,48.16406099667301,55.574274944561886,57.8969710555742,0.9648,495.41,0.61,0.41,2,0,12,12004,0.9694523006487586,0.039,68.93288164688731,0.5,73.29019529985757,0.71,76.61,2,11009,Moderate
Japan,Asia-Pacific,2,Agriculture,52.6135950121368,53.43540927534618,61.1788705772169,41.799025806332146,0.7886,1407.48,0.6,0.53,2,0,7,44087,0.9267645279722496,0.041,71.73490967838991,0.59,77.08979727493282,0.65,78.12,1,9091,Moderate
Malaysia,Asia-Pacific,2,Agriculture,55.02592300710397,59.17610557687627,65.4894377615098,49.04271750815336,0.9254,232.48,0.78,0.55,2,0,8,30558,0.8550466822349684,0.036,64.4765904333247,0.69,50.26260810806158,0.81,78.03,1,11645,Moderate
Indonesia,Asia-Pacific,2,Agriculture,58.66359956708045,61.608921534209074,63.91002147749753,44.885204142306506,0.7478,91.44,0.45,0.65,1,0,24,5504,0.8852963256693333,0.034,46.39548305432082,0.9,81.38699331436037,0.75,81.55,2,1141,Moderate
India,Asia-Pacific,3,Agriculture,41.93095992495514,33.354832625795105,49.568258168408065,48.12566246637687,0.9999,1417.68,0.75,0.44,2,0,11,4111,0.9180146099464134,0.02,69.68190913245951,0.45,65.31012090101987,0.84,70.18,0,7596,Moderate
China,Asia-Pacific,1,Agriculture,53.53957341579359,56.12914893486747,59.39815323836615,54.49560608370136,0.4801,436.1,0.57,0.46,1,1,42,6564,0.9501783106570829,0.036,76.66212974008975,0.72,86.61952721087438,0.73,80.99,2,9064,Moderate
Malaysia,Asia-Pacific,2,Agriculture,43.35001406549718,35.380051729243746,49.18644478097334,43.16689004026107,0.886,1429.0,0.6,0.51,2,0,13,11529,0.9093249630002533,0.034,68.69741309959747,0.72,72.39174956432797,0.73,75.79,1,9025,Moderate
Malaysia,Asia-Pacific,3,Agriculture,70.52593163752873,99.31909364676874,81.06197292127919,78.8365279347099,0.7963,364.3,0.51,0.57,0,0,43,1722,0.9169047875168573,0.023,69.17409015556358,0.76,49.20650647738991,0.9,65.3,0,10834,Low
China,Asia-Pacific,2,Agriculture,60.288934578411464,47.58911886200568,51.633458085593396,53.59946242437041,0.8872,243.35,0.59,0.24,1,0,24,10378,0.9349153332076073,0.032,58.83203758824912,0.74,85.59424577258159,0.77,74.78,2,1670,Moderate
Japan,Asia-Pacific,3,Agriculture,75.582248085297,73.27353648452976,75.9516200821236,75.04545018679497,0.8245,1218.54,0.6,0.46,0,0,10,49754,0.8573381443539283,0.035,68.62343276638852,1.17,74.79758570168465,0.73,82.05,1,8763,Low
Malaysia,Asia-Pacific,2,Agriculture,69.57902345549641,58.31000216478661,76.47947634541111,57.562044604468646,0.7672,153.58,0.58,0.62,2,0,9,47919,0.95538836177739,0.041,70.5818459457336,0.66,77.9871749638484,0.66,84.6,1,9861,Moderate
China,Asia-Pacific,2,Agriculture,45.12610106505597,38.83805300922323,42.67170298586762,47.18488545922209,0.789,317.79,0.59,0.12,1,0,9,11492,0.8728084241472637,0.037,76.82164086579346,0.87,77.1003814318877,0.7,73.28,1,10022,Moderate
Malaysia,Asia-Pacific,3,Agriculture,50.94007820594437,35.33925237977955,56.5525461921898,43.88592756069743,0.932,1428.94,0.72,0.42,2,0,15,4954,0.8730717062387393,0.034,65.69878763402524,0.72,76.47321930919131,0.63,80.11,0,8725,Moderate
China,Asia-Pacific,2,Agriculture,41.7374715254578,42.82611742392765,55.039681212595085,51.023786380771206,0.8142,407.72,0.6,0.44,1,0,7,17964,0.9198487223185065,0.036,78.64966274379155,0.24,79.27201414656925,0.75,71.3,1,9818,Moderate
Malaysia,Asia-Pacific,2,Agriculture,68.46783840285087,72.05514198586314,66.67958114778746,65.79376288303085,0.7014,1484.87,0.61,0.45,2,0,8,32748,0.9228492549307576,0.025,65.33941888182554,0.89,82.35321724425684,0.65,74.14,0,9552,Moderate
Malaysia,Asia-Pacific,2,Agriculture,48.52502587654226,46.085786320980674,41.72080628929535,49.721153378626646,0.8297,244.75,0.4,0.59,1,1,46,14128,0.8602980986430472,0.019,77.83882524133564,0.94,88.36080693043753,0.8,72.15,1,10257,Moderate
Malaysia,Asia-Pacific,3,Agriculture,52.90105900067667,20.00629541699392,52.58582053974124,50.328696163190344,0.7743,1499.5,0.47,0.54,2,0,42,26597,0.9030999934827609,0.031,71.45096629893453,0.86,56.97734239940107,0.63,75.57,0,9674,Moderate
India,Asia-Pacific,3,Agriculture,68.37178597061288,85.35105550756137,77.69221051571554,60.679755716385834,0.865,277.63,0.63,0.43,1,0,45,14108,0.8645970994823509,0.033,69.73927868429925,0.74,82.4631954899228,0.79,82.25,1,9004,Low
Malaysia,Asia-Pacific,3,Agriculture,58.012087422400285,23.000896235535066,41.680569792987974,53.22034177051542,0.7719,268.63,0.42,0.47,2,0,44,30279,0.9403166448951024,0.027,74.40498312819074,0.89,61.489683265736815,0.69,67.22,0,10481,Moderate
China,Asia-Pacific,2,Agriculture,69.3883311172297,83.24466663542454,67.39613058020946,70.3302516808242,0.7811,563.05,0.57,0.4,1,0,8,7811,0.9296851735232189,0.024,75.17217844299762,0.68,79.0560990110317,0.76,78.7,1,8166,Moderate
USA,Asia-Pacific,2,Agriculture,63.54811920963779,86.4949442170843,70.53819031599366,63.56242639910144,0.9032,276.92,0.52,0.33,1,1,16,44649,0.9129801112494466,0.032,86.73930447793883,0.8,84.64202922127154,0.63,83.71,2,9763,Moderate
USA,North America,2,Agriculture,52.74171827357503,28.905332282415447,54.36116741251012,34.34450461991153,0.1783,293.23,0.4,0.54,1,0,46,11248,0.9175091015957698,0.02,87.57084774602836,0.85,75.74935449537273,0.73,77.95,1,10103,Moderate
USA,South America,2,Agriculture,72.51351902421209,59.798368790948544,76.59659165662718,74.24078096631457,0.8154,857.28,0.63,0.59,2,1,39,34979,0.9087888715509264,0.044,79.66530789415279,1.01,72.75673264106915,0.58,71.87,1,8697,Low
USA,South America,2,Agriculture,46.63998863833665,51.36232277581604,65.46100856393912,40.79254774305498,0.3522,139.16,0.46,0.53,2,0,42,26648,0.8351969890352331,0.037,78.9207232598091,1.01,62.61993169830707,0.58,82.3,1,10385,Moderate
China,Asia-Pacific,2,Agriculture,57.584730120558234,56.80023046847295,52.29394084925201,62.24939732808483,0.7691,618.57,0.79,0.27,1,1,44,5423,0.8590245876685147,0.036,55.4628260789287,0.89,86.78956864417445,0.72,69.08,2,8544,Moderate
China,Asia-Pacific,2,Agriculture,51.5610443968166,40.42682341020538,48.35039046909333,41.8820021563623,0.6986,495.07,0.77,0.4,1,0,17,8706,0.9346817440282542,0.017,70.14833860799631,0.89,73.94942029857943,0.6,77.38,1,9038,Moderate
Malaysia,Asia-Pacific,2,Agriculture,66.03160058119003,79.83483267990417,67.7447364647166,81.82967314510199,0.214,448.87,0.57,0.57,2,0,34,46003,0.8778670820763815,0.03,82.59538721360593,1.27,84.92742391274466,0.68,68.38,1,10505,Moderate
Malaysia,Asia-Pacific,1,Agriculture,54.48494701768408,53.610856342822565,70.0306592881744,42.05479040118681,0.7244,156.63,0.81,0.47,2,0,16,6881,0.8434407684823237,0.039,69.10087751580618,0.73,58.98549740701508,0.7,81.89,1,10507,Moderate
Malaysia,Asia-Pacific,2,Agriculture,65.38804421449981,54.98612823738107,71.76541909837103,78.96825804550578,0.6216,1336.6,0.6,0.45,2,1,45,3538,0.9503378534024135,0.011,86.74160730080598,0.49,88.0884790107538,0.68,82.12,1,1542,Moderate
Japan,Asia-Pacific,2,Agriculture,62.126671350213485,47.033377490447386,54.09157198881995,57.413932850405516,0.7406,407.04,0.57,0.58,2,0,40,20097,0.8582876662597473,0.02,67.89660004538874,0.53,76.98165111344348,0.74,70.92,1,1130,Moderate
India,Asia-Pacific,2,Agriculture,52.815627969364535,46.17213059639023,63.60583300816843,52.87816027534721,0.7709,348.26,0.7,0.36,2,0,44,5505,0.9174052712263103,0.018,62.819435427341055,0.63,74.62131083317388,0.77,77.4,0,9964,Moderate
India,Asia-Pacific,2,Agriculture,57.13120436915082,36.90381223782361,55.30847061853363,44.53789194000504,0.9549,507.59,0.76,0.55,2,0,46,7519,0.9364692448842238,0.035,76.83094453406078,0.75,79.59386703890897,0.81,76.2,1,10085,Moderate
China,Asia-Pacific,1,Agriculture,68.61713948275153,47.833382173759595,67.81565280356077,60.471495770673044,0.8899,600.55,0.58,0.15,3,0,10,13302,0.920475620005991,0.033,74.38592910612913,1.02,74.3665481649474,0.72,79.56,2,849,Moderate
Indonesia,Asia-Pacific,3,Agriculture,48.577095275872615,22.900158483068992,52.87652065975406,42.643210003352536,0.8512,321.87,0.76,0.56,2,0,45,7963,0.9155862662094695,0.018,69.63894442757916,0.89,60.67573387161302,0.81,71.05,0,9511,Moderate
Japan,Asia-Pacific,2,Agriculture,70.67857288784188,52.3907412226146,72.1115858009141,61.711324650530855,0.8706,505.0,0.53,0.41,3,0,10,14297,0.8277766462640822,0.026,67.59457446342195,0.63,79.55782103025668,0.67,82.59,2,229,Moderate
China,Asia-Pacific,2,Agriculture,68.05508223804254,61.96964472345479,79.17882177650583,65.03542077671666,0.8918,1101.32,0.62,0.69,2,0,40,41629,0.8989134152345688,0.029,62.52816479866166,0.94,84.35198442773296,0.85,79.15,1,10187,Moderate
China,Asia-Pacific,2,Agriculture,55.444644389862695,62.95345284743741,53.36658375173559,56.942380493734895,0.9281,340.4,0.6,0.19,2,1,40,11192,0.8823152415965776,0.031,70.09952524502793,0.94,86.23192098503347,0.83,73.78,2,11215,Moderate
Japan,Asia-Pacific,2,Agriculture,60.07044082926024,64.679830516832,60.55895746179115,68.47031316249495,0.8962,247.77,0.72,0.46,2,0,46,16093,0.8244233369903077,0.039,45.05510739614168,0.81,88.02082812031647,0.66,83.54,1,1366,Moderate
Malaysia,Asia-Pacific,2,Agriculture,59.23735525567014,62.71530425455753,64.3651044187737,63.06796706674174,0.7062,241.71,0.58,0.6,2,0,39,30825,0.8775354841560464,0.025,72.07366958840319,0.73,75.87378119073402,0.78,74.6,1,861,Moderate
India,Asia-Pacific,3,Agriculture,65.79006703354851,95.42289594072021,75.06898372005091,85.63964471149798,0.7923,192.52,0.62,0.6,3,0,42,2619,0.9111205726061063,0.004,58.85785881486142,0.79,65.03085023916154,0.65,72.26,0,10712,Low
USA,South America,2,Agriculture,52.24104949696346,55.80939130170088,64.88282152895016,50.556044069278165,0.758,163.92,0.58,0.34,2,0,39,5773,0.9047669316773264,0.025,75.80987286956518,0.47,73.33348016638806,0.67,73.84,1,5459,Moderate
China,Asia-Pacific,2,Agriculture,53.70243061590561,36.34131738261937,44.06914793727734,50.73547441516557,0.818,358.56,0.78,0.58,1,1,44,8065,0.8563707661498947,0.035,81.76047387826848,0.91,83.83466817671223,0.79,76.05,1,9415,Moderate
Japan,Asia-Pacific,2,Agriculture,67.38840813419911,52.66194805344126,77.96434152524633,62.722518732824156,0.754,1224.72,0.62,0.34,2,0,35,47888,0.8921302429979834,0.024,69.4413205518918,0.65,75.10497090219545,0.8,82.57,1,10730,Moderate
Malaysia,Asia-Pacific,3,Agriculture,66.41957880878752,91.80543853203096,64.01883714198922,79.27401667802634,0.8372,432.25,0.43,0.42,0,1,43,44122,0.8351532100039586,0.031,52.5925598574579,1.01,53.26407896329184,0.76,87.88,0,9805,Low
USA,North America,1,Agriculture,59.156839679200914,61.64828816728066,64.31799856546034,54.48530156918338,0.0322,97.49,0.62,0.31,2,0,41,25312,0.9575200934865213,0.031,80.34227888699405,1.19,81.98679596481938,0.62,74.87,2,521,Moderate
Brazil,South America,2,Agriculture,50.66397194872983,53.999198531225545,62.79761588341161,42.833085579126575,0.9773,226.17,0.45,0.58,2,0,42,4183,0.8715060748081207,0.028,55.88189187231782,0.72,60.614759299302726,0.63,76.44,1,10226,Moderate
Japan,Asia-Pacific,2,Agriculture,60.54911918484773,59.48277354926355,72.65355733512385,62.49581046899704,0.6802,128.76,0.44,0.46,0,0,16,11613,0.8630980107780305,0.029,73.14244365791747,0.93,76.64089945249401,0.76,85.28,2,309,Moderate
Japan,Asia-Pacific,3,Agriculture,65.8434819656774,92.73866214656114,75.15054022445823,86.62101259202865,0.7744,277.1,0.57,0.58,3,0,40,3214,0.8763687722457467,0.034,63.7973062665505,0.89,85.73087208408761,0.82,78.14,0,9845,Low
Japan,Asia-Pacific,2,Agriculture,52.939084901375814,47.798915613278275,55.429682379293055,52.30792190158864,0.8254,164.94,0.58,0.58,3,1,46,13464,0.9093302366545921,0.016,66.74093044627143,0.58,86.83581830406234,0.75,80.51,1,10461,Moderate
China,Asia-Pacific,1,Agriculture,68.94323027895612,57.86716163408834,84.69596591306879,63.98374113449078,0.6847,1038.6,0.6,0.46,1,0,47,1854,0.9386145075339001,0.028,84.00049570882128,0.49,82.6513336593562,0.76,85.23,1,11881,Moderate
USA,North America,1,Agriculture,62.40185142077646,58.13867404953387,61.66447109816301,78.47036468009765,0.6371,1499.5,0.61,0.33,1,1,15,44784,0.8573255902081042,0.038,73.74686711637081,1.46,87.29174405421502,0.69,81.38,1,9063,Moderate
Brazil,South America,2,Agriculture,72.940500676902,71.01534936627705,73.38730696477627,74.47992918706863,0.2051,225.19,0.56,0.54,2,0,40,44405,0.9148210384400642,0.044,74.11445287336596,0.63,53.104173750611416,0.89,82.29,1,790,Low
USA,Asia-Pacific,1,Agriculture,81.5146669798265,75.46656392539411,79.56003170741145,85.47988911802304,0.3165,378.18,0.63,0.51,3,0,45,10645,0.920693470700096,0.022,66.56586443544919,0.73,58.00630977823684,0.74,74.19,0,8766,Low
China,Asia-Pacific,2,Agriculture,67.86592560816527,58.891622846600455,69.95969694960137,82.6725847138265,0.9808,297.57,0.63,0.52,2,1,40,11829,0.9164380917305901,0.049,76.93476742198173,0.94,92.58114128571343,0.72,74.31,2,9612,Moderate
India,Asia-Pacific,3,Agriculture,70.28704601791554,56.407022079414084,76.97353400856537,70.6515387462796,0.9827,593.31,0.61,0.52,3,0,42,44333,0.8688814999015625,0.032,70.84204894918253,0.96,80.79755323284012,0.74,74.83,1,9353,Low
India,Asia-Pacific,3,Agriculture,51.01024549417501,13.076250000000009,54.16256497058836,54.625195282518284,0.6935,385.16,0.79,0.53,2,0,44,27914,0.8312266252571872,0.037,66.0723841056939,1.01,77.4030118669202,0.68,78.51,0,11053,Moderate
China,Asia-Pacific,2,Agriculture,46.2028392345022,59.82244851694605,55.796528248095115,52.33509810275925,0.4773,295.94,0.78,0.17,1,1,20,13978,0.9056731541339855,0.016,66.49964000548775,1.0,82.90893898761692,0.83,73.7,1,10667,Moderate
USA,South America,2,Agriculture,62.986729694775825,62.75897287024184,65.64594126013198,66.07032979686976,0.657,199.88,0.54,0.52,2,0,42,31924,0.8591607475665777,0.027,82.70626108733696,1.26,76.8187792179516,0.53,67.79,1,7643,Moderate
USA,South America,2,Agriculture,46.53603966176839,53.69447538986822,50.115455130196736,39.924746564792294,0.2029,224.31,0.6,0.34,2,0,42,29262,0.9037486054853632,0.022,87.6023623393432,0.91,61.384813967516386,0.64,79.76,1,6908,Moderate
India,Asia-Pacific,3,Agriculture,58.90318404711411,19.770264419391545,59.431959019689224,41.1679330680208,0.8558,265.27,0.39,0.56,3,0,41,26553,0.8635358791349812,0.045,74.25306788973518,0.99,81.1280472501576,0.72,70.72,0,10395,Moderate
Malaysia,Asia-Pacific,2,Agriculture,66.88834178229193,60.10911797389543,63.8480153666155,68.26517801129303,0.9075,952.05,0.57,0.56,2,0,41,30319,0.8343256186125553,0.018,66.88427642388707,0.63,54.64470614381966,0.7,76.0,1,1239,Low
Malaysia,Asia-Pacific,3,Agriculture,68.98699058052051,77.12568541889617,75.09522079406365,85.87935076842386,0.7238,348.98,0.36,0.58,3,0,39,8678,0.9178229544457813,0.034,78.2851823904441,0.93,74.71721166042155,0.79,82.17,0,10965,Low
Malaysia,Asia-Pacific,2,Agriculture,46.953713256325344,37.95514751499132,54.549386008439534,43.994301946557506,0.8315,127.64,0.49,0.59,2,0,40,28089,0.8394218994750952,0.043,68.33716678052109,0.8,59.34442840256599,0.58,70.78,1,9493,Moderate
USA,Asia-Pacific,3,Agriculture,71.86482449823909,69.7734949593458,77.8174110589626,85.05632730695459,0.07,421.91,0.58,0.53,3,1,43,28943,0.9476180343188755,0.048,69.67990222531522,0.85,74.54904346277733,0.81,72.13,1,9333,Low
Brazil,Asia-Pacific,2,Agriculture,54.1104350283471,59.463960521047014,61.37679032437722,57.791228552897124,0.783,104.47,0.65,0.56,2,0,10,18131,0.9239605683359718,0.035,79.63702897465994,0.7,64.5153933404576,0.6,75.52,1,8110,Moderate
Malaysia,Asia-Pacific,2,Agriculture,51.806474516633514,39.584780717940205,51.36768734606326,42.77905028641127,0.1016,1499.5,0.46,0.4,2,0,15,34410,0.9272915154071367,0.019,71.89180208453288,0.74,76.39913794054988,0.77,78.03,1,9948,Moderate
USA,North America,2,Agriculture,57.37505968846527,54.842449521737976,65.44522136266963,62.55444684314666,0.9734,144.77,0.59,0.58,2,1,42,31455,0.8770749471479448,0.041,84.32648394639546,0.69,86.55871460420536,0.76,70.29,2,727,Moderate
Japan,Asia-Pacific,3,Agriculture,58.538220587923554,52.69490345489903,62.45173765691153,63.05206277435204,0.898,1453.6,0.7,0.42,2,0,18,2581,0.8348328882847892,0.046,69.75163126842226,0.85,69.80755374418224,0.65,79.01,1,11999,Moderate
USA,North America,2,Agriculture,48.17251850286042,36.756606953714304,53.789399364032946,46.483125249677784,0.8921,186.99,0.61,0.31,1,0,19,28985,0.891488204481493,0.018,62.92194051969493,0.74,78.73361867991704,0.7,72.86,2,159,Moderate
USA,North America,1,Agriculture,75.8223819491521,91.0554479781656,77.55159113876115,74.05760163754088,0.8541,879.37,0.51,0.51,0,1,9,44569,0.9073183571416141,0.031,85.25213998200911,0.98,86.55759650551222,0.73,81.07,0,10190,Low
Brazil,South America,2,Agriculture,50.620294492641065,55.010432407680675,63.29874032058926,49.48686023197438,0.9317,1216.69,0.58,0.55,2,0,40,30361,0.8990734310969447,0.029,62.14260760856715,0.77,78.05761646635038,0.65,69.26,1,10260,Moderate
Malaysia,Asia-Pacific,1,Agriculture,79.12703518082593,98.18022307724092,84.8073591671393,70.27749279588308,0.8082,102.01,0.5,0.45,0,0,16,38737,0.8992240250905985,0.044,51.97180160381128,1.07,74.36978872438037,0.89,70.66,0,9427,Low
Indonesia,Asia-Pacific,2,Agriculture,69.77262632301132,62.32030966577358,69.94208783002067,67.14857559224839,0.7221,1381.6,0.64,0.65,2,0,38,43733,0.915035272907551,0.029,74.43731464558658,0.51,62.84041216355597,0.62,76.77,1,11134,Low
Brazil,South America,2,Agriculture,51.57224773478095,54.72867709843297,62.875577263317886,47.72832463839053,0.2356,86.58,0.49,0.44,2,0,42,34695,0.8508850162059919,0.03,68.32951963480778,1.35,62.44831641066764,0.57,86.0,1,9393,Moderate
Japan,Asia-Pacific,2,Agriculture,62.24604609249242,62.51578559836937,64.21682756706987,61.520345342728085,0.7331,164.88,0.57,0.54,2,0,10,49982,0.8758118596876181,0.04,63.774569030021894,0.68,74.7834021786037,0.61,79.87,1,1514,Moderate
India,Asia-Pacific,2,Agriculture,54.34237108481948,61.94416537924206,65.26940283771893,51.66354111345978,0.929,684.53,0.49,0.64,2,0,47,46380,0.856073959144771,0.04,66.09041018978554,0.86,90.50399735373608,0.74,77.17,1,10482,Moderate
Japan,Asia-Pacific,2,Agriculture,48.78330794224472,33.12768132668943,52.45829129748693,55.48115388465463,0.9847,329.18,0.74,0.56,2,1,44,15046,0.8672090422214418,0.021,65.70373567504808,0.92,81.17329823995428,0.81,78.66,1,9369,Moderate
Japan,Asia-Pacific,2,Agriculture,63.7128663127706,57.39007175434576,61.25349368673808,58.090848574308424,0.6752,1400.14,0.74,0.49,2,0,10,33214,0.8525386246912211,0.032,70.43423191098263,0.87,57.33728874696898,0.68,76.2,0,11467,Moderate
Malaysia,Asia-Pacific,2,Agriculture,66.73861027436708,57.19629873944368,64.55174443148377,62.39684651893384,0.9361,166.23,0.6,0.62,2,0,8,23790,0.8292632168976306,0.037,66.17624300429286,0.87,83.27957064875784,0.58,81.62,1,11062,Moderate
Malaysia,Asia-Pacific,3,Agriculture,75.50874433590435,62.3690744212635,80.86320865384697,86.90032715784885,0.8548,1220.66,0.58,0.68,3,0,38,4063,0.8689104151236218,0.033,72.23088824025292,0.79,82.84933376819147,0.73,77.35,1,10835,Low
Japan,Asia-Pacific,3,Agriculture,62.69088731953387,64.0809037303003,78.40073069717212,61.8791474382363,0.926,142.55,0.45,0.58,0,0,43,29848,0.8631514964309539,0.015,77.49863870805007,0.9,82.14976463583525,0.69,84.05,1,9887,Moderate
USA,North America,1,Agriculture,75.85115721007166,77.79200594138057,82.18430368572538,79.96066802912588,0.0398,462.92,0.58,0.56,1,1,43,7502,0.8911497925398388,0.03,69.54302831975133,0.95,88.98834871302498,0.83,73.14,1,8548,Low
Japan,Asia-Pacific,3,Agriculture,73.91355040183227,83.85479051741478,71.07314468783102,72.23375735322973,0.8176,588.33,0.57,0.11,1,1,12,9558,0.8619028531814523,0.014,55.23294121111611,0.72,81.61116441477655,0.74,78.06,1,1081,Low
Brazil,Asia-Pacific,2,Agriculture,62.171684138696534,58.49133582330906,64.89209733657967,54.410074468776756,0.9321,209.58,0.6,0.63,2,0,43,33781,0.8529988424023828,0.021,67.71145539215821,0.71,78.91334536266521,0.77,72.07,1,51,Moderate
Malaysia,Asia-Pacific,3,Agriculture,71.5640496112668,97.57807015626206,74.99085796379939,74.8723835056558,0.8247,392.63,0.42,0.55,0,1,41,6361,0.8958291425658481,0.029,56.28667153800851,0.81,50.05627852790497,0.82,72.95,0,9220,Low
China,Asia-Pacific,1,Agriculture,55.674841468876615,23.79291126067061,55.11274883938863,47.2448874450416,0.4106,479.69,0.58,0.41,1,0,43,11041,0.933560661408346,0.028,70.94767935551717,0.62,78.48133868832146,0.72,73.43,1,9371,Moderate
USA,North America,1,Agriculture,63.81876134938302,62.770337760005994,66.2323403697275,74.15719271800191,0.9264,189.35,0.61,0.38,2,0,9,45372,0.8775957413354533,0.027,70.69517162053371,1.21,65.22904236997178,0.53,79.98,2,9631,Moderate
Malaysia,Asia-Pacific,3,Agriculture,70.3994576629116,67.6136617248076,86.70392341426947,63.81728361776012,0.975,1256.81,0.57,0.55,3,0,40,30255,0.836821216985862,0.019,64.35241340806867,0.77,82.15748019758635,0.69,81.64,1,9894,Low
USA,North America,1,Agriculture,48.40223479440267,56.92844133823927,55.47960400099301,49.84256278616321,0.773,188.34,0.51,0.21,1,1,41,4945,0.8734153376344537,0.033,76.12176460382419,1.52,83.43739636526436,0.7,74.65,2,11261,Moderate
China,Asia-Pacific,1,Agriculture,69.25080144034615,74.85875266342634,76.22007023329269,80.61937417484594,0.7721,604.28,0.65,0.45,1,1,43,7581,0.9153725811558098,0.021,66.52531682498268,1.05,81.14096924168761,0.68,76.92,1,10776,Low
China,Asia-Pacific,2,Agriculture,57.06107537973004,47.95134296919925,56.879641556370615,54.6566092008913,0.8835,356.41,0.64,0.49,2,0,43,13517,0.9398231897257584,0.023,72.83648445483625,0.91,80.72285171496645,0.72,77.55,2,11669,Moderate
Japan,Asia-Pacific,3,Agriculture,56.25082829714115,51.84462698601474,63.31678390253878,51.2646463482633,0.7697,1213.58,0.77,0.48,2,0,13,47757,0.8474966320886987,0.033,69.07519281803918,0.86,81.50003591104642,0.69,80.57,1,11740,Moderate
Malaysia,Asia-Pacific,2,Agriculture,65.07384574060131,75.15471139412469,74.69081612037657,72.1331926831826,0.6411,1344.55,0.43,0.62,2,0,14,46878,0.9494915524565904,0.031,71.39904350180197,0.84,71.55482766524102,0.7,78.69,1,8533,Low
Indonesia,Asia-Pacific,3,Agriculture,59.59794215147656,76.79937520453022,74.32805190278951,75.91292638853653,0.8112,381.24,0.48,0.67,3,1,43,11474,0.9248054721464072,0.04,64.5090649862733,0.97,77.17646021460457,0.67,77.95,1,411,Low
Japan,Asia-Pacific,2,Agriculture,67.01308289802628,60.53603742660558,62.26626436869699,63.74093926660698,0.9122,129.58,0.75,0.47,0,1,25,8192,0.8801724711058242,0.022,64.00641367056136,1.0,84.0154088279732,0.67,84.88,1,570,Moderate
Malaysia,Asia-Pacific,2,Agriculture,66.33919609356533,62.979093241722886,73.43860533547641,78.22666084733655,0.7926,1217.85,0.61,0.63,2,0,37,49410,0.9392346597580881,0.029,74.43226990970672,0.63,78.74081809459534,0.77,76.99,1,8354,Low
Japan,Asia-Pacific,3,Agriculture,65.60572888957246,69.54484994497531,74.71195871144799,65.67223499413902,0.9181,50.2,0.72,0.54,2,0,41,30347,0.8315960043302392,0.023,69.94225671197037,1.24,81.64750749473242,0.77,80.63,1,11557,Low
USA,North America,3,Agriculture,74.07254233757328,83.00773870139292,77.5434675738341,80.2391006107208,0.1048,309.16,0.59,0.63,3,0,41,27744,0.9596109518480824,0.032,75.39799064369211,0.82,81.26162639864314,0.79,82.63,1,11999,Low
Japan,Asia-Pacific,2,Agriculture,59.96664850161192,49.45680638626826,62.1395586982481,56.03344623927012,0.939,1479.79,0.7,0.51,2,0,46,35471,0.8866821833912535,0.041,67.03752258563293,0.8,56.92194798442374,0.68,77.69,1,11245,Moderate
Japan,Asia-Pacific,2,Agriculture,52.89885711912932,42.329801995683134,51.518373974521495,48.13831991240035,0.8365,310.08,0.6,0.6,2,0,38,45897,0.8930927349718775,0.028,72.62430196492781,0.68,82.46138720003702,0.75,77.42,1,10523,Moderate
China,Asia-Pacific,2,Agriculture,69.1375343071946,55.5575199013178,62.92778293440841,80.6500832106474,0.7893,1289.71,0.61,0.42,1,0,8,15525,0.9047192661079322,0.043,61.68250891883221,0.56,75.3415520143169,0.6,82.01,2,9039,Moderate
USA,Asia-Pacific,3,Agriculture,71.07319612771094,79.01738156125366,82.08631730640377,79.09146710558808,0.7038,285.39,0.38,0.6,1,0,40,8552,0.9293859217936091,0.023,83.74489553319802,0.84,76.30170984165967,0.77,69.82,0,9526,Low
Japan,Asia-Pacific,2,Agriculture,51.09486982388146,47.290744837712296,47.18662020126358,49.65249647224617,0.8436,494.17,0.36,0.1,1,0,43,2659,0.8730510007414802,0.033,81.77155844979048,0.81,71.89107252044383,0.69,72.22,1,9172,Moderate
India,Asia-Pacific,3,Agriculture,62.19081233559868,29.549998853217662,51.793464355267425,53.04286828931939,0.896,376.17,0.84,0.53,2,0,43,34620,0.8806561426752516,0.044,61.23921396777877,1.08,79.3622613684148,0.79,72.23,0,8092,Moderate
Japan,Asia-Pacific,2,Agriculture,54.53908797015217,44.627266138833136,51.06551135099877,46.9583896750444,0.8069,1499.5,0.41,0.58,2,0,43,1703,0.8960228412542172,0.039,72.25711592391785,0.57,64.75781024032996,0.48,77.75,0,10903,Moderate
Brazil,South America,2,Agriculture,65.25470776536206,62.35177004752158,66.71603734827416,53.64258595777077,0.8293,147.08,0.54,0.51,2,0,41,31385,0.864226679633133,0.035,53.9062631665454,0.8,66.87570002828446,0.63,83.84,1,10195,Moderate
Malaysia,Asia-Pacific,2,Agriculture,56.64868108033172,51.61604640667363,59.56472490677352,46.696515117320445,0.9095,187.7,0.55,0.68,2,0,44,28532,0.8919500274198686,0.03,72.9977576934847,0.68,61.26805180047191,0.68,71.2,1,5428,Moderate
Malaysia,Asia-Pacific,2,Agriculture,67.12149592675004,61.963481479321615,71.53021060890778,79.56614043388731,0.9935,1331.96,0.63,0.47,2,0,40,5094,0.889435126866519,0.025,71.75465101943772,0.82,91.68069824963399,0.8,86.48,1,10328,Low
Japan,Asia-Pacific,2,Agriculture,59.629554458537584,60.18212753566018,70.31377797098678,72.58400466573634,0.8882,1383.0,0.58,0.42,2,1,11,47654,0.8676712365017827,0.043,74.47969942710601,0.9,87.89781545587287,0.64,79.1,1,11798,Moderate
Brazil,South America,2,Agriculture,59.5107179877542,48.22020934943765,66.02444526766367,53.95212472424175,0.9076,79.09,0.56,0.2,2,0,42,36388,0.8563222645805367,0.025,80.93334061714214,0.81,75.25013305025743,0.76,78.62,2,483,Moderate
Malaysia,Asia-Pacific,3,Agriculture,66.18170311535101,64.91047257752858,70.78981720407273,78.13048306949457,0.81,1385.07,0.41,0.49,0,0,43,8374,0.8601425631367844,0.04,69.095531020245,0.9,64.69380562270868,0.64,76.75,0,10481,Low
China,Asia-Pacific,3,Agriculture,67.330443545337,54.25480007441071,81.70440105114284,61.75927428396296,0.0649,251.32,0.57,0.54,3,0,43,15487,0.9126211680396152,0.034,73.96420868530065,0.68,82.25271168648719,0.82,77.04,1,51,Low
Brazil,South America,2,Agriculture,66.87826136894554,75.29039794829036,60.96720159932156,72.37253928514008,0.6702,1499.5,0.56,0.62,2,1,38,3339,0.9185894453522229,0.023,38.19081783430816,0.81,68.28679795644062,0.28,86.28,0,8440,Low
Japan,Asia-Pacific,3,Agriculture,69.85412295821614,58.93940492572473,87.37902490474679,69.40914085134312,0.9398,1133.05,0.6,0.57,3,0,42,25077,0.8898974112744787,0.026,76.33879874438794,0.92,82.42126432851965,0.7,79.13,0,10078,Low
India,Asia-Pacific,1,Agriculture,82.32195032494072,89.5125223023818,80.60822062612978,86.27666678134258,0.1875,385.49,0.61,0.44,3,0,47,19532,0.9242793927777078,0.024,72.32584524792308,0.73,60.62313282974996,0.78,63.97,0,9584,Low
Japan,Asia-Pacific,3,Agriculture,66.39207914751539,59.149263449066204,70.25473579033192,65.07811230403416,0.9346,859.84,0.7,0.65,3,0,42,44675,0.8420529974959317,0.04,71.79826297240986,0.87,77.95885689113112,0.66,71.91,1,10273,Moderate
China,Asia-Pacific,2,Agriculture,66.45212775295772,62.293529234832434,75.36033956464395,60.28312687045936,0.6703,354.51,0.58,0.32,1,1,10,12854,0.8859979886076919,0.028,53.967694204278004,1.43,71.40059989622196,0.71,75.4,1,947,Moderate
Japan,Asia-Pacific,2,Agriculture,62.05197668182129,55.76137446685603,75.92165853802095,61.540180246504576,0.8152,1334.62,0.57,0.58,3,0,39,9402,0.8736144358077141,0.033,59.566061865372795,0.55,83.77818686363653,0.63,80.97,1,11234,Moderate
Japan,Asia-Pacific,2,Agriculture,62.12479726512966,52.066067578835586,65.16962139561143,62.252998087031784,0.907,736.18,0.54,0.46,3,0,41,30668,0.8528773329173365,0.034,71.4031251329174,0.77,83.01895156020541,0.73,78.91,2,1074,Moderate
USA,North America,1,Agriculture,49.638620081488185,38.285279354087805,57.11501699995595,51.68692485429649,0.7937,864.92,0.51,0.49,2,0,40,27875,0.86633173911107,0.031,80.68423284919075,1.07,73.00061373457717,0.77,75.61,0,9569,Moderate
Brazil,Asia-Pacific,2,Agriculture,69.54309267608618,70.72189699449356,64.73486875968612,64.08797463663598,0.1235,1339.13,0.53,0.3,2,0,7,14706,0.9272260194622575,0.036,76.8268192370902,1.19,75.99038057878892,0.82,73.25,1,573,Low
Japan,Asia-Pacific,3,Agriculture,70.1944800110959,73.10289559781484,73.11189495705982,65.09624486713865,0.939,1320.2,0.77,0.49,3,0,12,44371,0.8915231882818521,0.03,69.85782843066646,1.25,74.02705553160826,0.73,87.33,1,11376,Low
India,Asia-Pacific,2,Agriculture,65.38944922951934,64.13229407196326,79.27793941732251,62.19730822495019,0.8054,1248.56,0.65,0.63,2,0,5,44093,0.8420731572188257,0.027,71.16500456106378,0.77,79.17200427762921,0.68,88.51,1,8457,Low
Malaysia,Asia-Pacific,2,Agriculture,62.12374746713378,53.81624742081094,61.33780513950334,62.23796762176082,0.6831,1341.11,0.46,0.61,2,1,20,45966,0.8559400665522255,0.017,69.12710056005388,1.49,77.6526634155694,0.76,74.33,1,931,Moderate
India,Asia-Pacific,2,Agriculture,57.348486942784085,45.20988113722472,55.69114059264443,47.16938350176162,0.748,877.7,0.85,0.57,2,0,15,49262,0.9318656436353573,0.032,69.68262021496578,0.77,79.44341555138897,0.76,70.87,1,7884,Moderate
Brazil,South America,2,Agriculture,59.8514270657633,31.08862867639088,66.42789003123684,50.73884697639536,0.8742,145.4,0.58,0.56,2,0,39,32944,0.9099603813968181,0.034,73.54418829762683,0.57,64.09147838224565,0.73,76.56,1,1051,Moderate
China,Asia-Pacific,2,Agriculture,62.3021676976094,62.44476666779305,62.14865551546833,66.92621370385092,0.9206,203.75,0.61,0.25,2,1,41,502,0.8437777793720268,0.012,74.12746446537766,1.41,92.3459243269157,0.74,78.69,2,1519,Moderate
Brazil,South America,3,Agriculture,76.26883800241559,89.65869788247238,62.62230963566811,87.0608544890725,0.3052,1357.09,0.48,0.52,0,1,40,3356,0.8559157317875604,0.045,77.47658476927737,0.88,54.17727807326162,0.73,78.13,0,8725,Low
India,Asia-Pacific,3,Agriculture,69.39149182016077,65.62836666751947,79.96503101067539,65.5702901662496,0.895,1099.02,0.59,0.5,0,0,43,6770,0.8478092637155671,0.024,73.49517103956272,0.66,63.61080184595705,0.64,84.53,1,10492,Low
USA,North America,1,Agriculture,76.37912200558547,87.38645435811776,76.43039613040717,76.77281448316751,0.1165,197.23,0.6,0.59,3,1,43,32767,0.9060914865215091,0.031,74.73268507141609,0.99,82.31084573301176,0.86,70.73,1,10039,Low
Japan,Asia-Pacific,3,Agriculture,61.42254995931747,59.10536774585575,67.00942393144229,67.32488666159459,0.8937,1440.07,0.79,0.53,2,0,7,44064,0.8796474190412596,0.022,68.91418192771131,1.17,59.0310934846159,0.62,77.68,1,11536,Moderate
China,Asia-Pacific,2,Agriculture,67.10015521850663,58.31259532659103,73.21250210488513,65.64737012062413,0.8246,387.79,0.6,0.68,2,0,41,45010,0.9017613276382066,0.032,53.706066333075405,1.0,82.06031896269714,0.69,75.05,1,8740,Low
Japan,Asia-Pacific,2,Agriculture,73.04664301736348,51.126988518865936,59.31151893248036,65.44833553964685,0.7873,298.52,0.57,0.45,3,0,37,10141,0.9082889917285127,0.036,78.94929643119671,0.47,72.9725237837116,0.74,73.73,2,7783,Moderate
Malaysia,Asia-Pacific,1,Agriculture,64.71033714686003,68.95175566881677,77.864374310877,81.65999834697627,0.8013,381.27,0.48,0.44,3,1,47,32294,0.8151545660612549,0.042,62.05766477790267,0.88,51.237435163770904,0.74,85.07,1,9036,Low
Japan,Asia-Pacific,3,Agriculture,58.109401369033534,45.0786548763761,67.40649138969343,56.66745712375743,0.9782,1272.03,0.74,0.41,2,0,12,1428,0.8634610654221988,0.035,67.85323650853202,0.77,85.47526799939897,0.81,73.24,1,11477,Moderate
Japan,Asia-Pacific,3,Agriculture,63.6720201521776,56.67790720681348,72.47472305650139,62.252376704516216,0.8575,857.6,0.55,0.62,3,0,40,49982,0.8344667231003843,0.037,70.54895140317423,0.74,75.82038036256033,0.71,86.01,1,11999,Moderate
China,Asia-Pacific,2,Agriculture,66.9137416002687,64.40786205310454,75.12405510627576,72.72615035079632,0.8909,1133.82,0.59,0.45,2,0,40,5280,0.911455030701192,0.046,70.02009222668649,0.37,74.39692559245314,0.74,78.71,2,11616,Moderate
Indonesia,Asia-Pacific,2,Agriculture,58.39443338735506,64.03032478903242,64.4299790181237,39.53672065528785,0.78,96.26,0.57,0.55,2,0,17,7943,0.9371157035421194,0.029,71.79099999534095,0.57,77.08529682970972,0.69,84.83,1,6877,Moderate
USA,Asia-Pacific,3,Agriculture,74.67096456838526,76.07789929711771,85.46551109928846,86.47966132008969,0.0646,541.51,0.38,0.5,3,0,40,9530,0.8692184798889339,0.034,76.46880311803501,0.8,76.92407269599806,0.72,75.04,0,9027,Low
India,Asia-Pacific,3,Agriculture,65.13870810120879,69.64515594783343,78.71700551068066,69.7759346750418,0.9022,1430.28,0.75,0.35,3,0,45,502,0.8569769492580709,0.037,69.1925392511943,0.96,61.03118726496232,0.6,63.72,0,8798,Low
China,Asia-Pacific,2,Agriculture,70.8948801816648,85.87565891482357,78.3180572226486,64.96339310397391,0.8187,1264.0,0.63,0.33,1,0,7,11943,0.8953516644751124,0.03,76.0409950685051,0.61,75.28446706897014,0.78,76.11,1,10342,Low
Japan,Asia-Pacific,3,Agriculture,72.06568088651406,78.6472760236648,71.45728650924042,84.09555456680742,0.7566,504.36,0.48,0.44,3,1,47,11462,0.8795729465205334,0.023,64.8543104671291,0.9,60.11772373527319,0.73,75.98,0,9058,Low
China,Asia-Pacific,2,Agriculture,63.53456169601275,69.72529380033372,56.86031945879929,73.88987302269145,0.6867,544.27,0.65,0.45,2,0,10,9993,0.9374770298500381,0.035,58.38125329542953,0.95,90.13300668839395,0.68,79.53,2,10848,Moderate
Japan,Asia-Pacific,2,Agriculture,61.357176541272224,42.36654593524121,67.7545354386006,64.4893662606292,0.8112,1347.47,0.6,0.42,2,0,5,722,0.8868020158985064,0.029,76.26893324663858,0.65,85.10394543462608,0.76,83.24,1,11999,Moderate
Japan,Asia-Pacific,3,Agriculture,61.72535533298691,64.99072198924445,64.07219624396885,65.1893548757562,0.9229,1363.56,0.79,0.48,1,0,25,18865,0.8732795136006137,0.024,65.13232641375102,0.83,78.53537093604453,0.7,78.19,2,844,Moderate
Japan,Asia-Pacific,3,Agriculture,68.7263314669778,62.497253497571826,74.8138661527482,60.87449732836729,0.9024,1326.59,0.58,0.51,3,0,40,6589,0.8841956920748971,0.038,69.36046746829136,0.64,74.16311699113612,0.73,86.36,1,8591,Moderate
Japan,Asia-Pacific,2,Agriculture,56.82754071399034,56.21074214874786,64.68433643774858,57.65498520179537,0.92,1188.42,0.6,0.48,2,0,12,30480,0.8716184283467934,0.038,72.65423446269621,0.6,64.5717952693023,0.78,85.44,1,11709,Moderate
Brazil,South America,2,Agriculture,52.18033799422962,47.28118255314138,49.900601632801006,48.57685692305355,0.9667,132.63,0.46,0.52,2,0,42,28269,0.8681647523181525,0.028,87.46383839917999,0.86,62.889168864245235,0.13,72.01,1,9352,Moderate
China,Asia-Pacific,2,Agriculture,66.80899943389147,60.3842804212959,65.8859697553616,51.77443440185552,0.76,1175.07,0.9,0.5,1,0,47,43764,0.8924781199150168,0.034,50.24375982612242,1.09,78.76409404771545,0.84,64.67,2,9074,Moderate
Brazil,South America,2,Agriculture,65.02454140352032,77.05749594744498,68.78790487798037,61.97570726883965,0.8627,1478.16,0.47,0.43,0,1,10,44954,0.882423326666777,0.017,82.81939154940278,0.91,67.53599948816937,0.6,77.44,1,9589,Low
Brazil,South America,3,Agriculture,75.16780526307876,82.24640509247865,67.47841487677611,92.72936992684446,0.1164,330.86,0.3,0.66,3,0,38,4754,0.9015684919039859,0.029,84.75981131952737,0.73,67.41515612640495,0.28,82.18,0,306,Low
China,Asia-Pacific,1,Agriculture,74.80608406258855,81.11171337869342,94.77878555192156,74.58955809518173,0.7682,115.32,0.58,0.23,1,0,38,12003,0.9308247906856568,0.031,82.86315949960992,0.76,74.6324659365244,0.71,86.18,0,10322,Low
Japan,Asia-Pacific,2,Agriculture,56.86686328873496,47.92182829116557,51.55696949192224,53.670936359303916,0.7137,334.7,0.71,0.61,2,0,41,14793,0.8775047194603389,0.047,70.19863672755501,0.79,79.77117725509682,0.87,67.7,1,2380,Moderate
China,Asia-Pacific,2,Agriculture,66.46608828757962,60.01673609970434,72.42495417275316,73.30958583666447,0.9695,118.75,0.66,0.23,2,0,21,21345,0.9005556880921108,0.033,56.820936078898555,0.96,89.35112627444958,0.58,77.27,2,10607,Moderate
USA,North America,1,Agriculture,74.76145541654554,67.4826189504474,77.49996778652964,75.15034467383363,0.7039,435.77,0.54,0.65,1,1,42,43577,0.9184438158904357,0.029,46.88380053387155,1.37,71.22687469597506,0.74,70.67,0,10799,Low
USA,North America,2,Agriculture,52.132779956130406,37.135436506586416,55.30169377688609,49.82036808767981,0.0764,93.42,0.57,0.59,2,0,46,32297,0.9405561767038723,0.034,71.7037545483187,0.82,57.59158553745587,0.16,77.89,1,10398,Moderate
Malaysia,Asia-Pacific,2,Agriculture,62.08586638423493,61.195106395022165,73.56756888042986,65.52411837291629,0.9046,119.56,0.59,0.52,2,1,42,45199,0.9443637154801209,0.035,70.98665070065276,0.72,84.88506910557321,0.56,75.74,1,11053,Moderate
Brazil,South America,1,Agriculture,70.41659306838261,71.9913399178905,78.45762478193993,70.91435616214625,0.8524,1372.04,0.6,0.51,2,0,48,24206,0.8676456273236118,0.032,66.64280628124658,0.83,66.8318622797798,0.69,78.76,1,11338,Low
Malaysia,Asia-Pacific,3,Agriculture,73.87614783373496,95.14537343473044,78.83312529484193,81.574798089716,0.0535,299.55,0.56,0.52,3,0,43,27849,0.9073623987275091,0.031,64.23239337994167,0.9,60.292932264010474,0.68,69.34,0,11417,Low
Japan,Asia-Pacific,2,Agriculture,62.12780649196315,58.24520255814906,71.13547342725614,60.814077242725915,0.9281,759.39,0.46,0.6,2,0,40,49409,0.8472723402155287,0.02,67.98404055474982,0.68,77.32368756761676,0.65,79.39,1,7938,Moderate
USA,North America,1,Agriculture,62.17745800613443,55.227459283335754,71.90792526367504,62.623531914066106,0.7488,142.41,0.54,0.38,1,1,26,9211,0.920914550151393,0.032,86.8896143326797,1.48,92.79593284632807,0.69,76.21,2,10780,Moderate
Japan,Asia-Pacific,3,Agriculture,68.03469477661574,68.16015537876407,75.85242954832627,64.81762598565776,0.7853,985.85,0.46,0.6,0,0,43,2588,0.8269856553328844,0.048,66.0598114445345,0.79,58.97718653978499,0.56,76.38,0,10002,Low
Japan,Asia-Pacific,3,Agriculture,64.16131415917737,71.29566693358053,70.21335332376553,85.71649626514716,0.9544,593.19,0.4,0.61,3,0,43,502,0.8249981002206332,0.045,78.28430529883187,0.79,61.45329738751561,0.74,76.22,1,1468,Low
India,Asia-Pacific,2,Agriculture,54.98481905472406,40.93920811763192,51.41871187600782,38.225763879079516,0.7887,318.08,0.49,0.56,1,0,17,9803,0.9138662491928277,0.031,83.65837105381111,0.92,79.49595861907805,0.75,74.06,1,8773,Moderate
China,Asia-Pacific,2,Agriculture,62.86843268715661,61.76458359765116,68.2609364463143,62.24531044918096,0.0365,1435.6,0.59,0.35,2,0,14,10400,0.9152449272088307,0.019,77.87018347482767,0.66,66.22787454810465,0.84,94.66,2,1860,Moderate
India,Asia-Pacific,3,Agriculture,61.79442613127042,56.86440801688404,67.15699071362538,59.47248455738534,0.9515,211.04,0.77,0.41,2,0,15,28109,0.8706950260529146,0.038,66.32283220432868,0.83,82.66011647190425,0.71,71.91,1,11347,Moderate
USA,North America,1,Agriculture,63.64067260056349,61.386395118757164,67.64432344446017,70.74004820361728,0.7313,203.58,0.63,0.45,2,1,48,42992,0.8412433585309134,0.027,54.66281084432025,1.03,79.79096614984624,0.79,83.46,2,8773,Moderate
USA,North America,1,Agriculture,76.14353045194326,83.04379103195035,84.17463444827526,70.86552721758319,0.8418,961.34,0.61,0.49,2,1,50,39159,0.9383000405649458,0.027,71.67829385695069,0.74,82.54128673296957,0.76,78.52,1,9934,Low
Indonesia,Asia-Pacific,2,Agriculture,71.83922601601974,54.83825118610643,64.22155512675958,69.23963595189623,0.8381,1412.78,0.81,0.42,2,0,14,45654,0.8640548642951448,0.039,74.18486562120876,0.78,78.42288110136974,0.62,82.1,1,11568,Moderate
India,Asia-Pacific,2,Agriculture,52.71562892053147,57.35250818075096,53.45082322143485,49.04260174838178,0.8469,185.47,0.81,0.5,1,1,27,15209,0.915574756058478,0.045,69.18932495319746,0.79,80.71353577347533,0.81,77.61,2,10819,Moderate
Malaysia,Asia-Pacific,1,Agriculture,68.98504917705745,60.925832447604364,77.58844803265521,74.99708115700528,0.9817,85.64,0.61,0.43,2,0,13,32317,0.8453276760030991,0.038,67.79746546164962,0.64,62.74480522703199,0.79,83.4,1,9090,Moderate
Malaysia,Asia-Pacific,2,Agriculture,65.40598459328662,53.52068790140707,66.15382454873898,53.54065951540418,0.6349,1444.96,0.82,0.63,2,0,7,32132,0.8551695786188891,0.042,69.547621894249,0.84,82.68208938668779,0.22,80.42,0,11999,Moderate
Malaysia,Asia-Pacific,2,Agriculture,57.36547638331514,40.42363325504568,54.436754478672626,55.34065078187184,0.8622,935.45,0.39,0.47,2,0,45,31346,0.9154361161329335,0.02,73.42959758470865,0.76,85.27213706690942,0.15,71.54,1,8480,Moderate
Japan,Asia-Pacific,3,Agriculture,69.8760139844178,69.70671702628118,74.1119852913261,61.85988634994706,0.6716,1433.89,0.45,0.47,0,0,14,14373,0.8842769297832059,0.029,66.13755295423488,0.71,77.48869455134664,0.71,86.99,0,7741,Low
Indonesia,Asia-Pacific,2,Agriculture,71.83750973921347,56.68588905905114,66.25819099097161,65.87147262428061,0.34,120.33,0.48,0.31,1,0,45,15766,0.9164466795777431,0.04,47.44993673842434,1.02,82.5559114398135,0.72,78.77,2,116,Moderate
Brazil,South America,2,Agriculture,62.46867084281332,59.29989345525681,66.26733795781254,60.426127925428354,0.9508,133.38,0.47,0.6,2,0,43,26787,0.821581462788213,0.017,63.73209440279053,0.87,84.14284494768077,0.71,84.35,1,7308,Moderate
Malaysia,Asia-Pacific,2,Agriculture,64.25873662200719,59.523424342515945,67.14660810510598,71.68263161475313,0.8116,179.64,0.59,0.67,2,1,38,49982,0.9531221686847366,0.032,78.69152190436157,0.77,77.2008057046052,0.74,77.0,1,51,Moderate
Brazil,South America,2,Agriculture,66.78892709455366,59.30621598027298,67.56059238415453,80.40703075157612,0.0465,286.97,0.59,0.61,2,0,38,25823,0.8601916629133702,0.052,83.91509326182292,0.74,65.48941329067206,0.63,80.47,1,640,Low
China,Asia-Pacific,3,Agriculture,73.74211913797045,69.10585159723821,70.88100819099135,79.49747286427876,0.7257,497.88,0.61,0.35,1,1,38,13575,0.869162005584978,0.03,78.19071078295785,0.68,74.41512040468392,0.79,73.33,0,10182,Low
Malaysia,Asia-Pacific,3,Agriculture,71.68981003000994,62.13571172964437,77.81430372747464,66.31790907212013,0.9231,1289.18,0.61,0.67,3,0,44,3204,0.951559602706244,0.026,74.78004907258828,0.71,82.90042166538751,0.84,74.66,1,8604,Low
USA,North America,2,Agriculture,68.8761635658514,70.69417167045492,85.25676887004073,79.62232523582504,0.4342,187.4,0.57,0.22,1,1,41,7806,0.8964700817782958,0.052,82.71456253110125,1.23,84.95689426129968,0.74,73.48,2,301,Moderate
USA,South America,2,Agriculture,64.64071695498139,60.258851467182325,67.09178643909365,62.36195680534772,0.7256,139.52,0.58,0.27,2,0,40,25113,0.8540987519009519,0.027,70.43497894318735,0.94,70.22201852970579,0.59,70.79,2,1532,Moderate
Japan,Asia-Pacific,3,Agriculture,61.20720810770318,59.81608104901878,61.17464893543728,48.28739976693839,0.9215,809.06,0.76,0.59,2,0,15,49281,0.8567808715214167,0.02,68.89103225771294,1.36,81.7780916803549,0.74,84.01,1,9175,Moderate
India,Asia-Pacific,3,Agriculture,67.13808888051591,63.372365090089446,80.3892484671105,65.39941700138692,0.9513,814.13,0.44,0.53,3,0,47,38909,0.8408213126499481,0.028,66.3122581870269,0.89,87.00668266909803,0.6,77.5,1,11788,Low
Japan,Asia-Pacific,3,Agriculture,61.1554002294818,61.73512452725948,62.432138674398736,64.56353425819783,0.7169,1310.09,0.75,0.52,2,0,9,502,0.8746772652007648,0.042,75.17832589460565,0.57,72.93221859334749,0.41,75.66,0,11480,Moderate
Brazil,South America,1,Agriculture,62.62285951185033,58.92126819336202,63.17246740738346,73.08708886718716,0.1303,134.49,0.63,0.2,2,0,45,35021,0.9165751918359326,0.035,84.46913596401116,1.15,63.16216500867884,0.56,70.25,1,1743,Moderate
Brazil,South America,1,Agriculture,55.720859451243406,52.3676424136444,70.49314216473778,49.88565993339966,0.9313,983.49,0.62,0.55,2,0,43,6062,0.8915279166656871,0.012,76.4070690011894,0.53,68.50001445916855,0.85,74.09,1,8197,Moderate
Brazil,South America,2,Agriculture,71.88954012440016,62.472018606599,72.33527453035609,81.96559520026676,0.7829,1435.73,0.6,0.61,2,1,45,5328,0.903700519556897,0.027,85.21553260114815,0.68,51.95289200510507,0.66,71.43,1,512,Low
Japan,Asia-Pacific,3,Agriculture,49.109552155107075,56.1676681433393,55.82839509888651,49.67866422804436,0.8982,319.82,0.54,0.58,3,0,37,42690,0.8799344612524136,0.014,66.52137625736412,0.83,86.59941943674654,0.69,75.58,1,9918,Moderate
Malaysia,Asia-Pacific,2,Agriculture,47.23006730010856,25.958141737224004,52.98724821150645,41.521947608583375,0.2751,124.65,0.41,0.47,2,0,10,29265,0.8956490812266166,0.023,67.01845133446147,0.92,72.27577017876229,0.65,86.99,1,9491,Moderate
Japan,Asia-Pacific,2,Agriculture,66.71077631398438,56.2855802806049,69.17868582676901,66.17182405114119,0.8546,1038.48,0.58,0.59,2,0,5,49982,0.8520324973651319,0.037,68.78575201733437,0.77,81.30803601243191,0.7,77.82,1,428,Low
Brazil,South America,2,Agriculture,54.63969613636686,50.066218922931974,65.82698345573587,53.00391961044859,0.9484,135.5,0.55,0.44,2,0,45,33733,0.8375019733584621,0.053,75.13165347414423,0.8,52.81243415612863,0.53,87.36,1,11863,Moderate
Malaysia,Asia-Pacific,2,Agriculture,59.338178600404525,55.94359870990039,66.69807501339758,64.16249372467006,0.9634,82.71,0.61,0.51,2,0,41,30002,0.8433537597275769,0.035,66.54277851437435,0.67,78.3622857633643,0.71,85.97,1,10979,Moderate
Malaysia,Asia-Pacific,3,Agriculture,64.05568668756388,66.2490157297379,63.74269788337857,65.61027919874527,0.9633,1234.16,0.57,0.5,3,0,39,25451,0.8423931043869015,0.036,66.88849632052282,1.17,83.478014777164,0.72,82.68,1,994,Low
Japan,Asia-Pacific,2,Agriculture,50.27396076389558,57.92091517964759,43.59807780363501,55.0815273499393,0.8143,424.91,0.72,0.15,1,0,21,13037,0.8670185202302131,0.045,53.39567079960514,1.06,79.74355235543176,0.73,75.95,1,9240,Moderate
Malaysia,Asia-Pacific,1,Agriculture,70.10786214983773,86.93089135876701,68.99813094058507,72.25876787825975,0.6972,1384.41,0.81,0.43,2,1,13,46085,0.8515596138074666,0.037,63.278420123358714,1.18,85.9325049726672,0.67,83.06,1,10633,Moderate
USA,North America,2,Agriculture,56.838292056300055,54.723038588874275,66.75390920219522,53.14146835820864,0.8372,199.64,0.61,0.38,2,0,13,30662,0.8824273007725048,0.016,64.96200088072828,0.66,84.3832088758714,0.77,80.75,2,8604,Moderate
Malaysia,Asia-Pacific,3,Agriculture,68.47710295768061,62.62077148813076,73.02893954691386,81.37576485084944,0.718,1218.9,0.42,0.54,0,0,39,23651,0.8625860830692161,0.032,74.40434180103969,0.77,60.34333712205853,0.6,81.51,1,659,Low
Brazil,South America,2,Agriculture,58.145522981952304,68.67906407299266,68.61361646623216,64.87850691522604,0.8842,155.81,0.42,0.57,2,0,47,33665,0.8988143322810547,0.032,75.61129081853065,0.85,53.89111597216816,0.52,80.07,0,11045,Low
India,Asia-Pacific,3,Agriculture,50.58223301543037,15.003590262832985,49.64552588237685,51.90393267305123,0.7591,323.63,0.44,0.56,2,0,46,8702,0.9429964551985776,0.034,70.63899403179896,0.77,61.31326183182975,0.76,77.4,0,9943,Moderate
USA,North America,2,Agriculture,56.324061013761074,62.93480931056352,66.41249099701211,71.87454187275081,0.8619,197.32,0.58,0.29,2,0,43,5009,0.946678966063291,0.046,90.36146623598718,0.69,72.45779235841717,0.86,89.31,2,1407,Moderate
Japan,Asia-Pacific,3,Agriculture,74.47963014435187,75.9881820907686,75.17150451259697,80.52753105982464,0.8707,273.77,0.59,0.09,1,1,42,17703,0.906650812155091,0.034,69.27442667740682,1.04,87.58016967425031,0.67,81.49,1,9375,Low
China,Asia-Pacific,2,Agriculture,52.413245077725925,47.72318007547503,57.869208086949996,53.55130383234716,0.7816,227.89,0.61,0.5,3,0,39,10540,0.9005745867342291,0.053,85.07901039781683,0.41,76.23399244247351,0.8,73.2,1,9581,Moderate
Malaysia,Asia-Pacific,3,Agriculture,70.13787274738863,63.32218733910096,86.57764260257385,81.71009223251363,0.7751,1247.09,0.59,0.59,3,0,39,30544,0.849757696970678,0.041,70.22510159564672,1.23,87.62480732016445,0.75,84.61,1,10123,Low
China,Asia-Pacific,2,Agriculture,66.53133195265033,58.81039898389334,58.023429906040505,60.10215138596845,0.2549,236.35,0.58,0.28,1,0,41,12400,0.9149090170308863,0.037,52.97769363039943,1.11,75.05026759418948,0.76,73.68,2,1092,Moderate
China,Asia-Pacific,2,Agriculture,67.89663391900584,62.01642003003069,64.34012934707259,79.81881892361467,0.7249,517.06,0.8,0.41,1,1,47,14289,0.9175595707346716,0.028,82.4758620798275,1.21,86.85387843950016,0.72,81.78,2,8791,Moderate
Brazil,South America,2,Agriculture,50.928327355018055,61.13483145091323,60.4718904769606,63.36946069250291,0.8999,1423.36,0.53,0.54,2,0,43,895,0.868563559648881,0.04,66.14992006239152,1.11,65.92898425659044,0.64,71.28,1,11429,Moderate
China,Asia-Pacific,2,Agriculture,44.59972089131493,34.15617443947873,53.217747601770434,39.13488190475046,0.8033,423.04,0.59,0.61,1,0,19,11437,0.9302244785820012,0.032,74.98309865400591,0.58,73.66533366867851,0.81,75.18,1,7692,Moderate
India,Asia-Pacific,3,Agriculture,75.18183137327819,67.28237380172132,75.88797279346888,81.93392266101236,0.729,468.83,0.44,0.62,1,0,43,3237,0.9094356040809656,0.022,36.466895344930805,1.06,83.31875583246523,0.63,78.21,0,8307,Low
Malaysia,Asia-Pacific,3,Agriculture,74.01996154451348,93.67438305711178,77.52820020779792,84.19624059064276,0.7953,289.24,0.42,0.58,3,0,37,2182,0.9225523229629421,0.024,64.83389558477498,0.79,58.17635639304339,0.89,73.66,0,8919,Low
China,Asia-Pacific,2,Agriculture,60.128264123327156,60.141843094188296,65.29848594847182,60.533285495109084,0.9245,705.34,0.53,0.13,3,0,22,27747,0.86609723469684,0.03,80.33802892214136,0.88,84.43006170805616,0.83,73.71,2,10476,Moderate
Brazil,South America,2,Agriculture,59.84328124536862,64.08940157714888,68.97892128113865,65.40190643577556,0.6415,190.72,0.61,0.34,2,0,46,36994,0.9271160314267689,0.019,76.66439820659409,0.56,68.88486983522476,0.65,89.47,2,5966,Moderate
Japan,Asia-Pacific,3,Agriculture,62.79249292283968,89.75225106208215,69.45668074290195,63.726995585192576,0.7568,1318.89,0.57,0.47,0,1,46,7605,0.8941470789529269,0.032,70.54806061502953,0.69,78.56894641822906,0.73,82.87,1,2120,Moderate
USA,Asia-Pacific,2,Agriculture,62.44662332945385,60.45340273185381,58.00422448480529,67.79056950953763,0.4074,287.85,0.57,0.15,1,1,24,8393,0.8443892169181397,0.026,65.56279233729083,1.53,81.49165205036468,0.74,88.52,2,486,Moderate
Brazil,South America,2,Agriculture,62.711040915177456,46.4417145951666,66.87493223551914,55.9155336619765,0.8894,195.5,0.32,0.52,2,0,39,36893,0.8597509847884564,0.045,70.20694453371505,0.78,62.57274067288151,0.5,73.51,0,1138,Moderate
Japan,Asia-Pacific,3,Agriculture,68.48934040453577,62.27421735037804,77.55316302053372,63.58023323224663,0.9809,771.51,0.72,0.41,1,1,45,10195,0.8608320477652418,0.032,63.99405135524453,0.85,83.34043766382037,0.77,78.01,1,9701,Moderate
USA,North America,2,Agriculture,47.401942878467324,14.804756448079923,48.70400974278044,43.84148932112233,0.0924,346.5,0.49,0.56,1,0,42,35625,0.9416475696747603,0.025,84.53867764184533,0.84,57.23793865396734,0.16,73.93,1,9179,High
Brazil,South America,2,Agriculture,55.67951909661148,36.84584554562015,67.33389884744257,51.25354658953513,0.8519,1315.05,0.47,0.57,2,0,37,4637,0.8890418973845136,0.037,72.70325528074281,0.59,62.20470971148509,0.68,76.9,0,9007,Moderate
Brazil,South America,2,Agriculture,45.445485355876286,19.351913337995803,53.443190140469966,38.78927213655701,0.8776,299.95,0.5,0.52,2,0,41,29740,0.9339664162960118,0.035,73.53478715258711,1.26,79.23542496725918,0.72,72.21,1,7525,Moderate
India,Asia-Pacific,3,Agriculture,77.37635249728788,78.56969614585076,86.60817698153991,75.05878909161602,0.8781,333.9,0.45,0.44,0,0,42,4369,0.8375249729508261,0.021,71.44592251246735,0.88,58.969672967089004,0.87,61.94,0,10134,Low
USA,North America,2,Agriculture,62.23130363667243,49.51987811309197,64.42302578239747,57.21681192385822,0.9219,225.62,0.53,0.23,1,0,39,38465,0.8271791532247555,0.029,75.38705284409242,0.71,74.00213116573265,0.72,83.46,2,1019,Moderate
Japan,Asia-Pacific,2,Agriculture,71.8146462657712,62.01284713877713,72.79852542972145,62.542439654678056,0.8852,1273.2,0.57,0.57,0,0,42,8250,0.8628985841393544,0.032,67.74721043294335,0.67,73.14051074839122,0.87,74.94,1,886,Moderate
Japan,Asia-Pacific,2,Agriculture,60.88865014495789,59.520360695071695,60.926810242156215,62.659740058271005,0.894,771.92,0.48,0.66,2,1,41,49363,0.7970131286563205,0.031,80.0242140462333,0.92,87.1211005760758,0.76,78.01,1,9231,Moderate
Malaysia,Asia-Pacific,2,Agriculture,61.091208888718505,38.1885329079824,65.85879810587882,51.46551303748224,0.935,1498.12,0.79,0.48,2,0,10,29937,0.8365923749031464,0.03,71.43715423012847,0.57,80.12757851462668,0.61,83.94,0,8944,Moderate
India,Asia-Pacific,2,Agriculture,61.836204039883086,59.43665357695369,58.94928787443216,70.44720855410206,0.838,350.65,0.63,0.55,2,1,40,48583,0.8354667455688359,0.034,81.84239115075624,1.26,82.77337101390269,0.8,79.49,1,8120,Moderate
Malaysia,Asia-Pacific,2,Agriculture,61.07286785731018,58.57548514586875,63.36251606418793,69.87133986966289,0.8553,210.14,0.62,0.52,2,0,14,47471,0.9182313867488204,0.045,70.22662328355612,0.85,79.39972367605827,0.68,84.08,2,9330,Moderate
USA,Asia-Pacific,1,Agriculture,74.24919264670439,89.06832812487357,85.98332149355171,77.93562002992479,0.8272,1255.82,0.51,0.49,0,0,39,23932,0.85647667193263,0.026,68.67833266663096,0.83,57.47428829370797,0.81,74.63,0,10193,Low
Malaysia,Asia-Pacific,2,Agriculture,65.80316426929494,62.51267042147924,63.54492752836071,74.43374734803501,0.9228,851.46,0.56,0.53,2,0,36,47542,0.8582993673279575,0.039,72.4897074518195,0.73,79.93588248975706,0.71,79.37,1,10168,Low
China,Asia-Pacific,1,Agriculture,68.24565969275548,65.46945832796581,79.36004811266662,88.16178078672353,0.0766,374.21,0.61,0.45,3,1,44,49982,0.8775517801096577,0.027,72.62023230932411,0.98,80.53399750816543,0.75,83.86,1,10609,Low
Japan,Asia-Pacific,3,Agriculture,65.93219767903173,63.24648415530756,78.3369820693574,62.08100860039646,0.9058,1221.37,0.53,0.57,3,0,41,32741,0.8551721998110439,0.033,71.94501962283539,0.82,80.2264849316107,0.76,85.46,1,9621,Low
India,Asia-Pacific,3,Agriculture,57.42264781570456,46.99302363485816,62.066905490263366,53.059950202154866,0.882,263.12,0.82,0.53,2,0,43,44780,0.8490428851025588,0.018,72.7259525966266,0.98,83.81828162153354,0.76,80.93,1,10269,Moderate
China,Asia-Pacific,1,Agriculture,56.46989747700261,61.91882575275204,55.37323590905504,58.58287583707278,0.9328,211.44,0.59,0.22,1,1,47,5941,0.8458280255365401,0.025,48.063055524500456,0.84,81.21889486212311,0.68,70.26,2,2785,Moderate
Japan,Asia-Pacific,3,Agriculture,71.6356152814798,81.54514404409298,80.51609311116574,77.83355214927111,0.8062,325.24,0.58,0.5,1,0,39,11723,0.9137622509750154,0.028,70.00747355737285,0.78,74.54980331791756,0.86,77.99,0,9576,Low
Brazil,South America,2,Agriculture,62.529693210187396,61.095661258267356,64.0824224286429,65.35230419437157,0.9506,230.19,0.55,0.65,2,0,39,3877,0.9705740087260726,0.037,88.11410234958556,0.55,80.86879022961443,0.8,79.02,1,294,Moderate
Japan,Asia-Pacific,2,Agriculture,64.01302274804988,86.91750156765657,67.06064176600059,80.52484563896726,0.8437,370.01,0.63,0.14,1,1,40,10212,0.8680078860052254,0.035,59.02735305690762,1.38,87.58460078164684,0.74,76.96,1,8642,Low
Brazil,Asia-Pacific,2,Agriculture,55.970289830980256,30.197024193596782,47.11012347492487,47.868549559632825,0.3178,346.1,0.41,0.59,1,0,41,37865,0.8672924411745084,0.041,77.28860159884577,1.08,73.7690030733952,0.23,78.8,0,8716,Moderate
China,Asia-Pacific,1,Agriculture,53.51151260257418,30.008163299731322,54.77538118609105,50.11571341409655,0.9237,235.16,0.62,0.48,2,0,43,16775,0.9574622391758715,0.043,62.28380371983936,0.83,81.53605498569821,0.72,77.32,1,8731,Moderate
Malaysia,Asia-Pacific,3,Agriculture,70.27492916820182,83.0785026514042,72.16631155497215,83.42309310523277,0.7979,56.76,0.58,0.53,3,1,40,45873,0.8862523052602711,0.028,80.76918370038459,0.82,80.24887825974238,0.71,84.02,1,9359,Low
Malaysia,Asia-Pacific,2,Agriculture,64.01128523623335,61.09582416116361,65.27075265001915,64.4675545988738,0.9449,146.21,0.72,0.4,2,0,46,23164,0.8459139075080169,0.029,71.00851047234858,0.86,87.25173268118115,0.76,82.92,1,11352,Moderate
India,Asia-Pacific,3,Agriculture,80.60048277416115,61.490133230730095,80.81026629363485,86.38676379587028,0.6969,335.86,0.59,0.61,3,0,13,37064,0.8739493523380734,0.03,70.82846954917301,0.96,84.93979980613148,0.84,75.04,0,9266,Low
Malaysia,Asia-Pacific,2,Agriculture,62.00767493507706,58.5106554083529,63.918265592791236,62.27058168254825,0.8735,207.72,0.63,0.54,2,0,15,41777,0.9432460511812121,0.026,69.61001964959371,0.58,60.98703263499833,0.67,78.16,1,11063,Moderate
Malaysia,Asia-Pacific,1,Agriculture,62.30552587733398,24.041957631592986,60.77510031871047,56.9969937115263,0.7793,1125.64,0.8,0.54,2,0,43,46770,0.8669711480674684,0.023,69.5956138007065,0.72,83.56835822876043,0.73,68.89,0,10343,Moderate
USA,North America,1,Agriculture,69.58565761400764,63.56090993824837,68.38896435105762,73.01986239510029,0.6419,400.29,0.6,0.35,2,1,47,49261,0.8576322459517044,0.023,81.6577699950155,1.0,93.47246953482737,0.74,73.31,2,10026,Moderate
USA,North America,2,Agriculture,62.107720223704995,64.61427323033321,67.04994973257266,55.444321874510074,0.169,191.32,0.61,0.43,2,0,20,47468,0.8315701128722097,0.036,76.00454240275774,1.04,78.46976912953176,0.63,84.03,2,11130,Moderate
India,Asia-Pacific,2,Agriculture,54.381693801257505,45.285199058601194,56.056152262388416,50.674250006931274,0.8118,1335.06,0.76,0.55,2,1,20,47508,0.8909351460365449,0.046,71.97572908420159,0.99,72.36626943050166,0.77,75.89,1,8976,Moderate
Brazil,Asia-Pacific,2,Agriculture,61.719521361506494,62.60294629852332,64.06060777452049,61.0522601302131,0.8875,156.01,0.6,0.57,2,0,43,18641,0.9375997587265604,0.028,92.32367975923876,0.66,92.66524603849469,0.68,74.85,2,51,Moderate
India,Asia-Pacific,2,Agriculture,66.8553460580494,50.49607541457167,68.55625454819256,49.43308285629235,0.9727,1109.33,0.61,0.6,2,0,42,46114,0.8325002727130565,0.033,72.27266912215129,0.73,83.34929418735332,0.77,81.69,1,9854,Moderate
China,Asia-Pacific,1,Agriculture,67.75358223646548,58.43639569739981,80.9645152028994,75.03293230617325,0.756,303.94,0.58,0.45,1,0,43,5232,0.9509281996924238,0.042,67.99302248551967,0.88,75.83288340479649,0.8,82.71,1,1009,Low
Brazil,South America,2,Agriculture,51.31681106658673,29.36001583919088,63.118859455963104,49.69937284423408,0.6809,153.67,0.49,0.64,2,0,39,39804,0.9453219451528027,0.021,79.56059119629514,0.7,66.51229832138809,0.25,73.53,1,589,Moderate
Japan,Asia-Pacific,2,Agriculture,47.72315152693276,47.969378628481984,55.96627569926181,48.50739762961645,0.7764,253.78,0.59,0.64,2,0,18,14871,0.9714340064731125,0.028,70.39098168147856,0.63,74.62116406055542,0.69,71.16,1,128,Moderate
USA,North America,1,Agriculture,72.91475855383007,51.369294810007204,78.98057807590061,80.66830260378349,0.0721,250.99,0.58,0.5,1,1,41,7673,0.8640254330307962,0.044,87.29213176424473,0.96,80.97770500022995,0.69,72.18,2,603,Moderate
Japan,Asia-Pacific,3,Agriculture,66.96748794578288,47.47703778947487,63.48274521150981,64.61804618263615,0.9156,1423.92,0.77,0.48,3,0,40,46445,0.8458712158622389,0.035,67.93996535588921,1.02,78.29710010619371,0.75,77.66,2,11346,Moderate
India,Asia-Pacific,2,Agriculture,54.51426693481782,35.31451746067012,51.75691728317118,52.85068816739746,0.828,288.63,0.77,0.6,2,0,47,12954,0.9466434066859936,0.051,59.92872248139405,0.82,90.67829682922795,0.75,72.32,1,9846,Moderate
Indonesia,Asia-Pacific,2,Agriculture,52.77567161378302,55.532933005316025,53.86268508512644,47.61573847414885,0.7285,182.76,0.62,0.58,2,0,12,45573,0.8735388454658134,0.024,72.75665399670241,0.82,80.65254018868846,0.73,77.16,1,11354,Moderate
USA,North America,2,Agriculture,49.32491014257419,61.850240945587586,65.0797120847631,51.91860753907233,0.9748,214.46,0.45,0.49,2,0,42,44946,0.9251422438509037,0.036,67.76303855966458,0.79,88.98387460305781,0.66,82.66,1,10167,Moderate
China,Asia-Pacific,2,Agriculture,58.15144539667176,39.54968519698475,38.599096760026924,54.640420627813214,0.7286,187.73,0.47,0.18,1,0,40,10553,0.8799403288284967,0.014,55.81383898873833,0.85,79.50526630271796,0.71,79.43,0,9614,Moderate
Malaysia,Asia-Pacific,2,Agriculture,58.82403676865816,46.57560721999672,57.823645161259826,59.02871198342167,0.9078,119.45,0.57,0.59,2,0,44,26764,0.8453457919591911,0.026,71.52662140249029,0.78,77.91798906427263,0.67,78.67,1,201,Moderate
Japan,Asia-Pacific,3,Agriculture,62.79961605042121,56.91140618155807,74.00671785307318,64.96017277775039,0.9417,1102.09,0.73,0.47,2,0,42,3839,0.8856208886561793,0.047,68.21914301684407,0.61,56.612513616803824,0.54,88.2,1,10294,Moderate
Malaysia,Asia-Pacific,2,Agriculture,62.6598044337791,59.148126285298645,70.36761016811313,58.63604597720646,0.7869,130.71,0.63,0.63,2,0,7,47553,0.9261469125932908,0.029,69.11846456070634,0.68,79.267673112229,0.6,75.86,1,11155,Moderate
USA,North America,2,Agriculture,68.52790802808109,76.18993233663076,76.1050869740346,68.61235536746337,0.7932,184.38,0.59,0.36,1,1,42,9131,0.9441162492242683,0.028,89.99507495946662,0.9,88.94138148003141,0.77,72.7,1,10277,Low
China,Asia-Pacific,2,Agriculture,57.279470590748616,60.3564127987689,58.99174367452394,60.376441387474614,0.5213,271.94,0.59,0.59,3,1,38,44476,0.8962390920799652,0.018,72.1528703326017,0.81,78.54191492680933,0.71,73.89,2,8622,Moderate
Brazil,South America,2,Agriculture,64.9712711320688,51.98637839967336,66.157483387416,65.85624523784773,0.7221,1346.37,0.57,0.5,2,0,40,28091,0.8397095917664267,0.039,80.18361950461986,0.56,60.31014937842653,0.63,90.16,1,98,Moderate
China,Asia-Pacific,1,Agriculture,46.39984909916097,48.885520700079354,55.81060723565573,51.7713392406195,0.8684,463.41,0.79,0.4,1,1,10,46741,0.8573389589317719,0.04,69.04332456573665,0.99,79.80042466318918,0.77,82.56,1,8013,Moderate
USA,South America,1,Agriculture,77.84803468868381,70.96880355224611,76.83854905978623,80.37869919037766,0.236,1101.98,0.45,0.54,3,1,43,7175,0.925707164655592,0.024,76.24456873857402,0.8,56.90359799268346,0.16,68.3,0,10887,Low
Malaysia,Asia-Pacific,2,Agriculture,68.81291906686249,59.70231290108513,85.42354832086505,82.3861606327351,0.9443,1234.0,0.57,0.64,3,0,41,27626,0.92950589803624,0.027,70.95989653764026,0.62,76.44361292334328,0.71,74.95,1,9217,Low
Malaysia,Asia-Pacific,2,Agriculture,61.21145531843745,57.817962992087246,68.78040940972522,52.901893838034056,0.9579,1215.17,0.57,0.57,3,0,38,45136,0.8277313554062364,0.026,67.49637590111102,0.66,81.11681015899804,0.75,82.17,1,11005,Moderate
Malaysia,Asia-Pacific,2,Agriculture,59.41468531542699,59.838354349144105,64.10084740307981,64.44629075698202,0.8825,178.33,0.57,0.58,2,0,44,18294,0.8618570156490236,0.048,61.29807319248188,0.62,70.22018873367983,0.7,79.08,1,1193,Moderate
Japan,Asia-Pacific,3,Agriculture,63.11271285929055,69.08175182851586,83.95234029865466,64.88667196086239,0.9646,415.75,0.73,0.56,1,0,46,12626,0.8753271403750333,0.026,70.27566084154677,0.85,88.33202109865755,0.75,77.52,1,8444,Moderate
India,Asia-Pacific,2,Agriculture,60.55924322611899,44.83242869939421,68.4658113170869,56.823638206268825,0.8196,1212.76,0.8,0.4,2,0,8,49110,0.8934764787064928,0.034,70.63461847926068,0.73,79.67337848485447,0.72,86.97,2,9162,Moderate
Malaysia,Asia-Pacific,2,Agriculture,45.700277751590065,63.59678442553545,62.051968128284656,63.71655157376635,0.9499,1399.61,0.8,0.43,2,0,13,27794,0.8552880818587392,0.025,68.59373675683345,0.6,62.28221500374855,0.69,86.42,1,10706,Moderate
India,Asia-Pacific,3,Agriculture,62.235713537495165,48.50536583308706,58.479098286142445,57.49323250919822,0.945,1146.72,0.75,0.42,3,1,43,41954,0.8199777165024845,0.032,73.83937911114238,0.86,85.40057956755025,0.69,83.56,1,11324,Moderate
Japan,Asia-Pacific,3,Agriculture,58.706202976366505,53.61062069832986,61.993847808238556,64.84725074073813,0.9466,154.3,0.79,0.49,2,1,14,43294,0.8143215415484656,0.027,74.78839468546796,0.91,78.62879231697765,0.78,83.68,1,9555,Moderate
China,Asia-Pacific,2,Agriculture,57.86592668697573,46.860917417157445,60.98595207970615,44.621280067429154,0.8327,913.67,0.58,0.31,2,0,8,1645,0.9246565148544214,0.015,68.27718567357765,0.68,75.3118917774358,0.74,76.03,1,8596,Moderate
India,Asia-Pacific,3,Agriculture,69.89706877932417,88.55852321583042,86.28929195839783,79.78081300686169,0.846,1136.15,0.5,0.55,3,0,39,30722,0.8732034620729514,0.051,78.06239397581793,0.83,78.76224669321914,0.69,78.05,0,10863,Low
China,Asia-Pacific,3,Agriculture,69.5022124797412,89.75832748647524,86.48658334258691,79.6782721081842,0.8319,458.06,0.56,0.15,1,1,39,3786,0.9290143405759129,0.026,45.01362841144379,0.8,73.12045940917247,0.79,74.57,1,9607,Low
Malaysia,Asia-Pacific,3,Agriculture,67.29500569925385,67.6362067067937,72.96919139530613,87.4153875016839,0.8832,1452.42,0.65,0.61,2,0,41,9977,0.8474970672810463,0.02,72.60496523027369,0.83,88.18372947397705,0.67,68.81,0,10821,Low
Japan,Asia-Pacific,3,Agriculture,65.32903820962765,65.91890302455988,76.2787058796608,62.70988956852317,0.9595,1244.35,0.57,0.59,3,0,42,5112,0.8587739099140208,0.031,72.31769746385957,0.66,91.3555375325879,0.62,84.28,1,11417,Low
USA,North America,2,Agriculture,58.466274926980155,48.925355398544646,47.52469969215506,58.32136189225615,0.0423,357.2,0.44,0.69,1,0,42,35660,0.9232402813606942,0.034,69.71436108892242,1.4,83.52365657198034,0.75,73.51,1,9929,Moderate
USA,North America,2,Agriculture,52.64989881662358,47.35246831989671,44.52548169157287,50.92827731927496,0.7359,209.02,0.59,0.61,1,0,38,5154,0.9425509650671858,0.026,75.369789665587,1.34,80.4255042745056,0.75,76.18,1,656,Moderate
China,Asia-Pacific,2,Agriculture,64.61410842268603,51.813784930830614,61.58713621837593,62.59997409454209,0.9199,321.59,0.64,0.45,3,1,11,9544,0.8837843661618571,0.033,59.98720169892272,0.99,80.19682236252277,0.76,74.07,2,9274,Moderate
USA,North America,1,Agriculture,67.28134533405158,66.89291671588892,75.5461302255611,79.42480096865951,0.7001,248.2,0.62,0.35,2,1,13,49711,0.8574950219404608,0.039,71.25472656312289,1.39,98.06212352184538,0.86,79.56,1,8816,Moderate
Brazil,Asia-Pacific,2,Agriculture,76.71338509146526,62.50650096070517,74.02771320298653,77.08040636780375,0.8402,1307.41,0.61,0.54,2,0,39,2616,0.8663675011719182,0.036,71.0673876068765,0.76,82.19786135528929,0.74,76.26,1,8205,Low
Japan,Asia-Pacific,2,Agriculture,69.57343667386674,74.15549406562924,69.82683783754705,66.19679145676098,0.7791,1365.08,0.66,0.48,2,0,11,3817,0.8620314744861608,0.049,68.28056535153353,0.57,77.42336183895732,0.81,81.59,1,8511,Low
Malaysia,Asia-Pacific,1,Agriculture,65.97507181214698,81.86989079378623,72.14408260286645,74.54327515690028,0.0986,1293.56,0.62,0.51,0,1,45,44569,0.9406459928228286,0.019,37.726720717122845,1.36,73.66644867065895,0.76,69.49,0,10095,Low
USA,Asia-Pacific,1,Agriculture,63.68563072270826,90.34456998533838,73.0861108039335,76.27541587988938,0.947,249.71,0.6,0.16,1,1,40,12672,0.9235858410949049,0.02,80.12882224554929,0.91,87.69146728878366,0.78,77.01,2,597,Moderate
USA,North America,1,Agriculture,78.79038524750585,74.66093237353057,70.98068814658481,75.50912710406057,0.2488,254.18,0.47,0.63,1,1,43,46293,0.9004589890289187,0.027,54.25097123659458,0.88,86.51112783093389,0.7,72.81,0,8900,Low
China,Asia-Pacific,2,Agriculture,73.35547661249639,67.70818735605712,82.44600659798346,60.55888929615827,0.0772,339.6,0.57,0.57,3,0,38,48852,0.9205809665235573,0.022,80.67507851895465,0.78,82.47786078542192,0.66,75.2,1,9742,Moderate
Brazil,South America,2,Agriculture,62.21531975497765,60.07945439342544,65.29031505458133,58.980242412722234,0.8089,60.57,0.56,0.63,2,0,15,31855,0.9063749865808988,0.028,78.31571542750287,0.85,78.69924432158527,0.69,83.08,1,11224,Moderate
USA,Asia-Pacific,2,Agriculture,68.86576662683271,61.34460944180096,62.613293157349425,79.1790096904488,0.8601,134.76,0.62,0.45,2,0,13,12354,0.8575785410197609,0.039,82.12466761741405,0.62,77.29697168963504,0.66,78.1,2,51,Moderate
Brazil,South America,1,Agriculture,70.53469529341305,78.86455610653589,77.52105336924633,70.18110649969327,0.8588,912.15,0.5,0.51,0,1,41,42978,0.9095015798783906,0.024,72.28950816945611,0.98,70.40103846982484,0.79,70.54,1,8000,Low
Japan,Asia-Pacific,2,Agriculture,57.83970575617105,54.8724228355625,65.18836424653999,61.76953273485161,0.9329,69.38,0.69,0.5,2,0,47,1859,0.883032608937622,0.022,73.88248810914288,0.56,60.77057105165481,0.52,82.36,1,10678,Moderate
China,Asia-Pacific,2,Agriculture,64.5737267617671,79.13081472354058,69.33032975158883,65.33585468329343,0.6853,372.94,0.65,0.36,1,1,9,12522,0.9098399314067078,0.033,77.17303177943735,0.72,70.20772280948384,0.65,79.51,1,10502,Moderate
Japan,Asia-Pacific,2,Agriculture,56.96578248228456,51.54309681246876,51.921806615748885,44.869787979665205,0.8055,539.88,0.75,0.45,1,0,22,7912,0.9110535389121711,0.028,68.73043327343174,1.06,75.60716638013244,0.72,77.15,1,9812,Moderate
Malaysia,Asia-Pacific,2,Agriculture,50.307031661337994,41.31244518071114,55.25501355000057,55.641837196381054,0.0854,1244.04,0.57,0.62,2,0,38,28634,0.8544625808500951,0.032,79.37415587971185,0.71,84.46830716387181,0.71,80.44,1,878,Moderate
Japan,Asia-Pacific,2,Agriculture,65.81679620631499,60.911609088468126,60.99498433388416,57.10395210003969,0.844,268.48,0.44,0.51,0,1,15,13775,0.9048061898381651,0.022,63.75429802262997,0.92,81.70988194238325,0.75,84.5,1,10556,Moderate
USA,North America,2,Agriculture,60.47741473581183,57.93804437545277,66.20889900091548,62.287061189619806,0.0759,301.85,0.62,0.65,2,0,43,17727,0.8956592550778871,0.029,82.53411532296522,0.94,82.68398383113785,0.77,75.77,1,1200,Moderate
Brazil,South America,1,Agriculture,72.03663725635613,78.6446203981619,84.71404825422022,72.16177255919415,0.8597,813.2,0.65,0.41,2,0,15,5195,0.8459090171947258,0.047,63.8758443251816,0.56,66.82235367555593,0.52,84.27,1,11289,Low
Indonesia,Asia-Pacific,2,Agriculture,48.0128910586394,19.453330675335653,47.22244398578525,36.771073820684926,0.6767,1354.34,0.51,0.58,2,0,14,10146,0.9076058639986366,0.037,73.91167432368172,0.75,75.39141414355859,0.7,76.57,1,10406,Moderate
Japan,Asia-Pacific,3,Agriculture,53.894149081980544,45.266359885025636,65.28519310660418,56.86549958539151,0.9313,1445.33,0.43,0.55,2,0,38,1068,0.8953702751876572,0.022,73.60519037618484,0.68,83.5650861132201,0.65,71.01,0,11999,Moderate
Japan,Asia-Pacific,3,Agriculture,65.56441910211802,67.50887759749533,71.40018016925167,74.84871406133318,0.8355,273.77,0.56,0.4,1,1,46,11413,0.8667197487303554,0.026,66.58420591897831,0.76,82.61000678456237,0.82,78.43,1,810,Low
Japan,Asia-Pacific,2,Agriculture,58.44508613221416,54.745454898032214,58.366226313095254,61.13312505288014,0.9834,409.81,0.81,0.51,1,1,28,16670,0.8874349629865081,0.02,50.842515754294716,0.64,79.46937938918946,0.78,76.37,2,8150,Moderate
Japan,Asia-Pacific,3,Agriculture,67.26906041277884,55.20709729535997,70.16237186904668,61.56056758449475,0.8152,75.76,0.82,0.54,2,0,8,47864,0.8365970701794896,0.036,66.12165818442719,0.84,62.87440555545941,0.72,77.3,1,8206,Low
USA,Asia-Pacific,1,Agriculture,79.28381574999996,93.94279928024658,100.0,79.9314095760009,0.5532,495.6,0.58,0.46,1,1,40,10912,0.9145483796538919,0.023,78.77597547665583,0.78,79.74788112851755,0.75,73.47,1,9609,Low
Brazil,Asia-Pacific,2,Agriculture,63.20185200760664,83.02674432709685,57.91905687496302,74.29665074012796,0.7517,1367.64,0.54,0.49,2,1,38,33442,0.8863195120247822,0.035,70.8583446386855,1.47,89.5931298802062,0.82,82.68,1,538,Moderate
Malaysia,Asia-Pacific,3,Agriculture,57.091315251344454,54.373624130126906,67.91153048231645,54.85149395427577,0.9268,162.02,0.74,0.47,2,0,14,3437,0.8423484458821023,0.019,75.558001566469,0.77,68.52531214111698,0.52,79.8,1,11999,Moderate
Brazil,South America,1,Agriculture,67.92478500402282,66.00600882432158,65.85646562544734,80.23825796874104,0.8971,1490.63,0.6,0.41,2,0,42,29662,0.8741554828378449,0.051,68.69029330819168,1.25,59.835158746600335,0.6,76.89,1,9365,Low
Japan,Asia-Pacific,2,Agriculture,74.68262876950676,82.55419406883807,80.67824154936801,76.33166292545377,0.714,1288.37,0.63,0.41,1,0,11,8870,0.9039332051538623,0.004,69.40165969665668,0.56,76.44625094804323,0.8,83.05,1,10566,Low
India,Asia-Pacific,3,Agriculture,50.110796255732375,14.757292427767656,36.94759604090728,51.06820029810234,0.8755,1426.42,0.44,0.45,2,0,40,4563,0.8721631896389637,0.038,65.07718833388282,0.89,68.25618899294861,0.81,76.15,0,8337,Moderate
USA,North America,2,Agriculture,55.79195994171532,40.557419878661605,41.43067883738153,47.188893510007986,0.2127,459.23,0.43,0.55,1,0,42,6518,0.8595661015304988,0.044,77.00633750645717,0.85,84.90939659149906,0.71,73.63,1,214,Moderate
Malaysia,Asia-Pacific,3,Agriculture,77.31231172039895,56.14166933607004,83.9038804034574,86.2730245053982,0.1554,1189.59,0.59,0.66,3,0,40,45349,0.9150572541118153,0.027,75.41807479615422,0.8,79.25236089119144,0.81,77.3,1,8685,Low
Japan,Asia-Pacific,2,Agriculture,59.172039929310294,64.43044374815362,61.643917443582964,67.04724070735911,0.8077,1427.16,0.58,0.43,2,0,8,12020,0.8392041178000481,0.031,70.32441734167192,0.47,75.74920426810256,0.75,79.47,1,7878,Moderate
USA,Asia-Pacific,1,Agriculture,70.64608659148053,100.0,87.47569715118826,73.95200427365931,0.7436,338.98,0.64,0.25,1,1,36,8784,0.8881928666206278,0.047,76.90654331678965,0.68,68.87105558752295,0.84,72.98,1,9022,Low
India,Asia-Pacific,3,Agriculture,51.85622635481118,52.880082772066864,49.85507383237372,54.36722752332822,0.7643,211.08,0.8,0.49,2,0,10,9241,0.8604090346363009,0.031,70.90361019732146,0.58,79.11076131156406,0.78,74.08,0,8082,Moderate
China,Asia-Pacific,1,Agriculture,73.66756203723398,86.20611525156087,79.2377236063672,76.51054209948559,0.7691,329.41,0.64,0.42,1,1,49,14738,0.8851745334739369,0.031,59.6560070772529,0.95,89.64214295205609,0.65,87.59,1,8825,Low
Brazil,South America,2,Agriculture,49.95566621371215,54.74691907009166,55.38093515839099,36.02236891025434,0.0256,1352.77,0.59,0.25,2,0,7,33519,0.8885172649195742,0.029,85.74064278310756,0.89,76.59465815920542,0.6,71.51,1,830,Moderate
Indonesia,Asia-Pacific,2,Agriculture,52.98848046828515,59.3030125595952,63.990636963231594,59.25131063445816,0.8973,82.36,0.61,0.55,2,0,14,46161,0.9183714554449126,0.021,71.62422135873031,0.61,77.49983351254602,0.76,79.84,1,10708,Moderate
India,Asia-Pacific,1,Agriculture,57.03112646014395,52.70972918943709,66.16171118853836,60.47620766782597,0.8567,1090.84,0.61,0.58,3,0,42,44079,0.8604736659248546,0.048,72.19343753891464,0.43,89.62041960666883,0.8,70.43,1,9874,Moderate
China,Asia-Pacific,2,Agriculture,53.69665384222795,39.86893883830694,53.336033552459234,42.42847395605986,0.9168,117.09,0.62,0.53,2,0,12,7644,0.9195865157130477,0.03,66.48394939082817,0.62,59.14561526500376,0.63,75.47,1,11826,Moderate
Brazil,South America,2,Agriculture,63.090844791224114,56.2860879186299,64.21430201725168,59.33212908769819,0.6845,305.06,0.57,0.4,2,0,33,44242,0.9094802663937681,0.021,84.30510811987982,0.63,72.09288792487976,0.65,70.24,1,1716,Moderate
India,Asia-Pacific,2,Agriculture,63.62297588142808,65.97712353421,65.83167024819882,65.82187928122586,0.7035,458.14,0.61,0.47,2,0,48,12244,0.9149874967638969,0.034,82.9878484707325,0.45,93.47976568121474,0.83,78.07,1,10809,Moderate
Malaysia,Asia-Pacific,1,Agriculture,76.93820772274704,77.85234948166799,78.54534509324125,83.0252249114237,0.652,1373.59,0.65,0.55,0,0,42,3396,0.8557621898376748,0.041,67.14637096509847,0.7,63.21700607781163,0.74,80.36,0,8059,Low
China,Asia-Pacific,1,Agriculture,71.64637801552915,62.02683934334086,80.68207003853651,69.81272719346951,0.4247,50.19,0.59,0.46,1,1,50,13422,0.9240229884324745,0.043,58.25639331459126,0.93,89.85741703045063,0.65,78.37,2,10401,Moderate
Japan,Asia-Pacific,2,Agriculture,64.3014687413244,60.57134488427469,68.47191260662213,61.63880163009426,0.7661,1263.31,0.57,0.55,2,0,47,2848,0.9113891611343701,0.027,67.82091620881414,0.44,58.5598880102264,0.84,76.07,1,11701,Moderate
Brazil,South America,2,Agriculture,59.969267244564975,58.593930228376415,68.92144451180172,46.03086446795228,0.2558,120.83,0.4,0.44,2,0,44,30087,0.875843465145969,0.054,63.26586820402483,0.89,66.82800505578398,0.59,78.05,1,9634,Moderate
India,Asia-Pacific,3,Agriculture,79.87358482760212,98.63621152604831,76.66306507899787,81.14276601399318,0.8257,401.72,0.46,0.43,0,0,42,4758,0.9488820929824355,0.028,69.1064083942642,0.59,62.07625482999794,0.9,65.09,0,8948,Low
Brazil,South America,2,Agriculture,63.87888950873835,59.722912823699005,63.12732475173868,46.287878456693875,0.9236,149.96,0.6,0.59,2,0,38,29064,0.8978290875964035,0.016,75.94487942016532,1.13,77.08639725678226,0.64,70.69,1,1009,Moderate
USA,North America,1,Agriculture,66.38904423503124,91.47905763467513,79.03925693559468,84.84684255148504,0.0309,480.5,0.61,0.41,2,1,38,48688,0.9041532652333628,0.031,67.74998360179754,1.38,65.74875209034752,0.9,69.09,1,9859,Low
Malaysia,Asia-Pacific,2,Agriculture,57.51788026785577,46.83070826200873,64.51071563943707,53.256231216162625,0.9274,141.24,0.79,0.53,2,0,10,30702,0.8429837653105117,0.031,72.3720379659977,0.76,84.4254133811925,0.84,77.88,1,9883,Moderate
USA,North America,1,Agriculture,72.3660071086789,83.49410378185708,73.18875497429582,84.54647841379912,0.1552,97.45,0.59,0.14,1,1,43,48060,0.8367760802105116,0.025,75.6133362768878,1.44,86.24733032548406,0.76,71.39,1,10134,Low
USA,North America,2,Agriculture,55.09609342087468,43.695776226216246,47.391126184366975,45.19261869217568,0.1143,308.42,0.4,0.37,1,0,44,31069,0.9364221258941533,0.026,81.86522693536489,1.05,82.68658965643131,0.72,77.19,1,611,Moderate
Malaysia,Asia-Pacific,2,Agriculture,53.54004064396497,56.372960796005124,53.05108088637241,46.882384447489166,0.1681,174.83,0.41,0.51,2,0,10,28883,0.8819765030192083,0.02,65.276976469575,0.89,73.9450023692136,0.74,77.63,1,723,Moderate
Malaysia,Asia-Pacific,3,Agriculture,74.21155112922004,89.13622974498074,72.66562685860931,80.65742949877249,0.9197,303.16,0.53,0.58,3,1,44,2536,0.9146234491077538,0.019,54.77361850131908,0.86,61.348657646485385,0.73,69.77,0,10428,Low
Brazil,South America,2,Agriculture,71.68024062389667,62.64107661340699,66.76945197289837,60.41018579283739,0.9101,279.34,0.63,0.6,2,0,8,27122,0.8696095326118726,0.051,65.28886695350312,0.81,84.546829425897,0.28,82.0,1,10336,Low
Brazil,South America,2,Agriculture,64.55588104986315,58.35217610765294,67.82038230566832,51.788978885111135,0.8816,159.42,0.59,0.59,2,0,40,35952,0.8384754018845026,0.024,68.13674539459794,0.76,81.98009327172117,0.77,76.01,1,993,Moderate
Malaysia,Asia-Pacific,1,Agriculture,51.48333223616338,27.915161161292563,63.66864912476085,57.74310421237405,0.7366,1253.71,0.75,0.48,2,0,40,2221,0.9496067037884222,0.031,67.9635713779094,0.5,76.87074200167115,0.74,75.4,0,10094,Moderate
China,Asia-Pacific,1,Agriculture,59.833551275703044,65.9067252282076,52.17437157090673,64.99776228442848,0.1138,301.76,0.82,0.21,1,1,45,5756,0.8964036069462595,0.037,82.60021513529708,1.18,78.00905257356106,0.66,76.34,2,1637,Moderate
China,Asia-Pacific,2,Agriculture,41.856657442781376,31.71636840281408,50.33350774125325,46.503261819457116,0.8067,453.69,0.59,0.5,1,1,36,10230,0.948371466346649,0.024,71.80465461265553,0.54,77.1565154849805,0.59,73.49,1,10773,Moderate
China,Asia-Pacific,1,Agriculture,58.18126614676776,56.507598777243494,62.51844242229852,65.350137835519,0.8642,638.09,0.61,0.19,1,1,14,8634,0.8418970009065762,0.031,73.32943928424234,0.95,85.0005981020352,0.72,69.73,2,1804,Moderate
Japan,Asia-Pacific,2,Agriculture,64.14956877429611,53.20366109217395,61.19609241779259,60.46438100469372,0.8752,1063.21,0.61,0.45,3,0,8,12865,0.8531723488781344,0.024,71.10504381573541,0.66,74.47370961313267,0.81,84.83,2,8609,Moderate
Japan,Asia-Pacific,2,Agriculture,59.53546787893114,58.23594032630291,71.677069897912,62.916061428644824,0.8424,176.93,0.77,0.59,0,1,43,47632,0.837963332291592,0.026,62.21966288192298,1.01,81.43410768811906,0.72,88.77,1,9444,Moderate
USA,South America,1,Agriculture,71.19133151395582,81.15246195831249,67.9519859985387,95.9330584049858,0.3129,383.13,0.45,0.58,3,1,49,7941,0.8836299074188355,0.033,87.50308558505013,0.87,57.781030371417884,0.15,75.08,0,9188,Low
Japan,Asia-Pacific,2,Agriculture,50.13779295876802,50.95085844852944,42.96283428834077,60.5449542962813,0.9394,473.84,0.63,0.41,1,0,41,4832,0.8748595877561111,0.024,92.12065542559968,0.85,74.53037797199286,0.62,87.59,1,9305,Moderate
Malaysia,Asia-Pacific,3,Agriculture,60.9808359703338,68.46760145137286,74.74768421695487,64.15476459787517,0.9473,1200.07,0.5,0.53,2,0,44,7020,0.8507459638097573,0.025,72.36215546740476,0.53,61.76136346508028,0.19,80.17,0,11154,Low
USA,Asia-Pacific,1,Agriculture,63.847313365243494,54.42619878212633,69.94469994458514,74.52269172834396,0.909,127.9,0.59,0.21,2,1,23,44814,0.913763852787718,0.027,91.69846950988877,1.0,78.47675016590364,0.77,72.82,1,1328,Moderate
Japan,Asia-Pacific,3,Agriculture,76.90167567669522,78.38813655670022,84.81154946041332,66.44337654264706,0.9568,854.77,0.56,0.4,3,0,42,3198,0.8575432161665082,0.04,72.71804326911278,0.64,73.57881984829267,0.77,77.13,1,8239,Low
India,Asia-Pacific,3,Agriculture,64.88651021546409,70.34125296515002,67.73255329327012,66.27446652704582,0.9031,1173.6,0.84,0.55,3,1,46,49982,0.8716988930726631,0.026,63.22255144298059,0.96,81.24788814297004,0.7,73.78,1,10513,Moderate
Malaysia,Asia-Pacific,2,Agriculture,57.94491486843868,54.92828444588101,61.73344032269064,62.89465652891027,0.1437,1397.12,0.59,0.61,2,0,44,8590,0.9362496756488098,0.036,80.92522705996372,0.5,57.887595298237734,0.75,77.26,1,760,Moderate
China,Asia-Pacific,3,Agriculture,70.31621392961878,77.73225653259328,71.2325992561543,81.62170832539394,0.1101,548.52,0.55,0.15,3,1,40,13852,0.8663018552089062,0.022,79.68347196920121,0.91,79.6787513253302,0.71,85.14,1,9844,Low
Malaysia,Asia-Pacific,3,Agriculture,42.63047017294909,30.166241612461725,51.22502955787449,51.760297825894476,0.8289,325.57,0.54,0.58,2,0,42,26528,0.8596989459151145,0.037,72.70241468073972,0.97,49.20397627913335,0.7,75.25,1,10929,Moderate
Malaysia,Asia-Pacific,2,Agriculture,55.43650306254527,41.926206907173366,60.57167457350485,56.57452735501793,0.8269,1008.0,0.82,0.49,2,0,45,2748,0.8576016143737554,0.035,65.33446562156439,0.73,58.752611799514874,0.74,75.3,0,10275,Moderate
Japan,Asia-Pacific,3,Agriculture,73.56571994358931,91.03889803217764,76.47847352107921,79.5011254450358,0.743,406.0,0.58,0.34,1,0,37,10295,0.9212039607590377,0.035,50.22597463595142,0.83,72.84311994707703,0.85,77.48,1,1315,Low
Japan,Asia-Pacific,3,Agriculture,64.72771327559607,61.40683559968506,68.71600659695684,59.71377822693314,0.8115,220.03,0.43,0.59,0,0,46,44398,0.8538901076783153,0.05,68.401006705445,0.84,81.89438809060192,0.59,79.52,1,10660,Moderate
Japan,Asia-Pacific,2,Agriculture,50.196656835731,56.211356701461334,56.75371133657434,52.24393628360833,0.9027,356.83,0.77,0.39,2,0,14,6969,0.8352484151132238,0.025,66.16016944389551,0.63,74.49640730459753,0.63,81.79,2,10901,Moderate
Japan,Asia-Pacific,2,Agriculture,65.4423353881312,64.79766233079211,77.44387366533007,62.43702139964231,0.9023,1281.97,0.74,0.48,0,0,45,7581,0.8566014913841066,0.026,71.68026646292286,0.63,73.76382750131546,0.76,72.13,1,10957,Moderate
Japan,Asia-Pacific,3,Agriculture,71.05578806785695,79.78925612233475,75.61652064494272,62.86849772467694,0.8071,873.37,0.38,0.53,3,0,38,27276,0.8625828530472165,0.038,68.36464891151643,1.2,77.6392165297842,0.6,76.95,0,1772,Low
Japan,Asia-Pacific,2,Agriculture,61.035458787294246,53.32618193178801,63.1418537565721,64.86234839219654,0.9593,832.21,0.56,0.51,2,0,42,25083,0.880234425650534,0.033,75.01762426270105,0.8,77.17394034137645,0.78,78.37,1,11438,Moderate
Malaysia,Asia-Pacific,3,Agriculture,68.16859959880581,74.21728984562952,77.97542894874233,65.68051041005809,0.9561,1171.51,0.5,0.57,2,0,41,4473,0.8376635604220528,0.02,71.0433847870701,0.57,68.96133489304594,0.45,81.57,0,9624,Low
Malaysia,Asia-Pacific,3,Agriculture,55.072710996629326,40.59358116160871,55.78303347926024,59.07667440754505,0.9493,922.66,0.49,0.49,2,0,42,502,0.8593907671061842,0.026,69.09094097807522,0.97,55.46020783490101,0.66,74.96,0,9529,Moderate
Brazil,South America,2,Agriculture,52.66187631801489,43.163798281652596,61.05235931829759,42.522403162747146,0.916,217.7,0.56,0.55,2,0,40,29399,0.8751287662683545,0.041,79.56666373161588,0.62,59.64489292800511,0.59,83.77,1,287,Moderate
Malaysia,Asia-Pacific,1,Agriculture,60.10396523701161,53.059740264596066,69.59192924846951,52.50354957710334,0.1098,148.41,0.58,0.58,3,0,42,29691,0.8502258108564557,0.023,67.93860987600821,0.87,81.79140511173438,0.71,79.68,1,8814,Moderate
Malaysia,Asia-Pacific,2,Agriculture,62.321429464067215,56.2924175014672,75.65926221945693,61.0649301432405,0.8221,984.39,0.8,0.34,2,0,17,5611,0.8798657372432241,0.046,69.96589496506888,0.59,56.66821336519439,0.74,83.75,1,10352,Moderate
Malaysia,Asia-Pacific,2,Agriculture,62.79006213304626,38.60298310018544,64.82914946995983,58.0828947779386,0.8931,1386.89,0.57,0.45,2,0,10,5719,0.8733430293350866,0.047,76.18477633150356,0.64,65.00786974502432,0.72,76.02,0,11067,Moderate
Malaysia,Asia-Pacific,2,Agriculture,63.72548595140091,60.32572329901164,82.48116844559948,82.13036494847589,0.8893,1171.16,0.65,0.6,2,0,38,977,0.8766123082395892,0.021,67.31108658487791,0.78,84.54957482290155,0.72,81.65,1,8881,Low
Japan,Asia-Pacific,2,Agriculture,68.55467142481595,60.33529787308979,73.4369686840767,64.66073915199938,0.8743,1179.52,0.84,0.57,2,0,42,6316,0.8316312374862836,0.047,72.53617711715845,0.59,85.00622455687531,0.79,78.99,1,11080,Low
China,Asia-Pacific,1,Agriculture,60.912922121216546,58.27762555419339,67.40077283279842,54.43913511617386,0.8911,1263.17,0.65,0.53,2,0,43,4981,0.9120982818294973,0.023,60.28003873184515,0.94,88.48303980239868,0.68,74.23,2,10443,Moderate
Japan,Asia-Pacific,2,Agriculture,47.3041283401749,35.51402532124974,53.1798341319977,55.08608009566715,0.4314,372.51,0.59,0.28,1,1,40,4584,0.9031261195154827,0.01,84.09391619376213,0.8,81.29613098250648,0.62,76.38,1,9651,Moderate
Malaysia,Asia-Pacific,2,Agriculture,64.19447150200583,60.907889478999266,64.19606572591546,62.32598182049698,0.971,210.14,0.57,0.5,2,0,10,25236,0.8801705033987257,0.027,69.425055174169,0.68,89.63642046924497,0.44,76.77,1,10702,Moderate
Japan,Asia-Pacific,2,Agriculture,50.93514223254866,44.44173464617242,57.10500768618773,50.42277126917649,0.6956,494.69,0.76,0.5,2,0,20,11268,0.8382936725025371,0.017,71.23298582224058,0.77,75.56349668886897,0.73,77.02,2,343,Moderate
Malaysia,Asia-Pacific,3,Agriculture,67.86323549925093,86.48976817809137,75.51372209109807,79.77643822300057,0.0512,353.5,0.51,0.63,3,1,45,33817,0.9154340156935208,0.035,63.4212509593274,0.94,79.86949977663492,0.81,75.64,1,7738,Low
India,Asia-Pacific,2,Agriculture,60.834296605597494,56.232839333119465,59.989790201535484,48.84661599651176,0.7418,261.33,0.58,0.52,2,0,7,37706,0.8548759550004689,0.034,73.13029535475391,0.63,75.60312495829643,0.77,76.41,0,8490,Moderate
India,Asia-Pacific,3,Agriculture,59.68889848645794,36.75993408283049,59.229800160296094,54.20063445932169,0.773,341.78,0.73,0.53,2,0,45,28465,0.8600052797074959,0.029,71.54771536433304,0.97,75.50141648088712,0.7,81.53,0,9072,Moderate
Malaysia,Asia-Pacific,2,Agriculture,43.916764874918115,39.88156064753164,51.36063537785661,52.22545941605778,0.9322,1365.08,0.46,0.61,2,0,40,9422,0.8443877651655255,0.024,65.30755420896168,0.75,75.87890215251579,0.62,72.98,0,11395,Moderate
Japan,Asia-Pacific,3,Agriculture,73.38558508069906,81.45061999932928,73.9460087426452,78.03663451353883,0.909,340.54,0.46,0.46,0,1,43,10498,0.8987488340052503,0.031,74.64358322406753,0.85,86.40950067052358,0.7,77.41,1,9610,Low
India,Asia-Pacific,1,Agriculture,56.474519705908335,51.8676892130989,56.29645218929714,49.971227142312465,0.8136,965.08,0.81,0.5,2,1,41,12239,0.871277676938181,0.026,67.07868268979992,0.93,81.83623053466337,0.7,75.28,1,10503,Moderate
China,Asia-Pacific,3,Agriculture,70.33161173643376,58.35581817096256,67.95401868153624,64.75450236615559,0.9682,1232.75,0.61,0.46,3,0,43,37100,0.8696539625197592,0.03,66.35155972100641,0.66,83.24194408280702,0.77,80.21,1,9762,Low
Japan,Asia-Pacific,2,Agriculture,68.54493211152473,49.26837705903618,64.27380918592011,68.61969391543816,0.8937,298.38,0.56,0.49,3,0,41,12279,0.9052990131862314,0.028,72.08600981633681,0.67,79.40092498586372,0.64,72.12,2,11514,Moderate
China,Asia-Pacific,1,Agriculture,70.1174236719652,61.461561510624335,80.74434828571464,66.88096011359677,0.0781,402.76,0.63,0.48,1,0,46,24501,0.882186074649959,0.025,70.58655572324231,0.93,87.52815811693614,0.77,79.92,1,8814,Low
Japan,Asia-Pacific,3,Agriculture,53.72330473013239,40.07903785899855,56.73695968179164,49.45867013202122,0.8345,325.02,0.77,0.44,1,0,12,5998,0.879506076722206,0.031,70.84391123955773,0.8,71.321920320488,0.85,78.35,1,8544,Moderate
India,Asia-Pacific,2,Agriculture,52.89850393805388,28.50499968704389,47.704678345804155,61.65952431666035,0.8246,320.08,0.77,0.55,2,0,45,9641,0.9263762545133455,0.043,60.85239648102574,0.88,49.282273459860924,0.69,74.44,0,51,Moderate
China,Asia-Pacific,1,Agriculture,73.17348729991978,83.58470978510171,76.79578039549313,79.87179619947393,0.8371,305.29,0.44,0.37,3,1,49,44784,0.8721333055015053,0.032,72.51333195650197,1.0,80.42304231770868,0.71,79.84,1,7540,Low
Malaysia,Asia-Pacific,1,Agriculture,69.59450607662762,66.8796113836492,69.54251817200182,72.70616287060822,0.6706,1388.51,0.49,0.49,0,1,23,37532,0.8867497876334232,0.033,71.65929982950865,0.89,60.30313972374201,0.81,73.71,0,10639,Low
USA,North America,2,Agriculture,63.57711742352801,61.47354413452278,64.01642781685234,77.23856352291614,0.01,202.43,0.56,0.4,2,0,41,35223,0.9542536640198518,0.022,75.57188269287133,1.13,85.19121683458789,0.76,69.38,1,448,Moderate
Japan,Asia-Pacific,2,Agriculture,65.67649720508066,56.647449395932505,67.74409588292394,66.42610854617676,0.863,1237.78,0.79,0.53,2,0,43,4691,0.8751982111015832,0.028,55.19910326174106,0.76,86.34555707422537,0.76,76.64,1,10959,Moderate
Malaysia,Asia-Pacific,3,Agriculture,48.84965876835696,49.02767833088478,62.34008305720158,58.265192510598375,0.9052,1377.16,0.6,0.49,2,0,39,35856,0.8811080727210002,0.028,67.09803625824753,0.87,80.07263868634894,0.66,84.04,0,9025,Moderate
USA,South America,2,Agriculture,59.44707059760032,57.78298491044048,65.91146992484357,46.74354049852713,0.8704,347.97,0.58,0.28,2,0,42,26852,0.9593119246600457,0.02,89.56083129516615,0.62,59.856879625623904,0.62,74.92,2,6897,Moderate
China,Asia-Pacific,2,Agriculture,63.01507327470344,60.00378398743241,60.27161852586155,59.82179484144198,0.7703,84.83,0.79,0.41,1,1,27,44858,0.8889234387719056,0.033,60.07577681947575,1.1,90.87425706925394,0.8,80.96,1,11485,Moderate
Malaysia,Asia-Pacific,3,Agriculture,66.5413547958039,57.10776370570787,81.71108273164307,81.96450922658363,0.8783,1114.82,0.48,0.52,3,0,42,3809,0.8780225617245935,0.014,71.83390097839438,0.93,58.38669455936044,0.54,83.22,0,10362,Low
Malaysia,Asia-Pacific,2,Agriculture,57.56216114486799,41.88347579496844,55.92902323699641,60.348504427334554,0.899,590.2,0.73,0.57,2,0,47,34522,0.8430184770842192,0.046,72.04742296881372,0.97,83.79714726369942,0.73,77.54,1,10524,Moderate
USA,North America,2,Agriculture,67.33819682471832,56.77729839264933,67.60493396755798,56.951157470616984,0.05,1322.29,0.63,0.47,2,1,38,45869,0.8839506938895051,0.034,70.53989427426013,1.04,86.29916660759973,0.64,81.36,2,1203,Moderate
Malaysia,Asia-Pacific,2,Agriculture,50.872286836216354,45.99519908144385,63.36374380805131,45.963824542085455,0.9349,136.19,0.72,0.51,2,0,21,29322,0.9357804244835455,0.033,70.9203345434897,0.79,74.15239570575046,0.74,71.3,1,10788,Moderate
Brazil,South America,2,Agriculture,53.41139980482867,58.74319419682659,63.30523068698888,44.11013660033684,0.7454,50.19,0.42,0.64,2,0,40,29891,0.9058294773310516,0.03,81.39794346404669,0.74,64.52743054709501,0.71,82.1,1,1494,Moderate
China,Asia-Pacific,2,Agriculture,67.91937138938204,79.58019141580021,67.0664206271025,74.11369006023378,0.7989,263.2,0.52,0.6,1,1,43,8851,0.885155139987133,0.027,88.59933224557821,0.9,79.68090825257694,0.76,76.09,1,9041,Low
Japan,Asia-Pacific,2,Agriculture,59.8958338769788,58.364990663862926,65.68356767895489,47.12080923023976,0.9138,1119.73,0.75,0.63,2,0,19,43657,0.8404483265937243,0.033,75.73510424281079,0.81,82.39314709378712,0.77,83.17,1,9175,Moderate
Japan,Asia-Pacific,2,Agriculture,57.31338343295096,51.21012964901315,52.07578137386004,58.487098443882644,0.7224,275.91,0.6,0.63,2,0,41,15524,0.9186418836295633,0.03,73.41089693036466,0.66,81.29681012708032,0.72,70.33,1,1132,Moderate
USA,Asia-Pacific,2,Agriculture,58.33148330444189,60.20040065987812,62.52227372458619,47.71133019100732,0.1128,1400.82,0.57,0.24,2,0,9,13188,0.93428421777923,0.028,85.3188289326798,0.81,76.88355866896642,0.68,73.56,1,9761,Moderate
China,Asia-Pacific,2,Agriculture,68.80715172239842,52.37573361042917,66.05877770510284,64.24634273299975,0.9473,311.88,0.55,0.42,3,1,39,502,0.8555745087584363,0.03,66.9379474822968,0.36,78.2022293173539,0.62,79.91,2,484,Moderate
USA,Asia-Pacific,3,Agriculture,68.64871747965437,66.39388908231885,82.78956297390454,87.76506621623224,0.8944,428.17,0.57,0.58,3,0,35,41810,0.9451342350553817,0.045,74.95176876435657,1.16,77.64733467728593,0.83,75.62,1,10370,Low
Malaysia,Asia-Pacific,2,Agriculture,59.13085415375766,52.21210545177202,65.15231576866391,50.1293246904798,0.8847,141.56,0.6,0.56,2,0,7,49982,0.9326359389694897,0.016,64.83029006529087,0.7,79.02632649835462,0.79,88.11,1,11025,Moderate
India,Asia-Pacific,1,Agriculture,68.74416508943091,68.26890247312949,75.8301679238068,62.40252677088169,0.9375,77.19,0.62,0.43,1,1,45,4476,0.8527064101364114,0.034,67.16178192018873,0.82,83.5048396274542,0.73,82.1,1,10189,Low
Malaysia,Asia-Pacific,2,Agriculture,70.73158371215901,76.77129187735235,60.87903042161014,71.28760838511704,0.7479,1337.35,0.6,0.5,2,1,11,49982,0.8681327496273854,0.019,88.54796243088363,1.2,85.02498997909775,0.68,78.81,1,10756,Moderate
USA,North America,3,Agriculture,79.0790519739,84.95686257368635,83.25399382911667,86.46456012987788,0.1173,158.64,0.57,0.51,3,1,38,47074,0.9201289224395409,0.022,79.39005974073599,1.36,69.93527026560479,0.78,78.55,1,9413,Low
Malaysia,Asia-Pacific,2,Agriculture,48.30721871100609,29.775537577308995,43.81027525855299,49.82041744962261,0.8325,447.85,0.49,0.57,2,0,44,8383,0.8910160169978725,0.025,72.04341808230267,0.7,60.307505002970004,0.16,78.92,0,8608,Moderate
China,Asia-Pacific,2,Agriculture,46.55370594031564,49.32847839098028,42.32480249212969,51.79993222757273,0.8582,355.18,0.41,0.22,1,1,39,15615,0.9396486113982061,0.029,74.96739394349875,0.84,72.55908146685653,0.71,78.03,1,9549,Moderate
Japan,Asia-Pacific,2,Agriculture,63.12938564912141,59.34086145212536,73.47824608473711,60.14665610684254,0.7231,1457.54,0.6,0.4,2,0,11,4784,0.84210569087768,0.036,69.36518059208625,0.67,76.87164793667222,0.71,82.51,1,11499,Moderate
Malaysia,Asia-Pacific,2,Agriculture,63.879266945575765,58.524441266397645,64.56855835340062,64.98781074211426,0.0842,196.23,0.59,0.63,2,0,42,31258,0.8859664234038217,0.014,69.4765060189266,0.76,76.37187490692848,0.56,75.97,1,11680,Moderate
Brazil,South America,2,Agriculture,62.06785818204513,60.798292178097675,63.24741375481141,64.18047615410057,0.9697,82.8,0.38,0.6,2,0,44,40831,0.8664264932708665,0.029,79.98133260299478,0.69,69.53395959457114,0.55,76.17,1,51,Moderate
Japan,Asia-Pacific,3,Agriculture,47.462373422834055,30.577296624122518,49.14381920090486,52.320256346487355,0.7701,405.91,0.74,0.54,2,0,43,13698,0.9018777250610456,0.055,74.83429528198863,0.77,59.97154419168121,0.82,70.84,0,9274,Moderate
USA,North America,1,Agriculture,63.05721790539219,56.45504856542639,67.99784753160097,79.38014259754715,0.7256,1157.69,0.64,0.41,2,0,47,42433,0.8742442928839932,0.024,68.45379801471093,1.02,83.19723892847587,0.72,84.69,2,9090,Low
USA,South America,2,Agriculture,66.08046308383508,47.43999785496115,65.20143456980976,55.359301409163265,0.7435,65.93,0.44,0.3,2,0,39,26042,0.8604231633421506,0.032,80.20140558767676,1.18,67.67113756426436,0.59,70.67,1,286,Moderate
Malaysia,Asia-Pacific,2,Agriculture,61.78051454428277,65.4767766645566,64.89848584461284,90.07493123043307,0.8127,1431.27,0.61,0.47,2,0,44,42272,0.8599578310462649,0.029,72.49310214341175,1.24,86.21410805393872,0.66,86.46,1,1247,Moderate
Japan,Asia-Pacific,3,Agriculture,60.48305503958674,54.81974168292254,64.5670196991946,59.89773809261726,0.8177,67.92,0.69,0.54,2,0,14,4912,0.8977352190874625,0.045,78.15394896943252,0.76,84.16876831512249,0.82,81.04,1,11119,Moderate
China,Asia-Pacific,1,Agriculture,54.38612637955331,27.43981491530673,51.91505991839963,49.67837318891947,0.8711,347.18,0.81,0.56,2,1,41,44471,0.9159546036086633,0.036,75.47559955492207,0.87,83.49507690856352,0.61,76.42,1,9581,Moderate
Brazil,South America,2,Agriculture,62.694911160270976,60.75866787850373,70.61117622575836,44.84913938682992,0.888,1003.74,0.46,0.46,2,0,11,6151,0.8788988312845561,0.04,65.661096288856,0.7,81.20380633223547,0.67,79.38,1,10618,Moderate
China,Asia-Pacific,2,Agriculture,60.084374363973296,60.79292317692248,71.36935295985603,69.23608354581965,0.9271,275.11,0.66,0.54,1,1,43,11503,0.9181880468923758,0.029,78.11943582049051,0.91,82.15607466661517,0.75,77.87,2,8689,Moderate
Japan,Asia-Pacific,3,Agriculture,66.67127486024766,72.80996043916683,74.86355031132449,69.87398303393935,0.736,1235.09,0.47,0.6,0,0,43,6617,0.9135164984743698,0.038,73.04016695292327,0.96,72.83808374619568,0.72,89.62,1,8549,Low
China,Asia-Pacific,1,Agriculture,69.70517345932147,76.26272031828611,87.98752109144922,79.75756011654704,0.8026,361.57,0.6,0.48,1,0,47,12522,0.901341182172759,0.039,60.6756563969591,0.99,71.72748742576628,0.73,74.66,1,9990,Low
Japan,Asia-Pacific,2,Agriculture,62.812847543040085,60.730863715355376,63.55222501238843,66.13002410967265,0.8107,1168.34,0.83,0.55,2,0,16,44403,0.8465565332376623,0.03,73.30771910645373,0.95,78.93895876011102,0.77,86.94,1,8872,Moderate
Brazil,South America,2,Agriculture,55.18540091448555,29.082009749169693,58.51403739154256,53.227637217836794,0.9765,80.49,0.42,0.56,2,0,44,25256,0.8406098107457033,0.024,68.44154429754292,0.88,53.37273028921135,0.2,81.92,1,8902,Moderate
Japan,Asia-Pacific,3,Agriculture,69.94983409111144,53.7924179069695,70.32688916118468,86.4470438105169,0.8941,528.56,0.57,0.64,3,0,40,4274,0.9417028377469611,0.04,70.99869386416395,0.61,65.17734705019012,0.8,71.43,1,465,Low
Malaysia,Asia-Pacific,2,Agriculture,46.732953005786584,47.931606944657915,64.53199721384746,43.391717737745545,0.9094,143.23,0.49,0.61,2,0,42,28935,0.9071237149750845,0.05,64.20564558515147,0.65,56.05440616064524,0.28,81.73,1,11148,Moderate
China,Asia-Pacific,1,Agriculture,58.966956144223296,46.02495310668568,62.59405730693946,62.4415294232492,0.0317,366.03,0.62,0.16,2,1,19,46030,0.8725818576889791,0.045,77.85636053463966,1.41,83.86690095965642,0.68,72.72,2,9285,Moderate
Malaysia,Asia-Pacific,1,Agriculture,63.85464932173888,80.78371162956302,81.49427238424768,66.12771278729318,0.722,342.56,0.52,0.66,0,1,22,49982,0.8792876722478943,0.041,57.12549013901158,1.0,58.71043502146724,0.79,78.74,0,8532,Low
India,Asia-Pacific,2,Agriculture,63.889279429402876,59.18564259535544,67.53053564173241,61.05562726021622,0.9938,127.6,0.8,0.43,2,0,11,3998,0.8603968497839959,0.046,68.87250128017959,0.79,83.41755036919182,0.73,77.96,1,8961,Moderate
Japan,Asia-Pacific,3,Agriculture,65.3497634913452,52.759229500895906,64.62260721446772,66.73031871680134,0.9154,434.78,0.74,0.18,3,0,20,17097,0.8481642941929657,0.025,77.69449693910882,0.76,79.68659523947021,0.73,76.23,1,51,Moderate
Malaysia,Asia-Pacific,2,Agriculture,55.64833887945189,47.00984593184824,55.95867761835437,46.96563829461955,0.9312,162.33,0.72,0.36,2,0,16,25434,0.870148252974659,0.021,70.07329948445582,0.87,50.74187962921651,0.77,86.67,1,8455,Moderate
USA,South America,1,Agriculture,62.00861209822749,61.18491189197686,63.96098914292745,66.42612870625322,0.882,52.89,0.64,0.31,2,0,43,32488,0.950197956402696,0.024,72.75558067752398,0.97,65.60779413424952,0.62,69.17,1,10876,Moderate
Malaysia,Asia-Pacific,2,Agriculture,61.98000912268663,55.694466366629094,66.61452504282948,51.304108121125985,0.7358,50.72,0.8,0.42,2,0,10,44520,0.8528097259766475,0.044,69.77294387927084,1.34,77.35229984742101,0.68,87.17,1,9346,Moderate
Brazil,South America,1,Agriculture,67.80370849442492,63.575569223943134,82.62612815171842,82.41447760602203,0.9352,198.16,0.59,0.46,2,0,45,25742,0.8619506763812024,0.028,66.52404651157663,1.16,64.1221478680787,0.62,82.63,0,9108,Low
Japan,Asia-Pacific,3,Agriculture,71.52383529782458,74.96336710783476,76.42954192238447,88.16777771415954,0.8739,720.8,0.37,0.57,3,0,42,5272,0.8510474845989225,0.032,68.8044720801867,0.78,62.27059352549136,0.43,87.4,0,8170,Low
China,Asia-Pacific,1,Agriculture,65.2230485318859,49.61026586557327,84.77036283762621,67.735113148984,0.8878,1117.22,0.61,0.36,3,0,13,10276,0.8547223895171268,0.024,72.32350361832988,0.99,74.84915747732859,0.77,76.36,1,9566,Moderate
Brazil,South America,2,Agriculture,54.63190160567293,33.51520556047177,64.03677219953641,62.08520806319193,0.8975,1277.05,0.61,0.53,2,0,41,34242,0.9041958447033073,0.03,68.07341464393008,0.6,68.0380567811905,0.81,83.2,1,1032,Moderate
Malaysia,Asia-Pacific,3,Agriculture,52.005985786451745,51.18759761834814,64.48879935082009,55.22230626878139,0.9068,1308.38,0.37,0.47,2,0,41,3095,0.8590982857215549,0.044,67.66411643112022,0.76,59.396173728505794,0.59,81.13,0,11126,Moderate
Brazil,Asia-Pacific,2,Agriculture,51.40866237699943,59.78065606750165,63.492684099717806,45.902861231532256,0.9563,87.01,0.63,0.54,2,0,20,32683,0.8791163357745821,0.034,73.88918816316513,0.76,81.74441869495875,0.64,80.12,1,11814,Moderate
Malaysia,Asia-Pacific,3,Agriculture,75.38278433803497,77.20763367707012,75.4805051648138,74.53401139862228,0.6865,1390.46,0.48,0.55,0,1,46,1647,0.9143095620711849,0.046,48.993019086514,0.89,64.04388554494084,0.75,79.12,0,10203,Low
Brazil,North America,1,Agriculture,55.66222445129569,58.88565649086961,63.854948375156184,52.6823016726869,0.9226,118.68,0.55,0.54,2,0,45,27323,0.8473651598127758,0.029,49.35046522076732,0.95,83.57515049238722,0.68,78.16,1,8420,Moderate
USA,North America,1,Agriculture,56.8772818663095,59.94567657443495,66.78658737663991,69.00534689859589,0.5804,161.08,0.57,0.38,2,0,14,12390,0.9267878171388738,0.035,69.9795887177023,0.67,75.84643949953978,0.67,73.86,2,952,Moderate
USA,North America,1,Agriculture,61.38429062562136,62.284036100747834,62.25673713645109,74.78634617386838,0.1806,289.86,0.61,0.14,1,1,40,4959,0.9087558107229522,0.032,86.89535698555984,1.29,80.16321442609222,0.62,69.8,2,209,Moderate
Malaysia,Asia-Pacific,2,Agriculture,62.60192160823743,58.171391386170626,63.275945441138845,63.32833812067028,0.9485,200.85,0.76,0.48,2,1,44,32022,0.8661173887388042,0.022,71.46543642207904,0.68,80.59812334503076,0.67,89.71,1,10975,Moderate
USA,North America,1,Agriculture,69.22856598639677,94.7701039083908,89.93530044181155,89.74789946677267,0.373,280.92,0.5,0.54,1,1,47,12717,0.9074963358879589,0.039,50.37060603554532,1.44,86.43356677165886,0.74,67.64,1,9232,Low
Indonesia,Asia-Pacific,1,Agriculture,75.58002691936802,75.88216913143995,74.3845625041171,89.28329736359738,0.8501,273.62,0.64,0.65,0,0,42,7190,0.8476019033474809,0.031,56.4165523443781,0.87,84.73821392766911,0.79,75.04,1,11433,Low
Brazil,South America,2,Agriculture,65.32593119714328,57.501273129788515,67.28279458979017,59.902890921124296,0.9081,80.13,0.62,0.5,2,0,5,35919,0.9048447873233345,0.029,67.90888430339814,0.79,64.12943942489105,0.57,75.43,1,9144,Moderate
Japan,Asia-Pacific,3,Agriculture,68.6418283411206,60.64531579992211,74.00430541431253,66.03487190854993,0.6444,1271.11,0.49,0.45,0,0,13,8799,0.877712261297537,0.039,71.77405204896874,0.81,76.28255836472387,0.79,86.0,1,1548,Low
Malaysia,Asia-Pacific,2,Agriculture,69.7369311804096,66.30129007182701,69.58284862881985,65.63545657147756,0.8547,1285.52,0.48,0.64,2,0,45,31405,0.8753389253444619,0.009,63.18352027463934,0.89,68.0615161651816,0.73,71.51,1,11235,Low
Malaysia,Asia-Pacific,2,Agriculture,54.31202874472288,30.08225080500722,46.72185962326067,33.06116608592936,0.8985,298.35,0.46,0.54,1,0,40,31867,0.9383482321459033,0.031,80.61706239242422,0.93,76.29217407214423,0.69,75.85,0,9948,Moderate
Brazil,South America,2,Agriculture,63.60564682190926,81.9649364308713,62.93558167520675,75.38657763291779,0.5081,50.19,0.57,0.54,2,0,37,30660,0.8920134212161641,0.023,81.17120960075391,1.15,61.490223102498426,0.8,71.88,1,819,Low
China,Asia-Pacific,1,Agriculture,67.8810375210235,62.36672858219248,76.5037806149024,74.4375475810032,0.9516,1190.34,0.65,0.43,1,0,44,8204,0.8542080338121666,0.011,71.12573308620122,0.97,83.8512942992991,0.74,72.49,1,8859,Low
Malaysia,Asia-Pacific,2,Agriculture,55.13958470677731,43.34238667900568,66.39637121452795,52.93117650719836,0.9076,171.02,0.33,0.59,2,0,5,27085,0.8247301759650909,0.019,64.58167424399186,0.73,57.11024573386899,0.59,80.67,0,1168,Moderate
China,Asia-Pacific,2,Agriculture,65.91775398921096,55.34610730675842,69.07710952864858,63.25645877701966,0.0484,373.12,0.61,0.59,1,0,45,43219,0.9053583549938322,0.024,54.60511795549695,0.96,77.16361997496674,0.63,75.48,1,7871,Moderate
Malaysia,Asia-Pacific,2,Agriculture,70.27854925632342,81.99487751998034,75.51813592266765,70.79450589127103,0.7227,1133.92,0.6,0.62,2,0,14,8993,0.9057229681035686,0.029,53.283100986626025,0.76,81.03479431570848,0.65,68.23,1,596,Low
China,Asia-Pacific,2,Agriculture,67.15203005159626,51.13867447488911,65.61967369986398,67.4064749272866,0.8473,1257.08,0.78,0.43,2,0,13,45537,0.8608353854456587,0.032,64.48144243967258,0.84,83.07167248463017,0.77,80.68,2,10395,Moderate
USA,North America,2,Agriculture,70.85245423165736,78.47269655389599,68.62228951549783,73.97244621113713,0.9149,261.68,0.58,0.36,1,1,42,13168,0.9126955251868978,0.047,71.49902634232168,0.82,83.18229276302036,0.7,83.74,1,7175,Moderate
Malaysia,Asia-Pacific,2,Agriculture,55.71185101107056,47.755831605418656,49.57802392571634,57.01968699079988,0.9387,693.36,0.71,0.54,2,0,43,34139,0.8638213293993717,0.044,73.25108976281139,0.94,82.80112459656046,0.7,78.3,1,8728,Moderate
Indonesia,Asia-Pacific,2,Agriculture,45.689572289887465,56.59988116584613,51.889934309592434,45.182220074519016,0.6868,164.21,0.79,0.62,2,0,22,7037,0.8393824776635501,0.034,73.9125304698679,0.8,76.72519453547982,0.8,77.16,1,877,Moderate
Brazil,South America,2,Agriculture,63.25959892421055,61.29012218481332,69.55685057803929,59.729760544277106,0.7772,80.95,0.56,0.49,2,0,39,24974,0.8291185080516283,0.024,67.95860645882806,0.62,55.20643389795502,0.59,75.81,1,9429,Moderate
Japan,Asia-Pacific,3,Agriculture,74.73243145161065,100.0,90.6579847139727,72.95383062790368,0.8837,293.87,0.48,0.49,1,1,45,5540,0.8889655680961326,0.02,65.20474212692207,0.83,90.87572002682457,0.74,69.3,0,9882,Low
Malaysia,Asia-Pacific,3,Agriculture,64.02259282909657,80.88540898254578,73.110386784454,83.31312675889913,0.9411,193.18,0.51,0.62,2,0,43,31633,0.9503357490714606,0.039,65.40384621871954,0.86,63.369610322533674,0.58,74.97,1,10248,Low
Brazil,South America,2,Agriculture,62.61438401227262,55.006084796235925,66.717428508863,65.00223879365133,0.9054,190.13,0.85,0.52,2,0,43,3193,0.8538733256792778,0.036,77.47605871500924,0.67,58.12688820904928,0.73,83.22,1,11858,Moderate
China,Asia-Pacific,2,Agriculture,59.858548271560245,39.697775395340535,56.19872947993052,56.8839032658977,0.5454,230.32,0.56,0.45,1,1,41,14814,0.9201056680547152,0.038,66.56963987202744,0.78,86.94289085256406,0.74,70.94,2,9267,Moderate
China,Asia-Pacific,1,Agriculture,67.30132553801447,61.126402640612085,70.71997988954494,76.25439698966339,0.8738,65.51,0.86,0.42,1,1,15,7011,0.8440361352799454,0.019,91.55001390595075,0.93,87.7683126018659,0.84,79.97,2,11999,Moderate
USA,North America,1,Agriculture,69.68208135113134,79.21906069387846,66.56085606997614,72.93370271740952,0.0672,276.61,0.56,0.2,2,0,48,41579,0.9211387997611299,0.029,78.78104353509401,1.35,76.06242269248091,0.89,70.2,2,51,Moderate
Brazil,South America,2,Agriculture,65.49583047486223,82.72932385452104,74.82565530953933,68.83592114699346,0.1295,1499.5,0.57,0.52,2,1,43,4519,0.874012753789525,0.024,81.31686007313345,0.57,60.32399934670153,0.8,66.15,1,931,Low
USA,North America,1,Agriculture,53.40270137355808,18.988058692069252,60.22270133221754,49.309376283555466,0.6931,381.57,0.59,0.36,1,0,43,33809,0.9026101495476486,0.046,72.33103609722414,1.42,63.49043058957372,0.72,78.67,1,8222,Moderate
China,Asia-Pacific,2,Agriculture,46.91474639137653,63.10627181479082,55.25644172110426,40.07618125478502,0.7898,202.94,0.78,0.6,2,0,24,17664,0.8959309742567287,0.03,72.31095409269291,0.73,93.45341244245004,0.73,75.96,2,11551,Moderate
Japan,Asia-Pacific,3,Agriculture,65.55902448878035,82.83031836159886,78.86116492939333,79.9085836891469,0.8026,648.82,0.62,0.42,1,0,42,8137,0.896459228159088,0.033,70.9397289893805,0.77,74.46095839631734,0.79,77.66,1,9824,Low
India,Asia-Pacific,2,Agriculture,55.4627317600148,35.830868125062295,46.145276750059764,54.010211498225345,0.8768,1332.11,0.73,0.37,2,0,17,11845,0.9173787102765161,0.046,68.89031780556503,0.91,68.56803044436266,0.87,78.97,0,11039,Moderate
China,Asia-Pacific,1,Agriculture,65.70979584685715,65.35205591817895,67.61502892882378,64.75935254911676,0.8878,1486.12,0.63,0.5,1,0,42,11336,0.9255823274633659,0.011,64.93744848741098,1.02,76.97038650973683,0.75,73.82,1,9636,Moderate
Brazil,South America,2,Agriculture,64.26405379956978,61.63956434958469,75.82038520922701,44.1315257127098,0.9135,98.66,0.62,0.65,2,0,6,4415,0.9223282844890733,0.022,70.98637230852883,0.46,62.92391838453595,0.51,83.56,1,6761,Moderate
Malaysia,Asia-Pacific,3,Agriculture,58.76260159579544,37.748816540063736,41.79854907842914,36.1814828943412,0.9435,1425.32,0.67,0.34,2,0,13,502,0.9681469771792276,0.016,67.11779482919476,0.44,74.79415712757464,0.79,76.85,0,10560,Moderate
Malaysia,Asia-Pacific,2,Agriculture,55.39992487976084,41.38268119350961,46.9862937326546,48.1162080429241,0.7359,1389.03,0.44,0.6,2,0,38,37498,0.8429257319027682,0.044,81.83025490623862,0.98,78.03269201241878,0.69,73.81,0,67,Moderate
Malaysia,Asia-Pacific,3,Agriculture,80.96670514832961,88.07543228319616,88.8190631434337,73.44452055392456,0.7645,310.35,0.5,0.61,0,0,11,1099,0.8602681914887352,0.021,58.11550669218677,0.8,81.65584777755404,0.85,73.36,0,9834,Low
USA,Asia-Pacific,2,Agriculture,67.50731582158275,75.7181890755161,73.93585057057317,66.82028714169518,0.8582,139.51,0.43,0.43,1,1,44,45524,0.8662530001040887,0.047,82.85588955415867,0.86,80.94657911684179,0.66,75.4,1,11371,Moderate
Japan,Asia-Pacific,3,Agriculture,60.397231045573605,47.8132525985035,58.03008528623019,56.307383066606434,0.7419,368.11,0.82,0.47,3,0,44,9745,0.87513202764229,0.029,71.6516461288514,0.88,77.45812278287539,0.74,71.5,1,9532,Moderate
USA,North America,2,Agriculture,56.847658452837585,60.18940959180126,66.68292853900402,43.86904425312572,0.7748,119.51,0.63,0.6,2,0,21,34225,0.9118452989836643,0.021,76.25754096121324,0.8,85.67424156430967,0.64,70.41,2,605,Moderate
China,Asia-Pacific,2,Agriculture,57.079241381420346,60.0413565824817,65.56382427299137,60.203380755988746,0.8827,205.24,0.59,0.19,1,0,42,12335,0.9107064463413693,0.029,71.28629360940526,0.6,81.39438238970712,0.79,74.54,2,759,Moderate
Brazil,South America,1,Agriculture,70.91471049343768,55.84362262148353,65.28514855440392,80.8121153175995,0.804,188.12,0.61,0.4,2,1,11,29266,0.8766322049243077,0.03,79.73942434419138,1.27,67.65283994145958,0.63,78.35,1,10478,Moderate
USA,Asia-Pacific,1,Agriculture,66.02759343673114,81.18831884389805,72.83459807191555,75.10845601270864,0.7063,266.18,0.48,0.26,1,1,20,48428,0.9145169377447963,0.05,61.429708661409194,1.72,88.23364158153493,0.8,70.25,1,10143,Low
China,Asia-Pacific,2,Agriculture,59.10079378883659,51.30494629297541,62.05926395864362,58.762320333340185,0.1688,388.23,0.54,0.1,1,0,9,9144,0.8385968085008365,0.02,82.67079390080984,0.97,71.06883650535467,0.85,83.19,2,8352,Moderate
Brazil,South America,2,Agriculture,67.52366104863451,63.49020424381618,68.03395567350225,75.08530861137524,0.7508,1284.89,0.57,0.27,2,0,38,39907,0.9240854374927832,0.035,71.76694076139698,0.47,74.78269873692066,0.74,81.12,2,9097,Moderate
Indonesia,Asia-Pacific,2,Agriculture,58.658214464331316,59.13936342164263,63.73713055180474,59.50696262226833,0.7813,138.24,0.58,0.61,2,0,22,6667,0.8760786294695914,0.025,71.29224322327227,0.81,80.39963956673466,0.72,82.21,2,380,Moderate
China,Asia-Pacific,1,Agriculture,72.70856979818262,74.75473168702979,96.71759380335172,81.41350189130866,0.3994,282.14,0.6,0.21,1,1,44,11584,0.9080839348119699,0.032,58.60804607258288,0.93,87.5277985295631,0.8,74.11,1,9563,Low
USA,North America,2,Agriculture,50.6841886965634,52.96903421197297,51.159002536014974,51.122261839283304,0.8304,93.64,0.54,0.58,1,1,43,9716,0.9053986829054173,0.04,87.89492864812412,1.03,84.27993671428048,0.65,75.7,1,8247,Moderate
USA,North America,1,Agriculture,64.95923688352497,55.923948556424534,66.91756059104597,63.94150177509863,0.6639,161.13,0.62,0.2,2,0,45,45497,0.9668343706440797,0.036,79.81336324222616,0.94,85.70474786334748,0.65,70.33,1,10814,Moderate
Brazil,South America,2,Agriculture,46.184003797596915,32.97395664580334,64.85184202332103,48.04693869349471,0.9218,117.99,0.57,0.52,2,0,39,27385,0.8070923152835772,0.028,66.797526263926,0.53,61.700372508615835,0.69,74.83,1,1272,Moderate
Japan,Asia-Pacific,2,Agriculture,64.07760834773937,91.27541910342751,66.0381779962586,64.66908348140713,0.6899,435.19,0.45,0.41,1,1,5,44375,0.9028544271125051,0.027,75.44785600650359,0.83,75.58052112665284,0.7,75.37,1,971,Moderate
Brazil,South America,2,Agriculture,53.142939508208364,60.32357118735231,65.95978198452929,46.02350819593592,0.7696,124.64,0.48,0.49,2,0,41,34089,0.8575995283667854,0.025,76.31838392485487,0.83,60.685153690874564,0.77,86.33,1,10247,Moderate
China,Asia-Pacific,2,Agriculture,53.398464954584824,49.508097128348645,50.13028616969476,49.02626099859565,0.4374,375.57,0.59,0.31,1,1,40,4572,0.9304546677628571,0.044,72.35674579830142,0.76,73.89344929237922,0.76,74.69,1,10543,Moderate
China,Asia-Pacific,2,Agriculture,54.87033127444552,52.488030862119544,65.72291011712348,45.72737051986628,0.8902,997.65,0.5,0.42,1,1,10,11630,0.9018521397705231,0.028,68.89064641081252,0.89,77.95497243134142,0.83,76.96,2,9503,Moderate
Indonesia,Asia-Pacific,2,Agriculture,60.87091463793306,58.33460089751463,72.66263900042276,61.662775327646415,0.8436,339.93,0.59,0.7,3,1,45,45544,0.9312448561855993,0.034,67.03260573082477,0.69,80.20341347798784,0.71,74.37,1,10199,Moderate
Japan,Asia-Pacific,3,Agriculture,59.00547353827719,51.72953633512165,60.55623043416342,53.98512062633778,0.9373,842.8,0.36,0.49,2,1,41,1468,0.8837662415062519,0.02,68.91255495220393,0.8,79.4600359899315,0.49,78.19,0,9651,Moderate
USA,North America,1,Agriculture,77.22900922656082,67.40567552108593,89.77825194836747,88.20688613123005,0.0714,272.54,0.63,0.48,3,0,40,44562,0.9232496635124395,0.045,77.55864026653875,1.01,72.89072910834545,0.66,71.17,1,8543,Low
Brazil,South America,2,Agriculture,39.959307961695224,36.309620859306754,49.36808003775235,34.894453295189734,0.8031,234.21,0.44,0.5,2,0,41,28652,0.9401687518064491,0.037,81.42503526703501,0.87,44.030980404000545,0.17,74.25,1,10233,Moderate
Japan,Asia-Pacific,3,Agriculture,63.74496659586973,74.2591722859073,77.62111398610682,86.81912273619962,0.8578,264.04,0.59,0.36,0,0,14,20069,0.8242227695428053,0.029,69.601505150338,0.84,71.49161878050066,0.7,84.1,1,9015,Low
Japan,Asia-Pacific,3,Agriculture,69.94400584499253,66.65921527825567,83.23024250288532,72.33256520815243,0.8004,156.47,0.37,0.47,0,0,40,30431,0.8744909545671588,0.026,65.88491614093765,1.02,74.26218782700742,0.68,83.64,0,10249,Low
Malaysia,Asia-Pacific,2,Agriculture,56.183246414241275,57.075343015883824,62.3952063776572,48.76577399527574,0.1753,746.67,0.39,0.6,2,0,36,30597,0.8593568504485207,0.029,77.70778001030145,0.84,75.90214485918935,0.66,76.28,1,1975,Moderate
Malaysia,Asia-Pacific,2,Agriculture,66.49370350796868,76.81363984910055,71.06426038299614,69.47293366475195,0.8479,1392.74,0.55,0.19,2,0,11,46730,0.9279484254113707,0.012,61.61360584729514,0.48,75.45615242854787,0.55,83.72,1,1887,Moderate
Japan,Asia-Pacific,3,Agriculture,71.90900577357618,84.53513871873314,69.73573186894076,72.64852048390408,0.804,262.78,0.54,0.25,1,1,46,4001,0.9133021920377566,0.036,71.52882923003044,0.58,74.96659277219496,0.66,85.1,1,2261,Low
China,Asia-Pacific,1,Agriculture,73.90889838323397,88.18496160990424,74.37220546913092,71.86332872827187,0.2379,507.42,0.61,0.43,1,1,49,8399,0.930720687830524,0.032,68.34329097611632,0.9,86.33624098010053,0.64,74.19,1,9786,Moderate
Brazil,South America,2,Agriculture,53.623703533291824,37.79524557051699,56.3412400801856,53.30496736872645,0.6392,1339.49,0.65,0.4,2,0,8,29755,0.9524847158396831,0.036,72.10503697380665,0.83,65.20542602050172,0.67,73.38,1,9650,Moderate
Brazil,South America,2,Agriculture,64.06437511685586,56.95623198138048,64.10098172795013,60.38528627302598,0.8975,50.19,0.46,0.54,2,0,48,34042,0.8170288256546551,0.023,59.49158977200814,0.74,64.24653374758311,0.73,81.59,1,11012,Moderate
USA,North America,2,Agriculture,59.10938707066425,60.071389814832735,61.99345296674917,61.914664912385895,0.0938,342.96,0.62,0.27,1,1,40,32804,0.86350857384157,0.032,73.5845508159602,1.18,66.04204725161384,0.79,81.61,1,1406,Moderate
China,Asia-Pacific,2,Agriculture,55.3256068095869,45.21949695116413,59.47671650182745,58.27562726142235,0.752,426.49,0.55,0.56,1,0,39,19170,0.9354463261664231,0.024,76.38756597553181,0.65,75.28921583652637,0.71,69.17,2,2011,Moderate
Malaysia,Asia-Pacific,2,Agriculture,64.36454131024485,59.962138681371144,62.54000733892193,64.34916348473881,0.6988,171.98,0.73,0.43,2,1,48,9395,0.8796194109349755,0.048,70.41301408587628,0.81,68.0458507470396,0.67,78.33,1,10815,Moderate
India,Asia-Pacific,3,Agriculture,52.383606831478126,21.707827156516146,47.16519063272159,54.69366856067416,0.8699,699.61,0.79,0.61,2,0,43,502,0.8895494882151844,0.032,72.18867743590339,0.59,65.47256844430397,0.81,79.59,0,9075,Moderate
Brazil,South America,2,Agriculture,62.8954459218351,58.42030779993165,63.6031970850589,61.9597436813772,0.1161,90.17,0.8,0.48,2,0,8,31459,0.8589283544540318,0.026,68.68814965369769,1.38,64.4140411786066,0.51,84.71,1,8955,Moderate
Malaysia,Asia-Pacific,2,Agriculture,58.428776899898686,47.354451332954596,49.85196502416491,40.397154387532055,0.734,1389.94,0.44,0.49,2,0,10,29157,0.9410377885177053,0.034,69.71868937108816,0.74,76.40464627303928,0.76,83.45,1,11868,Moderate
Malaysia,Asia-Pacific,3,Agriculture,50.736223829994984,17.232866872993366,42.99621402004008,39.47385786923798,0.9287,336.4,0.47,0.46,2,0,41,30328,0.9225112033117042,0.029,75.32260116459125,0.9,82.03546198777367,0.84,79.13,0,11062,Moderate
USA,North America,2,Agriculture,51.520456881039365,51.668343622369434,67.44022121671696,43.5542766944113,0.8297,952.84,0.65,0.31,2,0,6,47154,0.9118210522691648,0.034,75.94336859266843,0.85,75.01798499681476,0.69,77.71,2,11252,Moderate
China,Asia-Pacific,1,Agriculture,80.12547675795035,81.48004316208048,75.79675015447664,86.5064441338238,0.2833,258.63,0.62,0.42,3,1,42,6903,0.8839250303710913,0.025,67.3237917958708,0.78,87.95628828782557,0.77,77.35,1,9682,Low
Japan,Asia-Pacific,2,Agriculture,57.52413082015435,52.39933982828922,66.08539934091993,48.04330516657569,0.8665,157.33,0.72,0.54,2,0,13,30087,0.8688064071797773,0.036,74.6749798720798,0.88,74.92874978432783,0.77,85.26,1,11056,Moderate
USA,North America,2,Agriculture,37.610440538309795,29.57810141511567,47.15581000832515,32.24294202607017,0.8539,556.73,0.52,0.58,1,0,38,42729,0.9151228161915709,0.034,81.3474561478431,0.52,79.20106727474996,0.69,73.19,1,11096,Moderate
China,Asia-Pacific,2,Agriculture,62.09506848205549,54.591578739421045,64.6061712368508,64.72869286715238,0.5087,825.84,0.56,0.22,1,1,23,12281,0.9149966358612409,0.044,74.95826588176601,0.86,91.93167648670595,0.77,78.92,2,8927,Moderate
Brazil,South America,1,Agriculture,76.58105737487017,86.1405446010793,82.31203196744092,80.84453203371085,0.8772,1346.52,0.47,0.52,3,0,39,27150,0.8699993970113449,0.031,72.2169985956214,0.81,54.903533924362115,0.83,66.43,0,10945,Low
USA,North America,1,Agriculture,68.8263482989565,74.13033646255393,82.2824594690205,78.62392817328308,0.7531,1163.12,0.63,0.42,2,1,49,42156,0.9253092549397075,0.018,66.93651135801942,0.92,68.09925547932428,0.69,69.22,1,9806,Low
Japan,Asia-Pacific,3,Agriculture,53.37603183454796,46.572068989951795,54.594628219252584,55.90082791330443,0.796,459.05,0.76,0.5,3,0,43,9992,0.8356928569205738,0.028,67.30570512337778,0.84,78.16488304117777,0.9,78.97,0,9248,Moderate
USA,North America,2,Agriculture,62.32291360903335,58.214426733332175,60.35202227524272,63.27967825530586,0.7988,325.08,0.45,0.69,2,1,41,44812,0.9299554743445324,0.023,82.13350853898577,1.02,79.72458175044511,0.7,76.75,1,9178,Moderate
Malaysia,Asia-Pacific,1,Agriculture,68.79961188408478,61.29356881616875,72.90571155722768,64.05545696016938,0.8731,1440.87,0.65,0.54,2,0,46,14345,0.8642761613768526,0.024,67.7446419749755,0.66,65.36324593805763,0.89,82.81,1,10930,Low
Malaysia,Asia-Pacific,2,Agriculture,54.46911216040195,40.352220131977504,46.18142437913029,55.574784908028825,0.9335,1343.0,0.61,0.43,2,0,10,2498,0.9056050112618487,0.02,71.53990420498904,0.31,63.37322137711271,0.73,76.17,1,8955,Moderate
Japan,Asia-Pacific,2,Agriculture,60.962317265302005,67.18213104924578,65.6386011780273,63.32793932160304,0.7184,170.65,0.73,0.55,2,0,22,13442,0.8737725867480348,0.023,71.56840232999441,0.73,69.8267604119341,0.75,79.27,1,265,Moderate
Japan,Asia-Pacific,3,Agriculture,50.9740245602266,59.03938207424056,63.40548470111857,46.79098540101614,0.955,198.29,0.76,0.59,2,0,41,5546,0.863977987683844,0.028,66.27868537153239,0.67,66.35883439261214,0.54,79.0,1,11999,Moderate
Malaysia,Asia-Pacific,2,Agriculture,57.938385804019745,47.82249490787697,66.78598879798002,47.11701456416432,0.8418,182.59,0.77,0.52,2,0,8,502,0.8799759759286513,0.035,73.23295051021019,0.87,84.20943484935941,0.83,79.95,0,9494,Moderate
India,Asia-Pacific,2,Agriculture,55.354691901906136,53.750119878869285,54.883041391136445,46.97079540289807,0.3156,187.47,0.69,0.45,2,0,13,34124,0.8563100116246403,0.04,70.94086715982424,1.08,81.65096225061741,0.68,76.62,1,8650,Moderate
USA,North America,2,Agriculture,58.44965507251266,58.69456156913161,55.78086682620241,61.02549493272477,0.0683,481.26,0.58,0.22,1,0,42,13454,0.9214357143921204,0.014,81.54380334530254,1.12,85.7498290257351,0.68,77.27,2,460,Moderate
Malaysia,Asia-Pacific,1,Agriculture,75.11280248488411,70.74887262645314,79.39622446584534,83.14261050542292,0.6905,1323.96,0.64,0.49,2,0,43,32165,0.8488937993109921,0.031,72.6191314375196,0.83,71.7784275234612,0.82,85.59,0,10102,Low
Japan,Asia-Pacific,3,Agriculture,53.13240494710771,52.28477515262914,57.884175200546935,59.62542096521956,0.9749,1356.09,0.79,0.51,2,0,46,2394,0.8341624754734285,0.05,76.51540451637669,0.96,55.13030390695482,0.56,78.29,0,11879,Moderate
Malaysia,Asia-Pacific,2,Agriculture,66.93446820975132,54.99453952895208,66.45103072935954,68.68855191000829,0.8946,1261.56,0.88,0.52,2,0,11,5182,0.8433277945078035,0.05,65.04389062835175,0.64,79.84006805737472,0.6,80.14,1,11137,Moderate
Indonesia,Asia-Pacific,3,Agriculture,55.58511828228385,37.41929318054832,52.20782456361363,46.385409405467584,0.8921,458.11,0.76,0.67,2,0,42,47150,0.9243320921476545,0.022,87.77446128775694,0.91,84.44009668343313,0.65,78.67,0,9708,Moderate
Brazil,South America,2,Agriculture,50.761104282056046,13.076250000000009,55.77048986598234,51.779590971844016,0.9278,175.4,0.47,0.58,2,0,44,30310,0.8784170280975404,0.042,68.15237647958698,0.97,65.75355005303136,0.13,73.61,0,9790,Moderate
Japan,Asia-Pacific,2,Agriculture,59.654691186715574,50.174827371343845,67.51900634453409,61.31159372328997,0.9541,157.11,0.74,0.43,2,0,14,4725,0.8094967136825065,0.032,68.44097472478262,0.59,80.83952438470999,0.67,75.13,1,10608,Moderate
India,Asia-Pacific,2,Agriculture,48.983481750578775,49.52503815692971,52.2283340953861,47.27702524676635,0.921,135.78,0.83,0.57,2,0,45,13176,0.9406460961495053,0.03,67.2846534576112,0.84,60.408201612592876,0.77,77.09,1,9106,Moderate
Japan,Asia-Pacific,3,Agriculture,69.2279428472349,55.85483520726065,81.45433229340323,67.3314007180845,0.8748,1378.37,0.65,0.44,0,0,42,12288,0.898107406697088,0.037,72.75705106024932,0.67,68.28384780551916,0.63,75.52,1,9100,Low
Malaysia,Asia-Pacific,3,Agriculture,54.80944367710784,31.172020593938147,56.12962908801192,53.5885824165206,0.7342,417.2,0.76,0.5,2,0,13,34848,0.8455296358185967,0.029,62.45459712182635,0.89,74.80106881030977,0.73,73.73,1,9452,Moderate
China,Asia-Pacific,3,Agriculture,66.56415026213078,73.24671161417807,82.39841580229475,78.15289680252859,0.9364,393.13,0.57,0.47,3,0,40,10181,0.9727486445329976,0.037,71.7404827913751,0.66,76.29279021600973,0.68,72.84,1,8453,Low
Brazil,South America,2,Agriculture,62.937371078099204,60.19975057687687,64.01746046530762,58.272281824306205,0.8959,177.0,0.56,0.55,2,0,35,38274,0.8563134302170213,0.022,81.55002591424758,0.67,55.4950074533388,0.62,73.2,1,1166,Moderate
Indonesia,Asia-Pacific,2,Agriculture,50.49641128813987,44.61428003399384,50.89324886322954,42.72131956950162,0.6888,1452.11,0.79,0.55,2,0,11,45372,0.8960157872395382,0.04,66.26655356590089,0.86,66.57548540312126,0.69,74.78,0,9139,Moderate
USA,North America,1,Agriculture,60.77887564098653,54.687396042302346,70.99822799015709,55.02508673634611,0.7588,886.37,0.61,0.44,1,0,48,49968,0.9093172559846258,0.032,77.41742749032882,1.03,80.33752204966778,0.76,82.0,2,10530,Moderate
India,Asia-Pacific,3,Agriculture,65.09318813324603,78.20583134733137,72.9113309142409,59.25264571095401,0.8514,184.3,0.82,0.46,0,1,46,1725,0.8739984672031877,0.032,69.57927976727747,0.77,79.81382294404075,0.72,81.37,1,11430,Low
Malaysia,Asia-Pacific,2,Agriculture,56.32428243352951,43.765967055800914,65.00432346968908,51.01858541117586,0.7325,971.31,0.89,0.34,2,0,11,5133,0.8770568286619606,0.031,71.03234949657178,0.87,70.91471707217723,0.78,82.95,1,10146,Moderate
Japan,Asia-Pacific,2,Agriculture,66.09267932421038,51.23108805405208,66.84085688885371,70.04643045676515,0.8619,1172.89,0.58,0.51,2,0,42,9085,0.8892147882013904,0.016,66.1996811046395,0.46,74.00983956988266,0.81,78.29,2,286,Moderate
Malaysia,Asia-Pacific,2,Agriculture,57.44365881236439,46.64507906923526,49.500281639868156,51.05115184512597,0.3255,1393.97,0.78,0.44,2,0,11,27740,0.885695446723208,0.029,71.10315545104449,1.08,64.0253609213069,0.84,77.34,0,8021,Moderate
USA,North America,1,Agriculture,58.31637675560811,60.45881618832102,55.59424434505314,57.25663856651885,0.9382,107.56,0.62,0.11,1,1,47,9373,0.8698387723491671,0.03,69.86805874891425,0.99,80.94830600879914,0.67,71.07,2,772,Moderate
USA,North America,2,Agriculture,61.03058765145982,67.26242102062224,67.42569766023836,63.99483035855057,0.7446,135.72,0.66,0.32,1,0,48,46314,0.9237807533358463,0.027,57.346031278102664,0.91,77.49666362356852,0.85,82.79,2,11253,Moderate
Indonesia,Asia-Pacific,2,Agriculture,64.20178203284604,66.36056660452545,66.29272487033637,62.15104038756375,0.6702,172.05,0.76,0.57,2,0,27,16472,0.9172680560513302,0.036,43.913941174715966,0.88,79.73904641134877,0.77,78.88,1,289,Moderate
USA,North America,2,Agriculture,60.23075043617571,57.78386335780778,64.67848513267242,68.12000959152284,0.389,125.06,0.55,0.13,1,1,20,11514,0.8610360677191303,0.036,85.16436875123485,1.54,76.72949897325469,0.9,78.06,2,1473,Moderate
China,Asia-Pacific,2,Agriculture,47.59153658858597,60.696771860279945,53.11409652159917,53.88995559554128,0.8969,219.35,0.82,0.47,1,1,15,502,0.9318845423713131,0.021,62.046855125703075,0.59,87.03692448899594,0.77,69.98,1,5667,Moderate
India,Asia-Pacific,3,Agriculture,51.09864307920829,46.329148848579116,53.7136098344294,56.711084232880395,0.7623,303.63,0.81,0.57,2,0,18,46686,0.8640609816438382,0.023,74.56111132440195,1.34,76.54830088687862,0.8,76.25,1,11063,Moderate
India,Asia-Pacific,3,Agriculture,66.20097759580283,73.82723740447268,75.91953240185595,61.5311732619165,0.7957,106.68,0.75,0.5,0,0,43,27984,0.8755531166789533,0.028,68.32033418507115,1.25,59.44986709405309,0.74,84.14,1,8647,Low
Brazil,South America,2,Agriculture,70.99868512069693,66.35790000127447,73.2418134180224,68.17576818803325,0.0452,196.23,0.45,0.65,2,0,48,30533,0.8633455973349016,0.036,75.10423372325029,0.96,67.0206817275348,0.74,82.04,1,10929,Low
India,Asia-Pacific,3,Agriculture,46.55037414826726,13.076250000000009,39.75999118474749,48.37640277799725,0.8441,1347.4,0.5,0.48,2,0,39,3086,0.9000120929999297,0.032,70.38558959711041,0.54,64.36426339231704,0.14,80.04,0,8776,Moderate
Indonesia,Asia-Pacific,2,Agriculture,59.5667893923142,48.18202957861939,64.02899325840231,52.7948920996394,0.8971,208.17,0.56,0.59,2,0,23,4553,0.8573535726941982,0.034,70.71487109329497,0.75,81.59262926059509,0.73,74.03,2,1063,Moderate
Malaysia,Asia-Pacific,2,Agriculture,61.85979925473018,57.43404452639948,67.49676189890958,58.096859863135016,0.9686,50.19,0.4,0.5,2,0,39,29743,0.869505616003559,0.042,68.00000098896967,0.82,81.74730447747467,0.58,82.52,1,11087,Moderate
China,Asia-Pacific,2,Agriculture,60.85929694393042,44.04657580452353,43.33903622824739,57.98167554527532,0.8499,498.11,0.46,0.62,1,1,42,11024,0.9241706216381399,0.028,82.46786977885738,0.84,90.2649638635723,0.83,76.48,1,9625,Moderate
India,Asia-Pacific,2,Agriculture,52.10828532350048,39.39179420888014,49.59458872307715,54.087553070007516,0.9317,382.83,0.57,0.53,3,1,35,49489,0.8321634854227601,0.01,73.66196573591589,0.57,74.76917125257276,0.76,69.75,1,9213,Moderate
Japan,Asia-Pacific,2,Agriculture,53.02036781249941,52.09056706291081,55.631541888354796,50.052036438429404,0.768,742.03,0.54,0.56,2,0,41,2109,0.9147547254832085,0.027,69.99422470687273,0.46,55.86960279398201,0.55,80.25,0,11999,Moderate
Brazil,South America,2,Agriculture,63.3924478119433,63.051084078669334,61.68245465590916,64.28829595877954,0.8806,1499.5,0.59,0.48,2,0,46,27429,0.8585465774678334,0.034,82.74221833907116,0.57,62.09499999957853,0.57,86.0,1,51,Moderate
Brazil,South America,2,Agriculture,52.24176886394835,62.864456856774574,61.92633210785358,53.742142929503125,0.6843,195.68,0.5,0.59,2,0,46,34182,0.8692003984915525,0.029,83.37825256699654,0.88,50.971444237126285,0.83,70.98,1,741,Moderate
Malaysia,Asia-Pacific,2,Agriculture,62.646493325510974,52.25450546905462,64.90164229559535,63.72496840984203,0.9697,71.84,0.85,0.24,2,0,44,35292,0.8719504817825445,0.034,88.41368240135257,0.94,80.37577519792416,0.61,78.65,2,10591,Moderate
Japan,Asia-Pacific,2,Agriculture,55.16419102721664,43.07129021570877,64.50921457725696,63.8524425450031,0.8507,118.8,0.74,0.43,0,0,14,6918,0.8421746195526404,0.021,62.072081587306855,0.73,71.45427639293187,0.72,81.19,2,113,Moderate
China,Asia-Pacific,2,Agriculture,62.803860984026855,47.51152153618333,66.9953539514326,53.87273589953089,0.7451,1187.84,0.58,0.51,0,0,44,12847,0.8954642895177046,0.031,69.74339151732107,0.8,87.67540603999764,0.76,76.66,2,9178,Moderate
China,Asia-Pacific,3,Agriculture,73.19229509931068,88.01366813686195,75.4405199438932,84.9957499881473,0.8848,329.85,0.55,0.58,3,1,44,8708,0.9267381330849966,0.02,42.177547577319565,0.82,85.24751904066053,0.81,70.88,1,10054,Low
USA,North America,1,Agriculture,73.85551774447565,55.25411984125265,64.61223458226391,62.86353099822792,0.4126,219.84,0.59,0.57,1,1,46,7947,0.936211939815241,0.038,78.9666136342416,1.05,80.56530917630927,0.82,79.23,2,9529,Moderate
Japan,Asia-Pacific,2,Agriculture,56.67533500748994,61.114682680587606,58.705390874317324,56.60085190134551,0.7594,523.03,0.58,0.46,3,0,8,10536,0.9092279305891249,0.035,71.3623258823281,0.6,74.91382448089936,0.74,75.16,2,626,Moderate
USA,North America,2,Agriculture,55.792040161404195,58.798050892192585,48.96717293301366,55.539768677113734,0.1648,161.32,0.57,0.11,1,1,42,12425,0.9144299639093927,0.032,83.53147806281169,1.11,74.7330709511284,0.66,63.28,2,1093,Moderate
Malaysia,Asia-Pacific,2,Agriculture,58.968858309149205,65.70546542358518,74.73741508514448,61.00403204256279,0.9232,71.13,0.59,0.51,2,0,7,6228,0.839594823457016,0.044,71.07106832497917,0.6,78.52306561199666,0.75,77.96,1,11613,Moderate
Brazil,South America,2,Agriculture,64.10847882153213,54.79230644221774,78.17695723838679,60.50567117384308,0.9152,1173.73,0.66,0.49,2,0,48,4778,0.9294716424651047,0.04,72.16727958198437,0.5,63.470416006008676,0.69,90.23,1,9309,Moderate
Brazil,South America,2,Agriculture,65.84094510406273,55.77791574418001,66.25216322890913,53.4212833699293,0.928,64.82,0.58,0.57,2,0,44,30086,0.9341510306081707,0.02,85.483187217133,0.63,69.65488597796784,0.56,78.12,1,1257,Moderate
USA,North America,1,Agriculture,61.88316410080997,62.800475738715505,67.52075643045306,52.180514906928465,0.8216,161.57,0.59,0.58,1,0,43,15533,0.921231137300281,0.027,90.72336120515929,0.66,83.04958485520565,0.65,77.49,2,9718,Moderate
China,Asia-Pacific,1,Agriculture,65.88167561363622,60.13286576446663,64.69537090512055,66.20907947488666,0.9536,370.31,0.59,0.15,1,1,11,9277,0.8728391221788442,0.029,64.06322757107375,0.99,87.85095832497586,0.66,83.17,2,1022,Moderate
Brazil,Asia-Pacific,2,Agriculture,58.573798801058814,58.019037625876365,65.7180400969611,41.51090881403465,0.8529,224.71,0.46,0.56,2,0,10,24491,0.8500569079452557,0.035,76.77390415669235,0.78,61.93177313737226,0.64,71.92,1,11807,Moderate
Brazil,South America,2,Agriculture,60.887739702065275,58.29324713712321,63.35553081325143,53.50486758612031,0.8382,166.45,0.47,0.48,2,0,46,30897,0.8970518901115423,0.038,72.65204350851349,1.07,61.07717084069625,0.6,81.83,1,10197,Moderate
China,Asia-Pacific,3,Agriculture,69.2858888397821,62.179116010100046,72.98905747546243,80.78223174850872,0.8614,284.65,0.58,0.54,3,1,44,44377,0.8496013667952923,0.033,72.45574208334857,0.86,92.79812843961997,0.61,81.51,1,8619,Low
China,Asia-Pacific,3,Agriculture,75.08850441555072,100.0,96.28978908195654,76.03261117329552,0.8779,322.82,0.55,0.58,1,1,44,11095,0.9043585798746474,0.027,58.01127910383633,0.96,79.26793118905988,0.82,74.58,0,9380,Low
Japan,Asia-Pacific,2,Agriculture,56.806084779539276,53.60886095522139,55.5612381690189,44.33875686986148,0.9428,280.16,0.56,0.44,1,0,15,5268,0.8783313422066904,0.033,70.49513086191587,0.66,77.90842946339093,0.73,88.42,1,11539,Moderate
India,Asia-Pacific,3,Agriculture,67.00178694909431,67.19338696557911,86.94032450084292,61.02710888511927,0.8083,136.79,0.7,0.44,0,0,15,4025,0.8432860206651843,0.042,69.06629690941512,0.87,77.55082056324686,0.81,82.03,1,8845,Low
Indonesia,Asia-Pacific,2,Agriculture,51.7209562583903,47.01191234504432,53.156153565492296,47.81150200046788,0.6397,1367.41,0.77,0.61,2,0,41,28740,0.9051980442900506,0.032,69.25315321087757,0.66,65.92009826092279,0.72,70.68,1,1655,Moderate
India,Asia-Pacific,3,Agriculture,65.81707851015896,56.93143055330887,67.69774351497576,67.15086327091036,0.9775,1392.75,0.62,0.61,3,0,40,46867,0.8719555468957156,0.031,64.64333877029465,0.76,86.2639676155963,0.82,74.43,1,10699,Low
China,Asia-Pacific,1,Agriculture,50.09423994806354,51.98282294281871,67.73431696724379,50.4098738571142,0.8411,1059.87,0.78,0.43,1,0,45,40814,0.8509360409794688,0.044,65.77855610590976,0.93,88.78453821541427,0.76,79.18,1,8722,Moderate
Japan,Asia-Pacific,3,Agriculture,68.34781716773597,60.501921825758586,73.9414384841439,58.86865595368071,0.8036,1441.77,0.78,0.51,0,0,15,11839,0.8943141062928903,0.048,75.91947386936098,0.74,83.98996455853485,0.77,76.15,1,10249,Moderate
China,Asia-Pacific,1,Agriculture,68.76656877122981,78.26756839063766,69.2925752373285,80.41197862922859,0.2384,516.36,0.61,0.43,3,1,45,14439,0.9334469061457137,0.029,83.86353723753027,0.85,78.46027954703192,0.76,73.49,1,1161,Low
USA,Asia-Pacific,1,Agriculture,69.9219715595205,99.28554711755147,88.23148951739925,94.39217974935406,0.3915,590.61,0.59,0.2,1,1,40,12918,0.903205066964221,0.03,51.86115813755759,0.89,89.53024839348325,0.74,76.44,1,10257,Low
India,Asia-Pacific,2,Agriculture,59.952055177102984,49.21253926711631,61.953828459968946,48.292640050320784,0.8734,146.68,0.76,0.47,2,0,23,14216,0.9345893726116049,0.028,73.710739237432,0.62,77.127117913161,0.83,79.34,2,11181,Moderate
Brazil,South America,2,Agriculture,61.72968746121016,62.65050651704545,67.61424781522351,54.84017026850832,0.9717,143.39,0.55,0.54,2,0,43,41701,0.8356709271733666,0.024,67.41233000143451,0.75,58.068757781459794,0.67,81.54,1,10959,Moderate
China,Asia-Pacific,2,Agriculture,59.401122275057006,58.701363272162894,67.40047622086439,52.43349688452054,0.7667,95.28,0.57,0.45,2,0,10,8399,0.944686725682914,0.042,72.62656624469263,0.68,75.79811706551114,0.8,77.55,2,11741,Moderate
China,Asia-Pacific,2,Agriculture,67.74943055506917,78.03051153153774,92.16727743081297,93.60379173985986,0.8527,381.37,0.57,0.48,1,1,42,9728,0.9048575211962195,0.03,80.35431122879675,0.79,87.11417035117248,0.7,69.61,1,11999,Low
China,Asia-Pacific,1,Agriculture,78.30600027100832,94.31263520710291,92.89881580958786,89.14199871284353,0.7749,344.98,0.59,0.5,1,1,44,8095,0.9129507119274742,0.037,58.15849896486755,0.63,80.49598343254448,0.79,77.27,1,8845,Low
USA,North America,1,Agriculture,71.03094495055782,84.46164148741538,81.80767207227292,70.25594962992307,0.8145,926.04,0.59,0.36,1,1,11,12255,0.8519388803384069,0.03,68.8520146901528,0.96,76.81592017402717,0.74,77.31,1,9035,Low
USA,North America,1,Agriculture,70.19262027130203,78.88347023744784,74.0825503351396,82.49563362089731,0.786,425.52,0.61,0.5,1,1,48,3176,0.8953188494169644,0.013,82.10286984955535,0.93,87.05481058812751,0.74,71.09,1,8135,Moderate
Japan,Asia-Pacific,3,Agriculture,63.34079434753315,70.40820056342704,66.66688165854049,67.21895088527381,0.7395,1366.65,0.47,0.46,0,0,9,9515,0.8539766669666842,0.02,74.18411876607149,0.65,75.88768260031489,0.64,86.65,0,10452,Low
Malaysia,Asia-Pacific,2,Agriculture,57.88666250393417,50.281188080996266,61.32633174620355,61.20509573521614,0.7816,313.86,0.6,0.62,2,0,35,46821,0.8810528768790814,0.048,72.571435147373,0.43,83.03996891861767,0.58,85.45,1,2585,Moderate
China,Asia-Pacific,2,Agriculture,66.58277971191164,77.6090825855192,71.53372054950317,64.95848545691776,0.7473,448.95,0.63,0.3,1,1,7,45618,0.9016181773097256,0.031,70.3884283200696,1.48,80.21634347881101,0.72,76.78,1,11374,Moderate
Japan,Asia-Pacific,3,Agriculture,62.658681851745776,53.288589859420064,67.23974981763678,60.50254673623946,0.7927,1307.71,0.56,0.42,3,0,11,46261,0.8652447344024674,0.04,69.98381632806466,0.82,75.85877192099056,0.66,77.34,2,8760,Moderate
China,Asia-Pacific,2,Agriculture,56.054083750454986,61.18587711625422,49.66141078255592,59.27557451900683,0.887,429.95,0.55,0.09,1,0,17,9060,0.9474595807931017,0.026,61.22858925440648,1.18,74.01221856940488,0.75,91.24,2,1125,Moderate
China,Asia-Pacific,1,Agriculture,74.58991268833279,86.54056586802864,98.36405800033108,78.41220200174071,0.1188,365.71,0.48,0.53,1,1,45,12724,0.92137949494878,0.037,48.96132259976345,0.68,66.13691738068088,0.77,73.18,0,9024,Low
Brazil,South America,2,Agriculture,63.86202121545923,56.16001943425494,63.28182682237512,64.61100141104818,0.9857,195.75,0.56,0.5,2,0,40,37673,0.8487569988080832,0.035,86.0004766336431,1.23,53.52701195854155,0.55,80.5,1,9608,Moderate
Malaysia,Asia-Pacific,2,Agriculture,55.20619960766139,39.52835163232439,61.82552490341086,57.066931103231724,0.9692,1425.48,0.57,0.42,2,0,40,6593,0.8295319124680917,0.045,69.73538618720437,0.68,62.56299545300666,0.62,73.96,0,7890,Moderate
Japan,Asia-Pacific,3,Agriculture,74.4429607450957,61.61888714668478,75.33863916632068,71.83022945938937,0.8306,1149.99,0.39,0.56,0,0,40,7066,0.9031258389251605,0.031,68.4911597809053,0.69,83.39261982279709,0.86,79.34,0,10036,Low
Malaysia,Asia-Pacific,2,Agriculture,70.29966710977253,57.93331692426341,66.0226984860175,70.33135496635333,0.9735,822.6,0.56,0.19,3,0,40,35223,0.8798593504226724,0.023,65.62212262531868,0.81,79.1496803575413,0.62,78.74,2,9354,Moderate
Japan,Asia-Pacific,2,Agriculture,63.28509243582165,49.32008762025195,67.1933341871006,63.419727730359256,0.7534,418.76,0.66,0.28,1,0,21,14929,0.9173652549409519,0.033,71.03428072759044,0.89,84.82126409160564,0.77,67.17,2,1090,Moderate
China,Asia-Pacific,2,Agriculture,63.32137999054091,78.03170029732944,65.29991370847844,61.546331211401686,0.7489,207.14,0.63,0.32,2,1,13,12184,0.9080253481724476,0.024,82.98251577471034,1.35,94.11504791368208,0.73,79.41,2,9619,Moderate
Japan,Asia-Pacific,2,Agriculture,56.09603641212105,34.53324749578783,53.8388302732255,44.08345656740194,0.8695,357.27,0.53,0.15,1,0,45,8583,0.9724794622505635,0.03,68.97457931889983,0.7,70.47882743303713,0.78,90.11,1,273,Moderate
India,Asia-Pacific,3,Agriculture,81.91542604529579,91.58705808103625,82.93832630704918,81.10209092118826,0.2247,302.22,0.45,0.46,0,1,45,31732,0.9027862209373402,0.028,58.70713597047054,0.86,61.49995002344195,0.62,67.9,0,9870,Low
Japan,Asia-Pacific,3,Agriculture,72.55727928184034,84.15560340174605,73.7730422199154,79.6889850314026,0.7071,434.45,0.59,0.34,0,0,40,7654,0.8972807495786523,0.029,46.12787670160743,0.68,74.37272844381235,0.76,76.89,0,565,Low
Malaysia,Asia-Pacific,2,Agriculture,62.9237689453983,63.36677847977035,71.9508526713293,67.40700548882566,0.8998,1223.7,0.64,0.73,2,0,35,42898,0.9336484905149959,0.034,76.49863112310541,0.66,75.3095389144957,0.62,73.76,1,9676,Moderate
Japan,Asia-Pacific,2,Agriculture,56.92200929313658,53.05635820148511,62.91192205521724,61.392392082260145,0.901,262.31,0.8,0.57,2,0,22,49982,0.8191815835801921,0.017,63.94109294097431,0.68,85.49023962455817,0.64,69.35,1,11849,Moderate
China,Asia-Pacific,1,Agriculture,64.82774732314316,84.40358584797679,72.12954967411044,77.31187465771819,0.7329,208.42,0.47,0.58,1,1,44,10347,0.904425753748807,0.026,47.70053162061478,0.99,72.90415295134227,0.82,64.93,1,9835,Low
Japan,Asia-Pacific,3,Agriculture,62.792614544321324,43.413720310727356,63.705259796974794,51.475830892826146,0.6866,139.24,0.74,0.46,2,0,12,31686,0.8513724051283734,0.026,72.52818594066093,0.79,75.39511005211604,0.69,84.9,1,11144,Moderate
USA,Asia-Pacific,1,Agriculture,50.3995864082462,24.36538144563654,58.33172724957238,35.042350561539195,0.4097,230.05,0.59,0.14,1,1,41,20579,0.9273171252962226,0.014,75.07867562304304,1.2,73.63915598978697,0.64,69.33,1,10883,Moderate
China,Asia-Pacific,2,Agriculture,65.6967719512517,57.0749244512151,67.65937495060744,63.088458703596395,0.8701,1183.38,0.59,0.51,2,0,43,9983,0.8955865579744902,0.034,67.6544266518894,0.52,76.24646533655499,0.77,82.1,2,934,Moderate
China,Asia-Pacific,1,Agriculture,69.50773214488474,80.92031309160372,77.65848539637909,67.03863667837332,0.7649,439.57,0.62,0.45,1,1,17,8734,0.8924438800396465,0.04,70.73862133996666,1.0,85.640153573066,0.83,82.24,1,9788,Low
China,Asia-Pacific,2,Agriculture,51.2899178284687,55.93048762220819,51.95644814351924,53.20386800675169,0.4574,355.19,0.5,0.67,1,1,42,45830,0.8991811585311434,0.027,78.37676311587973,1.03,82.06692926392749,0.78,75.12,1,7115,Moderate
Malaysia,Asia-Pacific,2,Agriculture,65.9055694879857,54.97801526364479,63.36505426284105,67.67515154136389,0.9734,144.5,0.58,0.58,2,0,39,31503,0.8905092562379979,0.027,73.79624586783918,0.79,82.1820644048181,0.7,85.44,1,10603,Moderate
Malaysia,Asia-Pacific,1,Agriculture,64.97866220397981,81.98585465222789,72.86630069762131,73.02002616075431,0.0992,1390.75,0.58,0.52,2,1,24,46145,0.8996448726730429,0.03,69.08468013904432,0.89,85.3922164862912,0.8,83.95,1,279,Low
Brazil,South America,2,Agriculture,62.612427265157194,56.55995237691402,62.037403871195025,69.2178521505818,0.7035,179.64,0.61,0.52,2,0,46,32889,0.829842027663806,0.028,72.70469780787613,1.0,58.75246593504793,0.72,76.94,1,9027,Moderate
Indonesia,Asia-Pacific,2,Agriculture,52.15814908431696,52.91921266355624,52.59661026353053,39.72814277987479,0.7409,1327.89,0.47,0.61,2,0,22,46769,0.8790494415648197,0.042,69.96957813892598,0.74,73.99835408211808,0.72,81.09,1,8946,Moderate
Malaysia,Asia-Pacific,2,Agriculture,54.486626824401526,56.61493515650512,64.28873869887529,54.525477683858966,0.2379,177.15,0.45,0.63,2,0,41,29842,0.846494924193903,0.039,83.88834933576612,0.95,81.84982443119328,0.66,78.97,1,9807,Moderate
USA,South America,2,Agriculture,59.830334508491575,58.96436632066945,65.86458927938858,50.6448900492375,0.7931,91.47,0.58,0.31,2,0,37,28515,0.9421200628823914,0.036,77.72250152912505,0.51,63.16402695521346,0.68,75.44,1,5473,Moderate
USA,North America,1,Agriculture,78.44462538670108,87.00083266832267,80.26174828452898,73.98981616822745,0.858,1050.73,0.52,0.31,1,1,37,44904,0.9077858169732487,0.036,74.80984914414428,1.02,75.03743930247647,0.64,66.1,1,9456,Low
Malaysia,Asia-Pacific,3,Agriculture,67.77619799111162,69.75743163710699,76.72387716525641,91.70270188761417,0.2532,1477.4,0.39,0.46,3,0,49,5825,0.8619177705738484,0.038,68.1124119572582,0.75,61.54965320317511,0.52,61.97,0,7600,Low
Malaysia,Asia-Pacific,2,Agriculture,68.4433962637904,44.21159098445664,70.0582803474514,78.78283831895065,0.7442,1499.5,0.61,0.44,0,0,6,46313,0.8296770289632576,0.04,74.0900421808485,0.69,73.07463861950414,0.79,83.92,1,8205,Low
USA,South America,1,Agriculture,75.92082487865743,70.48944848643983,85.54778821659123,67.04346163850275,0.8952,943.49,0.42,0.62,1,1,43,45390,0.9275030678946463,0.038,79.9462286595316,0.88,69.58285252733599,0.66,82.27,0,9280,Low
Japan,Asia-Pacific,3,Agriculture,52.10781263716321,52.273908262389114,58.22432744479834,57.37509802901263,0.721,1206.05,0.78,0.53,2,0,42,6463,0.8816124849818564,0.027,70.49200635457818,0.68,59.83325483416321,0.85,78.86,0,11838,Moderate
USA,South America,2,Agriculture,68.67974597540349,87.12034334046166,83.3445031393168,81.6101684888625,0.0143,1230.53,0.61,0.35,2,0,37,35735,0.9064281962115556,0.033,74.82185690665675,0.57,69.60407989199834,0.54,69.67,1,8775,Low
Malaysia,Asia-Pacific,2,Agriculture,58.55944664786466,39.789027756386666,52.98222073058898,56.86001263602036,0.8698,1394.23,0.47,0.53,2,0,38,31965,0.8906147372064092,0.042,65.7377538752231,0.53,57.03850942344639,0.77,70.91,0,7882,Moderate
Japan,Asia-Pacific,3,Agriculture,64.91538212098108,58.61247952538962,66.92653578211717,67.73447273084417,0.7326,1401.12,0.84,0.48,2,0,15,6722,0.8572457290306611,0.034,76.96995892282781,0.78,54.723671596925946,0.75,80.25,0,10014,Moderate
Brazil,South America,2,Agriculture,66.41447407398013,71.4467190498138,73.68849456165151,73.71884205158771,0.9824,734.3,0.68,0.52,2,0,42,5948,0.835725676672305,0.032,67.90087509264451,0.63,50.03191577942147,0.3,84.73,1,9353,Low
China,Asia-Pacific,3,Agriculture,49.37511652907265,34.460935839587975,50.43599828981562,54.47917959367792,0.7686,336.0,0.6,0.53,2,1,39,7269,0.888707589669485,0.033,91.87818954013278,0.98,88.44558729123663,0.68,76.22,0,10724,Moderate
USA,North America,1,Agriculture,71.27062291597622,61.0131159329556,83.4342901876036,62.752415120106136,0.0377,186.25,0.63,0.54,3,1,41,42528,0.8785020044626116,0.028,55.54219864811025,1.11,78.28930164702145,0.73,77.07,2,11649,Moderate
USA,North America,3,Agriculture,77.0241970322861,70.81886306294453,78.09128172765861,92.98207359363593,0.1476,143.81,0.37,0.54,3,1,38,38631,0.857477575979097,0.025,74.48412033317518,1.08,61.128723999788235,0.72,85.56,1,10417,Low
China,Asia-Pacific,2,Agriculture,50.590384399746526,29.838640454271903,47.45460747398227,45.17172152142644,0.1308,305.01,0.47,0.21,1,0,23,16968,0.8568765766810796,0.042,62.335953837915554,1.12,91.89083440675505,0.76,78.67,1,10272,Moderate
USA,North America,2,Agriculture,53.63016056162708,54.86650050140979,48.10608754466816,51.97967090958817,0.1774,158.4,0.46,0.3,1,0,44,35555,0.8662669832529193,0.024,86.165941298537,1.28,80.44432832637487,0.85,74.33,1,392,Moderate
China,Asia-Pacific,2,Agriculture,64.29793243203538,57.93962908349931,68.94372167356732,56.51743802559386,0.4589,294.61,0.6,0.55,1,1,42,45217,0.9061068086898744,0.035,84.38462495309545,1.03,82.84310335224251,0.8,79.16,1,9288,Moderate
USA,North America,2,Agriculture,46.9658238190958,59.9530322672676,49.821483709356045,47.531358509716725,0.7394,454.46,0.39,0.36,1,1,15,8552,0.9293534437020827,0.038,73.79935483448578,0.95,75.88761916683045,0.69,77.33,2,8111,Moderate
Japan,Asia-Pacific,2,Agriculture,63.249872414249054,65.06264632420671,67.47344524077265,67.53364196384264,0.6749,367.37,0.75,0.33,2,0,39,15611,0.8344809192063521,0.027,75.0123971659431,0.72,71.40022173608439,0.69,68.56,1,1067,Moderate
China,Asia-Pacific,2,Agriculture,68.47772496928036,78.89664977029234,69.19357893513484,68.30848362726564,0.8154,380.43,0.55,0.55,1,1,40,16863,0.9938766630087322,0.031,81.1595673201974,1.39,73.84048272333582,0.81,82.85,1,1134,Moderate
Japan,Asia-Pacific,2,Agriculture,59.733190775689,53.92733042228125,64.16022817919097,67.2248594505758,0.98,1374.57,0.58,0.48,2,0,38,47909,0.8689865724288394,0.027,67.73023978329455,0.6,80.51647140368566,0.8,80.72,1,11472,Moderate
Brazil,South America,2,Agriculture,64.25113082508162,60.97330429882705,66.52474668518693,58.4444317649822,0.7773,188.59,0.54,0.44,2,0,45,31795,0.8495412977548376,0.032,84.36365756960976,0.82,57.27245386649952,0.67,71.76,1,7338,Moderate
Japan,Asia-Pacific,2,Agriculture,64.49576341594008,47.7411378875366,71.60915771628008,62.41129146397411,0.8508,1122.39,0.72,0.63,2,0,42,2032,0.8281822210394277,0.048,71.87887299315338,0.69,54.61533330251734,0.76,79.71,0,10552,Moderate
China,Asia-Pacific,2,Agriculture,53.107467408569086,33.67732269300287,47.58398846573766,41.37742372335629,0.8452,498.78,0.6,0.58,2,0,14,47962,0.8903776466666824,0.029,85.16951412052364,0.63,80.1688589995685,0.63,72.68,1,8900,Moderate
Japan,Asia-Pacific,2,Agriculture,64.49677696812786,61.657131474893625,61.50122964256981,68.36768596054517,0.9356,50.19,0.77,0.45,2,1,45,11588,0.8617065761168643,0.045,54.19804332557854,0.88,85.64342384779819,0.83,67.41,2,11999,Moderate
China,Asia-Pacific,1,Agriculture,67.85507633778565,90.7014084738505,94.99824041639017,70.51318995925025,0.7527,290.92,0.46,0.5,1,1,17,45309,0.8619768430174047,0.048,50.07590427711454,0.95,76.85162872859985,0.72,67.78,0,8979,Low
Japan,Asia-Pacific,3,Agriculture,61.38243140501324,62.35046227425873,68.47866485722649,65.36080914552838,0.9075,1241.89,0.5,0.57,2,0,6,6451,0.830704308138733,0.04,69.54944345815544,0.7,59.19664553288578,0.64,78.32,0,11736,Low
Malaysia,Asia-Pacific,2,Agriculture,49.483590005182975,60.536490699497165,63.42271966874042,47.1646736742779,0.9625,75.18,0.41,0.51,2,0,42,31223,0.8272526665869439,0.052,71.50364472842512,0.77,88.59760777183688,0.14,85.72,1,9385,Moderate
USA,Asia-Pacific,3,Agriculture,70.56252218847713,83.39022330774709,75.07392234949747,75.40651125064035,0.9031,244.42,0.44,0.62,1,1,46,4132,0.9499970666945194,0.02,43.199163142206515,0.93,84.95928052590912,0.73,77.07,0,7730,Low
China,Asia-Pacific,2,Agriculture,66.33515122599496,61.75524628363422,67.29432483297303,61.47994837249094,0.925,1292.61,0.62,0.52,1,0,20,14786,0.9096022095323613,0.033,63.31422637622827,0.76,72.44214828852265,0.63,76.6,2,9348,Moderate
Japan,Asia-Pacific,2,Agriculture,61.74549402339212,60.16196242931475,74.52460482354117,57.43811087766669,0.7727,192.02,0.76,0.47,2,0,14,43192,0.8599019066982838,0.027,69.22129465388622,0.67,75.12005248868341,0.7,81.53,1,10713,Moderate
Malaysia,Asia-Pacific,2,Agriculture,64.0320601983322,52.331628829001474,64.91016135124316,60.27310947049027,0.0861,790.71,0.54,0.52,3,0,46,34631,0.8639250698178015,0.027,71.23272723106778,0.97,85.60783175762633,0.79,79.24,1,8886,Moderate
Malaysia,Asia-Pacific,3,Agriculture,68.07703996352947,51.22325853519269,79.37769751997183,64.36398134701402,0.9939,87.23,0.61,0.48,2,0,44,36198,0.8496459661837532,0.036,69.98922702229315,0.84,59.06074275442473,0.84,74.02,1,9425,Low
China,Asia-Pacific,2,Agriculture,51.09261380961985,46.87551942837269,57.893165343529915,56.06146202198431,0.8831,369.04,0.65,0.49,1,1,39,14989,0.9074960022415034,0.029,62.26403601905615,0.91,73.42101121482804,0.61,81.02,2,8490,Moderate
Japan,Asia-Pacific,3,Agriculture,63.25801005400756,63.74307085895799,74.18123475171149,64.13809024551611,0.8795,985.87,0.61,0.65,3,0,41,49313,0.8524376026834992,0.034,70.63634348896049,0.72,82.06296789233727,0.76,74.36,1,9678,Moderate
India,Asia-Pacific,3,Agriculture,68.34912991503997,63.67931413793781,77.75753128778896,68.68201096577053,0.8775,1145.68,0.6,0.5,3,0,41,12985,0.8771601609079708,0.032,72.0885914906983,0.7,86.25063868376176,0.81,69.83,1,2052,Low
Malaysia,Asia-Pacific,3,Agriculture,68.22009709551233,79.33957853188714,77.34642789265357,76.55048778853804,0.8675,1361.2,0.49,0.45,0,0,41,31650,0.8511575688680865,0.038,66.27055369423599,0.89,51.37496171123074,0.68,83.16,0,9406,Low
Malaysia,Asia-Pacific,2,Agriculture,69.58482815074692,59.82571358437933,78.46531969145579,77.00721302336538,0.9657,1330.57,0.64,0.46,2,0,41,8282,0.9475754979246032,0.034,71.35889289446257,0.58,80.36104778096053,0.76,74.86,1,9009,Low
Malaysia,Asia-Pacific,2,Agriculture,66.75512781129382,54.41374101371317,70.15642889739141,70.71122673459271,0.8054,323.59,0.44,0.64,2,0,36,47026,0.9351777060880081,0.027,80.417741859372,0.88,82.28542301598317,0.75,74.6,1,8984,Moderate
China,Asia-Pacific,1,Agriculture,76.83253971705865,89.94376388859726,97.45153203839531,73.84564240173026,0.8319,386.49,0.59,0.55,1,1,41,15465,0.9347536810913071,0.028,57.90816936680803,0.87,77.7947737223727,0.68,74.94,1,8830,Low
Malaysia,Asia-Pacific,2,Agriculture,52.18110698615515,40.73447447487354,63.32466508568397,55.33428245966438,0.9195,1337.11,0.75,0.44,2,0,16,8610,0.8487448586454118,0.034,67.97600664951635,0.71,52.3962399565958,0.67,87.66,1,11177,Moderate
Malaysia,Asia-Pacific,1,Agriculture,55.89058143149365,58.294541036412085,67.00875511070042,46.44394850990935,0.9075,92.46,0.85,0.37,2,0,14,20905,0.8438932595631224,0.035,69.6172095405921,0.77,67.476433681606,0.63,76.26,1,11181,Moderate
Malaysia,Asia-Pacific,2,Agriculture,51.55820696346734,31.593613440062224,52.468071139795335,53.9513386406533,0.7458,869.93,0.61,0.55,2,0,47,13250,0.9133413474598524,0.04,90.2049662333647,0.54,90.66726746301111,0.62,68.83,1,10419,Moderate
Brazil,Asia-Pacific,2,Agriculture,57.330662469752156,40.777792224154275,55.500192057293134,46.237948189657914,0.9508,126.51,0.57,0.48,2,0,42,27193,0.8856714788862607,0.039,67.6970575569777,0.65,61.44243254192264,0.82,85.88,1,11470,Moderate
Japan,Asia-Pacific,2,Agriculture,50.66155072618831,32.22136453923642,53.44924858189674,46.518609364832294,0.7972,322.89,0.6,0.59,1,0,20,9599,0.9325002874559475,0.019,66.20600824040928,0.66,78.41393760620731,0.78,73.92,1,1986,Moderate
USA,North America,1,Agriculture,64.69063159460319,68.32784114541285,65.73852237947602,72.08680487098175,0.9091,170.39,0.6,0.38,2,0,13,33596,0.8749858558681177,0.032,96.29722827009732,0.58,86.38853096329979,0.72,77.32,2,10514,Moderate
China,Asia-Pacific,1,Agriculture,68.48044787891018,75.05876040541338,71.38474745022094,72.71242126239696,0.7277,408.89,0.62,0.51,1,1,47,6415,0.927966977226529,0.031,55.85756897266268,1.03,87.45472201735036,0.72,79.45,1,10956,Moderate
Japan,Asia-Pacific,3,Agriculture,53.770025878626335,47.72403008400928,66.98073762704882,48.670137167770406,0.803,209.49,0.74,0.51,2,0,12,26278,0.830768484665131,0.024,70.12899583922805,0.79,82.91223500975707,0.53,75.74,0,11310,Moderate
China,Asia-Pacific,2,Agriculture,55.833513802280635,56.75133913861975,49.81309561169349,61.92927764493494,0.8026,548.21,0.81,0.5,1,1,27,13681,0.9170851745176873,0.032,53.503708788523205,1.0,86.61188155157964,0.77,73.04,2,1083,Moderate
China,Asia-Pacific,1,Agriculture,74.75433560742466,77.1280356698189,81.26312591587894,74.1960277461328,0.7853,509.14,0.62,0.31,1,1,47,7554,0.9024567350841012,0.028,70.76058848395151,0.82,75.39791382270226,0.71,67.05,1,8393,Low
USA,North America,2,Agriculture,53.666410395568626,45.31813864492476,44.22147225170713,55.28237094099264,0.7744,413.58,0.44,0.51,1,1,42,27133,0.8558020545050975,0.031,84.53258836504712,0.91,79.75357432195645,0.76,76.59,1,9249,Moderate
Japan,Asia-Pacific,2,Agriculture,60.232147894954416,57.688439827764796,64.93763513505495,54.08139824925904,0.9588,1240.78,0.61,0.54,2,0,39,8071,0.8648551465157698,0.04,76.44859799665086,0.66,80.00001541773204,0.72,78.8,1,11029,Moderate
Japan,Asia-Pacific,3,Agriculture,76.7851495393074,63.75404015629915,81.10023057469893,65.01025502533855,0.8325,459.67,0.57,0.22,1,0,40,7485,0.9323902225861523,0.03,52.628420664450694,0.95,76.22088852892131,0.72,78.95,1,10834,Moderate
India,Asia-Pacific,2,Agriculture,63.57978022901646,55.58965075863293,68.3209132361316,59.828908485710734,0.848,175.71,0.57,0.5,2,0,43,46860,0.8824710337606347,0.039,73.12997597414714,0.76,85.43154209311098,0.74,77.03,1,8114,Moderate
USA,Asia-Pacific,2,Agriculture,58.49243227028557,59.68561355537709,64.45489560592635,65.07483617177083,0.3542,221.7,0.58,0.12,1,1,18,4235,0.9326357574074656,0.021,68.52740822037086,1.68,72.7469355789228,0.67,81.14,2,10025,Moderate
Japan,Asia-Pacific,3,Agriculture,72.57819642380592,85.08413712300809,78.42318319890981,74.03240769960544,0.8566,351.68,0.63,0.44,1,0,43,8944,0.9008795829242828,0.043,74.1859300300383,0.66,90.09483351089617,0.75,79.08,1,9885,Low
Indonesia,Asia-Pacific,3,Agriculture,56.16521663213969,26.220015573154303,48.08040856612549,55.5525765117444,0.6867,436.16,0.77,0.58,2,0,42,10161,0.9285288912733533,0.028,52.37974804470835,0.88,80.40798389344867,0.89,70.72,0,9498,Moderate
China,Asia-Pacific,2,Agriculture,65.3599192479895,60.11714217087641,65.63344559954072,55.5565797993258,0.8881,1230.35,0.64,0.48,1,1,19,46252,0.9028587554464353,0.047,69.49501256937978,0.83,84.05148133437545,0.76,68.13,2,9918,Moderate
Brazil,South America,2,Agriculture,67.81007317663317,57.53361885824353,63.69317021948574,72.48648928434547,0.8168,132.79,0.82,0.56,2,0,18,27858,0.8400466115960132,0.05,78.59601266158325,0.86,77.16470356164544,0.72,82.51,1,9697,Moderate
Brazil,South America,1,Agriculture,67.59965494340372,63.633869572394104,86.00161720666433,75.8774863224984,0.7321,1442.09,0.36,0.42,0,0,45,31641,0.8529868756117336,0.039,77.01153588159906,0.9,65.37656932663323,0.68,80.72,0,9594,Low
India,Asia-Pacific,3,Agriculture,63.38142349271967,56.251445998169096,73.39904796251533,67.98535358912298,0.9815,763.04,0.59,0.6,3,0,44,2729,0.8260444329032102,0.051,66.977176558966,0.7,79.00292026250236,0.83,78.47,1,11102,Low
Malaysia,Asia-Pacific,2,Agriculture,64.66598223692549,58.901603998334885,64.08927104593123,58.529846912752554,0.6737,1330.58,0.48,0.39,0,0,16,13726,0.8526138403837964,0.025,69.28920197248547,0.6,73.75695656133452,0.64,80.16,1,1315,Moderate
USA,North America,2,Agriculture,66.42794635968994,62.281146542607345,79.72174492098799,75.48111703397508,0.9094,906.43,0.5,0.63,3,1,41,48182,0.9253884904900003,0.033,85.58246169691199,0.78,87.30192793258321,0.71,72.2,1,9234,Low
Malaysia,Asia-Pacific,2,Agriculture,61.58179057460689,56.69944237574271,69.25384891447855,62.045317608303336,0.9421,158.57,0.53,0.65,2,0,8,1614,0.8121997459803117,0.052,70.30614685550549,0.64,84.20367957647153,0.7,68.85,1,10328,Moderate
India,Asia-Pacific,2,Agriculture,68.09396001086687,49.629269824249235,66.29788588560994,50.10029156907839,0.9152,1084.55,0.81,0.64,2,0,19,48154,0.8675102228610239,0.038,70.86816292486313,0.78,83.46574228330618,0.67,73.74,1,11235,Moderate
Malaysia,Asia-Pacific,2,Agriculture,65.32459547848731,56.726629325971174,62.082477473271766,69.52240810002462,0.7221,172.58,0.6,0.53,2,0,14,45880,0.8797167029692841,0.02,71.26468145995152,0.7,77.42566026384671,0.7,77.43,2,1242,Moderate
Malaysia,Asia-Pacific,2,Agriculture,57.20131149016891,56.600784930650065,67.53988521866249,59.95610664890665,0.8134,109.73,0.59,0.57,2,0,18,47368,0.8995033050572793,0.032,71.09552661349177,0.82,81.74997537206968,0.76,83.22,1,9010,Moderate
Japan,Asia-Pacific,3,Agriculture,60.63422455186416,55.90373330489104,51.10919037218061,61.3981850578462,0.7498,474.73,0.74,0.46,1,1,15,18687,0.8726107386966492,0.021,57.296998999805005,1.06,86.36236191317724,0.74,88.0,1,8958,Moderate
China,Asia-Pacific,1,Agriculture,73.88407540641025,86.93328046138525,75.17359509603145,75.31539751850013,0.1935,476.41,0.6,0.14,1,1,42,11742,0.8795105475905844,0.03,78.18752539033352,0.92,89.34180249428343,0.84,68.47,1,8771,Low
China,Asia-Pacific,1,Agriculture,66.23145244273881,90.03595458166501,69.68655056785006,69.50440344735821,0.7759,462.06,0.65,0.47,1,1,12,8360,0.923102904128139,0.032,71.60880301845202,0.94,66.96679759699595,0.62,78.5,1,9873,Low
Malaysia,Asia-Pacific,3,Agriculture,65.1317016460353,69.69050186523629,79.28509236137815,78.62369621697135,0.8925,1221.33,0.38,0.56,0,0,40,42012,0.8583655148170409,0.025,75.21916464160853,1.33,76.45947623791848,0.78,79.24,0,11246,Low
Malaysia,Asia-Pacific,2,Agriculture,62.980799715242135,57.500298763212044,64.09068811821503,65.05421547989245,0.9541,94.66,0.64,0.66,2,0,6,45218,0.8891577835568967,0.05,66.82721601845229,0.73,79.81200829878108,0.71,78.42,1,11960,Moderate
Japan,Asia-Pacific,2,Agriculture,69.40886687451035,82.60082059060456,69.97668230847307,62.82560405077885,0.7705,471.52,0.42,0.38,1,1,36,7965,0.8774898021663536,0.031,64.66813738829583,0.78,79.639319306305,0.79,76.12,1,9772,Moderate
Malaysia,Asia-Pacific,1,Agriculture,49.39800456789387,28.309441370577353,60.16148795926396,55.38827069614309,0.7531,1081.71,0.62,0.47,2,0,40,28848,0.87556525522543,0.036,75.50627792887913,0.47,74.86211106010268,0.6,71.1,0,10381,Moderate
Japan,Asia-Pacific,2,Agriculture,63.1166795219718,58.98452975859811,60.635077020143804,68.26427969730094,0.3918,472.08,0.59,0.21,1,1,22,13614,0.8391937496459211,0.041,71.66725143596678,1.51,84.13089942761177,0.7,77.25,2,1192,Moderate
USA,North America,1,Agriculture,59.33156027423902,61.035250304753845,56.96720581979057,62.95192853638332,0.8181,340.46,0.63,0.49,1,1,44,11943,0.8407798998827145,0.032,75.01812219793884,1.21,83.55108567378512,0.79,77.01,2,10193,Moderate
China,Asia-Pacific,2,Agriculture,45.440316382848025,49.45960772420909,56.704699820054635,51.84405511335907,0.0883,314.31,0.57,0.64,3,1,37,44745,0.9350306853577394,0.034,79.92176344935625,0.52,73.98560891975698,0.67,73.88,1,9226,Moderate
USA,North America,1,Agriculture,71.70996056578215,57.917022883922556,75.87379374694335,75.73230379079104,0.953,381.61,0.66,0.51,1,1,47,2590,0.9317330172381744,0.015,76.22498264411077,0.93,88.69369989261827,0.79,74.98,2,9891,Moderate
Malaysia,Asia-Pacific,2,Agriculture,57.2146743831821,42.46634931962628,62.962872196861454,55.021748416218045,0.8983,1074.49,0.74,0.49,2,1,40,3451,0.8633245185984745,0.032,69.58505203059899,0.85,81.77330945036117,0.84,84.72,1,8758,Moderate
Brazil,South America,1,Agriculture,68.78543736339546,63.707033102771874,65.19523320461064,72.4712757792919,0.7325,373.84,0.61,0.44,2,1,47,24699,0.8155749792046304,0.02,85.75261954766862,1.19,71.82556226638222,0.73,61.21,1,9822,Moderate
USA,Asia-Pacific,2,Agriculture,55.51084431930489,63.097993187861626,65.75068925393886,58.623636360317235,0.2962,137.45,0.46,0.45,1,0,24,33726,0.9111833088893359,0.028,69.72499194042074,1.0,91.7418733600396,0.76,83.39,2,8679,Moderate
Japan,Asia-Pacific,3,Agriculture,71.7864250625075,56.86756503459119,82.36639842311942,67.8627819022675,0.994,898.61,0.74,0.56,3,0,40,47592,0.8606127977351907,0.022,68.2582542683152,0.88,73.4618232258215,0.75,81.56,1,11013,Low
Japan,Asia-Pacific,3,Agriculture,63.18119080946271,59.27289531613058,65.53637749728865,50.05861784846098,0.95,126.41,0.76,0.57,2,0,44,39470,0.8465643112793498,0.025,64.7608419481479,0.87,72.944369583518,0.57,77.81,1,10701,Moderate
China,Asia-Pacific,2,Agriculture,50.19972300903833,35.39517273402478,51.28247052983688,47.101311094406164,0.8794,422.02,0.58,0.5,2,0,12,9371,0.9403940427716591,0.02,65.2783183524163,0.75,78.01847830417267,0.71,75.93,1,715,Moderate
USA,North America,1,Agriculture,69.88606620600844,93.16046010051394,93.74520720073811,77.08723001312264,0.1285,314.14,0.58,0.41,1,1,41,6094,0.9137094652439341,0.037,54.37515394875271,1.16,80.28177626974055,0.74,74.28,0,10259,Low
India,Asia-Pacific,2,Agriculture,61.66531873982666,48.76138546060653,67.97449328567015,53.59685136064501,0.8886,1024.31,0.82,0.57,2,0,43,42633,0.8683195973271968,0.026,68.07839024710329,0.81,86.1350667975471,0.77,74.66,1,10774,Moderate
Japan,Asia-Pacific,2,Agriculture,60.77204692366112,55.92089842443907,51.70681136050539,49.014716728239264,0.9734,767.95,0.4,0.41,1,0,45,7659,0.8636737227416614,0.048,74.55528923399136,0.96,77.96874397356912,0.85,86.22,1,8884,Moderate
Japan,Asia-Pacific,3,Agriculture,61.18498520143869,47.349763391003,60.00117092576426,56.113357796058665,0.7633,642.86,0.7,0.37,0,0,11,9500,0.8457267770027902,0.027,65.7408054243075,0.67,74.19728863811066,0.73,84.04,2,8177,Moderate
Japan,Asia-Pacific,2,Agriculture,66.11068201664146,74.13747705573012,71.80026315347136,74.70289152741202,0.6522,149.04,0.58,0.37,1,0,37,10479,0.9127051893529674,0.027,70.95413533946316,0.67,78.74395276479737,0.75,74.52,1,929,Low
Japan,Asia-Pacific,3,Agriculture,66.92277316022354,71.3152778609563,79.29276442696526,74.79854136300493,0.7212,1031.5,0.47,0.62,0,0,43,35582,0.8388511294046098,0.027,68.17622990860177,0.82,77.23947207970312,0.75,79.17,0,245,Low
USA,South America,2,Agriculture,49.62702432389224,58.57762575919269,63.341969820973766,49.847213884925786,0.1921,264.11,0.59,0.17,2,0,43,30500,0.8783496450871435,0.029,71.05654775258576,1.12,52.03116494238496,0.38,73.54,1,374,Moderate
Indonesia,Asia-Pacific,2,Agriculture,61.24335883970209,50.37433747056977,61.74630609578621,61.974473299962085,0.9029,892.37,0.56,0.67,3,0,43,10651,0.9509824600675771,0.01,69.89167995961074,0.6,79.99252797714092,0.77,77.96,1,51,Moderate
China,Asia-Pacific,2,Agriculture,51.47439865911568,57.16085491049205,49.556127078118266,40.11702109255201,0.7885,431.64,0.56,0.51,1,0,26,12484,0.9108206186531705,0.045,60.33613525971858,0.9,78.21851592073007,0.61,72.74,1,8784,Moderate
Malaysia,Asia-Pacific,3,Agriculture,55.11433504217068,44.92552632463887,53.29666383886759,43.42815735040338,0.8212,50.19,0.46,0.58,2,0,40,26761,0.8526743775223553,0.028,65.711165020219,0.71,80.81805960203582,0.63,79.79,1,10242,Moderate
China,Asia-Pacific,2,Agriculture,62.513832538552585,60.8876913488323,64.32558893555826,66.35475812914714,0.7644,449.75,0.58,0.48,1,0,39,17294,0.9257225372233842,0.022,79.9402138617899,0.57,88.73040952573739,0.67,77.16,1,217,Moderate
China,Asia-Pacific,2,Agriculture,45.584504246547205,38.04376620304273,42.75672071647712,46.740492241019965,0.7663,466.82,0.63,0.58,3,0,42,7215,0.9260390999700491,0.032,78.57045368684382,0.22,75.95617905597447,0.68,80.09,1,6169,Moderate
Malaysia,Asia-Pacific,2,Agriculture,62.71431548464796,49.3465417341339,65.67830721811177,77.91545302284891,0.8544,1229.34,0.59,0.52,2,0,9,47685,0.84070105773908,0.044,67.15569848595608,0.78,72.8494564075922,0.9,90.26,2,932,Moderate
Brazil,South America,2,Agriculture,61.75149380821741,46.697289230324316,65.17802008887934,52.423906096056584,0.0647,212.92,0.57,0.53,2,0,40,22640,0.8544677298889208,0.045,81.44308741029539,1.3,75.09085787836544,0.61,77.01,1,1015,Moderate
China,Asia-Pacific,2,Agriculture,63.40126823343067,64.08198846196545,84.76395160498879,71.0245430144503,0.853,1143.93,0.63,0.49,2,0,43,11361,0.9063122436478047,0.039,47.69434907398845,0.5,69.85485700942282,0.66,84.8,1,10312,Low
USA,North America,2,Agriculture,54.61398802156038,19.422612076671946,38.45689288536365,35.68775922200258,0.1604,69.97,0.56,0.54,1,0,39,25848,0.9321739054208366,0.021,75.03217896963793,1.06,66.65145319651815,0.12,79.61,1,142,Moderate
Malaysia,Asia-Pacific,3,Agriculture,45.36829666006269,13.076250000000009,37.79300884207426,37.784037143825095,0.9519,236.51,0.38,0.55,2,0,40,41013,0.9631274625721222,0.024,74.76388558336282,0.82,55.98632552580248,0.12,76.13,0,8299,Moderate
USA,North America,2,Agriculture,59.66467894124813,49.68933603657701,58.377437928405556,62.48809658352823,0.0434,446.93,0.6,0.56,1,1,37,17832,0.88662625212602,0.03,79.81679628721878,1.04,74.87597527607227,0.75,76.61,1,1680,Moderate
Malaysia,Asia-Pacific,2,Agriculture,54.521253987273845,24.279718587009775,45.67390502889121,47.73432440153657,0.862,594.39,0.46,0.59,1,0,45,16711,0.950894888984421,0.026,74.42997266202069,0.83,68.59600837769919,0.75,78.85,0,9816,Moderate
Malaysia,Asia-Pacific,2,Agriculture,62.15837521543253,57.02551193991175,63.129756646331344,66.8062742490278,0.9488,118.59,0.57,0.5,2,0,38,48192,0.8865850763501272,0.039,66.7364356966176,0.4,71.75508199425329,0.64,74.31,1,516,Moderate
Malaysia,Asia-Pacific,2,Agriculture,44.675653414029306,52.888560653117,46.189696601181126,44.59608754251744,0.7749,245.08,0.36,0.6,1,0,41,13498,0.9491249416748231,0.036,68.96582731548088,0.82,75.94106480861225,0.68,68.88,1,1405,Moderate
Malaysia,Asia-Pacific,2,Agriculture,60.148601716563455,53.140129524126145,62.818124071713896,61.06384048607501,0.7417,1412.87,0.63,0.5,2,0,7,6561,0.8717868233711787,0.033,72.49499929418334,0.61,81.28185360386742,0.83,79.6,1,11199,Moderate
USA,South America,1,Agriculture,70.92501954821441,68.65787571879952,78.90834009997381,74.33601073840826,0.8078,856.9,0.52,0.6,2,1,46,5908,0.8959859590811019,0.023,100.0,0.72,72.29143155120497,0.77,73.86,1,9631,Low
Japan,Asia-Pacific,3,Agriculture,54.54220485971222,36.89029559267427,51.795827232055224,54.52586399553576,0.9492,448.53,0.74,0.38,1,0,11,15436,0.8760938894876796,0.025,70.24104021323113,0.46,77.85088034470249,0.73,77.03,1,8868,Moderate
Malaysia,Asia-Pacific,2,Agriculture,65.32257635281064,50.71150533316138,67.35476022455708,53.51334396249009,0.7566,1047.78,0.81,0.45,2,0,43,3076,0.8714727218265266,0.05,66.1388978401249,0.67,58.911198373304295,0.58,85.8,1,8665,Moderate
Malaysia,Asia-Pacific,2,Agriculture,55.480108748689744,62.341419401749405,59.728795108646786,67.9939231078014,0.8159,1499.5,0.5,0.49,2,1,10,44478,0.8963096278661593,0.028,76.79494049306976,1.26,85.99664078429639,0.67,84.23,1,8987,Moderate
USA,North America,1,Agriculture,76.64321952243262,70.87969400988159,82.99360404070109,76.24511103358178,0.7431,752.24,0.63,0.59,1,0,50,47935,0.911647361351081,0.018,94.2322752002089,1.02,87.29758163144653,0.83,74.19,1,9346,Low
Japan,Asia-Pacific,2,Agriculture,64.98690940849501,50.27082322645359,64.8436829799393,59.913063802637154,0.9282,217.75,0.56,0.5,2,0,40,39249,0.8427376546703255,0.038,65.0002902275828,0.74,80.7296067304938,0.46,78.64,1,11451,Moderate
Brazil,Asia-Pacific,2,Agriculture,50.67599672299881,18.15536066395257,37.96188931256694,35.28088033521147,0.9307,1291.79,0.5,0.45,2,0,39,5763,0.9118183552785358,0.03,65.17457183672599,0.33,55.19338475559574,0.46,74.93,0,6308,Moderate
Malaysia,Asia-Pacific,2,Agriculture,56.72736804500284,53.1536758892948,68.02054668975242,56.21213186303092,0.8817,127.05,0.59,0.6,2,0,41,37341,0.9039811744160663,0.027,58.3467775720637,0.69,82.85815095728665,0.61,68.77,1,626,Moderate
China,Asia-Pacific,3,Agriculture,74.58810882732156,73.52120211473706,85.07459521141787,84.02577352442717,0.8383,515.65,0.57,0.46,1,1,41,20486,0.9177849668513621,0.036,59.746235641885164,1.08,81.88169900056572,0.81,78.2,1,10560,Low
USA,North America,1,Agriculture,64.05382843031487,72.45234546511173,82.34432421381531,85.63870414700953,0.0385,412.37,0.57,0.44,3,1,42,16177,0.9176761688868658,0.046,78.16509166189262,1.21,75.8255184791206,0.64,74.16,1,10484,Low
Japan,Asia-Pacific,2,Agriculture,53.223201135727635,44.38444246565883,59.70767602458992,56.36720424901372,0.9573,531.81,0.78,0.56,2,0,48,12050,0.866309037269356,0.034,76.51967127318969,0.7,82.24092677357532,0.64,60.85,1,11160,Moderate
Malaysia,Asia-Pacific,3,Agriculture,70.1532852345251,77.52263511455872,75.10415662262702,80.51236543514709,0.8778,190.15,0.45,0.57,3,1,43,5028,0.9533135380047214,0.03,70.07498516486486,0.75,50.28599893163342,0.84,84.04,0,7526,Low
USA,Asia-Pacific,2,Agriculture,47.13396458688617,63.97493828533572,47.31261765730345,43.22644281078968,0.7444,128.55,0.83,0.35,1,0,26,4485,0.9013880038450144,0.021,100.0,0.98,85.2080445387692,0.76,63.82,2,1800,Moderate
China,Asia-Pacific,2,Agriculture,54.06417887049456,54.91414628331053,51.21819080106256,52.0772528636446,0.3629,219.63,0.58,0.26,1,0,40,13030,0.9012185220174683,0.033,81.82407877839839,0.88,75.33851253584976,0.71,76.53,1,8771,Moderate
Malaysia,Asia-Pacific,2,Agriculture,62.61260371228145,57.720398146599074,70.81623668655543,61.92835518720488,0.8178,143.39,0.62,0.61,2,1,45,47919,0.9253434019594216,0.038,89.14686861031198,0.62,83.08944570596783,0.81,69.51,1,7948,Moderate
India,Asia-Pacific,3,Agriculture,70.03018049594893,62.31718373973539,82.81268401073284,77.86277783434961,0.8232,1300.08,0.46,0.55,0,0,38,38476,0.8732986868856778,0.032,75.11989046524862,1.38,76.19518612177653,0.83,76.84,0,8946,Low
Brazil,South America,2,Agriculture,57.248894083710404,61.96718511637647,62.306537201200626,62.96512589980998,0.8994,185.5,0.59,0.48,2,0,39,27625,0.8657557414406545,0.038,80.90944004985134,1.22,65.65113786227064,0.55,73.62,1,209,Moderate
Brazil,South America,2,Agriculture,58.20563508783625,60.472768865156105,60.212731718446165,69.76567507263587,0.4652,155.15,0.59,0.57,2,0,38,38525,0.8488651246129558,0.029,82.61186361176216,1.2,47.42949032974724,0.58,72.23,1,1070,Moderate
China,Asia-Pacific,3,Agriculture,79.2443228839797,93.46096824261842,86.74860823473665,71.43510178714284,0.6914,372.67,0.56,0.31,1,1,11,17066,0.8922501566250647,0.032,44.324157768620736,0.82,77.67427892629765,0.65,74.5,0,9869,Low
Malaysia,Asia-Pacific,1,Agriculture,67.01887591515924,79.92580632245564,78.94206264432923,63.873164145287014,0.7839,1422.61,0.49,0.53,2,1,48,2362,0.9178944191902795,0.027,80.78042951993251,0.77,74.58909669238551,0.74,80.92,1,11392,Low
China,Asia-Pacific,1,Agriculture,75.81773761817466,94.32419113844259,98.60222003236012,80.9959495170851,0.0292,185.83,0.58,0.48,1,0,42,17904,0.8972511821138173,0.039,42.226715713945225,0.93,73.45865685550112,0.72,69.11,1,8920,Low
China,Asia-Pacific,1,Agriculture,57.646909712503586,21.64477628533707,66.84053096812785,57.20727842459662,0.3627,336.45,0.6,0.42,2,0,38,32791,0.8626640010987496,0.013,84.57529211459412,0.96,77.86367218757803,0.8,69.14,0,10202,Moderate
Japan,Asia-Pacific,2,Agriculture,58.47126870689074,43.923052941106626,67.79383956342174,45.03477172662082,0.7344,1358.5,0.59,0.54,2,0,8,45245,0.9198518252141131,0.041,69.18539530634811,0.77,77.72890801605779,0.73,82.02,1,11999,Moderate
Malaysia,Asia-Pacific,2,Agriculture,62.56883833153949,55.06883032370333,65.25093155075055,72.87928268499772,0.9396,658.24,0.53,0.54,3,1,35,46138,0.8727662052696756,0.022,81.46603600789724,0.61,75.45988988657813,0.65,81.59,1,9705,Moderate
USA,North America,1,Agriculture,62.44786396182053,50.63373898499629,69.39980975905611,55.34748675826406,0.6124,1207.52,0.64,0.39,2,1,46,48626,0.8463377912084309,0.039,72.98003442249019,0.99,80.82777808087334,0.73,71.03,2,8100,Moderate
Japan,Asia-Pacific,3,Agriculture,64.65757367499789,52.04402478012065,63.62775122325354,60.800150582806864,0.9738,364.59,0.56,0.47,3,0,43,13880,0.888359822997701,0.036,69.36355331348898,0.7,83.39601099554396,0.65,74.37,2,9303,Moderate
Japan,Asia-Pacific,3,Agriculture,60.20019561334513,60.53294657587033,68.95312561931115,65.0123326272939,0.9347,1375.61,0.57,0.58,2,0,43,502,0.843308278355762,0.037,67.64934373327198,0.58,57.69932392062323,0.57,82.98,1,10546,Moderate
USA,North America,2,Agriculture,53.37501047674727,34.15643855537785,50.42288812453921,33.09628279128619,0.835,375.21,0.57,0.35,1,0,39,14334,0.9491055673316867,0.028,82.19057681399353,0.26,74.62203833512773,0.2,77.59,1,5476,Moderate
Brazil,South America,2,Agriculture,49.79986828660248,41.09516624663267,58.71591842177903,47.15406579032443,0.1263,184.14,0.49,0.57,2,0,41,26007,0.8425943303428618,0.033,72.80755744255488,0.8,63.53283502168488,0.35,79.92,0,806,Moderate
USA,Asia-Pacific,1,Agriculture,83.23555349952385,100.0,88.5039592459538,84.69286746401266,0.1694,320.76,0.45,0.52,1,1,45,6508,0.929721307575186,0.037,49.05163860523383,0.96,94.1356542068602,0.8,73.27,0,8991,Low
USA,North America,1,Agriculture,67.33231420881854,79.07241154350821,74.1138231401902,79.65995387541243,0.4484,145.63,0.59,0.14,1,1,45,12694,0.8421060022796277,0.034,82.78748619177638,1.21,84.60962580219137,0.82,70.89,2,8773,Moderate
USA,North America,1,Agriculture,70.4880739363002,78.05267046591558,78.28345362699355,91.59410114475041,0.7165,339.14,0.63,0.54,1,1,44,13919,0.9352924813829759,0.05,70.29002274724971,0.87,83.38187221440751,0.72,71.71,1,5778,Moderate
Japan,Asia-Pacific,3,Agriculture,68.19796539294101,79.82983426188858,83.30122551645522,61.424153571864196,0.7522,326.53,0.58,0.43,1,0,12,14116,0.8818698917718312,0.021,60.65357559671353,0.69,76.53497508958071,0.69,81.73,1,9065,Low
India,Asia-Pacific,3,Agriculture,77.1380896842263,98.00434707366779,77.42683750896043,95.43826412231093,0.7869,268.12,0.61,0.23,0,0,40,8285,0.8782322099591924,0.022,67.11667068463935,0.67,73.26098035821258,0.79,60.28,0,9422,Low
India,Asia-Pacific,3,Agriculture,68.68256351544821,71.55637477140769,79.38152827386291,78.89418749488536,0.9142,381.9,0.46,0.46,1,1,48,13749,0.8646287295882766,0.042,51.29882632808274,0.84,77.12118647732206,0.76,75.48,0,9046,Low
Japan,Asia-Pacific,3,Agriculture,69.01005454262045,86.47852025917751,71.05618615197417,77.44600788809025,0.712,442.14,0.5,0.54,1,1,44,8939,0.9094321464756978,0.025,64.96768570439478,0.78,88.58584271737442,0.71,76.52,1,1030,Low
Malaysia,Asia-Pacific,2,Agriculture,59.83301399796562,62.79189062931541,65.64539020489673,59.09128509621955,0.8917,1285.65,0.66,0.63,2,0,40,4241,0.863649187031546,0.043,66.50968757899382,0.61,73.2123061801291,0.17,68.09,1,11193,Moderate
China,Asia-Pacific,1,Agriculture,79.34325414765355,77.52261065242787,84.96351530230004,80.94732826463871,0.8795,122.08,0.51,0.42,3,0,43,12493,0.918141977719939,0.03,66.98160912988,0.69,53.888803394593964,0.72,85.01,1,8659,Low
India,Asia-Pacific,2,Agriculture,59.206443832956964,47.42092573140112,63.04174439149864,57.230972909249175,0.9602,1306.68,0.79,0.39,2,0,13,4890,0.8651354745498662,0.029,71.40790105025786,0.51,79.34917285698053,0.8,80.96,1,11999,Moderate
Japan,Asia-Pacific,2,Agriculture,63.57794487179881,50.80027621815378,75.71926214372806,51.713322497251156,0.843,1039.43,0.75,0.64,2,0,8,5633,0.8971044671628045,0.021,72.05186193307235,0.6,75.96663684068434,0.83,77.91,1,11999,Moderate
