Supplier_ID,Supplier_Name,Country,Industry_Sector,ESG_Score,Carbon_Emission_tCO2e,Waste_Management_Score,Water_Usage_m3,Energy_Consumption_MWh,Compliance_Status,Certifications,Lead_Time_Days,Production_Capacity_Units,On_Time_Delivery_Rate,Defect_Rate_Percent,Financial_Stability_Index,Sustainability_Report_Submitted,GHG_Reduction_Target_Percent,Renewable_Energy_Use_Percent,Employee_Training_Hours,Supplier_Tier
S00001,Supplier_1,Vietnam,Electronics,59.54,3560.99,74.37,29352.75,8482.99,Non-Compliant,ISO 45001,8.91,394746.23,100.24,2.95,0.31,Yes,5.82,76.12,7.24,Tier 3
S00002,Supplier_2,Singapore,Textiles,50.22,1827.9,94.77,13078.16,2083.27,Non-Compliant,ISO 45001,25.63,489529.73,79.17,1.82,0.63,Yes,5.48,36.63,102.35,Tier 3
S00003,Supplier_3,Malaysia,FMCG,68.64,2520.98,72.57,20616.26,4285.08,Compliant,ISO 9001,25.05,449657.99,78.64,1.92,0.36,Yes,23.61,53.05,47.79,Tier 1
S00004,Supplier_4,China,Plastics,42.37,4625.48,86.97,26174.12,1177.22,Partially Compliant,ISO 9001,90.46,167942.8,77.17,4.31,0.64,Yes,34.38,38.81,182.5,Tier 3
S00005,Supplier_5,Malaysia,Automotive,84.09,3480.43,76.55,50464.47,3735.17,Partially Compliant,ISO 9001,75.91,112485.84,79.94,1.77,0.5,Yes,32.66,47.25,90.94,Tier 3
S00006,Supplier_6,Indonesia,Plastics,90.77,2031.39,62.88,91304.97,9734.94,Compliant,ISO 9001,51.05,5802.75,78.71,0.16,0.76,Yes,9.02,15.41,186.9,Tier 3
S00007,Supplier_7,China,Plastics,89.51,752.14,98.6,82310.01,6899.6,Non-Compliant,ISO 45001,7.69,81991.68,81.44,1.29,0.32,Yes,27.89,35.01,33.57,Tier 2
S00008,Supplier_8,Indonesia,Chemicals,64.39,1846.69,58.0,17026.68,1160.69,Partially Compliant,ISO 14001,62.37,479393.56,95.96,0.86,0.64,Yes,30.03,41.66,64.38,Tier 3
S00009,Supplier_9,India,Metals,39.33,3911.24,30.55,43249.14,3397.9,Compliant,ISO 14001,47.86,392380.47,73.3,2.73,0.8,No,28.17,6.78,109.18,Tier 2
S00010,Supplier_10,India,Electronics,44.45,2957.05,74.7,1941.14,6003.78,Non-Compliant,ISO 9001,55.71,217520.3,70.17,2.63,0.78,No,41.95,74.4,135.88,Tier 3
S00011,Supplier_11,,Textiles,47.39,1674.78,95.98,12641.15,3711.27,Compliant,None,39.76,42463.67,87.23,3.81,0.42,Yes,25.3,54.19,143.44,Tier 3
S00012,Supplier_12,Thailand,Electronics,85.59,1729.22,61.13,78143.15,5638.95,Compliant,ISO 45001,24.04,418022.07,71.67,3.24,0.54,No,5.82,35.15,149.73,Tier 3
S00013,Supplier_13,Malaysia,Electronics,77.68,2670.01,83.53,16331.14,1715.2,Partially Compliant,ISO 45001,7.76,28409.81,88.14,0.29,0.89,Yes,42.63,39.11,18.9,Tier 2
S00014,Supplier_14,Singapore,Plastics,93.71,790.85,46.21,26184.76,3311.09,Compliant,ISO 45001,27.41,332647.23,83.03,0.79,0.69,No,17.98,88.23,188.43,Tier 3
S00015,Supplier_15,Vietnam,Metals,77.27,1126.27,50.72,82131.27,1213.27,Partially Compliant,ISO 45001,37.79,207461.24,83.68,1.81,0.81,No,42.92,41.23,3.25,Tier 3
S00016,Supplier_16,Vietnam,Chemicals,42.25,3795.67,71.18,47186.32,6376.48,Partially Compliant,ISO 45001,67.44,298876.45,71.94,3.43,0.32,Yes,33.09,20.59,27.74,Tier 3
S00017,Supplier_17,Singapore,,91.77,3607.0,99.29,9782.97,8957.22,Partially Compliant,ISO 9001,67.03,174854.91,80.81,4.21,0.81,No,31.81,74.55,115.61,Tier 1
S00018,Supplier_18,India,Automotive,75.07,473.93,97.42,57807.78,8624.58,Partially Compliant,ISO 45001,87.12,12070.48,75.01,4.68,0.46,No,16.78,21.13,23.85,
S00019,Supplier_19,Thailand,Textiles,87.29,2862.5,94.51,86830.22,439.78,Partially Compliant,ISO 45001,73.82,106752.75,73.19,0.51,0.41,Yes,9.93,99.51,41.02,Tier 2
S00020,Supplier_20,Malaysia,FMCG,68.11,4280.03,31.31,46861.84,3440.1,Non-Compliant,ISO 9001,88.61,323309.21,79.77,4.74,0.48,No,11.42,7.55,11.51,Tier 3
S00021,Supplier_21,Thailand,Metals,87.45,1116.36,59.93,51835.64,6980.31,Non-Compliant,None,35.27,200393.92,77.05,2.3,0.84,Yes,47.64,69.03,194.67,Tier 2
S00022,Supplier_22,Indonesia,Metals,52.67,3500.6,64.72,65277.14,382.85,Non-Compliant,ISO 9001,5.19,86733.61,87.39,4.02,0.78,No,45.62,20.18,2.77,
S00023,Supplier_23,India,Metals,83.0,418.39,54.22,7654.75,5014.11,Compliant,ISO 9001,29.45,326482.13,78.34,1.17,0.81,Yes,16.8,95.49,166.07,Tier 2
S00024,Supplier_24,Vietnam,Metals,50.13,1587.3,42.52,27217.98,3026.0,Non-Compliant,None,16.78,438646.91,72.58,1.09,0.65,Yes,43.73,58.5,37.88,Tier 3
S00025,Supplier_25,Vietnam,FMCG,85.6,2736.54,73.68,81357.35,7330.09,Partially Compliant,ISO 14001,61.02,470236.15,77.47,0.36,0.99,Yes,9.25,21.48,65.64,Tier 2
S00026,Supplier_26,China,FMCG,84.21,321.71,58.22,61402.08,4007.51,Non-Compliant,ISO 14001,24.85,485307.41,88.39,0.24,0.86,Yes,29.35,40.17,188.82,Tier 3
S00027,Supplier_27,Indonesia,Plastics,88.9,2883.46,73.64,92736.32,2742.77,Compliant,ISO 14001,7.35,108432.51,86.25,0.43,0.72,No,31.64,31.96,93.77,Tier 3
S00028,Supplier_28,Malaysia,Plastics,68.71,3920.49,32.62,44542.69,6306.05,Partially Compliant,None,49.03,487446.17,93.12,3.69,0.68,No,35.88,17.39,132.02,Tier 3
S00029,Supplier_29,Indonesia,Electronics,66.4,1179.52,83.27,76254.85,4693.16,Non-Compliant,ISO 9001,35.56,17755.97,89.6,3.18,0.33,No,17.55,18.35,114.35,Tier 2
S00030,Supplier_30,,Automotive,67.71,4650.38,72.66,43745.9,4297.84,Partially Compliant,ISO 14001,87.15,388929.48,72.82,0.63,0.65,Yes,49.64,62.5,10.56,Tier 3
S00031,Supplier_31,India,Plastics,51.69,2262.59,66.25,32778.09,3296.21,Non-Compliant,ISO 45001,13.12,234375.38,103.82,4.88,0.5,No,35.55,69.92,165.01,Tier 3
S00032,Supplier_32,Vietnam,Metals,70.13,3855.99,75.09,1579.01,7300.73,Compliant,ISO 45001,68.57,389570.45,77.53,0.34,0.99,Yes,6.11,42.11,31.17,Tier 2
S00033,Supplier_33,Indonesia,Textiles,48.89,4573.77,83.24,84489.69,8598.05,Partially Compliant,None,26.61,45632.1,76.04,4.25,0.6,No,1.61,38.99,145.59,Tier 1
S00034,Supplier_34,Vietnam,Automotive,79.42,1559.19,38.73,62011.05,10279.48,Non-Compliant,,71.09,313043.68,91.92,2.43,0.53,Yes,14.58,30.54,118.53,Tier 1
S00035,Supplier_35,Vietnam,Electronics,70.36,2157.28,77.88,45330.02,4241.31,Partially Compliant,None,12.82,5291.76,76.89,4.6,0.85,No,2.24,80.13,149.98,Tier 3
S00036,Supplier_36,China,Plastics,94.31,2083.05,36.88,87915.66,8340.33,Non-Compliant,ISO 45001,46.43,410387.2,85.86,2.61,0.75,No,34.62,40.19,149.28,Tier 2
S00037,Supplier_37,Malaysia,Plastics,73.49,2446.02,57.7,97410.74,9044.92,Partially Compliant,ISO 9001,63.05,164095.52,79.17,0.67,0.9,No,1.57,13.5,57.54,Tier 2
S00038,Supplier_38,Vietnam,Metals,91.94,4013.81,61.59,91858.5,1917.03,Partially Compliant,ISO 14001,72.9,243334.6,82.87,0.53,0.89,No,30.17,36.31,66.46,Tier 1
S00039,Supplier_39,China,Electronics,50.85,901.91,67.63,89273.33,868.88,Non-Compliant,None,45.93,305281.67,82.96,1.85,0.78,No,29.46,5.74,137.87,Tier 1
S00040,Supplier_40,India,Textiles,45.19,3918.39,57.11,10579.96,10011.48,Partially Compliant,ISO 14001,89.1,440285.69,99.99,2.92,0.92,Yes,21.6,99.79,49.66,Tier 2
S00041,Supplier_41,Indonesia,Automotive,72.78,3515.54,89.95,33823.19,8013.72,Compliant,None,61.66,9825.73,88.98,2.73,0.89,Yes,43.29,38.39,10.22,Tier 3
S00042,Supplier_42,Singapore,Automotive,76.05,1319.96,82.66,80707.72,8663.18,Partially Compliant,None,55.56,241312.56,83.89,2.62,0.8,No,18.72,77.8,188.18,Tier 3
S00043,Supplier_43,,FMCG,42.23,513.92,62.86,88523.93,9294.58,Compliant,None,58.38,369164.55,87.24,1.73,0.9,Yes,30.03,33.0,150.6,Tier 2
S00044,Supplier_44,Thailand,Automotive,78.73,1074.92,83.07,36178.03,8774.03,Compliant,ISO 14001,6.64,24329.33,99.84,3.24,0.4,No,27.14,59.39,93.8,Tier 2
S00045,Supplier_45,Malaysia,Plastics,79.42,2564.26,N/A,47858.68,9957.05,Partially Compliant,None,85.49,307381.77,99.04,4.59,0.33,Yes,12.1,16.5,120.91,Tier 3
S00046,Supplier_46,China,Electronics,50.4,3651.04,84.72,30701.83,9007.32,Compliant,ISO 45001,20.53,380011.66,69.57,0.21,0.53,Yes,35.25,26.77,149.24,Tier 2
S00047,Supplier_47,Thailand,Metals,62.56,3633.02,49.42,23340.16,8562.93,Non-Compliant,ISO 9001,79.53,471292.84,93.2,2.23,0.95,No,50.01,85.75,132.65,Tier 1
S00048,Supplier_48,Vietnam,Automotive,84.53,3219.87,98.67,7134.22,1725.33,Compliant,None,46.25,121561.84,88.21,2.81,0.8,No,31.95,79.9,125.55,Tier 2
S00049,Supplier_49,Indonesia,FMCG,74.0,2186.71,76.74,36749.52,1624.83,Partially Compliant,None,85.44,23279.85,69.85,3.0,0.49,No,40.72,52.8,127.4,Tier 3
S00050,Supplier_50,Vietnam,Electronics,51.5,4595.9,92.5,85388.52,789.57,Compliant,ISO 9001,26.17,3802.3,73.12,1.59,0.5,Yes,15.71,12.67,189.33,Tier 1
S00051,Supplier_51,Thailand,Chemicals,94.56,4335.63,50.11,61732.48,3932.28,Partially Compliant,ISO 45001,40.04,44757.1,91.75,4.46,1.01,No,16.03,31.3,76.72,Tier 3
S00052,Supplier_52,China,Metals,92.45,1576.98,36.42,67372.62,8937.56,Compliant,ISO 9001,65.86,482602.79,79.59,3.66,0.86,No,0.41,7.79,85.6,Tier 1
S00053,Supplier_53,India,Textiles,76.48,3052.32,80.6,77147.59,4882.51,Partially Compliant,ISO 9001,9.86,197223.23,73.66,4.33,0.5,No,8.28,10.33,14.49,Tier 2
S00054,Supplier_54,China,Automotive,54.43,4568.84,31.37,36242.68,3245.16,Compliant,ISO 14001,38.22,447076.47,101.17,0.59,0.79,No,35.98,18.14,153.64,Tier 1
S00055,Supplier_55,Thailand,Metals,55.67,3281.42,61.67,94634.95,7352.01,Compliant,ISO 9001,71.46,347381.47,72.0,4.76,0.61,No,11.53,68.12,10.94,Tier 3
S00056,Supplier_56,Indonesia,Metals,51.93,4825.99,32.05,34997.09,1078.48,Non-Compliant,ISO 14001,14.09,301058.25,87.42,0.28,0.66,Yes,37.77,19.39,89.5,Tier 3
S00057,Supplier_57,China,Metals,78.68,2598.05,74.3,23424.26,5095.94,Compliant,ISO 45001,21.32,265570.5,91.86,2.2,0.37,No,4.51,63.02,137.66,Tier 2
S00058,Supplier_58,Vietnam,Automotive,43.7,2903.27,66.42,18628.0,4082.28,Compliant,ISO 14001,35.12,420385.21,70.16,0.86,0.98,Yes,1.99,23.37,105.95,Tier 1
S00059,Supplier_59,,Chemicals,46.15,1715.25,43.23,96663.21,5867.37,Partially Compliant,ISO 14001,9.96,120477.96,72.42,0.51,0.79,Yes,22.79,90.59,34.39,Tier 3
S00060,Supplier_60,Vietnam,FMCG,46.33,475.91,35.85,2011.34,1644.94,Compliant,None,33.11,295664.39,76.51,3.51,0.88,No,47.61,54.71,90.42,Tier 3
S00061,Supplier_61,Vietnam,Textiles,40.1,3668.62,53.5,71189.6,6441.98,Partially Compliant,ISO 45001,5.94,122136.53,71.54,1.13,0.98,No,36.41,81.1,187.78,Tier 2
S00062,Supplier_62,China,Electronics,90.93,4845.87,N/A,42951.17,6644.65,Non-Compliant,None,5.0,308791.86,89.39,0.92,0.92,No,21.13,77.33,21.76,Tier 1
S00063,Supplier_63,Vietnam,Textiles,45.43,2975.89,93.08,92497.3,3608.35,Partially Compliant,ISO 45001,43.22,120096.32,92.7,3.25,0.6,Yes,1.01,90.16,10.07,Tier 3
S00064,Supplier_64,India,Chemicals,69.44,3356.44,82.03,13607.86,3682.42,Partially Compliant,ISO 14001,18.44,291081.29,87.51,1.08,0.66,No,8.64,12.68,192.61,Tier 3
S00065,Supplier_65,Malaysia,Plastics,74.37,1520.13,84.82,101406.71,9511.53,Partially Compliant,ISO 45001,20.26,449111.52,94.85,3.27,0.4,No,0.21,40.7,121.19,Tier 3
S00066,Supplier_66,Indonesia,,92.11,1547.57,36.95,23137.88,5608.87,Partially Compliant,ISO 9001,33.51,174773.38,86.33,4.05,0.92,Yes,44.88,12.42,45.4,Tier 1
S00067,Supplier_67,Vietnam,Electronics,74.02,4096.96,93.91,93029.76,7220.82,Compliant,ISO 9001,88.33,121204.58,78.21,1.18,0.85,Yes,47.68,17.72,174.81,Tier 1
S00068,Supplier_68,Vietnam,Plastics,40.12,391.82,92.09,101083.06,580.84,Compliant,ISO 9001,39.39,41506.5,89.65,4.16,0.54,Yes,31.36,21.23,189.0,Tier 1
S00069,Supplier_69,Singapore,Chemicals,47.25,1290.68,97.31,22873.56,2030.17,Non-Compliant,ISO 9001,67.86,100693.38,94.3,1.94,0.45,,47.75,22.1,150.46,
S00070,Supplier_70,Malaysia,,71.57,3824.63,94.62,5992.55,6904.25,Partially Compliant,ISO 45001,71.11,320839.96,79.53,4.54,0.81,,5.77,54.54,156.15,Tier 3
S00071,Supplier_71,China,Automotive,41.62,3911.14,94.7,63316.0,7636.14,Compliant,ISO 9001,71.3,53416.06,73.22,1.87,0.72,No,31.61,84.07,183.44,Tier 1
S00072,Supplier_72,Indonesia,Electronics,89.92,2562.4,52.3,91729.1,4053.55,Compliant,ISO 45001,56.07,407878.36,96.95,4.68,0.51,Yes,32.0,9.09,201.67,Tier 2
S00073,Supplier_73,,Chemicals,76.45,N/A,78.74,16864.95,5967.14,Compliant,ISO 45001,17.77,23670.07,69.86,4.2,0.68,Yes,0.16,89.58,103.03,Tier 1
S00074,Supplier_74,India,Automotive,83.28,4505.89,79.24,90839.17,2362.66,Non-Compliant,ISO 9001,46.14,229967.72,69.32,2.55,0.44,Yes,47.17,60.36,85.4,Tier 3
S00075,Supplier_75,India,Electronics,86.24,2615.96,64.13,97611.82,3775.19,Partially Compliant,None,35.69,287193.86,76.61,0.53,0.34,Yes,13.98,89.99,143.08,
S00076,Supplier_76,India,Metals,86.57,460.29,49.31,25146.08,312.86,Partially Compliant,ISO 9001,72.39,410723.25,97.24,1.17,0.44,Yes,42.89,76.28,46.36,
S00077,Supplier_77,Malaysia,FMCG,52.94,1259.72,86.01,23474.07,5097.58,Partially Compliant,ISO 45001,82.33,432501.62,100.05,0.59,1.03,No,31.18,54.27,104.14,Tier 3
S00078,Supplier_78,Indonesia,Automotive,83.06,1330.87,89.14,91040.96,328.78,Partially Compliant,ISO 9001,72.74,263131.17,80.92,2.65,0.61,Yes,28.06,29.87,80.53,Tier 1
S00079,Supplier_79,Indonesia,Electronics,51.19,2374.81,63.19,86773.04,1101.86,Partially Compliant,ISO 9001,77.83,275561.25,90.98,3.9,0.62,Yes,16.76,33.54,177.01,Tier 3
S00080,Supplier_80,Indonesia,Electronics,92.57,1291.67,45.72,31546.73,3041.93,Non-Compliant,None,24.48,276875.49,89.77,3.61,0.73,Yes,22.38,66.63,48.73,Tier 3
S00081,Supplier_81,China,FMCG,71.26,3244.91,30.71,46638.28,6461.93,Compliant,ISO 45001,27.63,402446.76,72.05,4.57,0.65,No,15.13,18.95,124.28,Tier 1
S00082,Supplier_82,Malaysia,Metals,65.37,3502.6,93.36,46302.96,5511.24,Non-Compliant,None,7.53,464399.55,87.61,1.73,0.38,Yes,26.99,28.91,40.22,Tier 1
S00083,Supplier_83,Thailand,Electronics,86.97,1854.16,73.37,88624.14,10304.55,Non-Compliant,ISO 9001,77.49,360342.21,88.09,2.65,0.55,No,0.34,19.34,197.18,Tier 2
S00084,Supplier_84,Malaysia,Plastics,62.04,2397.35,93.4,63542.75,6730.87,Partially Compliant,ISO 14001,20.4,277667.39,83.03,1.91,0.59,Yes,39.91,76.55,114.8,Tier 1
S00085,Supplier_85,China,Plastics,67.11,2416.86,85.86,23552.76,4515.69,Non-Compliant,None,47.36,116474.1,68.8,3.37,0.44,Yes,40.74,52.8,196.58,Tier 1
S00086,Supplier_86,Vietnam,Electronics,66.07,4733.35,96.42,9011.05,4183.12,Partially Compliant,ISO 9001,89.83,336014.21,87.04,1.74,0.62,Yes,42.77,84.16,103.33,Tier 3
S00087,Supplier_87,Singapore,Plastics,66.47,311.21,63.76,10535.7,1205.99,Compliant,ISO 14001,78.83,304242.91,88.04,0.73,0.31,Yes,14.24,90.48,92.9,Tier 1
S00088,Supplier_88,Vietnam,Electronics,47.96,1910.23,58.02,72570.54,5617.96,Compliant,ISO 14001,17.74,478590.51,86.63,0.48,0.76,No,14.68,14.21,159.75,Tier 2
S00089,Supplier_89,Singapore,Plastics,81.35,N/A,45.4,17844.1,6499.58,Partially Compliant,ISO 9001,17.28,5739.84,82.37,1.8,0.82,No,39.34,19.6,38.03,Tier 2
S00090,Supplier_90,Singapore,Automotive,76.16,1595.44,69.12,25264.21,8931.97,Partially Compliant,ISO 45001,80.18,409499.43,81.58,1.02,0.61,Yes,19.53,9.82,109.96,Tier 3
S00091,Supplier_91,India,,77.13,4743.6,37.8,31350.85,6299.21,Partially Compliant,ISO 9001,76.0,222522.25,95.11,0.59,1.02,No,31.66,67.27,158.43,Tier 1
S00092,Supplier_92,China,Automotive,60.57,4784.75,40.62,2617.07,8480.01,Partially Compliant,ISO 9001,62.75,474984.42,70.9,3.81,0.83,No,2.37,45.56,42.02,Tier 1
S00093,Supplier_93,Singapore,Metals,75.16,2468.41,72.87,20406.89,782.22,Compliant,ISO 14001,29.29,31161.06,73.69,3.25,0.97,,38.28,85.77,33.9,Tier 2
S00094,Supplier_94,Malaysia,FMCG,89.95,1020.2,33.69,60850.55,7651.69,Non-Compliant,None,22.83,284191.81,87.44,3.05,0.64,Yes,13.55,92.95,12.95,Tier 2
S00095,Supplier_95,Vietnam,,47.58,3407.95,84.99,21004.91,3508.15,,,64.28,289348.28,80.13,4.76,0.63,No,14.65,15.83,41.16,Tier 2
S00096,Supplier_96,Indonesia,Automotive,73.19,355.47,53.69,40707.74,2520.22,Non-Compliant,ISO 14001,80.55,26331.08,90.64,4.75,0.63,Yes,45.77,56.63,188.44,Tier 1
S00097,Supplier_97,Malaysia,Plastics,42.62,3299.73,77.1,78364.08,3066.63,Non-Compliant,None,22.08,75355.84,72.59,3.46,0.6,Yes,24.8,5.75,24.43,Tier 1
S00098,Supplier_98,Indonesia,Metals,54.73,1981.02,77.59,102390.84,7514.96,Non-Compliant,None,41.35,283140.38,96.36,2.56,0.44,Yes,48.83,3.44,53.9,Tier 3
S00099,Supplier_99,,Plastics,81.55,2607.65,67.96,15108.51,428.09,Compliant,,45.64,277522.56,97.57,4.44,0.68,No,38.69,72.67,76.0,Tier 2
S00100,Supplier_100,Singapore,,49.72,4187.28,95.27,44013.99,6823.34,,ISO 45001,77.3,34228.53,72.95,4.55,0.73,No,5.39,78.96,17.17,Tier 1
S00101,Supplier_101,,Textiles,66.42,389.9,93.04,79226.82,112.25,Non-Compliant,,5.25,244934.16,96.35,0.54,0.95,No,44.96,19.59,94.79,Tier 1
S00102,Supplier_102,China,FMCG,55.78,2400.84,94.43,95344.47,964.45,Compliant,,63.2,346781.9,90.27,5.03,0.43,No,51.15,44.43,145.29,Tier 3
S00103,Supplier_103,Singapore,FMCG,N/A,4257.84,86.72,50505.55,3272.17,Non-Compliant,ISO 45001,65.03,89965.48,91.23,0.43,0.49,,10.6,45.02,79.55,Tier 2
S00104,Supplier_104,China,Electronics,80.6,4004.06,78.7,16336.98,6919.88,Non-Compliant,ISO 9001,84.81,275743.91,72.13,0.91,0.69,No,49.91,87.27,47.46,Tier 1
S00105,Supplier_105,India,Automotive,42.1,2937.13,42.88,98236.54,6710.64,Compliant,ISO 45001,73.58,89396.16,74.52,1.21,0.45,No,18.84,3.1,111.84,Tier 2
S00106,Supplier_106,China,Automotive,92.1,1127.97,85.89,82234.5,8620.18,,ISO 14001,9.35,161316.35,89.96,4.0,0.82,Yes,17.86,29.18,143.72,Tier 1
S00107,Supplier_107,Singapore,Textiles,46.85,1259.72,58.77,93434.38,2305.86,Partially Compliant,ISO 9001,34.21,90601.01,90.52,1.94,0.7,No,10.67,30.11,181.83,Tier 1
S00108,Supplier_108,Thailand,Metals,92.4,4126.53,63.28,54437.67,7985.42,Compliant,ISO 9001,64.68,499638.85,95.4,1.59,0.64,,30.61,83.84,143.55,Tier 2
S00109,Supplier_109,India,Metals,72.87,3774.65,35.43,53367.16,1208.15,Partially Compliant,ISO 9001,14.89,389849.6,81.64,3.5,0.57,No,26.14,73.96,47.47,Tier 1
S00110,Supplier_110,Malaysia,Metals,66.95,4133.78,47.13,50904.35,1932.73,Compliant,ISO 45001,72.25,218012.86,82.89,1.28,0.61,No,40.11,94.37,54.8,Tier 2
S00111,Supplier_111,Indonesia,Plastics,79.08,1321.43,82.55,9260.04,9346.59,Non-Compliant,ISO 45001,50.21,99393.95,94.88,4.65,0.73,Yes,31.81,49.08,151.89,Tier 2
S00112,Supplier_112,Indonesia,Chemicals,90.85,3246.79,79.89,73644.96,8355.7,Partially Compliant,ISO 9001,9.07,96246.94,70.43,0.36,0.88,Yes,4.41,41.68,97.97,Tier 2
S00113,Supplier_113,Indonesia,Textiles,41.2,3267.73,62.84,41267.97,7835.67,Compliant,ISO 45001,59.55,325777.2,71.86,2.31,0.84,No,18.8,87.78,146.35,Tier 1
S00114,Supplier_114,China,Automotive,81.16,1165.22,91.36,44992.84,813.87,Partially Compliant,None,42.85,418122.04,100.61,1.6,0.87,No,32.88,98.3,188.44,Tier 1
S00115,Supplier_115,China,Chemicals,49.45,2857.61,86.73,62149.19,1659.79,Compliant,ISO 9001,78.95,184426.67,74.53,0.52,0.44,Yes,33.31,35.42,118.31,Tier 1
S00116,Supplier_116,Indonesia,Electronics,67.04,3652.24,80.78,36439.38,4058.64,Partially Compliant,ISO 45001,5.15,319496.52,94.16,1.25,0.65,Yes,0.14,14.47,98.19,Tier 1
S00117,Supplier_117,Singapore,FMCG,87.1,4265.02,87.81,1394.68,2447.58,,,62.91,160375.56,85.28,1.9,0.55,Yes,38.46,83.41,164.9,Tier 1
S00118,Supplier_118,Thailand,Automotive,84.65,1408.13,64.77,100169.51,3395.58,Partially Compliant,ISO 9001,9.27,455313.11,75.44,3.89,0.42,Yes,2.12,40.9,59.2,Tier 1
S00119,Supplier_119,Singapore,Electronics,81.14,704.62,N/A,25670.26,1799.9,Compliant,None,74.7,187259.69,86.35,4.88,0.59,No,2.64,96.53,163.33,Tier 1
S00120,Supplier_120,Singapore,Plastics,83.8,4113.16,30.02,95655.6,8397.6,Partially Compliant,ISO 45001,22.37,55993.97,82.43,4.34,0.87,No,10.9,86.75,3.22,Tier 1
S00121,Supplier_121,Vietnam,Plastics,68.03,1541.31,95.52,52558.06,3239.9,Partially Compliant,ISO 45001,88.49,352874.03,72.81,3.85,0.66,Yes,3.17,55.41,20.7,Tier 3
S00122,Supplier_122,Malaysia,FMCG,64.95,4825.97,94.94,10142.37,6135.47,Non-Compliant,None,39.11,404640.39,95.64,3.46,0.31,No,4.94,10.2,38.32,
S00123,Supplier_123,Indonesia,Automotive,57.22,2988.4,99.69,87131.48,8456.98,Partially Compliant,None,51.53,378009.9,84.86,3.3,0.92,Yes,30.99,45.48,65.44,Tier 3
S00124,Supplier_124,Thailand,Textiles,50.21,2604.85,90.68,33969.94,8586.64,Compliant,ISO 14001,20.79,90962.93,81.57,4.63,0.69,,47.42,81.34,95.08,Tier 3
S00125,Supplier_125,China,Automotive,89.61,4013.37,41.17,82765.95,6648.83,Partially Compliant,ISO 45001,32.45,127621.58,98.34,0.67,0.8,No,1.84,38.22,99.42,Tier 1
S00126,Supplier_126,Indonesia,Electronics,76.51,4135.57,61.59,60281.54,9674.5,Non-Compliant,ISO 9001,68.22,164190.78,67.41,3.37,0.45,No,19.97,77.41,126.26,Tier 1
S00127,Supplier_127,Indonesia,Plastics,41.82,4069.35,77.91,27592.69,2637.47,Compliant,None,59.56,125080.24,94.93,0.21,0.52,No,4.3,80.01,16.05,Tier 2
S00128,Supplier_128,Thailand,Metals,N/A,2282.71,91.4,77370.81,3888.4,,None,21.79,185409.81,100.35,3.34,0.81,Yes,29.8,36.98,16.82,Tier 1
S00129,Supplier_129,,Automotive,72.34,464.33,69.76,19895.09,9486.65,Non-Compliant,ISO 14001,42.05,112323.97,79.56,0.33,0.6,No,24.12,100.32,147.96,Tier 1
S00130,Supplier_130,Indonesia,Chemicals,84.37,2912.94,65.23,39759.74,9122.47,Compliant,ISO 9001,80.03,415531.97,89.6,4.43,0.7,No,40.22,95.77,11.01,Tier 1
S00131,Supplier_131,Thailand,Electronics,78.88,4367.13,39.48,63575.46,4653.23,Partially Compliant,,32.52,149751.2,77.03,3.57,0.82,No,25.25,94.19,80.53,Tier 1
S00132,Supplier_132,Indonesia,Plastics,80.2,2772.69,75.4,78989.9,2778.78,Compliant,ISO 14001,31.94,427924.33,75.16,3.73,0.88,,43.28,1.81,8.81,Tier 1
S00133,Supplier_133,Singapore,Chemicals,81.36,401.08,48.77,52533.25,8184.07,Non-Compliant,ISO 45001,43.0,180237.28,84.08,1.03,0.8,,14.11,18.86,98.25,Tier 1
S00134,Supplier_134,Indonesia,,65.24,2980.13,45.63,87273.68,807.55,Partially Compliant,,42.03,193456.38,74.01,2.24,0.89,No,13.23,66.2,139.33,Tier 2
S00135,Supplier_135,Malaysia,FMCG,56.78,2333.88,91.06,29610.83,7885.09,Partially Compliant,ISO 14001,68.42,229756.83,74.06,3.51,0.84,No,26.79,18.26,43.11,Tier 2
S00136,Supplier_136,Singapore,Metals,60.72,2150.37,46.28,7998.61,1746.69,Compliant,ISO 14001,71.97,270186.69,72.98,1.4,0.43,No,7.87,94.65,57.66,Tier 1
S00137,Supplier_137,China,Textiles,90.0,3157.64,38.92,10232.9,4744.26,Partially Compliant,ISO 14001,26.69,173513.54,71.54,1.33,0.51,No,18.52,67.6,10.01,Tier 1
S00138,Supplier_138,India,Plastics,90.54,3866.18,61.39,68911.16,9379.29,Non-Compliant,ISO 45001,83.69,356650.85,91.14,1.88,0.67,No,4.27,81.19,173.84,Tier 3
S00139,Supplier_139,Singapore,FMCG,76.76,1372.39,56.16,86711.04,7570.81,Compliant,ISO 9001,63.44,102624.0,90.33,2.47,0.88,No,10.92,63.53,21.38,Tier 2
S00140,Supplier_140,Singapore,Textiles,59.41,4031.92,45.91,86141.98,4445.01,,None,51.12,251018.33,71.34,3.08,0.46,Yes,13.63,71.87,198.1,Tier 3
S00141,Supplier_141,Indonesia,Chemicals,61.74,1277.61,32.56,12056.16,5589.9,Partially Compliant,ISO 9001,54.36,19616.76,86.26,2.57,0.37,Yes,36.82,63.86,18.72,Tier 1
S00142,Supplier_142,Singapore,Chemicals,93.89,3147.11,51.52,57008.67,7949.16,Partially Compliant,None,11.86,486609.33,75.15,0.58,0.61,No,30.82,31.58,122.39,Tier 2
S00143,Supplier_143,China,Textiles,44.19,1216.37,85.11,56074.79,5181.58,Compliant,ISO 45001,67.04,135656.3,71.92,1.4,0.67,No,31.9,11.23,93.42,Tier 3
S00144,Supplier_144,Thailand,Plastics,60.98,4370.17,53.39,89123.19,4328.07,Non-Compliant,None,5.22,290173.21,76.14,3.12,0.72,Yes,36.47,11.98,119.81,Tier 2
S00145,Supplier_145,India,Chemicals,71.41,2232.79,66.61,61839.64,6558.8,,ISO 9001,5.96,103093.67,71.96,2.29,0.38,No,15.92,29.34,55.11,Tier 3
S00146,Supplier_146,,Plastics,65.34,3999.67,55.64,76179.78,9301.29,Compliant,ISO 9001,46.93,376463.11,91.97,5.0,0.69,No,12.72,80.78,191.7,Tier 3
S00147,Supplier_147,Singapore,Plastics,58.43,2748.81,43.44,48924.24,8832.65,Non-Compliant,ISO 45001,36.05,160878.24,91.92,1.66,0.39,Yes,47.73,53.06,63.43,Tier 3
S00148,Supplier_148,China,FMCG,69.81,1638.89,97.27,19963.3,9008.36,Partially Compliant,None,40.39,286812.88,98.55,1.05,0.62,No,31.27,14.16,130.19,Tier 3
S00149,Supplier_149,Malaysia,Metals,86.83,3586.85,60.02,32698.02,5387.45,Non-Compliant,ISO 9001,70.63,224650.54,88.47,4.22,0.56,,15.4,37.95,164.37,Tier 2
S00150,Supplier_150,Indonesia,FMCG,43.97,4107.89,58.78,25497.49,4453.48,Non-Compliant,ISO 45001,32.35,65277.31,84.74,2.73,0.32,Yes,26.81,12.66,207.49,Tier 2
S00151,Supplier_151,Indonesia,Automotive,93.01,4146.57,85.26,23089.21,1858.1,Partially Compliant,ISO 9001,69.72,180419.39,81.69,1.67,0.89,Yes,35.39,20.36,74.91,Tier 3
S00152,Supplier_152,Singapore,FMCG,49.38,3156.63,44.58,62944.28,2220.09,Non-Compliant,ISO 9001,11.73,243395.87,74.26,3.34,0.73,No,20.72,95.72,209.74,Tier 1
S00153,Supplier_153,Indonesia,Metals,55.44,3154.02,84.09,34191.62,1096.69,Compliant,ISO 9001,66.62,128309.93,81.47,3.35,0.82,No,3.23,13.96,63.27,Tier 2
S00154,Supplier_154,Singapore,Automotive,87.56,1852.61,57.82,45787.97,2876.41,Non-Compliant,ISO 9001,44.74,474215.3,94.62,3.06,0.67,Yes,6.27,55.83,103.61,Tier 3
S00155,Supplier_155,Indonesia,Textiles,88.24,2825.5,55.43,99481.86,3213.88,Partially Compliant,ISO 14001,90.35,470101.16,86.41,3.2,0.63,No,2.85,39.98,15.09,Tier 1
S00156,Supplier_156,Indonesia,Plastics,91.65,1643.66,75.85,69450.41,1984.93,Partially Compliant,,24.71,374716.08,92.38,2.15,0.9,Yes,19.39,77.72,38.75,Tier 1
S00157,Supplier_157,Malaysia,Chemicals,88.31,1532.66,35.29,53556.82,7976.95,Partially Compliant,ISO 45001,48.28,11650.02,89.58,4.68,0.36,No,9.91,67.09,119.03,Tier 2
S00158,Supplier_158,Vietnam,Plastics,N/A,1768.1,32.59,32383.95,1262.23,Compliant,ISO 14001,51.43,40401.04,78.42,4.55,0.68,No,3.89,72.63,13.75,Tier 2
S00159,Supplier_159,Indonesia,Chemicals,64.45,4008.56,47.06,60530.85,1791.25,Non-Compliant,ISO 45001,51.47,419069.74,86.66,2.17,1.0,No,2.16,1.34,88.99,
S00160,Supplier_160,Vietnam,Textiles,76.37,765.38,65.37,87844.69,3500.47,Non-Compliant,None,50.16,16597.42,98.13,3.02,0.86,No,29.99,63.41,193.57,Tier 1
S00161,Supplier_161,China,Metals,68.67,3079.75,83.23,26687.9,1697.44,Non-Compliant,ISO 45001,83.44,41680.55,90.24,3.28,0.89,No,13.18,92.32,117.53,Tier 2
S00162,Supplier_162,India,,88.2,2051.53,72.44,100235.0,1728.06,Non-Compliant,ISO 9001,34.53,296162.63,97.83,0.72,0.3,No,32.26,56.7,42.96,Tier 1
S00163,Supplier_163,Thailand,FMCG,49.67,1267.67,50.56,63987.79,8762.06,Non-Compliant,ISO 14001,85.7,270034.52,77.55,2.94,0.54,No,10.25,2.5,95.15,Tier 2
S00164,Supplier_164,Malaysia,Automotive,61.1,717.95,78.66,84726.07,1669.41,Non-Compliant,ISO 14001,30.13,70604.65,97.51,1.83,0.38,Yes,10.94,49.61,187.77,Tier 3
S00165,Supplier_165,India,Electronics,69.52,3051.11,40.09,39435.83,507.2,Partially Compliant,ISO 9001,13.27,437984.6,74.69,1.44,0.68,Yes,30.93,84.12,42.63,Tier 1
S00166,Supplier_166,Thailand,Textiles,79.8,1188.2,54.41,11265.05,6215.82,Compliant,ISO 14001,49.91,156404.06,82.85,0.17,0.61,No,17.45,66.9,21.81,Tier 3
S00167,Supplier_167,Indonesia,Automotive,45.77,3796.02,47.37,101375.86,3420.32,Partially Compliant,ISO 14001,62.37,236842.6,75.87,2.23,0.93,Yes,50.83,85.73,197.06,Tier 1
S00168,Supplier_168,Singapore,Plastics,50.56,3965.72,73.55,45942.2,1404.34,,ISO 9001,12.97,168681.71,82.23,2.12,0.78,Yes,17.44,30.57,15.03,Tier 1
S00169,Supplier_169,,Plastics,53.31,3637.0,N/A,43189.8,2307.29,Non-Compliant,None,54.96,53424.2,78.61,1.97,0.9,Yes,18.76,69.35,138.62,Tier 1
S00170,Supplier_170,Vietnam,Textiles,61.4,2932.21,62.48,50873.38,4433.57,Compliant,ISO 9001,33.9,135738.47,102.79,0.54,0.5,No,16.91,99.52,105.34,Tier 3
S00171,Supplier_171,Thailand,Metals,47.27,4800.98,64.29,98443.42,9258.72,Non-Compliant,ISO 9001,9.23,255755.73,102.45,4.93,0.4,No,13.8,84.89,177.73,Tier 3
S00172,Supplier_172,,Electronics,48.79,2163.96,72.04,94890.74,1857.97,Non-Compliant,None,41.81,298979.88,96.86,4.92,0.64,No,5.11,19.7,62.91,Tier 1
S00173,Supplier_173,Indonesia,,89.19,4409.4,64.38,28878.72,7574.73,Partially Compliant,None,71.92,5869.06,76.51,0.9,0.38,No,19.9,70.85,105.21,
S00174,Supplier_174,Thailand,,69.7,N/A,55.0,102281.48,4195.8,Non-Compliant,ISO 45001,76.68,173977.89,83.83,0.11,0.92,No,2.89,82.03,76.34,Tier 2
S00175,Supplier_175,Thailand,Plastics,68.57,4753.48,68.36,24604.11,2412.59,Partially Compliant,None,46.36,468432.0,83.08,2.72,0.38,No,34.81,58.77,43.47,Tier 3
S00176,Supplier_176,China,FMCG,73.17,1464.08,46.44,68615.96,9291.48,Compliant,None,9.7,493424.88,96.78,3.7,0.6,No,5.99,6.88,137.97,Tier 1
S00177,Supplier_177,India,Plastics,47.35,1440.94,85.99,23450.03,1660.9,Compliant,None,41.54,413503.78,80.41,4.28,0.69,No,25.81,8.23,31.16,Tier 2
S00178,Supplier_178,Indonesia,Textiles,61.22,4822.93,66.86,68120.02,5342.44,Non-Compliant,,27.55,91539.32,99.05,5.04,0.79,No,5.5,5.73,25.54,Tier 2
S00179,Supplier_179,Singapore,FMCG,82.22,2432.79,56.04,96017.34,3351.39,Partially Compliant,None,37.71,344046.94,92.62,3.57,0.81,No,11.66,79.77,111.71,Tier 1
S00180,Supplier_180,India,Textiles,46.13,2119.39,84.99,86680.58,166.32,Non-Compliant,ISO 14001,42.52,61641.09,73.53,4.77,0.75,Yes,37.12,78.65,172.33,Tier 2
S00181,Supplier_181,China,Plastics,91.84,4822.27,77.36,29166.95,5603.45,Non-Compliant,ISO 9001,92.28,191969.13,75.46,3.22,0.44,Yes,42.36,71.47,182.81,Tier 3
S00182,Supplier_182,Vietnam,Electronics,96.08,1768.82,30.12,32623.17,4236.16,Compliant,,19.25,423432.47,90.13,0.89,0.72,No,31.47,95.99,30.01,Tier 2
S00183,Supplier_183,Thailand,FMCG,39.64,775.95,N/A,98830.88,5135.21,,ISO 14001,45.5,392086.14,80.41,3.44,0.58,,29.92,75.63,158.41,Tier 2
S00184,Supplier_184,Indonesia,Metals,83.88,4691.01,45.0,54060.22,1997.44,Compliant,None,35.54,366009.61,89.75,2.96,0.76,,15.71,98.07,120.37,Tier 3
S00185,Supplier_185,India,Metals,73.86,110.95,86.56,53025.02,3685.47,Non-Compliant,ISO 45001,54.58,395239.23,89.72,2.38,0.86,Yes,46.68,93.21,188.44,Tier 2
S00186,Supplier_186,Vietnam,FMCG,62.51,641.27,88.17,51154.24,3727.29,Partially Compliant,ISO 9001,51.1,284251.42,70.03,2.79,0.54,Yes,35.44,18.59,196.03,Tier 1
S00187,Supplier_187,Singapore,Plastics,67.44,3946.79,90.96,26498.81,8768.71,Partially Compliant,ISO 45001,22.0,290863.78,90.62,2.6,0.33,No,46.92,45.42,194.01,
S00188,Supplier_188,Malaysia,Chemicals,94.8,2229.02,64.32,28454.58,7251.98,,None,12.87,92584.87,75.74,4.46,0.86,Yes,31.77,59.76,7.8,Tier 1
S00189,Supplier_189,Vietnam,FMCG,49.88,3055.4,46.27,15800.98,408.83,Non-Compliant,ISO 45001,62.63,214408.97,94.51,4.23,0.91,Yes,25.84,12.66,79.13,Tier 3
S00190,Supplier_190,India,Plastics,87.12,1662.76,57.82,42216.48,1350.38,Compliant,ISO 9001,62.29,29575.97,84.62,3.11,0.43,Yes,33.45,5.98,192.74,Tier 1
S00191,Supplier_191,Indonesia,Textiles,85.11,2815.77,37.07,80964.96,6298.62,Compliant,ISO 14001,33.62,105204.02,78.37,0.52,0.69,No,40.75,59.52,46.17,Tier 3
S00192,Supplier_192,Thailand,FMCG,55.94,1524.65,96.87,39916.1,1900.77,Non-Compliant,None,76.3,120872.98,94.06,0.15,0.56,Yes,39.39,95.18,118.24,Tier 2
S00193,Supplier_193,China,Electronics,86.41,3066.37,53.85,38801.62,824.37,Non-Compliant,ISO 14001,44.82,275145.74,95.89,0.17,0.78,,37.3,95.42,45.02,Tier 3
S00194,Supplier_194,China,Textiles,49.42,4644.17,46.78,49428.97,1308.62,Partially Compliant,ISO 9001,84.46,412680.61,86.39,0.61,0.47,Yes,36.76,73.89,37.44,Tier 2
S00195,Supplier_195,Thailand,Automotive,91.21,4399.06,46.54,60345.11,1053.48,Partially Compliant,ISO 14001,68.43,396756.71,70.48,1.51,0.43,No,15.3,49.8,23.99,Tier 2
S00196,Supplier_196,Thailand,Chemicals,89.12,1693.91,79.76,14924.65,9335.39,Non-Compliant,None,33.15,21420.56,73.53,1.28,0.8,No,40.82,14.73,39.49,Tier 2
S00197,Supplier_197,India,FMCG,75.89,1485.95,70.09,25517.72,428.27,Non-Compliant,ISO 14001,65.01,323174.34,79.4,2.54,0.83,No,4.4,80.42,83.88,Tier 2
S00198,Supplier_198,Indonesia,Chemicals,43.87,277.6,75.79,86999.0,8879.93,Non-Compliant,ISO 45001,54.02,128449.26,74.03,2.78,0.92,No,12.18,17.32,114.88,Tier 3
S00199,Supplier_199,China,Automotive,68.79,670.46,89.31,28191.29,3124.43,Partially Compliant,ISO 9001,51.9,353986.39,68.47,0.53,0.91,Yes,46.2,96.81,92.96,Tier 3
S00200,Supplier_200,Vietnam,Automotive,67.59,4262.19,77.41,24097.29,4971.11,Compliant,ISO 45001,74.86,156711.94,72.72,2.95,0.33,No,44.99,13.33,167.2,Tier 1
S00201,Supplier_201,China,Plastics,48.35,3654.12,96.65,84755.47,7370.76,Non-Compliant,ISO 45001,21.56,462069.25,80.47,1.05,0.7,Yes,47.48,37.1,96.93,Tier 2
S00202,Supplier_202,Malaysia,Electronics,47.25,4826.48,29.33,101760.38,4158.19,Compliant,ISO 14001,21.63,142099.27,96.21,3.71,0.79,Yes,32.62,68.81,101.52,Tier 3
S00203,Supplier_203,Thailand,Chemicals,90.27,2150.88,86.32,77866.65,1101.94,Non-Compliant,ISO 14001,17.6,117628.33,86.78,1.63,0.9,Yes,11.54,48.65,47.8,Tier 2
S00204,Supplier_204,Singapore,Chemicals,55.31,4636.71,43.74,81078.22,6147.74,Non-Compliant,ISO 14001,78.8,65668.08,90.1,4.67,0.96,Yes,38.34,64.83,163.92,Tier 1
S00205,Supplier_205,China,FMCG,71.01,3531.71,72.57,76102.57,748.91,Partially Compliant,ISO 9001,72.23,267645.07,92.62,4.58,0.37,No,33.74,41.86,104.81,Tier 1
S00206,Supplier_206,,Electronics,86.04,1222.83,48.79,60770.8,4984.75,Compliant,ISO 45001,47.54,298779.1,81.97,3.22,0.38,Yes,5.61,87.69,51.15,Tier 3
S00207,Supplier_207,Vietnam,Chemicals,51.93,3078.75,87.15,100919.29,3124.53,Compliant,ISO 14001,46.79,97350.46,104.03,4.35,0.48,No,0.31,5.09,164.32,Tier 2
S00208,Supplier_208,Vietnam,Electronics,94.57,3065.59,32.46,58803.13,4241.66,Compliant,ISO 14001,82.79,501089.44,89.8,2.83,0.95,No,26.4,90.43,162.64,Tier 3
S00209,Supplier_209,,FMCG,75.1,4169.13,77.23,88724.26,4333.77,Compliant,ISO 45001,87.07,427931.12,94.2,1.61,0.95,Yes,26.82,90.57,173.39,Tier 2
S00210,Supplier_210,Indonesia,Chemicals,63.38,4386.65,87.26,58261.98,2998.29,Partially Compliant,ISO 45001,78.41,246025.81,83.17,0.8,0.41,No,24.58,48.04,66.64,Tier 1
S00211,Supplier_211,Vietnam,Automotive,50.05,2153.87,89.52,76451.79,5074.45,Compliant,None,92.06,423579.49,95.77,1.02,0.78,Yes,11.04,53.92,191.85,Tier 2
S00212,Supplier_212,Thailand,Chemicals,71.8,3030.53,37.94,70498.4,5934.72,Non-Compliant,ISO 14001,35.03,500689.8,80.51,3.27,0.75,,21.37,65.53,46.63,Tier 2
S00213,Supplier_213,Indonesia,Automotive,85.78,4657.26,88.28,11525.1,7369.06,Partially Compliant,None,70.76,265058.34,71.06,1.37,0.87,No,37.03,6.24,126.7,Tier 2
S00214,Supplier_214,Indonesia,Automotive,59.76,2503.06,100.29,12188.83,5631.74,,,5.27,87560.64,100.24,2.39,0.9,Yes,42.57,72.1,200.67,Tier 2
S00215,Supplier_215,Vietnam,Automotive,47.24,418.46,75.58,54688.57,3842.66,Partially Compliant,None,62.64,177908.71,71.95,4.09,0.9,Yes,40.26,77.32,116.57,Tier 2
S00216,Supplier_216,Indonesia,Textiles,46.38,N/A,38.61,13697.64,4723.71,Partially Compliant,ISO 14001,9.76,82296.92,75.55,4.02,0.42,Yes,10.05,82.96,94.18,Tier 2
S00217,Supplier_217,Singapore,Plastics,75.09,2478.7,41.81,58052.61,9336.53,Partially Compliant,ISO 9001,76.0,292886.79,89.22,5.02,0.93,No,12.08,26.46,123.68,Tier 2
S00218,Supplier_218,China,Metals,88.7,3119.09,97.42,42050.34,628.76,Non-Compliant,ISO 14001,59.05,6999.17,85.04,4.02,0.37,,13.8,96.58,122.97,Tier 2
S00219,Supplier_219,Singapore,Metals,55.8,1604.88,46.56,2564.98,519.3,Partially Compliant,ISO 9001,30.9,131769.8,74.34,3.78,0.65,Yes,15.34,45.45,20.93,Tier 3
S00220,Supplier_220,China,Plastics,64.06,871.79,32.64,101912.81,10374.33,Non-Compliant,ISO 14001,33.97,294159.97,85.26,1.81,0.44,Yes,38.17,73.0,37.84,Tier 3
S00221,Supplier_221,China,Chemicals,80.18,1014.73,75.6,47558.3,7119.47,Partially Compliant,ISO 9001,46.32,262835.85,74.85,1.43,0.72,No,19.42,55.43,166.73,Tier 1
S00222,Supplier_222,Malaysia,Automotive,91.02,1508.62,30.19,87677.79,1505.07,Non-Compliant,ISO 14001,66.96,292260.91,88.56,1.36,0.42,No,1.02,15.8,120.42,Tier 2
S00223,Supplier_223,Singapore,Electronics,55.85,1187.96,47.25,33116.58,1608.88,Partially Compliant,ISO 45001,66.02,103357.41,74.08,1.96,0.32,Yes,33.53,73.91,26.13,Tier 2
S00224,Supplier_224,Vietnam,Plastics,62.78,527.27,76.24,61420.43,3559.02,Compliant,ISO 9001,37.12,476791.7,100.17,2.97,0.96,Yes,22.28,38.56,174.12,Tier 2
S00225,Supplier_225,India,Electronics,69.45,2702.63,35.64,93997.37,853.71,Non-Compliant,None,17.8,418998.87,87.78,3.31,0.31,Yes,29.25,4.55,140.77,Tier 1
S00226,Supplier_226,Singapore,FMCG,83.71,4514.0,77.29,39250.76,6221.88,Non-Compliant,ISO 45001,13.49,351027.86,92.51,3.52,0.47,No,47.79,25.6,5.29,Tier 3
S00227,Supplier_227,Indonesia,Textiles,89.39,3345.14,52.62,12124.76,3342.48,Non-Compliant,ISO 9001,31.48,283179.19,96.04,4.53,0.49,Yes,4.74,49.27,78.93,Tier 1
S00228,Supplier_228,India,FMCG,84.45,3201.46,59.52,68023.88,8475.56,Partially Compliant,,29.34,53144.99,88.44,2.66,0.69,No,31.56,72.8,40.08,Tier 1
S00229,Supplier_229,Vietnam,FMCG,53.15,824.48,54.5,73374.57,6942.78,Compliant,ISO 9001,66.48,415611.2,74.58,0.35,0.75,Yes,15.11,87.9,122.26,Tier 1
S00230,Supplier_230,Indonesia,Plastics,41.21,1980.29,97.82,37959.94,6514.91,Partially Compliant,ISO 45001,23.8,397084.05,70.37,4.01,0.62,Yes,46.47,11.12,57.86,Tier 2
S00231,Supplier_231,India,Electronics,67.95,2566.59,68.02,72196.07,7977.54,Partially Compliant,ISO 14001,5.25,276982.22,93.99,2.15,0.63,No,47.8,89.67,93.01,Tier 3
S00232,Supplier_232,Indonesia,Chemicals,97.42,1780.23,40.46,47814.16,325.61,Non-Compliant,,66.26,416411.96,76.6,1.53,0.6,Yes,19.49,66.48,104.81,Tier 2
S00233,Supplier_233,Vietnam,Metals,48.25,4713.44,83.04,93663.26,4652.33,Compliant,ISO 45001,22.32,12757.71,80.25,4.31,0.86,No,42.89,24.31,58.18,Tier 3
S00234,Supplier_234,Malaysia,FMCG,62.43,1420.25,43.98,43806.71,7780.93,Partially Compliant,ISO 14001,45.14,302974.54,79.23,2.87,0.59,No,33.79,40.26,85.99,Tier 3
S00235,Supplier_235,Vietnam,Metals,84.12,2375.45,59.29,71876.81,9956.15,Non-Compliant,ISO 14001,11.52,280008.27,72.96,2.83,0.57,No,45.75,49.74,18.54,Tier 2
S00236,Supplier_236,Vietnam,,73.99,1906.57,66.95,92803.11,7114.18,Non-Compliant,None,9.91,293901.38,88.04,0.15,0.74,No,47.41,8.96,109.38,Tier 2
S00237,Supplier_237,Vietnam,Chemicals,81.22,1032.63,50.72,78390.26,5273.49,Non-Compliant,ISO 14001,64.38,373696.4,96.32,1.16,0.66,Yes,15.83,5.28,189.18,Tier 3
S00238,Supplier_238,,FMCG,78.75,2316.23,64.96,77376.27,8063.56,Partially Compliant,None,84.46,184815.59,92.93,4.35,0.48,Yes,36.63,44.0,44.12,Tier 2
S00239,Supplier_239,Malaysia,,53.68,3002.85,97.81,91643.81,4630.32,Compliant,None,39.91,334162.58,96.92,1.36,0.69,Yes,47.38,29.74,77.46,Tier 3
S00240,Supplier_240,Singapore,Chemicals,65.83,1065.96,42.47,52204.1,433.89,Partially Compliant,None,8.95,252782.14,90.32,2.6,1.0,No,43.29,35.32,11.29,Tier 2
S00241,Supplier_241,China,Electronics,N/A,N/A,79.42,1959.89,1331.76,Partially Compliant,,21.02,169668.4,95.24,2.73,0.51,No,47.47,60.39,180.64,Tier 1
S00242,Supplier_242,Singapore,Chemicals,80.22,4296.84,92.46,50058.62,8855.68,Non-Compliant,ISO 14001,5.6,167689.26,86.2,4.55,0.92,Yes,40.68,68.45,92.26,Tier 2
S00243,Supplier_243,Vietnam,Metals,44.21,4125.55,63.46,92955.67,9281.34,Non-Compliant,ISO 9001,25.5,455704.64,77.08,4.99,0.32,Yes,24.04,76.74,40.72,Tier 2
S00244,Supplier_244,China,Automotive,42.32,1804.62,81.35,6577.35,7113.21,Non-Compliant,None,73.3,36398.42,97.8,4.63,0.63,No,7.95,15.7,64.95,Tier 2
S00245,Supplier_245,,Metals,73.19,3839.79,29.98,66620.12,341.3,Compliant,ISO 9001,72.94,144220.12,79.27,4.96,0.46,Yes,47.33,30.24,161.3,Tier 2
S00246,Supplier_246,China,Automotive,50.93,4664.84,42.44,25288.97,1661.75,Partially Compliant,ISO 45001,85.86,417148.89,68.08,3.12,0.34,Yes,25.36,2.89,131.98,Tier 2
S00247,Supplier_247,Indonesia,Textiles,51.03,439.83,61.08,13227.02,3570.69,Non-Compliant,ISO 14001,17.38,307474.08,81.57,4.61,0.86,Yes,40.24,48.59,107.31,Tier 3
S00248,Supplier_248,Malaysia,Plastics,71.21,3809.26,82.75,61088.83,6135.7,Partially Compliant,ISO 14001,48.21,43112.35,71.16,3.31,0.56,,2.19,92.28,44.03,Tier 2
S00249,Supplier_249,Malaysia,Plastics,69.7,1985.29,81.95,87598.27,1699.01,Non-Compliant,ISO 45001,66.91,222915.82,81.12,4.26,0.97,Yes,27.41,52.56,118.11,Tier 1
S00250,Supplier_250,Indonesia,Chemicals,53.77,2989.96,55.46,75125.32,1641.47,Partially Compliant,ISO 45001,54.56,306522.04,83.25,4.57,0.73,Yes,27.18,67.49,183.39,Tier 1
S00251,Supplier_251,India,Metals,40.06,2218.88,100.2,94020.13,9666.7,Compliant,ISO 9001,84.27,70018.54,94.15,4.79,0.82,No,47.09,97.43,135.24,Tier 1
S00252,Supplier_252,China,Chemicals,79.18,415.53,32.85,35474.64,8687.85,Compliant,,53.17,29438.76,96.31,2.48,0.68,No,18.22,90.27,0.63,Tier 3
S00253,Supplier_253,Malaysia,Textiles,83.22,2235.49,81.32,84991.11,8554.09,Compliant,ISO 9001,50.21,418724.77,82.64,1.65,0.7,Yes,43.89,69.01,138.29,Tier 3
S00254,Supplier_254,India,Chemicals,65.0,3161.02,34.67,36273.07,8439.75,Non-Compliant,,17.82,107716.11,86.63,1.72,1.01,Yes,18.79,54.45,105.71,Tier 2
S00255,Supplier_255,Malaysia,Electronics,77.42,1082.44,74.55,85860.77,3328.01,Partially Compliant,ISO 45001,19.52,429739.29,94.76,0.5,0.76,Yes,36.62,90.36,153.65,Tier 1
S00256,Supplier_256,Thailand,Electronics,46.95,992.21,49.04,78243.14,6166.87,Partially Compliant,None,39.83,308991.84,102.55,4.14,0.51,Yes,39.08,7.89,7.96,Tier 3
S00257,Supplier_257,China,Chemicals,57.65,5048.35,42.82,38072.16,7237.8,Compliant,ISO 45001,15.65,402737.39,98.81,1.22,0.38,No,30.08,42.97,47.13,Tier 1
S00258,Supplier_258,Thailand,FMCG,75.54,3045.06,65.18,43539.73,942.56,Compliant,None,37.58,434031.12,95.41,3.75,0.89,Yes,34.71,35.5,208.16,Tier 1
S00259,Supplier_259,India,Textiles,74.44,1698.72,71.04,92787.46,8989.83,Compliant,None,37.71,236942.76,72.09,4.59,0.43,No,51.0,4.22,173.97,Tier 2
S00260,Supplier_260,India,Metals,82.35,4846.55,38.04,85376.0,3469.88,Compliant,None,27.13,481242.67,75.19,2.09,0.68,No,37.47,26.74,3.35,Tier 2
S00261,Supplier_261,Singapore,Plastics,70.62,1563.09,35.25,34031.97,2542.22,Compliant,ISO 45001,29.11,501351.88,70.8,3.56,0.82,No,17.12,88.23,147.07,Tier 3
S00262,Supplier_262,India,Metals,87.45,768.93,80.13,63821.49,2940.2,Non-Compliant,ISO 9001,21.92,16152.53,83.96,4.0,0.42,Yes,20.47,46.8,36.76,Tier 2
S00263,Supplier_263,Vietnam,Textiles,64.36,3958.58,63.7,42179.99,7280.98,Partially Compliant,ISO 14001,17.67,416039.87,89.74,2.56,0.63,No,46.27,97.33,13.46,Tier 2
S00264,Supplier_264,Malaysia,Automotive,68.95,5123.87,51.06,63026.08,9728.57,Non-Compliant,ISO 45001,29.2,94953.52,76.21,0.15,0.49,No,2.14,50.55,69.11,Tier 2
S00265,Supplier_265,India,Plastics,84.89,4688.07,70.4,25004.23,7424.14,Partially Compliant,ISO 45001,59.42,127389.93,88.41,1.74,0.63,Yes,20.16,73.34,10.0,Tier 1
S00266,Supplier_266,India,Plastics,83.26,1316.47,84.63,39512.17,7314.59,Non-Compliant,ISO 14001,43.53,455014.4,94.87,3.74,0.53,No,9.38,71.78,104.19,Tier 3
S00267,Supplier_267,Indonesia,Plastics,88.3,2094.23,48.85,14187.91,4169.12,Partially Compliant,ISO 14001,26.0,404244.49,85.35,2.79,0.44,Yes,7.71,49.83,17.28,Tier 2
S00268,Supplier_268,Thailand,Plastics,72.3,2211.68,92.72,58932.72,717.5,Non-Compliant,None,60.48,65894.33,88.65,3.45,0.6,No,46.36,76.91,15.34,Tier 1
S00269,Supplier_269,Singapore,Textiles,55.8,440.02,43.74,5139.15,1297.68,,None,47.2,124399.36,97.42,0.6,0.33,Yes,42.07,66.99,35.79,Tier 1
S00270,Supplier_270,India,Textiles,70.8,191.87,72.54,26619.8,2411.89,Compliant,None,47.29,508232.19,77.23,3.71,0.96,No,34.81,16.43,75.02,Tier 2
S00271,Supplier_271,Indonesia,Plastics,46.27,3097.72,96.56,54145.46,3324.45,Compliant,ISO 45001,68.69,34258.93,89.23,3.26,0.91,No,45.56,80.67,193.06,Tier 1
S00272,Supplier_272,Thailand,Electronics,82.74,4596.77,89.86,34257.65,10215.98,Non-Compliant,ISO 9001,70.4,135523.53,73.17,1.23,0.96,Yes,18.7,99.97,152.05,Tier 1
S00273,Supplier_273,Indonesia,Textiles,88.98,3073.46,86.95,48906.97,6561.56,Partially Compliant,ISO 45001,14.03,361998.14,88.11,3.66,0.93,Yes,9.03,59.16,93.36,Tier 2
S00274,Supplier_274,Singapore,Metals,N/A,3776.24,49.66,31713.97,4076.3,Non-Compliant,ISO 14001,18.51,435031.09,85.37,4.22,0.86,Yes,18.94,26.76,70.21,Tier 1
S00275,Supplier_275,Indonesia,Textiles,54.39,4731.47,38.07,95323.39,2747.99,Partially Compliant,None,38.04,78955.79,94.73,2.24,0.62,Yes,36.81,75.55,124.58,Tier 2
S00276,Supplier_276,Singapore,Chemicals,63.32,2845.71,65.16,17548.81,1899.88,Compliant,ISO 9001,27.91,31128.1,94.54,0.22,0.86,No,40.1,87.95,139.85,Tier 1
S00277,Supplier_277,China,Plastics,72.26,321.83,69.52,48227.71,8091.05,Partially Compliant,None,74.24,105456.61,70.69,0.74,1.0,Yes,41.67,96.2,187.38,Tier 2
S00278,Supplier_278,India,Plastics,N/A,2163.41,30.48,51976.12,889.68,Partially Compliant,ISO 9001,21.04,346304.51,103.58,3.19,0.47,No,29.75,32.88,141.81,Tier 3
S00279,Supplier_279,Indonesia,Metals,47.4,2117.2,83.93,12465.22,7453.9,Partially Compliant,ISO 14001,28.91,144525.58,99.13,2.09,0.56,Yes,43.39,82.74,106.73,Tier 2
S00280,Supplier_280,China,Textiles,59.73,574.99,40.73,89946.42,7675.82,Compliant,ISO 9001,70.99,176584.0,80.77,4.8,0.67,Yes,28.4,78.56,111.37,Tier 1
S00281,Supplier_281,India,Plastics,48.61,748.92,56.98,70337.11,9777.2,Non-Compliant,None,21.98,201317.31,87.61,2.74,0.96,Yes,27.47,76.2,114.3,Tier 1
S00282,Supplier_282,India,FMCG,43.8,2833.43,62.89,31166.67,346.28,Partially Compliant,ISO 9001,34.65,300686.26,91.38,3.92,0.31,Yes,18.25,46.23,37.9,Tier 2
S00283,Supplier_283,Malaysia,FMCG,43.43,N/A,50.67,46577.52,6895.98,,ISO 14001,12.47,167048.11,85.93,3.7,0.77,No,10.61,44.16,53.3,Tier 3
S00284,Supplier_284,Malaysia,Metals,86.19,3379.97,92.71,42983.95,9771.73,Partially Compliant,None,38.82,38814.46,77.9,3.98,0.85,Yes,12.49,53.01,144.36,Tier 3
S00285,Supplier_285,Singapore,Electronics,91.89,1838.78,73.14,59409.46,6734.52,Compliant,ISO 9001,64.64,264567.09,94.88,3.15,0.92,Yes,40.26,3.02,32.37,Tier 2
S00286,Supplier_286,,Plastics,77.23,3467.89,85.06,9680.78,121.92,Non-Compliant,ISO 45001,71.11,276974.38,79.19,3.51,0.33,Yes,31.25,14.5,132.87,Tier 3
S00287,Supplier_287,China,Automotive,55.5,165.4,77.29,1919.59,9250.01,Non-Compliant,None,43.31,172612.98,82.5,3.19,0.92,Yes,27.44,55.66,13.46,Tier 1
S00288,Supplier_288,China,Automotive,93.43,4769.28,69.3,74706.66,4545.13,Non-Compliant,None,30.3,325069.83,90.73,3.22,0.31,No,16.07,68.71,63.51,Tier 1
S00289,Supplier_289,India,Textiles,97.47,4004.33,34.8,67945.59,2552.48,Compliant,None,75.47,277834.54,92.25,0.98,0.95,Yes,11.85,100.17,90.8,Tier 1
S00290,Supplier_290,India,Plastics,48.53,2592.86,88.87,17799.29,8622.09,Partially Compliant,ISO 14001,46.23,112197.26,86.73,2.67,0.72,Yes,8.48,75.29,106.93,Tier 3
S00291,Supplier_291,,FMCG,65.61,4024.2,61.45,57686.81,1647.32,Non-Compliant,ISO 9001,27.72,497412.47,97.59,2.96,0.73,No,15.58,73.54,32.43,Tier 2
S00292,Supplier_292,,Textiles,66.33,1698.77,87.58,61818.79,2912.59,Partially Compliant,ISO 45001,56.6,304312.22,85.98,1.0,0.93,No,29.62,18.78,7.05,Tier 1
S00293,Supplier_293,Thailand,,67.91,2404.81,94.87,15056.63,1865.14,Non-Compliant,ISO 45001,28.15,276100.81,98.01,2.93,0.73,,15.37,80.74,60.58,Tier 3
S00294,Supplier_294,Malaysia,,45.87,1769.03,84.23,72747.4,6116.79,Partially Compliant,ISO 9001,25.02,87296.42,100.94,2.46,0.57,Yes,31.9,17.08,150.29,Tier 1
S00295,Supplier_295,Malaysia,Plastics,81.11,4322.43,89.3,86960.82,5447.43,Non-Compliant,ISO 9001,67.25,3822.53,82.01,2.15,0.35,No,26.88,90.59,118.68,Tier 1
S00296,Supplier_296,India,Textiles,83.76,2821.97,39.64,5719.7,1929.11,Non-Compliant,ISO 14001,47.14,370551.51,81.89,2.84,1.02,Yes,0.22,9.0,35.16,Tier 2
S00297,Supplier_297,Malaysia,FMCG,60.97,2549.04,50.15,30189.84,6336.96,Compliant,None,74.36,20316.24,82.92,3.01,0.56,Yes,46.49,17.59,107.88,Tier 1
S00298,Supplier_298,Malaysia,Automotive,89.03,502.96,86.71,77603.97,6532.76,Compliant,None,32.06,62317.09,76.58,3.28,0.87,No,18.05,96.37,46.54,Tier 2
S00299,Supplier_299,Vietnam,Chemicals,N/A,2080.37,72.97,25393.01,6077.33,Compliant,ISO 45001,79.73,226180.14,85.68,4.29,0.33,No,35.87,10.25,107.29,Tier 2
S00300,Supplier_300,Indonesia,,44.89,5059.52,49.55,19241.09,7249.19,Partially Compliant,,65.71,420161.55,88.04,2.09,0.82,Yes,38.43,6.97,17.75,Tier 2
S00301,Supplier_301,Indonesia,Electronics,49.18,4192.11,66.42,47435.51,9777.77,Compliant,None,62.21,481456.05,96.97,1.06,0.84,No,37.19,74.09,20.02,Tier 3
S00302,Supplier_302,Singapore,,79.51,4915.07,84.19,51419.6,8376.63,Partially Compliant,ISO 14001,62.41,159617.6,88.91,2.7,0.82,No,38.44,55.17,162.68,Tier 3
S00303,Supplier_303,Indonesia,Plastics,60.39,2066.25,35.01,34155.66,3520.55,Partially Compliant,ISO 14001,75.11,273952.87,74.19,3.8,0.66,Yes,12.59,31.16,122.16,Tier 2
S00304,Supplier_304,China,FMCG,78.49,174.56,89.87,54198.77,2298.46,Partially Compliant,None,64.0,299256.9,70.61,1.5,0.59,Yes,29.99,66.74,112.39,Tier 3
S00305,Supplier_305,Indonesia,Chemicals,84.15,4226.1,57.5,19440.84,8699.21,Partially Compliant,ISO 9001,82.91,431535.35,99.54,1.4,0.88,Yes,8.06,16.68,145.13,
S00306,Supplier_306,Malaysia,FMCG,71.26,1884.68,91.65,15213.21,6434.23,Non-Compliant,None,52.31,208367.35,84.13,3.12,0.41,No,42.64,7.52,197.87,Tier 2
S00307,Supplier_307,Malaysia,Metals,46.98,4594.87,47.14,42526.18,6260.36,Non-Compliant,ISO 9001,56.95,290118.34,70.41,0.6,0.88,Yes,8.99,9.31,105.89,Tier 2
S00308,Supplier_308,Malaysia,Metals,61.49,1973.06,100.27,41898.11,3215.52,Compliant,ISO 14001,64.17,208933.75,85.86,1.36,0.82,Yes,21.8,55.35,65.14,Tier 1
S00309,Supplier_309,Indonesia,FMCG,94.51,1612.99,72.41,55478.25,2304.54,Non-Compliant,None,45.8,71166.52,86.05,0.59,0.94,Yes,21.26,56.02,8.62,Tier 3
S00310,Supplier_310,India,Chemicals,45.85,2236.76,30.46,46329.72,381.77,,ISO 14001,8.39,477779.99,83.17,1.79,0.96,No,20.34,42.88,17.78,Tier 3
S00311,Supplier_311,Singapore,Automotive,58.42,2640.81,68.44,2655.15,9961.38,Partially Compliant,ISO 45001,82.7,281018.85,79.94,1.51,0.52,Yes,30.93,5.46,101.53,Tier 3
S00312,Supplier_312,Indonesia,Electronics,76.79,3118.5,89.0,41111.61,5695.19,Partially Compliant,None,50.28,2613.84,103.0,0.22,0.98,No,44.41,61.03,171.2,
S00313,Supplier_313,,FMCG,94.35,1913.56,66.63,34740.08,2831.87,Non-Compliant,None,63.78,360266.78,88.81,4.08,0.81,No,37.84,18.32,142.75,Tier 3
S00314,Supplier_314,India,Chemicals,86.32,4871.14,71.03,10356.45,2501.83,Non-Compliant,None,10.6,463278.96,93.03,2.74,0.37,Yes,44.78,87.19,74.19,Tier 3
S00315,Supplier_315,Thailand,FMCG,51.59,4961.64,90.64,88657.54,9568.94,Compliant,ISO 9001,29.17,366642.67,99.65,1.5,0.55,Yes,10.0,10.78,157.79,Tier 3
S00316,Supplier_316,India,Plastics,72.24,4170.27,80.08,82869.54,3354.43,Compliant,ISO 45001,51.12,94738.43,75.09,4.56,0.51,Yes,43.01,66.01,2.03,Tier 3
S00317,Supplier_317,Thailand,Automotive,51.41,4280.71,38.67,15381.89,2130.37,Compliant,ISO 14001,61.87,283505.88,77.79,4.16,0.49,No,13.03,24.04,40.83,Tier 3
S00318,Supplier_318,Thailand,Electronics,62.78,750.16,71.28,11805.97,7565.36,Partially Compliant,ISO 9001,72.39,8341.67,91.63,4.17,0.87,No,35.73,8.45,41.5,Tier 2
S00319,Supplier_319,Singapore,Plastics,66.06,4787.01,88.46,81128.01,757.76,Partially Compliant,,76.16,399866.12,76.6,3.36,0.33,No,41.7,40.03,136.9,Tier 3
S00320,Supplier_320,Vietnam,Chemicals,79.39,4175.31,34.98,25620.8,9962.35,Non-Compliant,None,85.33,292276.94,79.93,4.95,0.87,Yes,42.68,85.61,30.85,
S00321,Supplier_321,Indonesia,Textiles,74.27,1711.6,94.32,10447.54,2675.86,Non-Compliant,ISO 14001,59.17,440518.33,74.75,0.49,0.35,No,28.09,70.92,175.44,Tier 2
S00322,Supplier_322,India,Electronics,69.08,339.41,77.94,31297.69,6652.96,,None,24.03,224163.04,97.21,4.72,0.38,No,46.71,76.02,15.27,Tier 3
S00323,Supplier_323,Singapore,Chemicals,49.59,1081.86,73.14,52696.35,9237.52,Compliant,ISO 45001,89.06,184215.74,85.5,2.88,0.87,Yes,48.1,11.62,136.5,Tier 2
S00324,Supplier_324,India,Automotive,92.13,402.4,45.55,14365.21,8754.76,Partially Compliant,ISO 14001,72.87,46008.98,90.77,2.35,0.94,Yes,18.4,83.1,73.48,Tier 2
S00325,Supplier_325,Vietnam,Metals,96.29,152.79,35.15,33603.73,4635.19,Non-Compliant,ISO 9001,40.63,233058.0,76.03,2.22,0.46,Yes,38.37,77.89,169.77,
S00326,Supplier_326,Thailand,Electronics,94.51,3185.0,36.45,95590.6,6510.07,Non-Compliant,ISO 14001,15.63,131724.99,93.42,2.68,0.98,No,44.7,1.55,170.19,Tier 2
S00327,Supplier_327,Vietnam,FMCG,87.04,1878.04,56.65,49284.55,4975.25,Partially Compliant,None,23.02,428066.53,97.12,0.3,0.91,No,27.3,47.7,177.36,Tier 3
S00328,Supplier_328,India,Electronics,63.68,3742.49,50.58,41034.36,8842.23,Partially Compliant,ISO 45001,13.49,463596.69,90.61,4.07,0.33,No,29.65,83.01,66.86,Tier 1
S00329,Supplier_329,China,Automotive,64.01,778.12,57.06,14975.73,7974.59,Partially Compliant,ISO 14001,55.5,27997.3,92.44,4.83,0.36,No,17.02,62.26,73.99,Tier 3
S00330,Supplier_330,Singapore,Chemicals,64.95,1274.94,N/A,66533.56,7447.18,Compliant,None,26.87,254018.06,82.49,3.84,0.95,Yes,10.2,0.16,48.13,Tier 1
S00331,Supplier_331,Indonesia,Chemicals,62.9,3712.28,92.42,53177.46,7415.55,Partially Compliant,None,53.47,471208.89,72.57,1.77,0.58,Yes,7.33,91.87,58.31,Tier 1
S00332,Supplier_332,Malaysia,Chemicals,88.02,1137.28,99.24,22049.61,4767.49,Partially Compliant,,22.55,263545.6,81.55,0.36,0.43,Yes,4.63,23.89,126.73,Tier 3
S00333,Supplier_333,,FMCG,69.78,5005.25,80.85,40724.45,5497.01,Partially Compliant,None,39.47,135231.17,83.21,1.37,0.41,No,48.66,78.79,28.16,Tier 1
S00334,Supplier_334,China,Textiles,39.16,4394.1,38.46,37478.45,7239.36,Compliant,ISO 45001,11.47,406053.01,80.64,0.44,0.31,Yes,4.42,32.06,61.94,Tier 1
S00335,Supplier_335,,Automotive,75.6,3117.76,46.43,17442.7,5147.7,Compliant,ISO 45001,16.01,161036.16,95.04,1.57,1.04,No,7.59,93.84,165.76,Tier 3
S00336,Supplier_336,,Textiles,87.42,476.03,52.15,56128.47,6247.92,Non-Compliant,None,86.13,458767.75,100.68,2.13,0.82,No,35.01,91.83,20.45,Tier 3
S00337,Supplier_337,Thailand,Plastics,49.62,2946.43,31.6,98473.72,3342.57,Partially Compliant,ISO 14001,63.1,102760.51,94.06,0.78,0.42,No,48.81,96.29,164.23,Tier 1
S00338,Supplier_338,Malaysia,Metals,41.88,4106.5,47.75,69087.88,1842.16,Non-Compliant,ISO 9001,24.18,328142.11,85.31,2.26,0.59,,47.48,69.04,161.9,Tier 3
S00339,Supplier_339,Thailand,Metals,89.13,1827.7,99.14,58774.11,6194.99,Compliant,None,57.75,420622.65,72.51,2.59,0.37,No,17.97,39.17,57.34,Tier 1
S00340,Supplier_340,India,,49.27,1987.76,59.01,39820.03,5721.91,Partially Compliant,ISO 9001,58.5,42684.45,91.54,4.13,0.75,No,0.83,9.47,161.74,Tier 2
S00341,Supplier_341,India,FMCG,69.18,1421.24,81.31,96096.4,3714.37,Partially Compliant,ISO 45001,82.16,138623.65,93.63,4.04,0.89,No,25.34,5.7,111.7,Tier 3
S00342,Supplier_342,Singapore,Chemicals,54.85,2453.69,96.39,25026.95,6739.84,Compliant,ISO 14001,44.86,23398.93,84.14,0.47,0.89,Yes,50.14,71.48,92.5,Tier 2
S00343,Supplier_343,Thailand,Automotive,62.87,1450.79,N/A,33685.38,8713.47,Non-Compliant,ISO 45001,73.46,461238.96,87.91,3.99,0.72,Yes,17.52,70.52,135.75,Tier 3
S00344,Supplier_344,Malaysia,FMCG,62.28,2546.44,96.87,63513.16,9586.28,Partially Compliant,ISO 14001,16.13,282338.96,71.06,0.56,0.49,No,14.83,3.6,71.16,Tier 1
S00345,Supplier_345,Indonesia,Automotive,81.77,4187.0,32.07,6370.99,6493.77,Non-Compliant,ISO 9001,11.91,10803.19,90.92,4.11,0.57,No,47.4,39.88,15.71,Tier 3
S00346,Supplier_346,Thailand,Plastics,76.45,1805.43,52.89,13014.76,2202.71,Compliant,None,65.28,366810.44,84.17,2.68,0.42,Yes,11.55,66.13,196.7,Tier 2
S00347,Supplier_347,India,,89.69,4445.72,N/A,66616.5,4057.39,Partially Compliant,ISO 9001,69.39,319995.03,86.94,1.74,0.8,Yes,17.44,26.28,180.41,Tier 1
S00348,Supplier_348,,Textiles,91.29,N/A,80.25,18161.27,5115.62,Non-Compliant,ISO 45001,81.51,102949.85,85.92,0.12,0.84,No,4.99,5.95,182.82,Tier 1
S00349,Supplier_349,Thailand,Plastics,93.03,1500.33,92.79,18426.04,6997.35,Partially Compliant,ISO 9001,62.64,506327.72,87.87,1.64,0.97,Yes,14.64,26.74,133.66,Tier 3
S00350,Supplier_350,Thailand,Plastics,78.97,4968.17,35.14,27612.17,643.21,Compliant,ISO 9001,29.31,221409.05,87.94,4.24,0.86,Yes,31.59,12.64,157.18,Tier 3
S00351,Supplier_351,Indonesia,Metals,49.85,4344.38,93.51,90052.99,6607.04,Non-Compliant,ISO 14001,89.46,447180.77,85.14,2.41,0.43,Yes,36.73,2.05,53.07,Tier 2
S00352,Supplier_352,Thailand,Textiles,51.48,2179.15,81.19,97333.14,7325.17,Compliant,ISO 14001,71.95,159035.56,89.29,5.08,0.85,No,4.84,52.94,23.8,Tier 1
S00353,Supplier_353,China,Metals,45.7,3992.0,102.57,47083.22,8978.38,Non-Compliant,ISO 9001,57.61,461342.35,83.51,0.67,0.65,Yes,13.5,83.36,137.99,Tier 3
S00354,Supplier_354,China,Textiles,74.74,3876.28,41.67,24968.64,5376.65,Compliant,ISO 14001,6.86,290321.44,68.27,0.66,0.91,Yes,15.68,2.26,162.41,Tier 2
S00355,Supplier_355,China,Plastics,73.49,2810.46,68.49,29362.29,8472.89,Compliant,ISO 45001,68.08,100174.35,95.1,2.52,0.77,No,42.46,16.79,79.88,Tier 1
S00356,Supplier_356,Singapore,Textiles,69.03,2734.51,94.54,31385.97,1328.39,Partially Compliant,None,25.07,483863.94,93.6,2.82,0.39,Yes,13.86,17.59,67.46,Tier 2
S00357,Supplier_357,,Metals,94.11,2238.18,71.73,11350.01,293.41,Partially Compliant,ISO 45001,19.12,207864.56,99.74,0.17,0.5,No,31.45,82.44,142.75,Tier 1
S00358,Supplier_358,India,Plastics,89.16,587.92,68.79,24351.01,5920.79,Partially Compliant,None,53.66,440032.12,98.1,0.57,0.47,Yes,24.4,65.85,73.16,Tier 3
S00359,Supplier_359,Vietnam,Electronics,53.99,629.79,46.77,22856.57,5626.57,Compliant,ISO 45001,87.02,19997.87,76.88,1.07,0.54,Yes,5.14,59.44,131.86,Tier 3
S00360,Supplier_360,India,Plastics,39.57,4029.54,99.08,50323.56,2685.96,Non-Compliant,ISO 45001,78.91,317557.61,77.21,2.98,0.74,Yes,10.54,87.39,43.51,Tier 1
S00361,Supplier_361,Indonesia,Metals,75.25,4159.06,68.14,8504.07,7380.47,Compliant,ISO 14001,68.52,207339.47,78.66,3.25,0.41,Yes,21.14,91.03,113.99,Tier 2
S00362,Supplier_362,Singapore,Chemicals,70.63,4653.18,61.41,79573.36,10058.92,Compliant,ISO 45001,37.2,184321.74,85.84,2.22,0.46,Yes,9.05,24.8,13.83,Tier 1
S00363,Supplier_363,Singapore,Electronics,77.33,298.2,85.2,93572.02,4843.26,Compliant,None,87.48,428546.26,73.85,0.14,1.02,No,29.62,65.95,26.29,Tier 2
S00364,Supplier_364,Vietnam,Metals,60.22,3684.33,73.25,82340.93,2373.0,Compliant,ISO 45001,19.56,1502.14,92.62,3.81,0.48,Yes,19.4,71.14,72.42,Tier 2
S00365,Supplier_365,Indonesia,Plastics,50.4,4926.36,31.78,52738.46,628.49,Partially Compliant,None,53.94,76254.66,85.49,0.95,0.67,No,46.24,44.8,119.47,Tier 2
S00366,Supplier_366,Thailand,FMCG,62.14,4762.61,43.78,32623.97,488.18,Non-Compliant,ISO 14001,23.86,253187.14,77.27,3.37,0.63,Yes,42.13,21.52,187.25,Tier 3
S00367,Supplier_367,India,Automotive,82.51,2399.92,81.07,60659.47,5104.12,Non-Compliant,ISO 45001,5.05,203252.51,74.43,1.82,0.95,Yes,9.56,62.4,93.7,Tier 1
S00368,Supplier_368,India,FMCG,58.29,1746.76,87.15,60621.41,9869.51,,None,86.19,236685.03,82.89,0.28,0.95,No,30.75,42.29,63.37,Tier 2
S00369,Supplier_369,China,Electronics,82.58,2210.16,79.52,35250.98,9581.01,Non-Compliant,ISO 9001,40.79,227078.88,83.51,0.44,0.76,,43.5,38.21,11.57,Tier 1
S00370,Supplier_370,India,FMCG,N/A,1336.65,48.92,21200.11,4519.45,Compliant,ISO 9001,77.92,487459.47,75.86,4.19,0.41,No,0.36,88.42,35.39,Tier 1
S00371,Supplier_371,China,Metals,50.46,4393.45,45.39,9552.83,8508.65,,ISO 9001,15.7,76281.16,100.74,0.84,0.84,No,13.42,18.61,59.7,Tier 1
S00372,Supplier_372,,Electronics,52.73,4017.56,64.79,2830.37,9789.71,Non-Compliant,ISO 14001,86.89,111227.5,83.15,4.71,0.37,Yes,11.9,78.69,34.98,Tier 1
S00373,Supplier_373,Malaysia,Plastics,65.35,3412.92,77.04,32885.5,5700.59,Compliant,ISO 45001,9.07,426873.1,83.98,0.23,0.45,Yes,33.44,54.94,151.47,Tier 3
S00374,Supplier_374,Vietnam,Electronics,91.49,1576.58,34.35,96073.33,9568.86,Non-Compliant,ISO 45001,64.74,137012.47,92.79,1.08,0.58,No,36.94,71.81,99.44,Tier 1
S00375,Supplier_375,Malaysia,Electronics,61.67,2070.16,85.59,22072.3,6723.41,Partially Compliant,None,65.55,259412.55,74.52,4.71,0.71,Yes,23.91,96.54,27.15,Tier 3
S00376,Supplier_376,Indonesia,Chemicals,64.13,4514.17,32.26,15736.0,4532.0,Partially Compliant,ISO 9001,27.99,14467.13,99.29,0.15,0.78,Yes,44.72,8.09,183.22,Tier 1
S00377,Supplier_377,Malaysia,FMCG,71.75,1568.85,63.1,39828.61,1201.14,Compliant,,89.3,334063.63,75.29,4.41,0.52,Yes,21.21,50.56,119.15,Tier 3
S00378,Supplier_378,,Metals,49.18,2491.45,68.22,85142.85,4967.94,Compliant,None,86.14,136987.48,73.71,1.1,0.82,Yes,13.55,61.52,62.43,
S00379,Supplier_379,Indonesia,FMCG,51.3,3046.81,87.86,96065.14,1202.79,Compliant,None,20.95,411322.55,98.33,1.58,0.92,No,45.71,68.17,18.33,Tier 2
S00380,Supplier_380,Vietnam,Electronics,59.88,4265.56,60.72,89276.07,8838.94,Non-Compliant,ISO 14001,23.82,138617.54,95.72,1.83,0.84,No,45.74,28.01,176.67,Tier 1
S00381,Supplier_381,Thailand,Textiles,42.24,1867.26,92.08,61914.59,3428.91,Compliant,ISO 14001,49.73,358279.83,77.5,3.51,0.52,No,20.51,46.23,3.47,Tier 2
S00382,Supplier_382,India,Chemicals,76.63,2461.81,80.37,96459.74,4347.68,Compliant,ISO 45001,38.62,313114.49,72.19,2.32,0.98,No,16.85,0.38,81.98,Tier 3
S00383,Supplier_383,China,Metals,84.84,1815.99,86.93,35399.79,4180.72,Partially Compliant,ISO 14001,68.03,397002.39,82.96,2.7,0.55,No,48.55,50.99,25.95,Tier 1
S00384,Supplier_384,China,,71.26,4813.73,55.77,63924.3,5531.58,Non-Compliant,None,73.66,99601.2,74.8,1.57,0.45,Yes,2.03,32.52,70.96,Tier 3
S00385,Supplier_385,India,Chemicals,67.18,3110.32,45.8,65246.94,3295.27,Compliant,None,70.2,449061.76,75.27,1.13,0.76,Yes,32.25,64.85,107.21,Tier 2
S00386,Supplier_386,China,Electronics,67.29,777.91,42.69,40465.36,9933.33,Partially Compliant,None,10.24,401178.84,86.16,0.57,0.83,No,2.94,75.58,193.03,Tier 3
S00387,Supplier_387,India,Chemicals,61.95,2999.91,54.8,88692.52,7590.33,Partially Compliant,ISO 9001,81.96,468932.72,81.52,2.9,0.53,Yes,36.39,83.51,138.14,Tier 3
S00388,Supplier_388,Malaysia,Textiles,49.21,4437.34,62.56,60584.08,5267.16,Partially Compliant,ISO 14001,39.28,426979.44,78.14,0.14,0.65,,27.69,5.43,5.98,Tier 2
S00389,Supplier_389,Malaysia,Automotive,57.96,1886.33,40.76,43946.16,2682.12,Non-Compliant,ISO 14001,12.85,419645.34,83.34,3.32,0.48,Yes,39.09,8.09,78.17,Tier 1
S00390,Supplier_390,Thailand,FMCG,81.19,3743.98,89.77,77031.13,9596.91,Non-Compliant,ISO 14001,25.47,386016.09,69.63,0.71,0.88,Yes,0.76,24.28,65.38,Tier 1
S00391,Supplier_391,Malaysia,Automotive,92.77,4282.81,43.74,42600.76,2436.7,Partially Compliant,ISO 14001,19.33,276706.7,71.53,3.59,0.87,Yes,19.2,90.66,38.89,Tier 1
S00392,Supplier_392,Malaysia,Electronics,92.3,952.09,40.88,43006.37,7946.17,Partially Compliant,ISO 9001,74.82,131418.1,91.3,2.34,0.66,No,41.61,45.75,66.77,Tier 3
S00393,Supplier_393,Singapore,Metals,76.43,3348.1,71.44,57763.89,4043.59,Non-Compliant,ISO 45001,51.15,246580.86,86.36,2.67,0.56,Yes,41.85,94.92,61.56,Tier 3
S00394,Supplier_394,India,Automotive,49.54,2632.01,44.05,39815.77,3012.34,Partially Compliant,None,45.75,135374.59,71.13,4.36,0.61,Yes,29.52,60.62,183.75,Tier 3
S00395,Supplier_395,China,Textiles,78.15,1215.54,52.47,15832.36,797.26,Non-Compliant,ISO 45001,12.97,97095.38,85.48,3.22,0.81,No,37.47,48.75,18.24,Tier 2
S00396,Supplier_396,Vietnam,FMCG,81.92,369.71,43.83,55740.78,1431.39,Compliant,None,43.44,167557.19,87.08,2.74,0.47,Yes,13.59,29.98,171.45,Tier 2
S00397,Supplier_397,Indonesia,Metals,81.92,3059.9,62.4,74843.48,5024.42,,ISO 14001,21.92,420619.68,78.66,0.63,0.6,No,12.03,15.86,83.29,Tier 3
S00398,Supplier_398,Singapore,Automotive,N/A,3735.14,84.54,91109.22,1916.1,Partially Compliant,ISO 9001,57.84,304312.23,99.57,2.72,0.8,Yes,34.87,15.74,0.3,Tier 1
S00399,Supplier_399,Thailand,FMCG,61.52,4614.28,42.35,16239.69,2521.04,Partially Compliant,ISO 45001,44.63,402721.98,92.49,3.01,0.56,No,36.03,89.13,55.61,Tier 2
S00400,Supplier_400,Malaysia,Plastics,78.7,3497.0,62.71,56564.0,2130.08,Compliant,None,51.29,411875.33,99.45,0.32,0.33,Yes,23.3,97.3,1.4,Tier 1
S00401,Supplier_401,Vietnam,Automotive,61.32,2777.89,76.19,34974.15,6145.13,Compliant,None,10.14,478763.39,99.72,0.76,0.64,No,22.79,87.8,66.41,Tier 2
S00402,Supplier_402,Singapore,Automotive,45.61,113.0,42.39,33107.45,8349.19,Partially Compliant,,37.29,314074.3,78.84,3.29,0.79,Yes,19.99,94.49,72.29,Tier 2
S00403,Supplier_403,Malaysia,Automotive,90.37,2649.49,93.85,52750.68,7163.92,Compliant,ISO 14001,82.9,68339.07,85.89,4.86,0.77,No,45.82,35.48,146.99,Tier 2
S00404,Supplier_404,Vietnam,Electronics,55.31,4615.68,70.41,75978.28,6808.52,Non-Compliant,None,52.32,249057.67,78.71,4.73,0.42,,15.46,59.58,109.25,Tier 3
S00405,Supplier_405,Thailand,Plastics,83.49,2518.47,80.6,87824.06,1895.14,Compliant,ISO 9001,28.12,122692.56,80.67,0.2,0.97,No,21.74,8.12,159.65,Tier 3
S00406,Supplier_406,Malaysia,Electronics,77.38,2322.89,83.32,20400.51,1057.78,Non-Compliant,ISO 14001,65.38,340261.49,86.55,0.46,0.98,Yes,22.54,81.78,135.54,Tier 3
S00407,Supplier_407,Indonesia,Plastics,48.04,111.96,39.3,32151.31,4727.61,Partially Compliant,ISO 14001,59.04,262172.86,87.67,1.06,0.6,Yes,46.76,72.74,16.33,Tier 2
S00408,Supplier_408,,FMCG,79.42,794.87,96.28,16947.82,4151.63,Compliant,None,71.19,454077.96,77.11,2.66,0.74,Yes,23.66,92.18,87.52,Tier 2
S00409,Supplier_409,Malaysia,Metals,90.72,2398.72,82.25,10538.65,4589.79,Non-Compliant,ISO 9001,88.04,102604.19,89.36,2.95,0.44,Yes,29.64,18.86,56.44,Tier 2
S00410,Supplier_410,Singapore,FMCG,50.73,2322.91,75.69,47344.41,7570.35,Compliant,ISO 9001,31.79,144027.95,75.06,1.79,0.53,Yes,13.22,1.77,181.37,Tier 1
S00411,Supplier_411,China,Plastics,64.18,4426.28,45.81,1221.16,6150.99,Partially Compliant,None,45.64,378866.32,67.31,3.88,0.82,Yes,3.44,27.05,47.35,Tier 3
S00412,Supplier_412,China,FMCG,89.07,4345.47,43.73,49491.6,5611.08,Compliant,None,18.37,345981.23,79.1,3.0,0.97,Yes,31.34,45.08,95.24,Tier 3
S00413,Supplier_413,Malaysia,FMCG,78.41,3071.0,63.75,73038.65,9250.52,Compliant,,79.26,251468.86,69.18,2.19,0.47,No,33.02,55.21,156.97,Tier 2
S00414,Supplier_414,Vietnam,FMCG,43.17,4731.3,53.3,37583.86,4689.33,Partially Compliant,None,36.68,397068.03,94.03,4.52,0.53,Yes,0.28,55.66,102.65,Tier 3
S00415,Supplier_415,Indonesia,,87.06,3132.81,65.97,45113.71,8039.2,Partially Compliant,ISO 14001,12.38,207902.71,77.74,4.99,0.64,No,23.47,72.47,47.92,Tier 2
S00416,Supplier_416,Malaysia,Automotive,50.6,4433.41,97.93,30016.42,4602.54,Partially Compliant,ISO 45001,66.55,367294.13,71.7,3.02,0.38,Yes,17.55,4.55,125.49,Tier 2
S00417,Supplier_417,India,Electronics,58.52,5052.57,93.23,97480.9,3639.76,Partially Compliant,ISO 45001,21.88,313808.27,72.2,2.24,0.72,No,17.75,72.92,183.48,Tier 1
S00418,Supplier_418,Indonesia,Chemicals,71.03,1112.03,87.8,22000.66,3936.04,Partially Compliant,ISO 45001,25.34,82398.93,85.89,0.83,0.97,Yes,31.04,82.35,47.17,Tier 2
S00419,Supplier_419,China,Textiles,N/A,1711.89,89.82,42456.27,6537.92,Non-Compliant,ISO 45001,86.35,483367.56,87.04,1.22,0.32,Yes,20.93,78.82,25.29,Tier 2
S00420,Supplier_420,Vietnam,Textiles,75.61,3858.48,48.56,55869.56,3631.25,Partially Compliant,ISO 14001,52.09,429698.15,80.53,0.13,0.41,No,40.72,91.81,117.18,Tier 3
S00421,Supplier_421,India,Automotive,86.75,297.47,77.58,56696.91,7568.17,Partially Compliant,ISO 14001,76.6,117743.47,79.22,0.65,0.98,Yes,8.51,15.88,74.03,Tier 3
S00422,Supplier_422,Singapore,Plastics,85.95,1631.56,79.66,79561.2,5303.46,Compliant,ISO 9001,8.05,426157.65,82.99,2.95,0.55,No,45.36,19.98,141.94,Tier 3
S00423,Supplier_423,Indonesia,Chemicals,48.76,4985.91,91.91,28964.06,5563.34,Partially Compliant,ISO 14001,30.72,193903.81,102.69,2.75,0.9,No,26.95,50.35,33.95,Tier 3
S00424,Supplier_424,China,Automotive,75.12,3960.69,67.6,77584.26,7269.73,Partially Compliant,,39.77,166880.99,99.15,3.11,0.47,No,48.97,82.23,12.56,Tier 2
S00425,Supplier_425,Vietnam,Electronics,87.49,2635.19,48.4,76936.69,9146.82,,ISO 45001,69.37,75707.72,91.64,4.5,0.85,No,12.21,34.9,168.6,Tier 2
S00426,Supplier_426,Singapore,Metals,66.71,1387.64,60.89,11087.17,246.52,Non-Compliant,None,40.58,16008.58,91.89,1.91,0.61,Yes,26.47,96.85,186.0,Tier 2
S00427,Supplier_427,Singapore,Electronics,76.61,N/A,87.67,50220.19,5899.05,Partially Compliant,ISO 9001,15.09,150816.9,100.55,0.82,0.83,No,39.05,71.64,110.72,Tier 1
S00428,Supplier_428,India,Automotive,55.75,4546.63,83.91,22319.04,4400.02,Non-Compliant,None,22.21,413715.92,98.43,3.08,0.85,Yes,4.36,72.49,199.71,Tier 3
S00429,Supplier_429,China,Chemicals,76.09,2616.67,64.73,73869.26,7352.63,Partially Compliant,,18.01,201684.25,95.09,5.19,0.35,Yes,0.31,82.69,34.54,Tier 3
S00430,Supplier_430,Vietnam,FMCG,85.67,4506.19,72.79,77714.91,8106.44,Compliant,ISO 45001,8.23,346336.85,68.3,2.24,0.63,Yes,4.32,22.88,69.59,Tier 3
S00431,Supplier_431,Malaysia,Electronics,90.74,1454.97,40.41,1358.33,6186.08,Non-Compliant,ISO 45001,80.06,276698.12,77.23,3.28,0.46,No,17.11,83.11,143.62,Tier 1
S00432,Supplier_432,China,Metals,45.98,2303.08,33.18,28918.81,3008.95,Partially Compliant,ISO 45001,55.03,435559.15,79.84,1.51,0.55,Yes,14.97,81.74,18.33,Tier 3
S00433,Supplier_433,Thailand,Textiles,46.82,919.66,30.1,27053.4,2008.22,Non-Compliant,ISO 45001,68.35,131562.96,91.56,1.2,0.49,Yes,16.92,36.08,178.87,
S00434,Supplier_434,Indonesia,Textiles,43.2,4590.17,76.15,50854.22,7797.84,Non-Compliant,None,82.34,73081.18,72.09,0.58,0.38,No,19.0,86.5,107.38,
S00435,Supplier_435,Vietnam,Textiles,67.98,4376.32,52.0,21484.43,2640.79,Non-Compliant,ISO 14001,75.27,30129.11,70.49,3.15,0.94,Yes,27.09,4.4,177.77,Tier 3
S00436,Supplier_436,Thailand,Chemicals,44.15,3353.87,69.17,88951.95,6912.79,Partially Compliant,None,7.37,445814.87,89.87,0.68,0.57,,30.79,22.0,186.9,Tier 1
S00437,Supplier_437,Singapore,Chemicals,70.61,444.51,79.21,85703.92,333.99,Compliant,None,43.42,64036.87,71.92,2.2,0.31,Yes,18.47,67.72,101.76,Tier 2
S00438,Supplier_438,India,Metals,88.3,163.79,69.34,90951.52,3088.51,Compliant,None,6.23,161682.15,83.26,1.96,0.58,No,41.85,60.46,24.81,Tier 1
S00439,Supplier_439,Indonesia,,65.02,4576.76,63.98,16682.09,7193.99,Non-Compliant,None,78.02,187056.72,77.09,4.83,0.42,No,26.84,59.59,138.27,
S00440,Supplier_440,Malaysia,Electronics,47.48,4587.58,95.69,76277.19,461.74,Compliant,ISO 9001,15.56,71321.81,75.33,0.79,0.5,No,38.88,30.17,107.52,Tier 3
S00441,Supplier_441,Thailand,Automotive,58.06,1662.43,67.51,100677.7,8608.54,Non-Compliant,ISO 9001,76.69,370626.81,71.29,4.15,0.57,Yes,25.66,66.89,28.48,Tier 2
S00442,Supplier_442,Indonesia,Electronics,61.92,3832.5,67.1,31674.39,10275.47,Compliant,ISO 9001,40.29,349738.69,74.36,1.58,0.42,Yes,30.57,59.06,73.45,Tier 3
S00443,Supplier_443,Malaysia,Metals,69.58,4219.04,36.84,38746.77,4730.16,Non-Compliant,ISO 45001,85.37,255934.04,72.1,4.29,0.3,Yes,26.23,11.66,41.09,Tier 2
S00444,Supplier_444,China,Electronics,42.12,4478.49,93.54,51328.41,5270.83,,ISO 14001,39.16,425915.11,95.06,3.63,0.61,No,50.12,8.39,184.67,Tier 3
S00445,Supplier_445,China,Metals,81.48,4388.82,71.55,65927.82,5936.64,Compliant,ISO 9001,12.92,464607.97,81.76,2.26,0.5,Yes,39.79,17.14,153.57,Tier 3
S00446,Supplier_446,India,Chemicals,83.5,4252.27,77.5,13359.49,709.74,Compliant,ISO 45001,68.19,257381.03,71.36,3.15,0.7,No,9.6,14.61,149.22,Tier 1
S00447,Supplier_447,Indonesia,Metals,84.7,1002.33,58.67,27149.8,7061.55,Compliant,ISO 9001,9.19,373190.01,79.02,3.48,0.64,Yes,43.12,61.51,175.05,Tier 1
S00448,Supplier_448,Malaysia,Metals,71.11,1269.7,80.57,66660.46,9439.92,Non-Compliant,None,19.09,268832.8,89.08,4.58,0.55,No,39.21,81.38,141.18,Tier 2
S00449,Supplier_449,Malaysia,Plastics,42.4,3928.3,81.29,103049.16,9274.19,Compliant,None,38.99,195045.02,73.44,1.7,0.86,Yes,23.04,46.45,101.33,Tier 3
S00450,Supplier_450,Singapore,Plastics,46.15,1188.41,40.07,90870.65,6927.77,Compliant,ISO 9001,29.05,10046.04,85.74,4.03,0.83,Yes,8.71,59.32,87.06,Tier 1
S00451,Supplier_451,Thailand,Plastics,68.9,4022.36,87.39,17648.12,8205.3,Non-Compliant,ISO 9001,34.98,96594.12,88.67,1.53,0.87,No,42.0,83.34,199.24,Tier 3
S00452,Supplier_452,Malaysia,Automotive,84.75,2842.37,73.78,2626.13,6764.85,Non-Compliant,ISO 45001,76.99,139702.67,96.49,1.12,0.37,Yes,1.42,31.14,90.51,Tier 1
S00453,Supplier_453,Vietnam,Chemicals,72.83,4504.95,N/A,1210.46,4899.27,Partially Compliant,ISO 9001,57.19,28617.02,82.91,4.6,0.77,No,8.85,44.06,97.6,Tier 1
S00454,Supplier_454,Vietnam,Metals,65.49,4005.02,45.7,47488.9,2686.87,,None,20.9,153342.12,99.55,2.51,0.95,No,20.1,58.45,183.08,Tier 3
S00455,Supplier_455,India,FMCG,83.99,2138.44,38.54,38803.43,5786.08,Partially Compliant,ISO 9001,77.82,449527.7,78.82,2.83,0.66,Yes,4.86,38.46,149.46,Tier 1
S00456,Supplier_456,India,Textiles,40.92,3754.0,41.1,70784.72,3890.69,Compliant,ISO 9001,41.29,360067.4,83.74,3.98,0.31,No,44.38,90.34,103.98,Tier 3
S00457,Supplier_457,,Electronics,53.13,3530.82,74.73,44061.78,6214.53,Non-Compliant,ISO 9001,8.03,218485.45,93.49,4.48,0.82,Yes,15.23,38.98,46.64,Tier 3
S00458,Supplier_458,Vietnam,Automotive,83.55,2560.7,65.59,13371.91,5377.52,Partially Compliant,ISO 9001,39.96,447913.03,83.46,0.26,0.49,No,47.47,97.4,183.19,Tier 3
S00459,Supplier_459,Thailand,Automotive,45.83,3555.86,78.48,81665.27,9774.29,Compliant,ISO 9001,69.28,163236.62,74.25,4.29,0.78,No,21.1,11.58,189.64,Tier 1
S00460,Supplier_460,India,Electronics,71.85,2756.31,55.0,88227.74,1674.86,Partially Compliant,ISO 14001,10.48,150673.35,87.13,0.49,0.74,No,15.88,44.92,79.54,Tier 1
S00461,Supplier_461,Indonesia,Chemicals,80.18,4809.55,72.83,15482.05,8774.99,Partially Compliant,ISO 45001,71.57,390170.27,95.22,4.84,1.04,Yes,30.67,12.65,90.46,Tier 2
S00462,Supplier_462,Singapore,Textiles,55.12,1238.12,68.65,50008.88,9546.96,Partially Compliant,ISO 9001,41.27,167728.43,90.09,3.64,0.59,No,45.67,69.21,73.5,Tier 2
S00463,Supplier_463,Thailand,Electronics,78.94,4796.36,83.94,41679.18,8230.48,,ISO 45001,62.04,109374.89,87.32,1.16,0.57,Yes,46.22,101.2,101.01,Tier 2
S00464,Supplier_464,Thailand,Electronics,85.21,1988.94,99.44,54766.67,4486.3,Compliant,ISO 9001,62.41,220709.04,77.77,3.0,0.32,,1.88,68.06,100.63,Tier 1
S00465,Supplier_465,Vietnam,Chemicals,74.41,330.34,81.8,90498.57,8744.11,Partially Compliant,ISO 9001,74.1,434832.19,90.18,4.51,0.5,Yes,4.14,1.51,26.65,Tier 3
S00466,Supplier_466,India,Chemicals,86.38,3209.5,56.08,25642.62,1885.33,Compliant,ISO 14001,38.93,467132.95,77.95,2.44,0.4,Yes,21.0,9.95,173.27,Tier 3
S00467,Supplier_467,Thailand,Textiles,52.91,3275.41,93.27,89627.54,5563.67,Partially Compliant,ISO 14001,50.14,239063.41,91.06,5.21,0.81,No,18.8,1.83,25.72,Tier 2
S00468,Supplier_468,Malaysia,Electronics,61.85,185.63,53.4,71799.84,4785.43,Compliant,ISO 9001,52.75,33589.31,68.91,0.46,0.47,,1.56,95.77,136.75,Tier 3
S00469,Supplier_469,China,Metals,87.03,1797.22,31.3,75974.73,4734.32,Non-Compliant,ISO 9001,76.96,143563.65,93.61,1.79,0.36,No,11.4,60.53,97.07,Tier 3
S00470,Supplier_470,Singapore,FMCG,39.43,475.68,48.82,81010.07,4330.41,Partially Compliant,,29.65,353358.93,93.7,3.27,0.44,Yes,11.98,94.9,57.71,Tier 1
S00471,Supplier_471,,Textiles,75.43,4198.6,85.48,23609.41,2193.37,,ISO 9001,73.58,255547.46,82.76,2.47,0.99,No,50.96,97.23,88.21,Tier 2
S00472,Supplier_472,India,Metals,56.08,4171.55,N/A,69437.37,2242.91,Compliant,ISO 14001,18.85,245789.21,91.55,0.52,0.84,Yes,34.71,93.84,76.22,Tier 3
S00473,Supplier_473,,Metals,59.73,3618.68,87.88,22050.21,2740.17,,ISO 14001,64.81,447459.21,79.23,2.03,0.81,Yes,40.61,20.85,97.57,Tier 1
S00474,Supplier_474,Indonesia,Electronics,45.05,4808.41,34.68,84431.5,1703.78,Non-Compliant,ISO 14001,89.16,112816.14,67.21,4.54,0.75,Yes,26.7,13.72,27.66,Tier 2
S00475,Supplier_475,Vietnam,,54.85,1126.72,49.09,45628.71,1346.26,Partially Compliant,ISO 14001,76.61,267343.56,73.74,3.56,0.36,No,20.4,3.39,182.02,Tier 2
S00476,Supplier_476,India,Metals,50.78,5117.37,64.35,71323.12,9611.94,Non-Compliant,ISO 9001,24.97,453754.7,92.38,3.21,0.31,No,32.3,34.35,188.03,Tier 1
S00477,Supplier_477,Singapore,Automotive,50.1,4046.54,67.6,69410.6,4001.8,Partially Compliant,ISO 45001,59.74,452671.31,79.4,1.49,0.53,No,32.64,81.44,182.22,Tier 3
S00478,Supplier_478,India,Chemicals,91.28,2772.94,62.95,94635.01,5222.92,Compliant,None,41.24,247700.56,99.31,1.42,0.33,No,6.13,59.42,39.54,Tier 1
S00479,Supplier_479,Thailand,Chemicals,63.46,3664.59,44.32,8420.04,4195.01,Non-Compliant,ISO 14001,19.71,440320.87,79.18,0.33,0.84,No,7.5,0.73,53.54,
S00480,Supplier_480,Vietnam,Metals,73.13,1623.65,79.68,35035.43,7350.61,Non-Compliant,ISO 14001,60.54,49918.03,92.23,3.12,0.74,No,19.26,14.9,186.27,Tier 2
S00481,Supplier_481,Vietnam,FMCG,57.46,4138.0,93.1,31884.84,8455.19,,None,36.84,288667.76,88.75,3.62,0.78,Yes,29.37,66.02,21.74,Tier 3
S00482,Supplier_482,Malaysia,FMCG,65.72,4738.59,74.66,84603.6,6234.58,Partially Compliant,None,68.3,277710.33,96.62,1.53,0.34,No,47.74,59.57,64.33,Tier 1
S00483,Supplier_483,India,Textiles,86.06,4563.71,38.86,53363.71,6344.91,Partially Compliant,ISO 9001,46.86,296013.24,73.08,1.23,0.57,No,47.2,53.07,115.32,Tier 3
S00484,Supplier_484,Vietnam,Electronics,N/A,3602.02,45.64,67396.94,5005.7,Compliant,None,10.77,184737.46,75.34,3.51,0.94,Yes,34.25,18.09,203.65,Tier 2
S00485,Supplier_485,China,Automotive,73.84,3172.72,38.95,88456.67,7623.29,Partially Compliant,ISO 9001,76.95,259627.26,88.66,4.87,0.75,Yes,31.58,17.56,187.75,Tier 1
S00486,Supplier_486,Thailand,FMCG,64.24,4931.82,82.27,46073.26,553.12,Partially Compliant,ISO 45001,81.74,132113.53,77.34,1.66,0.44,Yes,0.96,69.31,119.98,Tier 2
S00487,Supplier_487,,FMCG,54.47,1386.01,59.29,56055.72,7956.11,Compliant,,45.37,104105.08,73.2,1.12,0.59,,17.74,54.96,66.37,Tier 2
S00488,Supplier_488,Singapore,Plastics,80.29,1520.96,79.22,90292.0,3393.47,Non-Compliant,ISO 45001,39.08,258445.49,74.08,2.37,0.74,No,17.21,71.74,152.56,Tier 1
S00489,Supplier_489,Indonesia,Metals,93.73,624.42,56.89,79580.35,5078.85,Non-Compliant,None,39.74,301073.08,77.73,3.83,0.32,Yes,25.15,4.59,176.5,Tier 1
S00490,Supplier_490,Indonesia,Textiles,65.64,1465.74,47.69,1681.89,5315.53,Compliant,ISO 9001,22.73,339876.3,80.28,4.19,0.49,No,18.28,12.14,200.62,Tier 2
S00491,Supplier_491,Thailand,Metals,78.81,4750.11,84.9,12203.3,9163.28,Non-Compliant,ISO 9001,59.61,152598.99,81.16,3.4,0.76,No,19.49,85.21,11.93,Tier 2
S00492,Supplier_492,China,Textiles,87.06,812.6,44.38,35591.42,3893.35,Non-Compliant,ISO 14001,16.35,353944.6,76.66,0.73,0.55,Yes,29.05,60.01,73.74,Tier 3
S00493,Supplier_493,Thailand,Plastics,54.88,4381.08,46.59,8916.4,1120.77,Compliant,ISO 45001,47.15,235519.92,79.03,1.19,0.94,,37.25,98.04,87.79,Tier 2
S00494,Supplier_494,Indonesia,Electronics,40.16,4163.2,41.18,41112.21,8040.57,Non-Compliant,ISO 9001,55.17,466154.43,76.66,0.86,0.43,No,10.27,65.93,172.24,Tier 2
S00495,Supplier_495,Thailand,FMCG,89.42,3376.65,61.36,27229.2,8442.0,Non-Compliant,ISO 45001,46.57,231808.16,79.28,2.27,1.01,No,31.26,19.9,164.75,Tier 1
S00496,Supplier_496,Malaysia,Metals,77.2,3355.27,45.75,80030.21,7911.26,Partially Compliant,ISO 45001,43.14,130615.3,84.93,0.37,0.89,No,33.18,35.17,139.42,Tier 2
S00497,Supplier_497,Thailand,Chemicals,86.54,3658.19,90.02,96371.05,2140.71,Partially Compliant,ISO 14001,74.03,335476.67,81.3,3.56,0.35,Yes,4.54,88.13,76.89,Tier 2
S00498,Supplier_498,Malaysia,Textiles,86.64,2249.61,97.47,96983.14,8402.57,Partially Compliant,ISO 9001,29.53,103964.16,93.82,0.17,0.65,No,25.33,46.59,147.95,Tier 3
S00499,Supplier_499,Indonesia,Chemicals,92.78,4058.45,84.68,1735.86,10021.15,Partially Compliant,None,38.24,269016.66,69.39,3.33,0.56,No,0.62,84.63,6.31,Tier 1
S00500,Supplier_500,Thailand,Chemicals,54.49,2308.49,68.57,17829.78,4847.16,Compliant,ISO 45001,25.01,16574.33,99.75,4.54,0.73,No,34.41,92.79,194.88,Tier 1
S00501,Supplier_501,Singapore,Automotive,N/A,3877.93,53.89,95175.46,211.72,Partially Compliant,ISO 14001,13.7,315261.33,93.26,0.45,0.86,Yes,46.49,24.33,173.35,Tier 1
S00502,Supplier_502,India,Plastics,71.18,3796.75,84.0,11472.95,5826.99,Non-Compliant,ISO 45001,91.39,441716.63,82.16,4.15,0.54,No,30.58,10.26,102.03,Tier 1
S00503,Supplier_503,Vietnam,Plastics,44.8,1044.16,83.35,87983.04,5609.58,Partially Compliant,None,80.79,363465.36,91.18,2.06,0.8,No,48.88,81.92,123.47,Tier 2
S00504,Supplier_504,Indonesia,Metals,78.12,4539.14,71.63,55940.93,3253.28,Non-Compliant,ISO 45001,16.72,34301.31,83.06,3.85,0.86,Yes,1.68,16.6,89.37,Tier 3
S00505,Supplier_505,Malaysia,Chemicals,76.08,300.43,89.59,77904.05,6633.24,Non-Compliant,ISO 45001,9.17,172895.43,83.16,4.03,0.97,No,16.03,85.77,101.38,Tier 2
S00506,Supplier_506,Indonesia,Chemicals,69.4,3208.91,85.35,65345.84,9475.19,Non-Compliant,ISO 14001,59.77,14585.23,74.42,3.71,0.46,No,8.58,73.5,110.14,Tier 1
S00507,Supplier_507,Indonesia,Chemicals,90.53,3967.76,30.92,50843.6,650.54,Partially Compliant,ISO 45001,51.92,102910.78,92.07,3.05,0.6,No,16.98,101.05,136.65,Tier 3
S00508,Supplier_508,India,Automotive,91.86,1041.18,53.99,33001.4,9579.0,Compliant,ISO 9001,12.21,98092.33,98.58,3.24,0.66,Yes,48.33,87.09,71.33,Tier 1
S00509,Supplier_509,Singapore,Plastics,80.19,3229.7,38.97,74542.59,4533.18,,None,54.05,174832.75,88.3,5.09,0.51,No,14.36,73.24,122.69,Tier 1
S00510,Supplier_510,Malaysia,Chemicals,64.69,740.04,45.87,51564.62,1336.79,Partially Compliant,ISO 9001,35.13,114281.16,88.1,3.74,0.46,No,47.02,45.77,88.39,
S00511,Supplier_511,China,Plastics,75.05,1808.87,32.67,65075.67,1776.03,Non-Compliant,ISO 14001,73.69,438545.3,71.67,3.5,0.85,No,21.37,50.54,204.32,Tier 2
S00512,Supplier_512,Indonesia,Automotive,89.74,2594.63,77.26,70476.78,9554.62,Compliant,ISO 45001,82.69,322901.23,77.21,0.45,0.8,Yes,16.45,23.46,158.88,Tier 2
S00513,Supplier_513,Thailand,Electronics,65.75,4381.66,94.35,95268.66,7727.99,Non-Compliant,None,83.08,389279.08,93.19,1.66,0.59,No,39.6,23.85,192.42,Tier 2
S00514,Supplier_514,Malaysia,Textiles,48.07,2058.83,35.57,44216.56,9226.11,Non-Compliant,None,60.61,245073.47,80.37,1.26,0.95,No,46.08,8.53,17.68,Tier 1
S00515,Supplier_515,,Electronics,81.56,1389.23,88.0,94809.68,502.57,Non-Compliant,ISO 45001,27.7,500704.22,79.73,3.35,0.99,Yes,35.92,51.05,175.95,Tier 3
S00516,Supplier_516,,Metals,52.27,1669.77,53.94,69009.95,3562.43,Non-Compliant,,6.77,293888.77,76.81,0.36,0.85,Yes,1.54,31.55,111.6,Tier 3
S00517,Supplier_517,Vietnam,Metals,64.3,1108.65,58.97,9135.04,9481.48,Compliant,ISO 14001,52.89,476423.43,85.67,3.65,0.62,Yes,31.81,43.59,27.11,Tier 2
S00518,Supplier_518,Vietnam,Plastics,87.67,1371.95,59.26,60901.77,9489.34,Partially Compliant,None,9.97,174507.83,72.72,4.58,0.61,No,28.06,14.06,33.35,Tier 2
S00519,Supplier_519,Malaysia,Chemicals,71.67,2513.84,67.28,25446.73,697.83,Partially Compliant,ISO 9001,5.32,86628.73,72.12,2.56,0.65,No,4.23,56.29,105.76,Tier 2
S00520,Supplier_520,India,Chemicals,93.33,3740.33,86.63,82444.82,8599.7,Compliant,,81.44,62986.36,90.27,3.11,0.56,Yes,15.15,64.26,55.07,Tier 3
S00521,Supplier_521,Malaysia,Automotive,72.99,3592.11,76.18,60342.79,6065.18,Non-Compliant,ISO 9001,41.11,85450.2,72.9,3.57,0.81,No,1.99,6.76,117.61,Tier 2
S00522,Supplier_522,China,Metals,92.77,5179.21,99.44,84358.42,6759.11,Partially Compliant,ISO 45001,14.41,352648.87,89.49,2.2,0.76,No,39.81,94.05,18.89,Tier 3
S00523,Supplier_523,Malaysia,Electronics,61.54,4474.05,44.9,68691.27,479.31,Non-Compliant,None,22.04,370847.79,84.49,0.93,0.61,No,35.91,40.61,151.01,Tier 3
S00524,Supplier_524,Vietnam,Chemicals,N/A,2044.13,40.32,3438.67,3194.08,Compliant,ISO 14001,72.12,2543.44,71.5,0.41,0.52,Yes,43.37,77.67,64.71,Tier 2
S00525,Supplier_525,India,Automotive,60.27,4559.52,67.29,102871.65,7918.69,Compliant,None,50.24,327599.6,91.79,2.82,0.54,No,16.57,51.4,144.44,Tier 2
S00526,Supplier_526,China,,39.76,2658.63,N/A,80126.97,3638.85,Compliant,ISO 45001,21.98,205110.91,75.95,1.93,0.61,Yes,28.62,85.94,37.65,Tier 1
S00527,Supplier_527,China,Plastics,78.3,2824.09,94.14,100499.02,9366.13,Non-Compliant,ISO 45001,11.09,96125.55,91.11,0.89,0.5,Yes,37.89,91.58,54.58,Tier 2
S00528,Supplier_528,Malaysia,Textiles,92.9,2936.15,42.9,23469.92,7323.21,Partially Compliant,ISO 9001,75.07,6710.76,80.6,0.52,0.41,Yes,18.63,31.24,200.49,Tier 2
S00529,Supplier_529,Indonesia,Textiles,76.16,4829.6,N/A,82469.77,8326.61,Partially Compliant,ISO 14001,35.42,41747.12,85.56,4.78,0.77,No,14.64,48.83,71.68,Tier 1
S00530,Supplier_530,Thailand,FMCG,50.26,4170.02,46.44,95581.8,9450.28,Non-Compliant,ISO 45001,49.27,26131.06,91.56,5.14,0.3,,3.09,79.12,105.04,Tier 1
S00531,Supplier_531,Singapore,FMCG,78.17,2240.05,59.67,2426.37,9617.74,Non-Compliant,ISO 14001,21.57,93387.53,72.68,1.06,0.92,No,9.86,94.24,189.32,Tier 3
S00532,Supplier_532,Malaysia,Electronics,90.1,1448.15,60.8,90355.3,4631.46,Non-Compliant,ISO 9001,69.47,450968.87,75.51,0.51,0.93,Yes,2.07,49.95,151.33,Tier 2
S00533,Supplier_533,Thailand,Chemicals,40.13,3057.03,100.84,29740.23,2449.53,Compliant,ISO 45001,88.29,34721.52,80.69,3.7,0.38,Yes,26.62,54.27,111.81,Tier 3
S00534,Supplier_534,China,FMCG,42.0,3170.84,38.36,36460.66,6599.64,Compliant,ISO 45001,62.11,203229.29,97.68,3.36,0.33,,20.52,20.86,113.33,Tier 2
S00535,Supplier_535,Vietnam,FMCG,68.23,1665.96,57.29,38116.68,173.1,Compliant,ISO 9001,77.54,383637.58,86.02,0.16,0.75,,11.15,50.04,168.64,Tier 2
S00536,Supplier_536,Indonesia,FMCG,56.97,732.47,55.7,97681.54,4829.42,Non-Compliant,None,83.46,259692.08,82.61,3.61,0.45,Yes,4.48,24.56,26.83,Tier 1
S00537,Supplier_537,Malaysia,Metals,57.52,293.33,41.42,51667.72,5316.28,Compliant,ISO 45001,79.69,49758.6,73.72,0.82,0.88,Yes,38.23,32.59,143.69,Tier 2
S00538,Supplier_538,Malaysia,Metals,56.69,1230.47,66.15,57626.75,3374.15,Partially Compliant,ISO 14001,69.55,494653.56,84.24,5.02,0.67,No,13.8,61.75,63.16,Tier 1
S00539,Supplier_539,Indonesia,Metals,61.04,1322.7,71.13,16656.81,8828.7,Compliant,None,29.56,117190.08,78.41,3.61,0.42,Yes,4.42,28.11,35.94,Tier 1
S00540,Supplier_540,China,FMCG,48.73,396.9,79.86,11991.15,855.99,Partially Compliant,ISO 45001,32.74,98270.65,85.29,3.07,0.32,No,30.06,3.07,183.21,Tier 3
S00541,Supplier_541,Thailand,Plastics,93.17,N/A,94.83,27540.19,8990.1,Compliant,ISO 9001,86.45,231759.24,78.16,4.16,0.92,No,47.5,26.75,40.38,Tier 2
S00542,Supplier_542,India,Chemicals,61.71,1664.47,39.64,60065.37,5232.65,Compliant,ISO 9001,39.14,509355.91,98.16,2.35,0.31,No,24.39,57.96,100.39,Tier 1
S00543,Supplier_543,Indonesia,Plastics,78.66,1641.94,43.81,8031.71,6595.19,Non-Compliant,ISO 45001,18.36,72769.5,96.08,3.65,0.98,Yes,42.76,19.54,18.36,Tier 1
S00544,Supplier_544,China,Metals,90.31,5154.81,96.34,56817.71,6318.87,Compliant,ISO 45001,21.23,133967.0,98.72,3.49,0.3,Yes,9.08,84.23,48.88,Tier 3
S00545,Supplier_545,Singapore,Chemicals,65.72,2422.72,N/A,46288.07,2960.63,Partially Compliant,ISO 14001,86.65,32905.51,71.58,2.02,0.83,Yes,8.85,71.29,86.71,Tier 2
S00546,Supplier_546,Indonesia,Metals,95.13,3285.48,51.44,56433.28,4570.96,Partially Compliant,ISO 9001,78.44,331346.64,74.43,1.4,0.94,Yes,13.39,34.99,129.64,Tier 3
S00547,Supplier_547,Vietnam,Metals,41.49,1076.95,70.05,28802.29,334.66,Partially Compliant,None,26.9,469784.75,73.43,0.46,0.97,No,3.44,9.13,117.29,Tier 2
S00548,Supplier_548,China,,64.66,4342.94,85.94,82840.07,8821.96,Non-Compliant,ISO 14001,16.14,207151.9,91.18,3.51,0.47,No,27.02,44.08,9.31,Tier 1
S00549,Supplier_549,Vietnam,Plastics,81.07,3760.2,97.33,89041.35,6810.59,Compliant,ISO 14001,48.82,332208.65,71.63,4.68,0.29,Yes,16.67,59.11,145.89,Tier 1
S00550,Supplier_550,China,Chemicals,84.15,2476.97,70.06,52718.71,5056.63,Partially Compliant,ISO 45001,31.23,439156.23,84.64,2.71,0.71,No,30.7,67.96,54.48,Tier 2
S00551,Supplier_551,China,Textiles,57.05,3312.13,55.76,89960.41,6580.44,Partially Compliant,ISO 14001,19.28,367391.68,98.57,4.0,0.84,Yes,45.85,72.69,32.69,Tier 2
S00552,Supplier_552,India,Textiles,81.03,2169.19,65.97,30768.18,4931.65,Non-Compliant,ISO 14001,11.78,256892.35,73.49,0.7,0.56,Yes,38.0,34.48,75.61,Tier 2
S00553,Supplier_553,India,FMCG,77.19,408.16,73.27,37703.46,603.55,Non-Compliant,None,58.85,172087.02,72.56,4.62,0.96,Yes,31.79,56.13,14.62,Tier 2
S00554,Supplier_554,Vietnam,Plastics,83.68,3359.13,98.33,92900.51,216.26,Compliant,ISO 14001,74.25,230471.0,97.76,2.1,0.46,Yes,44.51,32.93,158.34,Tier 1
S00555,Supplier_555,India,Automotive,56.95,896.11,71.89,19696.05,4449.37,Partially Compliant,ISO 45001,80.13,352968.39,84.53,0.69,0.97,Yes,27.67,35.64,31.61,Tier 3
S00556,Supplier_556,Singapore,Metals,73.1,4350.71,47.15,9332.16,5542.63,Compliant,ISO 9001,50.04,433519.57,78.58,1.45,0.32,Yes,26.8,30.44,71.96,Tier 3
S00557,Supplier_557,Malaysia,Electronics,41.4,3110.39,N/A,44894.97,2520.9,Partially Compliant,None,80.43,308120.35,100.5,0.57,0.74,No,27.63,99.18,21.12,Tier 3
S00558,Supplier_558,,Textiles,74.01,127.0,36.54,33427.02,1459.6,Non-Compliant,ISO 45001,82.98,16517.12,86.05,2.18,0.38,No,47.06,94.67,166.77,Tier 3
S00559,Supplier_559,Vietnam,Plastics,91.31,2237.92,53.33,20837.92,8136.41,Partially Compliant,ISO 45001,81.24,120159.81,99.18,1.15,0.67,Yes,11.19,87.74,16.3,Tier 3
S00560,Supplier_560,Singapore,Textiles,80.96,1499.36,64.16,42818.89,7003.09,Compliant,,51.22,122387.07,100.03,0.44,0.58,No,14.13,67.73,16.73,Tier 2
S00561,Supplier_561,Vietnam,Automotive,78.64,2058.49,99.26,41920.82,2887.83,Compliant,ISO 9001,71.51,207698.22,74.33,3.2,0.76,Yes,0.74,73.76,4.82,Tier 2
S00562,Supplier_562,Malaysia,Metals,61.22,2697.74,97.66,57378.46,7041.25,Non-Compliant,None,85.08,455576.88,75.44,4.54,0.41,Yes,30.57,64.75,130.0,Tier 2
S00563,Supplier_563,Vietnam,Electronics,41.91,4324.03,76.29,17002.27,8828.51,Compliant,None,8.23,363355.5,80.39,4.04,0.6,Yes,17.75,42.16,125.94,Tier 2
S00564,Supplier_564,,FMCG,85.09,1810.55,74.52,28586.87,2523.54,Non-Compliant,ISO 9001,76.2,329117.75,88.86,0.37,0.73,No,31.27,84.07,146.41,Tier 3
S00565,Supplier_565,Singapore,Textiles,66.91,1166.85,52.48,10987.88,707.28,Non-Compliant,ISO 9001,74.51,353366.26,78.04,3.63,0.43,Yes,13.55,90.51,160.49,
S00566,Supplier_566,Thailand,,80.91,4516.25,62.42,97586.21,8872.28,Partially Compliant,None,13.75,50460.84,77.81,0.99,0.46,No,9.55,27.23,86.57,Tier 3
S00567,Supplier_567,China,Plastics,58.85,2291.15,47.18,50755.04,4319.45,Non-Compliant,ISO 9001,60.5,472965.11,74.14,3.36,0.86,Yes,27.83,31.81,43.43,Tier 2
S00568,Supplier_568,India,Metals,68.58,3424.08,81.01,85137.29,2510.8,Partially Compliant,ISO 14001,83.3,29352.03,84.85,3.36,0.53,No,14.92,46.69,16.35,Tier 3
S00569,Supplier_569,Vietnam,Chemicals,59.33,4919.76,60.13,66693.42,8712.44,Non-Compliant,None,57.6,138303.4,86.42,3.05,0.81,Yes,24.08,49.64,34.69,Tier 1
S00570,Supplier_570,Malaysia,FMCG,81.63,861.86,69.42,37765.56,5167.85,Partially Compliant,None,18.0,132183.9,78.85,4.17,0.57,No,13.6,29.83,143.79,Tier 2
S00571,Supplier_571,Indonesia,Electronics,85.82,3772.48,37.12,25471.59,7819.41,Partially Compliant,ISO 14001,74.85,426982.93,75.91,2.62,0.64,,33.5,13.77,152.45,Tier 2
S00572,Supplier_572,Vietnam,Plastics,53.3,797.07,88.59,7592.36,9439.17,Partially Compliant,ISO 45001,8.99,153690.74,74.9,2.95,0.72,Yes,22.63,49.79,177.3,Tier 2
S00573,Supplier_573,India,FMCG,41.81,3114.31,77.77,30640.63,5179.81,Compliant,ISO 9001,13.88,506693.39,74.61,0.89,0.61,Yes,36.58,82.21,41.58,Tier 3
S00574,Supplier_574,Malaysia,Plastics,64.8,2083.77,99.41,53099.83,231.76,Compliant,ISO 45001,52.83,507946.93,76.4,2.15,0.85,Yes,9.41,34.11,86.4,Tier 1
S00575,Supplier_575,Vietnam,FMCG,90.53,4762.78,52.64,63986.0,7283.71,Partially Compliant,ISO 9001,50.04,308388.93,92.0,2.39,0.99,No,0.75,86.6,57.64,Tier 2
S00576,Supplier_576,India,Automotive,41.68,3696.73,72.52,61663.24,5787.92,Non-Compliant,ISO 14001,72.14,496549.88,98.08,2.87,0.93,No,3.0,30.42,87.21,Tier 2
S00577,Supplier_577,China,Textiles,59.72,3525.52,62.32,45674.51,6177.44,Non-Compliant,None,59.11,366504.45,72.91,2.5,0.94,No,25.27,86.72,148.67,Tier 1
S00578,Supplier_578,Indonesia,Electronics,84.13,1200.69,60.09,50954.42,9104.21,Non-Compliant,ISO 14001,10.86,302130.34,92.43,0.24,0.37,No,19.42,60.54,79.01,
S00579,Supplier_579,Thailand,FMCG,88.92,2913.53,31.99,51997.91,7190.39,Non-Compliant,ISO 9001,84.34,174972.25,73.31,2.25,0.85,No,38.93,83.41,9.54,Tier 3
S00580,Supplier_580,Vietnam,Automotive,77.77,N/A,73.78,22874.39,9202.88,Non-Compliant,ISO 45001,13.63,220206.53,80.37,3.76,0.61,No,37.57,9.66,13.97,Tier 2
S00581,Supplier_581,China,,52.93,401.93,47.0,70580.01,7130.65,Compliant,ISO 9001,78.08,434707.26,76.31,1.48,0.77,No,40.94,55.49,87.1,Tier 3
S00582,Supplier_582,Vietnam,Automotive,88.16,3604.57,89.85,41190.6,9301.99,Partially Compliant,ISO 45001,39.71,433567.49,97.21,4.42,0.46,Yes,7.24,5.35,64.03,Tier 3
S00583,Supplier_583,Thailand,Chemicals,58.3,3094.78,89.67,54778.48,1819.28,Non-Compliant,ISO 14001,93.51,450613.55,80.64,0.13,0.8,Yes,40.22,88.49,16.8,Tier 3
S00584,Supplier_584,Malaysia,Textiles,42.13,2274.31,N/A,78206.68,9452.57,Non-Compliant,ISO 9001,47.35,258446.26,93.44,0.58,0.66,Yes,40.5,27.89,145.14,Tier 2
S00585,Supplier_585,China,FMCG,63.96,4381.35,67.06,55773.49,4579.94,Compliant,ISO 14001,23.41,141690.82,92.98,2.83,0.31,Yes,7.06,51.91,34.23,Tier 2
S00586,Supplier_586,India,Electronics,88.27,4763.63,52.52,23625.76,980.22,Partially Compliant,None,61.4,337299.24,100.82,2.12,1.0,No,11.28,12.95,95.78,Tier 2
S00587,Supplier_587,India,Metals,93.68,683.87,76.93,21032.47,5674.43,Partially Compliant,ISO 9001,25.12,484658.63,73.66,4.3,0.74,No,44.0,49.7,136.75,Tier 2
S00588,Supplier_588,Singapore,FMCG,92.22,5058.04,35.62,29693.89,390.8,Non-Compliant,,24.63,224828.66,84.64,2.23,0.3,Yes,2.09,73.76,203.18,Tier 1
S00589,Supplier_589,Malaysia,Metals,76.49,348.42,64.1,42292.06,9317.55,Partially Compliant,None,67.08,34237.07,98.93,1.94,0.91,Yes,25.75,69.98,168.49,Tier 2
S00590,Supplier_590,Singapore,Automotive,71.78,2078.78,85.63,56290.94,3834.23,Compliant,ISO 45001,41.59,320277.89,76.85,3.16,0.98,Yes,42.22,62.5,72.77,Tier 1
S00591,Supplier_591,Malaysia,Chemicals,83.05,883.96,44.51,16107.36,4278.9,Compliant,None,10.78,340644.81,72.07,3.78,0.62,No,10.36,99.5,177.44,Tier 1
S00592,Supplier_592,Thailand,Chemicals,84.46,404.15,31.12,53498.08,5040.72,Compliant,None,33.67,245702.22,82.02,1.89,0.42,Yes,19.85,26.79,168.97,Tier 1
S00593,Supplier_593,China,FMCG,80.69,1546.98,82.65,5249.55,2802.51,Partially Compliant,ISO 45001,86.29,219464.4,95.08,2.78,0.93,Yes,24.19,17.89,64.61,Tier 1
S00594,Supplier_594,Vietnam,Plastics,45.74,N/A,92.71,6024.09,9605.98,Compliant,ISO 9001,53.96,153415.19,83.87,1.38,0.69,No,23.11,45.6,126.84,Tier 2
S00595,Supplier_595,Vietnam,Electronics,56.37,1643.07,69.93,64806.02,6703.45,Compliant,None,82.76,37668.35,84.58,0.12,0.72,Yes,41.6,29.66,27.29,Tier 2
S00596,Supplier_596,India,Automotive,70.88,1598.97,53.8,14224.05,8819.79,Partially Compliant,None,47.84,298136.21,96.83,2.9,0.6,Yes,14.48,82.27,72.88,Tier 2
S00597,Supplier_597,China,FMCG,52.0,2433.43,74.51,49903.91,9169.89,Compliant,ISO 9001,40.37,167717.49,93.87,4.21,0.62,Yes,41.33,41.01,92.33,Tier 3
S00598,Supplier_598,India,Metals,45.95,3936.86,76.22,35985.93,6842.52,Compliant,None,89.45,386472.84,81.66,2.4,0.57,No,6.7,62.19,111.58,Tier 3
S00599,Supplier_599,Malaysia,Metals,84.45,4484.15,89.01,41975.18,1476.87,Non-Compliant,ISO 14001,39.54,81959.63,79.46,3.13,0.56,No,29.46,61.07,105.76,Tier 2
S00600,Supplier_600,,Textiles,69.79,3490.54,50.47,75726.05,761.27,Compliant,None,25.86,171036.77,87.47,3.38,0.65,Yes,7.68,80.27,113.4,Tier 3
S00601,Supplier_601,Thailand,Plastics,51.91,207.98,74.19,70487.02,6361.16,Non-Compliant,ISO 14001,49.75,434822.5,93.4,1.98,0.81,Yes,1.14,51.74,102.46,Tier 1
S00602,Supplier_602,Malaysia,Textiles,N/A,4365.91,103.57,58820.17,4934.51,Partially Compliant,ISO 45001,29.34,398355.29,94.48,0.4,0.49,No,5.73,59.84,162.54,Tier 1
S00603,Supplier_603,China,Metals,93.31,1097.97,72.62,86824.2,5211.14,Compliant,ISO 9001,8.26,430598.44,81.28,3.98,0.9,No,48.51,18.95,155.25,Tier 2
S00604,Supplier_604,India,Metals,N/A,3606.26,47.9,69346.29,5313.3,Partially Compliant,ISO 14001,71.97,62419.4,72.84,3.08,0.69,Yes,17.34,15.33,145.46,Tier 1
S00605,Supplier_605,China,,40.88,900.8,42.96,53577.89,2957.02,,ISO 9001,41.55,195939.02,70.01,4.53,0.32,Yes,26.26,3.75,24.37,Tier 1
S00606,Supplier_606,China,Chemicals,48.79,2117.97,62.86,95645.3,1628.29,Partially Compliant,ISO 14001,26.81,412422.28,73.91,3.51,0.89,Yes,39.99,56.78,66.08,Tier 2
S00607,Supplier_607,Thailand,FMCG,72.88,3669.73,74.15,91654.53,9505.29,Compliant,ISO 9001,22.81,242109.79,99.72,4.43,0.89,Yes,40.82,84.23,140.23,Tier 3
S00608,Supplier_608,Malaysia,Automotive,83.85,2971.33,33.92,38103.86,3140.31,Partially Compliant,ISO 45001,47.47,265729.91,76.28,1.78,0.32,Yes,22.59,36.3,197.97,Tier 3
S00609,Supplier_609,Indonesia,Metals,64.84,3611.43,57.63,1192.52,5989.23,,ISO 14001,79.92,141879.33,94.15,4.35,0.73,Yes,9.65,84.53,175.53,Tier 1
S00610,Supplier_610,China,FMCG,63.24,4706.0,47.28,10102.37,2846.15,Non-Compliant,ISO 14001,86.31,16905.88,78.31,2.88,0.68,,16.32,53.22,108.97,Tier 3
S00611,Supplier_611,,Automotive,43.18,1620.27,41.04,72611.8,2286.56,Partially Compliant,None,44.73,110861.66,74.79,4.86,0.45,No,3.71,13.42,170.28,Tier 2
S00612,Supplier_612,Vietnam,Plastics,85.47,4346.56,90.75,23534.7,8768.31,Non-Compliant,None,43.18,344472.83,79.24,0.61,0.93,No,33.05,88.16,146.97,Tier 3
S00613,Supplier_613,Vietnam,FMCG,62.26,1388.01,N/A,41799.18,1243.14,Partially Compliant,ISO 14001,35.08,277036.82,88.39,2.8,0.36,Yes,36.64,66.74,20.49,Tier 2
S00614,Supplier_614,Singapore,Electronics,82.13,2223.54,53.79,51764.55,4008.32,Non-Compliant,ISO 9001,50.89,392449.95,70.64,3.83,0.42,Yes,42.96,57.3,185.27,Tier 3
S00615,Supplier_615,Indonesia,FMCG,54.36,647.32,94.9,60937.19,3208.22,Partially Compliant,ISO 45001,21.79,53815.77,88.68,2.63,0.81,No,23.44,59.41,31.9,Tier 1
S00616,Supplier_616,India,Metals,84.7,2153.75,79.14,23478.47,6767.52,Compliant,,33.77,415677.07,79.0,1.87,0.67,No,11.11,57.14,80.54,Tier 2
S00617,Supplier_617,China,Plastics,46.67,3839.37,41.62,6064.99,9314.22,Non-Compliant,None,9.07,69839.87,77.83,2.95,0.94,Yes,40.16,52.09,197.22,Tier 3
S00618,Supplier_618,Vietnam,Automotive,50.32,3545.73,51.74,47678.05,1776.52,Non-Compliant,None,83.14,443260.01,76.39,3.13,0.91,Yes,19.01,20.21,29.99,Tier 3
S00619,Supplier_619,Indonesia,Textiles,71.7,3309.64,50.19,21296.44,1905.65,Partially Compliant,ISO 9001,31.5,130871.68,77.5,1.69,0.59,Yes,11.84,50.13,106.74,Tier 2
S00620,Supplier_620,China,Chemicals,63.99,1578.91,36.93,19109.15,824.01,Non-Compliant,None,65.95,428051.98,73.24,4.82,0.93,No,12.59,59.5,39.23,Tier 1
S00621,Supplier_621,Singapore,FMCG,54.68,4146.76,54.97,87210.07,4510.38,Partially Compliant,ISO 14001,59.06,393005.99,97.68,1.6,0.38,Yes,44.59,64.27,8.05,Tier 1
S00622,Supplier_622,China,Chemicals,49.04,152.93,31.94,98932.26,3085.46,Partially Compliant,None,40.24,348609.38,91.67,4.35,0.76,Yes,0.0,68.21,156.06,Tier 2
S00623,Supplier_623,Malaysia,Plastics,51.67,2658.99,42.6,75780.56,7588.2,Partially Compliant,ISO 14001,82.59,439503.0,69.83,0.79,0.57,Yes,42.09,18.81,28.68,Tier 1
S00624,Supplier_624,China,FMCG,65.11,4560.73,77.47,22587.78,5129.69,Compliant,ISO 45001,71.34,392528.87,94.99,1.63,0.51,No,43.36,75.99,50.48,Tier 2
S00625,Supplier_625,India,,61.97,973.31,36.51,98526.45,2193.39,Compliant,ISO 14001,86.93,424085.18,86.94,4.22,0.43,No,49.69,0.89,13.13,Tier 2
S00626,Supplier_626,Thailand,Electronics,71.99,3769.82,45.71,21627.91,8742.21,Partially Compliant,None,69.59,220218.97,82.56,3.91,0.93,Yes,49.13,45.34,106.69,Tier 1
S00627,Supplier_627,Vietnam,Textiles,92.93,725.91,76.57,39954.32,4437.92,Partially Compliant,ISO 14001,25.94,437227.17,88.08,2.99,0.4,Yes,38.28,9.11,154.18,Tier 3
S00628,Supplier_628,Indonesia,FMCG,60.7,1259.53,64.58,81739.01,6738.36,Partially Compliant,None,28.33,219117.42,84.97,4.63,0.97,Yes,7.49,8.08,60.26,
S00629,Supplier_629,,Chemicals,40.86,N/A,87.31,85074.3,485.4,Non-Compliant,ISO 45001,66.47,311676.3,95.49,1.94,0.79,Yes,16.41,69.99,148.27,Tier 1
S00630,Supplier_630,Vietnam,Chemicals,87.26,2729.22,52.85,66452.42,7041.36,Non-Compliant,ISO 9001,37.86,20933.8,84.25,1.96,0.84,Yes,16.74,75.44,111.3,Tier 2
S00631,Supplier_631,Singapore,Electronics,53.93,700.07,40.23,69319.59,6244.58,Non-Compliant,ISO 14001,45.09,350968.16,88.7,4.32,0.58,Yes,6.76,76.22,182.38,Tier 1
S00632,Supplier_632,India,Metals,73.22,4842.6,79.87,34986.86,6523.39,Compliant,ISO 9001,26.25,82807.21,70.31,2.8,0.76,No,10.43,51.28,152.88,Tier 3
S00633,Supplier_633,Vietnam,Chemicals,83.13,2072.35,71.76,35206.64,1208.66,Non-Compliant,ISO 9001,65.01,288243.94,91.1,0.88,0.81,Yes,32.28,67.65,104.47,Tier 1
S00634,Supplier_634,Malaysia,Metals,74.8,541.77,65.17,6364.68,2198.85,Partially Compliant,ISO 45001,38.19,75426.6,87.27,2.55,0.51,Yes,1.23,94.67,149.57,Tier 2
S00635,Supplier_635,India,Metals,89.15,4885.25,45.43,14204.92,4951.98,Partially Compliant,ISO 45001,65.04,214066.58,93.79,0.48,0.34,Yes,12.47,11.1,64.74,Tier 2
S00636,Supplier_636,Singapore,FMCG,46.27,2463.1,67.11,20726.48,6837.35,Compliant,ISO 45001,42.11,481727.16,92.65,3.21,0.92,No,46.64,59.68,154.33,Tier 3
S00637,Supplier_637,India,Chemicals,68.24,3234.55,64.72,28885.15,9852.56,Partially Compliant,ISO 14001,20.02,388846.25,96.82,0.73,1.03,Yes,22.31,100.8,139.24,Tier 2
S00638,Supplier_638,Malaysia,FMCG,46.68,3138.34,93.1,96470.34,2562.0,Partially Compliant,None,6.45,166085.7,99.04,2.46,0.9,Yes,34.38,98.75,130.85,Tier 3
S00639,Supplier_639,China,,56.07,2815.22,54.37,86029.67,7342.12,,,84.32,392693.96,88.74,1.23,0.43,Yes,46.27,54.25,44.47,Tier 2
S00640,Supplier_640,India,,87.14,1084.32,95.63,89197.55,6725.3,Partially Compliant,ISO 45001,32.72,482724.94,73.31,1.69,0.35,,23.34,2.21,21.0,Tier 1
S00641,Supplier_641,,Metals,N/A,1484.24,55.37,91215.81,9148.48,Compliant,ISO 45001,84.58,89407.97,74.96,4.79,0.77,No,8.56,86.03,207.07,Tier 2
S00642,Supplier_642,Singapore,Automotive,88.54,3176.88,46.59,3719.07,5654.27,Compliant,ISO 9001,8.52,394831.81,76.54,0.43,0.64,No,21.95,36.33,150.49,Tier 1
S00643,Supplier_643,Vietnam,Automotive,85.73,1612.55,81.25,93960.94,8475.86,Non-Compliant,ISO 45001,54.32,448658.3,72.54,2.98,0.89,Yes,2.74,26.55,63.0,Tier 1
S00644,Supplier_644,China,Chemicals,90.65,N/A,46.05,43240.03,3727.04,Partially Compliant,None,63.86,448251.93,84.07,1.78,0.88,No,46.34,85.17,19.23,Tier 1
S00645,Supplier_645,China,Chemicals,65.55,553.01,57.78,86698.08,6085.21,Non-Compliant,ISO 14001,18.51,136495.89,71.34,1.98,0.76,,5.26,67.91,165.57,Tier 2
S00646,Supplier_646,Malaysia,Plastics,71.01,4697.36,70.45,75143.31,2487.21,Partially Compliant,None,69.99,398886.08,78.89,4.7,0.35,,20.48,51.09,178.09,Tier 1
S00647,Supplier_647,Malaysia,,72.09,1663.23,100.12,32609.57,8694.96,Compliant,ISO 9001,63.89,334862.99,77.43,1.4,0.7,,17.69,60.63,61.71,Tier 2
S00648,Supplier_648,Singapore,Textiles,40.26,3962.62,29.28,91170.21,5679.19,Non-Compliant,,42.56,148961.42,102.74,2.32,0.86,Yes,14.49,31.51,139.54,Tier 1
S00649,Supplier_649,China,Automotive,62.79,1703.55,33.93,65754.21,2570.48,Partially Compliant,None,44.17,278241.94,98.16,4.68,0.44,Yes,12.6,20.05,52.66,Tier 2
S00650,Supplier_650,Vietnam,FMCG,74.35,2205.54,55.89,4729.7,9682.98,Non-Compliant,ISO 45001,52.39,189739.19,90.75,4.8,0.57,Yes,39.18,92.28,87.94,Tier 1
S00651,Supplier_651,China,Plastics,61.88,2649.12,39.41,58770.79,1912.07,Non-Compliant,ISO 9001,35.61,471044.2,97.64,3.54,0.54,Yes,35.17,69.34,107.96,Tier 3
S00652,Supplier_652,China,Plastics,67.47,4237.24,75.25,96163.49,8158.96,Compliant,ISO 14001,72.19,250604.91,87.39,4.17,0.65,No,23.84,99.43,114.28,Tier 1
S00653,Supplier_653,India,Electronics,39.42,613.36,55.51,29084.28,2819.93,Partially Compliant,None,45.52,478072.52,74.4,4.86,0.79,Yes,2.32,9.17,159.74,Tier 2
S00654,Supplier_654,India,Chemicals,89.18,663.37,51.91,84760.18,6891.19,Compliant,ISO 45001,59.52,327969.73,94.31,1.77,0.41,Yes,2.74,73.22,80.17,Tier 1
S00655,Supplier_655,Malaysia,Automotive,75.55,4896.07,72.68,66121.43,763.9,Non-Compliant,ISO 9001,60.52,290934.56,79.33,3.85,0.39,No,26.72,90.46,124.36,Tier 1
S00656,Supplier_656,Vietnam,Electronics,N/A,2912.06,92.2,11122.67,5936.38,Compliant,ISO 9001,70.69,458068.26,102.0,1.47,0.78,Yes,15.73,60.29,147.1,Tier 1
S00657,Supplier_657,Thailand,Electronics,68.53,5002.63,61.24,37794.2,157.35,Non-Compliant,,39.1,151314.49,72.78,4.59,0.34,Yes,2.83,63.76,83.55,Tier 1
S00658,Supplier_658,Vietnam,Automotive,94.54,3182.16,98.42,68601.09,4146.68,Compliant,ISO 9001,78.83,373094.01,96.3,2.0,0.75,Yes,28.75,43.68,163.31,Tier 2
S00659,Supplier_659,Thailand,Electronics,72.79,1196.29,76.64,100396.04,7131.68,Compliant,ISO 9001,25.88,30686.98,85.17,2.35,0.83,No,32.75,17.68,128.42,Tier 3
S00660,Supplier_660,Singapore,Chemicals,62.25,3762.67,33.79,50161.8,6639.1,Partially Compliant,ISO 9001,64.53,163340.77,99.99,1.05,0.6,No,43.22,82.43,143.61,Tier 2
S00661,Supplier_661,Vietnam,Automotive,73.74,747.74,39.28,65124.69,194.42,Partially Compliant,None,87.69,456113.66,79.72,4.2,0.48,Yes,46.85,47.53,171.61,Tier 1
S00662,Supplier_662,India,Electronics,50.36,1943.73,57.41,100177.23,9600.27,Partially Compliant,,13.78,259907.77,68.73,2.61,0.93,Yes,38.3,32.33,162.55,Tier 3
S00663,Supplier_663,Vietnam,Automotive,90.27,3530.86,90.52,95337.29,6635.79,Non-Compliant,ISO 14001,66.29,292800.97,89.04,3.68,0.64,No,33.09,86.74,167.29,Tier 1
S00664,Supplier_664,Vietnam,Plastics,61.86,5042.9,53.38,56258.94,3049.98,Compliant,ISO 45001,76.71,256747.83,77.83,2.14,0.68,No,23.01,99.4,0.58,Tier 3
S00665,Supplier_665,Vietnam,Plastics,81.97,2714.64,68.64,58325.23,8652.66,Compliant,ISO 9001,80.81,453296.43,93.79,3.15,0.35,No,13.06,44.41,0.11,Tier 2
S00666,Supplier_666,China,Textiles,82.78,N/A,84.51,75555.25,2436.54,Compliant,ISO 9001,54.5,494845.97,78.72,1.67,0.89,Yes,37.04,12.55,77.76,Tier 2
S00667,Supplier_667,Singapore,Textiles,90.8,1260.25,65.69,49159.23,2020.58,Non-Compliant,None,38.04,20640.78,86.16,0.58,0.4,Yes,48.6,64.49,10.21,Tier 1
S00668,Supplier_668,Singapore,Metals,49.38,2595.86,83.45,96079.02,1177.91,Compliant,ISO 9001,41.52,409048.89,74.0,3.98,0.8,No,22.64,81.61,25.85,Tier 1
S00669,Supplier_669,India,Plastics,55.36,3296.41,45.45,84104.98,2678.09,Compliant,ISO 14001,29.48,6405.88,82.17,1.11,0.51,Yes,48.43,54.47,181.75,Tier 1
S00670,Supplier_670,Thailand,FMCG,86.41,365.99,92.67,82399.25,1755.49,,ISO 45001,45.85,255611.93,87.45,1.85,0.99,Yes,48.26,67.02,75.36,Tier 2
S00671,Supplier_671,Vietnam,Plastics,59.88,1049.81,89.22,97879.73,9039.12,Non-Compliant,ISO 45001,54.94,115256.76,91.34,0.22,0.64,No,43.5,23.42,201.18,Tier 2
S00672,Supplier_672,Singapore,Automotive,63.34,2829.77,36.56,39624.63,3583.73,Compliant,None,24.71,184414.67,79.99,2.31,0.82,No,33.76,25.9,124.92,Tier 3
S00673,Supplier_673,China,Plastics,62.68,1604.16,42.55,24727.63,2717.33,Non-Compliant,ISO 14001,69.95,250250.83,71.72,2.38,0.38,No,29.61,99.75,54.23,Tier 2
S00674,Supplier_674,Thailand,Automotive,88.78,4371.94,38.88,91969.71,5942.63,Non-Compliant,ISO 45001,8.18,386149.4,90.52,1.7,0.75,Yes,12.52,56.15,146.09,Tier 1
S00675,Supplier_675,Malaysia,Metals,51.56,4232.58,50.81,85997.98,9079.83,Compliant,ISO 9001,57.87,390307.53,79.17,4.44,0.66,No,23.04,18.29,105.02,Tier 1
S00676,Supplier_676,Vietnam,,58.55,1066.82,82.74,100460.45,1992.89,Compliant,ISO 9001,79.36,16440.77,101.67,3.7,0.88,Yes,3.15,2.29,36.5,Tier 3
S00677,Supplier_677,Thailand,Textiles,55.6,4559.24,82.28,22448.68,8574.25,Non-Compliant,ISO 14001,55.84,432638.27,73.92,0.69,0.64,Yes,49.44,29.52,66.51,Tier 1
S00678,Supplier_678,Thailand,Plastics,80.88,1306.84,81.6,34515.3,5916.96,Compliant,ISO 9001,7.81,280483.33,71.17,0.36,0.31,Yes,3.9,33.93,55.64,Tier 3
S00679,Supplier_679,Singapore,Textiles,48.02,3675.27,49.72,37497.18,6667.12,Compliant,ISO 45001,10.0,435369.74,73.04,3.88,0.48,No,51.17,35.89,143.39,Tier 2
S00680,Supplier_680,Indonesia,Plastics,82.04,422.48,79.66,25073.63,2603.93,Non-Compliant,ISO 45001,32.82,243373.48,93.8,1.21,0.81,No,22.18,61.37,168.47,Tier 1
S00681,Supplier_681,India,Metals,81.72,2784.75,94.17,12348.67,4163.01,Partially Compliant,ISO 14001,80.93,423907.91,97.67,4.17,0.75,No,46.81,103.84,29.72,Tier 3
S00682,Supplier_682,India,Textiles,80.67,1748.07,52.42,29520.35,1352.8,Compliant,,76.25,218937.76,94.76,1.17,0.67,Yes,47.82,48.11,186.72,Tier 2
S00683,Supplier_683,India,Automotive,54.65,2293.85,54.27,5419.32,744.43,Non-Compliant,ISO 45001,66.33,311671.65,70.58,0.73,0.77,Yes,50.11,6.61,69.54,Tier 2
S00684,Supplier_684,Singapore,FMCG,66.12,2861.11,N/A,41925.06,1623.04,Non-Compliant,ISO 45001,56.23,128340.53,88.53,3.4,0.38,Yes,7.12,79.8,140.87,Tier 1
S00685,Supplier_685,China,Textiles,61.72,3334.88,37.06,26741.72,9414.78,Non-Compliant,ISO 45001,52.1,218763.13,74.19,0.51,1.0,Yes,11.86,32.07,196.54,Tier 2
S00686,Supplier_686,Malaysia,Chemicals,88.96,2782.35,68.4,31613.63,1105.23,,ISO 9001,24.03,63619.84,74.43,4.61,0.66,No,28.68,30.22,180.32,Tier 1
S00687,Supplier_687,Malaysia,Textiles,83.34,415.9,41.24,43510.63,9297.56,Partially Compliant,ISO 9001,77.15,84268.05,87.3,4.29,0.89,Yes,5.94,7.27,116.3,
S00688,Supplier_688,Singapore,Metals,90.01,2864.54,35.24,31344.13,5526.75,Compliant,ISO 14001,47.03,39537.53,90.38,2.62,0.7,No,33.29,14.12,57.67,Tier 3
S00689,Supplier_689,Indonesia,Metals,80.67,1163.78,87.72,31331.49,9777.28,Partially Compliant,ISO 9001,42.37,268785.54,87.03,3.84,0.39,No,34.52,75.48,6.45,Tier 2
S00690,Supplier_690,Indonesia,Plastics,50.95,3404.97,45.73,94415.66,584.53,Non-Compliant,ISO 14001,10.96,455486.48,79.73,0.51,0.7,Yes,46.96,23.42,34.61,Tier 1
S00691,Supplier_691,Thailand,FMCG,65.02,951.2,90.51,17136.8,3387.27,Compliant,ISO 9001,25.73,357643.54,92.42,3.25,0.93,,3.42,53.28,150.86,Tier 1
S00692,Supplier_692,Vietnam,Electronics,74.66,513.18,81.81,43184.42,1138.67,,ISO 14001,55.4,471751.51,88.07,0.61,0.46,Yes,37.67,4.88,152.24,Tier 1
S00693,Supplier_693,Thailand,Metals,N/A,2772.99,60.61,50345.25,3828.82,Compliant,ISO 14001,8.27,239437.3,74.95,1.03,0.53,No,40.39,39.47,193.97,Tier 3
S00694,Supplier_694,Vietnam,Plastics,43.79,4028.33,100.24,2115.88,8953.55,Compliant,ISO 9001,18.73,172275.14,81.87,1.74,0.51,Yes,9.81,92.19,113.19,Tier 1
S00695,Supplier_695,China,Chemicals,93.56,2573.96,83.24,73691.29,7757.65,Non-Compliant,ISO 45001,19.36,401978.44,80.51,0.15,0.82,Yes,12.34,0.09,99.46,Tier 2
S00696,Supplier_696,Vietnam,Metals,39.26,3572.11,59.26,8791.84,5121.62,Non-Compliant,ISO 14001,59.41,15182.83,77.81,4.26,0.56,Yes,35.14,47.2,146.07,Tier 2
S00697,Supplier_697,Indonesia,Automotive,76.74,4315.76,80.36,2045.05,6467.77,Partially Compliant,None,25.02,62287.91,83.52,3.32,0.94,No,3.66,39.59,187.85,Tier 2
S00698,Supplier_698,Thailand,Automotive,81.28,4035.78,81.19,7636.98,2584.61,Partially Compliant,None,19.45,470414.45,73.72,1.81,0.31,Yes,18.04,30.85,184.32,Tier 3
S00699,Supplier_699,Singapore,Plastics,83.54,3034.12,57.19,72356.49,6481.6,Compliant,ISO 14001,61.21,217930.83,94.3,1.77,0.95,No,39.05,42.16,46.44,Tier 1
S00700,Supplier_700,China,Chemicals,58.02,4349.89,43.84,10885.54,8083.41,Partially Compliant,,22.09,309708.38,75.02,2.58,0.72,No,12.46,64.58,175.16,Tier 1
S00701,Supplier_701,Malaysia,Automotive,47.87,2764.97,61.37,87375.43,5595.76,Partially Compliant,ISO 45001,41.59,387208.63,92.48,1.09,0.68,No,18.64,39.65,56.17,Tier 3
S00702,Supplier_702,Singapore,Electronics,87.77,563.8,96.85,21057.17,2922.0,Non-Compliant,ISO 9001,71.01,455950.38,90.19,3.35,0.79,No,46.87,6.17,139.42,Tier 2
S00703,Supplier_703,Malaysia,Plastics,86.95,1599.44,88.97,74694.67,2918.53,Non-Compliant,None,65.78,70716.29,69.01,1.19,0.36,No,1.09,10.35,105.39,Tier 1
S00704,Supplier_704,Thailand,Plastics,50.96,4400.18,37.55,41214.85,9489.85,Partially Compliant,None,74.53,12978.87,76.48,3.01,0.55,No,32.87,17.76,68.89,Tier 1
S00705,Supplier_705,Indonesia,Electronics,N/A,4603.76,95.17,46995.62,8100.43,Non-Compliant,ISO 14001,32.1,28113.34,79.67,3.81,0.45,Yes,19.75,27.18,165.28,Tier 1
S00706,Supplier_706,China,Chemicals,46.19,4435.42,86.57,9741.54,9426.83,Compliant,ISO 45001,60.3,121414.21,98.19,3.44,0.97,Yes,12.9,77.22,99.89,Tier 1
S00707,Supplier_707,India,Plastics,42.24,3777.96,56.84,87864.18,3179.68,Non-Compliant,ISO 14001,80.54,80386.38,101.08,2.46,0.93,No,33.12,89.22,106.4,Tier 1
S00708,Supplier_708,India,FMCG,61.65,187.28,92.96,31540.32,5639.54,,ISO 9001,69.66,489882.07,90.54,3.28,0.65,Yes,20.14,87.35,49.9,Tier 1
S00709,Supplier_709,Singapore,Textiles,89.78,204.92,63.25,36983.03,8909.51,Non-Compliant,ISO 14001,43.31,290771.45,79.04,3.85,0.46,Yes,21.75,34.4,199.06,Tier 3
S00710,Supplier_710,Vietnam,Chemicals,81.93,701.76,32.04,3424.54,2209.55,Non-Compliant,None,36.7,3695.82,84.33,2.57,0.34,No,25.62,37.83,51.66,Tier 3
S00711,Supplier_711,Vietnam,Automotive,76.84,3855.02,32.11,58492.63,6280.37,Non-Compliant,None,79.65,507449.28,96.32,3.94,0.82,Yes,18.91,10.63,11.97,Tier 1
S00712,Supplier_712,Indonesia,Electronics,92.08,2503.37,69.3,15923.65,3478.11,Partially Compliant,ISO 45001,15.7,45244.31,74.43,1.53,0.78,,13.57,65.8,160.08,Tier 3
S00713,Supplier_713,Singapore,Textiles,84.57,909.66,63.09,13236.91,5989.61,Non-Compliant,None,20.92,230074.48,91.26,0.8,0.92,No,29.21,83.98,139.27,Tier 1
S00714,Supplier_714,Vietnam,Metals,46.3,1521.47,84.58,86512.4,6732.83,Compliant,None,27.83,281098.61,77.53,0.5,0.63,No,22.02,39.05,88.95,Tier 1
S00715,Supplier_715,Thailand,Metals,40.33,2810.18,93.11,22422.53,1817.66,Non-Compliant,ISO 14001,75.62,249656.35,84.43,4.34,0.82,Yes,37.88,65.93,51.4,Tier 3
S00716,Supplier_716,China,Metals,51.25,4784.59,41.71,51444.37,2542.31,Partially Compliant,ISO 45001,11.99,163454.12,78.75,2.41,0.75,Yes,18.59,52.05,183.85,Tier 2
S00717,Supplier_717,Thailand,FMCG,93.53,2433.68,31.98,58428.68,1876.65,Partially Compliant,,26.61,233815.88,78.9,3.18,0.55,No,33.4,37.55,46.79,Tier 3
S00718,Supplier_718,India,Metals,85.03,1655.64,62.88,6494.83,8527.61,Compliant,ISO 14001,51.94,387440.89,95.09,0.54,0.44,No,24.8,21.85,36.03,Tier 2
S00719,Supplier_719,Vietnam,Plastics,70.17,2852.71,30.03,23714.73,9337.95,Partially Compliant,ISO 14001,81.76,342802.35,75.56,2.18,0.99,Yes,25.68,51.09,172.64,Tier 2
S00720,Supplier_720,Indonesia,Chemicals,91.49,1572.42,62.75,9786.32,220.14,Compliant,None,63.3,162091.09,77.83,1.89,0.4,No,17.8,19.98,55.43,Tier 2
S00721,Supplier_721,India,Chemicals,56.55,2325.15,39.8,77382.84,6835.66,Compliant,ISO 9001,50.06,44104.39,75.1,2.62,0.65,No,28.83,4.73,34.64,Tier 3
S00722,Supplier_722,China,Chemicals,52.02,3542.76,81.12,27925.71,9541.69,Partially Compliant,ISO 14001,40.25,78662.7,95.9,3.83,0.71,Yes,2.38,35.87,30.61,Tier 1
S00723,Supplier_723,India,Plastics,68.84,2481.7,55.48,11582.07,1242.57,Compliant,ISO 14001,67.85,87379.68,83.22,0.28,0.72,,24.04,54.93,195.12,Tier 1
S00724,Supplier_724,India,Electronics,88.52,4347.27,67.5,81558.23,4753.11,,None,71.05,194094.14,73.18,4.21,0.45,Yes,40.98,23.63,72.44,Tier 2
S00725,Supplier_725,Indonesia,Electronics,42.46,4308.35,60.9,58848.29,8465.05,Partially Compliant,ISO 9001,72.43,65243.28,89.49,4.08,0.94,Yes,18.9,5.59,75.65,Tier 1
S00726,Supplier_726,Malaysia,Chemicals,50.19,4516.05,38.13,27411.51,6517.93,Compliant,ISO 14001,54.54,438183.19,85.16,2.46,0.99,No,28.08,62.29,64.52,Tier 3
S00727,Supplier_727,Malaysia,Metals,40.96,630.67,80.48,47130.83,8390.98,Partially Compliant,None,90.49,108043.76,98.16,3.08,0.49,Yes,43.63,59.16,95.22,Tier 2
S00728,Supplier_728,Thailand,FMCG,90.47,3281.65,52.68,100774.17,8688.16,Non-Compliant,ISO 45001,72.39,122645.81,68.8,0.2,0.76,Yes,45.24,98.91,88.79,Tier 1
S00729,Supplier_729,Thailand,Plastics,62.08,765.39,42.58,36164.96,4581.19,Non-Compliant,None,35.64,51653.53,77.63,1.13,0.43,No,36.64,51.88,144.86,Tier 2
S00730,Supplier_730,Thailand,FMCG,93.1,3429.29,N/A,87371.79,7486.68,Non-Compliant,None,9.6,354788.42,72.31,4.95,0.55,Yes,32.69,19.03,76.92,Tier 2
S00731,Supplier_731,Thailand,Metals,50.85,3687.1,31.9,69172.89,6540.08,Compliant,None,14.84,478329.16,79.11,0.26,0.66,Yes,14.11,6.41,169.46,Tier 3
S00732,Supplier_732,Indonesia,Plastics,73.27,3883.51,93.34,84164.69,1303.01,Compliant,ISO 9001,78.21,409813.75,82.07,1.27,0.84,No,23.52,20.76,151.15,Tier 2
S00733,Supplier_733,Thailand,Metals,73.36,1434.7,87.57,46892.85,8465.37,Non-Compliant,ISO 9001,26.81,266452.62,72.47,0.2,0.52,Yes,40.31,68.31,115.55,Tier 2
S00734,Supplier_734,Vietnam,Textiles,48.22,186.72,N/A,40642.88,5478.29,Compliant,ISO 45001,55.28,113932.43,73.46,3.05,0.34,No,13.92,93.84,56.32,Tier 1
S00735,Supplier_735,Indonesia,Automotive,53.53,3644.72,62.64,47561.64,8720.44,Compliant,None,51.36,165729.57,95.44,2.38,0.94,No,0.25,56.42,8.18,Tier 2
S00736,Supplier_736,India,Metals,41.99,212.07,73.38,4994.6,313.58,Partially Compliant,ISO 45001,26.84,511340.59,75.27,1.77,1.03,Yes,17.79,36.18,133.67,Tier 2
S00737,Supplier_737,Vietnam,Textiles,94.29,3430.72,66.98,56051.8,8731.27,Compliant,ISO 9001,63.77,71787.03,83.8,2.31,0.83,Yes,36.28,42.17,110.85,Tier 3
S00738,Supplier_738,Singapore,Plastics,76.17,2806.03,42.12,83290.19,216.76,Partially Compliant,ISO 9001,24.25,252565.15,101.21,4.69,0.76,Yes,32.08,49.73,168.24,Tier 3
S00739,Supplier_739,Thailand,,75.21,1619.41,76.07,87668.99,4633.9,Partially Compliant,None,28.37,350432.58,92.7,3.98,0.5,No,4.74,22.49,84.2,Tier 3
S00740,Supplier_740,Singapore,Electronics,59.18,198.22,63.61,66875.2,7315.71,Non-Compliant,None,21.5,288094.72,71.76,3.73,0.75,Yes,15.5,37.32,38.5,
S00741,Supplier_741,Singapore,FMCG,72.38,2231.15,77.13,21358.88,5688.52,Partially Compliant,ISO 9001,59.45,12185.56,77.28,4.51,0.73,Yes,23.65,3.9,29.22,Tier 3
S00742,Supplier_742,Indonesia,Automotive,71.21,539.5,82.38,2324.58,8310.06,Compliant,ISO 14001,34.35,91846.03,92.34,0.48,0.57,Yes,47.26,63.78,160.65,Tier 1
S00743,Supplier_743,Malaysia,Metals,48.63,4679.47,68.87,20669.74,9910.53,Non-Compliant,ISO 9001,16.24,126053.17,68.51,1.78,0.87,No,26.24,37.15,154.3,Tier 2
S00744,Supplier_744,India,Metals,58.31,2988.29,64.74,52414.86,1856.17,Compliant,ISO 9001,49.77,40491.12,103.17,4.37,0.98,Yes,28.11,41.65,71.43,Tier 3
S00745,Supplier_745,Vietnam,Automotive,81.72,3584.78,97.58,9203.31,2225.56,Partially Compliant,None,80.77,14397.0,103.27,3.7,0.53,No,37.82,64.55,53.63,Tier 2
S00746,Supplier_746,Singapore,Automotive,89.83,3476.24,46.72,16508.37,7132.99,Compliant,ISO 45001,47.81,108564.41,91.88,0.38,0.63,No,23.73,36.52,114.11,Tier 2
S00747,Supplier_747,Thailand,Chemicals,64.67,3821.98,62.62,56686.61,3189.32,Non-Compliant,ISO 45001,44.83,454193.04,78.96,1.16,0.79,Yes,41.22,3.06,49.51,Tier 1
S00748,Supplier_748,China,Electronics,70.36,3788.73,40.28,87669.68,1398.57,,ISO 45001,57.04,257540.73,97.54,2.74,0.8,No,9.52,20.73,138.74,Tier 1
S00749,Supplier_749,Thailand,Automotive,42.5,1441.27,61.6,23701.54,4407.4,Non-Compliant,ISO 14001,89.32,179117.25,81.56,4.02,0.58,Yes,48.55,8.49,122.94,Tier 1
S00750,Supplier_750,Vietnam,Metals,57.63,1019.44,61.02,81856.62,9097.04,Non-Compliant,ISO 45001,49.25,264906.06,75.4,1.35,0.41,No,40.58,45.68,171.8,Tier 2
S00751,Supplier_751,Vietnam,Plastics,59.15,1571.69,47.74,60026.0,7640.35,Compliant,ISO 9001,41.22,351755.51,68.34,1.56,0.73,,33.71,45.9,143.48,Tier 3
S00752,Supplier_752,India,Chemicals,75.96,3944.25,52.83,25552.72,2284.15,Partially Compliant,ISO 9001,20.58,246336.03,81.02,3.64,0.46,Yes,30.48,78.49,119.16,Tier 1
S00753,Supplier_753,Vietnam,Automotive,72.27,4077.94,100.81,46155.0,6554.77,Compliant,ISO 9001,29.24,275609.38,85.0,1.13,0.67,No,3.36,2.5,48.39,Tier 1
S00754,Supplier_754,India,Metals,85.58,4520.06,47.37,64633.41,5655.58,Compliant,None,39.79,437328.35,90.45,3.91,0.86,No,6.05,29.88,7.36,Tier 1
S00755,Supplier_755,Malaysia,FMCG,57.71,3318.99,89.07,29330.92,756.27,Non-Compliant,,67.95,385908.12,84.51,2.52,0.58,Yes,35.51,89.74,137.69,Tier 1
S00756,Supplier_756,Indonesia,Electronics,42.73,403.98,69.96,51655.5,8360.88,Compliant,ISO 14001,68.02,93575.77,75.58,3.41,0.91,,21.73,74.11,122.76,Tier 3
S00757,Supplier_757,Vietnam,Electronics,85.98,925.45,58.9,68171.42,7625.01,Compliant,ISO 45001,16.6,441979.98,77.04,4.46,0.69,No,23.03,50.9,16.74,Tier 3
S00758,Supplier_758,Thailand,Plastics,81.73,3036.34,60.11,8999.53,5242.1,Compliant,None,87.98,363761.66,92.06,4.18,0.37,Yes,12.32,17.46,71.58,Tier 2
S00759,Supplier_759,Vietnam,Metals,58.48,1034.86,83.64,51132.42,1625.92,Non-Compliant,ISO 14001,90.92,233915.14,97.07,4.05,0.84,Yes,34.33,65.99,111.08,Tier 3
S00760,Supplier_760,Vietnam,Automotive,81.81,729.46,62.99,56914.44,7484.8,Non-Compliant,None,30.36,199201.27,101.64,4.14,0.86,Yes,22.69,15.44,133.16,Tier 1
S00761,Supplier_761,China,Plastics,73.97,266.79,78.68,94321.7,1185.02,Compliant,ISO 9001,22.25,98734.45,101.18,3.8,0.51,,35.29,71.27,12.0,Tier 2
S00762,Supplier_762,Vietnam,FMCG,49.66,1030.99,78.48,29710.9,5572.2,Compliant,ISO 14001,11.9,274959.41,85.27,1.79,0.98,Yes,2.11,54.22,29.75,Tier 1
S00763,Supplier_763,India,Textiles,73.2,2804.22,78.21,88422.9,7146.56,Non-Compliant,None,45.81,24384.69,98.15,2.8,0.8,Yes,28.12,18.91,138.63,
S00764,Supplier_764,Malaysia,FMCG,47.64,3159.03,93.0,17551.95,241.98,Partially Compliant,ISO 9001,68.61,276571.98,72.99,1.31,0.79,No,38.79,76.98,179.03,Tier 3
S00765,Supplier_765,,Automotive,71.89,344.74,50.16,73065.5,9371.1,Non-Compliant,ISO 14001,10.7,506878.94,100.83,4.6,0.47,Yes,12.43,96.91,14.11,Tier 2
S00766,Supplier_766,China,Electronics,89.54,1963.72,54.41,18849.05,6561.49,,None,62.68,311472.67,89.79,2.08,0.34,No,43.05,23.22,194.67,Tier 3
S00767,Supplier_767,Indonesia,Electronics,86.22,1003.19,45.72,27928.49,4398.85,Non-Compliant,ISO 45001,26.77,259801.84,87.81,4.12,0.44,No,40.69,23.14,7.4,Tier 3
S00768,Supplier_768,Thailand,Plastics,63.78,665.51,88.47,33194.84,231.52,Compliant,ISO 9001,4.96,379911.47,101.98,4.92,0.64,,37.69,59.06,166.86,Tier 1
S00769,Supplier_769,Singapore,Metals,89.9,2639.26,71.34,80630.0,5810.98,Compliant,None,19.57,175656.98,97.45,2.93,0.51,Yes,26.98,25.55,114.8,Tier 2
S00770,Supplier_770,China,Electronics,74.19,2451.36,47.29,31677.59,533.74,Non-Compliant,ISO 14001,46.74,286250.8,86.89,2.73,0.45,No,22.02,82.6,36.29,Tier 1
S00771,Supplier_771,India,Plastics,82.55,3654.29,56.65,6645.65,133.24,Compliant,None,8.62,436693.81,85.94,0.62,0.48,No,23.95,25.54,62.45,Tier 3
S00772,Supplier_772,Singapore,Automotive,84.4,4150.46,76.64,76715.35,9190.29,Compliant,ISO 45001,81.91,165756.78,103.46,4.36,0.64,Yes,7.4,33.85,139.42,Tier 3
S00773,Supplier_773,Malaysia,Electronics,64.29,4716.64,55.86,21404.28,5327.22,Partially Compliant,ISO 9001,71.32,89330.14,89.62,4.23,0.85,No,25.19,60.03,106.18,Tier 1
S00774,Supplier_774,Malaysia,Metals,71.03,3684.06,54.95,53771.02,7904.47,,,31.38,506674.71,92.38,0.45,0.3,Yes,13.72,64.07,175.96,Tier 2
S00775,Supplier_775,Indonesia,,73.33,2813.12,87.61,87845.67,2179.13,Partially Compliant,ISO 45001,25.91,480899.66,94.11,2.55,0.58,No,32.91,85.65,35.64,Tier 3
S00776,Supplier_776,Vietnam,Electronics,51.03,2805.77,89.76,35373.19,8216.64,Non-Compliant,ISO 9001,37.38,222365.98,102.8,2.97,0.64,No,33.66,44.46,160.11,Tier 2
S00777,Supplier_777,Indonesia,Chemicals,86.19,2817.39,37.24,65494.78,105.76,Non-Compliant,None,74.0,384048.82,74.22,3.46,0.65,Yes,14.07,57.75,32.24,Tier 3
S00778,Supplier_778,Vietnam,Plastics,73.86,2207.88,57.19,15263.98,10309.57,Non-Compliant,ISO 9001,91.08,305800.18,86.87,1.64,0.31,No,12.86,76.81,75.74,Tier 2
S00779,Supplier_779,Thailand,Electronics,90.16,689.64,72.3,65158.27,8430.63,Partially Compliant,None,22.61,112857.23,87.91,4.57,0.84,No,49.38,46.43,163.48,Tier 2
S00780,Supplier_780,Thailand,Metals,48.35,4223.9,50.31,49672.88,7376.25,Compliant,None,72.05,269110.79,76.35,3.29,0.36,No,1.03,77.51,8.06,Tier 2
S00781,Supplier_781,Indonesia,Chemicals,61.23,N/A,46.47,6638.43,1033.1,Non-Compliant,ISO 14001,63.87,45915.78,93.3,3.55,0.49,No,32.53,70.53,3.25,Tier 1
S00782,Supplier_782,Indonesia,Electronics,87.24,2095.71,37.16,33835.91,7797.31,Non-Compliant,ISO 9001,86.51,352230.73,94.51,0.2,0.84,No,26.23,94.92,36.48,Tier 2
S00783,Supplier_783,Vietnam,FMCG,82.46,788.39,90.54,94536.29,2987.31,Non-Compliant,ISO 14001,19.52,491279.45,86.17,1.31,0.49,No,5.87,74.03,79.32,Tier 3
S00784,Supplier_784,Thailand,Plastics,40.2,2988.48,48.17,65438.47,8800.36,Partially Compliant,ISO 14001,11.84,382853.59,93.68,2.43,0.61,No,23.82,38.0,181.14,Tier 2
S00785,Supplier_785,India,,46.67,2512.76,94.86,95046.16,6799.65,Non-Compliant,ISO 9001,70.6,513227.34,72.49,3.74,0.45,No,15.35,30.59,123.9,Tier 2
S00786,Supplier_786,India,Plastics,54.87,907.74,89.92,62350.1,4760.99,Partially Compliant,ISO 14001,35.79,266427.43,96.21,1.66,0.95,Yes,47.24,74.61,47.08,Tier 2
S00787,Supplier_787,Indonesia,Automotive,43.83,3147.66,93.43,15533.1,2468.22,Partially Compliant,None,20.71,295241.48,98.45,2.88,0.38,Yes,37.09,48.01,104.08,Tier 3
S00788,Supplier_788,Singapore,Metals,80.09,4955.44,97.58,30589.25,2378.61,Compliant,ISO 14001,7.56,409666.69,94.22,4.86,0.39,No,23.62,67.29,90.74,Tier 1
S00789,Supplier_789,Malaysia,Electronics,78.75,2388.11,96.31,64227.1,2911.03,Compliant,,17.29,167270.13,71.32,0.6,0.69,,45.87,58.7,84.81,Tier 2
S00790,Supplier_790,Vietnam,Plastics,79.8,2789.0,69.15,2692.18,8457.5,Non-Compliant,None,85.75,264913.77,78.05,2.39,0.87,Yes,41.51,61.41,11.25,Tier 2
S00791,Supplier_791,China,Electronics,44.85,4715.61,81.55,32634.5,1965.92,Partially Compliant,ISO 45001,44.82,442953.27,97.78,4.0,0.8,No,32.92,91.15,121.35,Tier 3
S00792,Supplier_792,Malaysia,Electronics,91.12,1007.76,60.92,95120.71,2908.33,Partially Compliant,ISO 9001,17.03,210982.8,89.33,2.7,0.85,No,41.2,46.64,165.54,Tier 1
S00793,Supplier_793,Vietnam,Metals,76.41,716.63,91.65,32346.62,9409.48,Compliant,ISO 9001,60.89,252767.12,85.4,3.65,0.83,No,31.91,46.18,102.95,Tier 1
S00794,Supplier_794,Indonesia,Metals,59.92,3236.89,73.75,63209.94,1030.18,Compliant,None,76.1,319470.62,82.86,2.84,0.6,No,13.67,4.24,0.39,Tier 3
S00795,Supplier_795,,Metals,84.63,2866.42,78.0,47474.66,8426.26,Non-Compliant,None,82.1,317451.92,92.56,0.32,0.38,Yes,15.27,40.27,19.48,Tier 3
S00796,Supplier_796,Vietnam,Textiles,68.64,2921.24,94.98,3737.29,2541.19,Partially Compliant,ISO 9001,50.76,464733.05,71.62,3.54,0.46,Yes,45.95,60.07,154.54,Tier 1
S00797,Supplier_797,Indonesia,Textiles,57.29,3101.93,83.92,47591.86,5330.08,Non-Compliant,ISO 45001,54.36,70968.6,87.03,4.68,0.55,No,39.22,42.89,60.06,
S00798,Supplier_798,Indonesia,Metals,90.62,3441.68,93.31,84777.03,9926.15,Compliant,None,71.02,493117.26,84.0,2.24,0.64,Yes,7.87,98.74,68.18,
S00799,Supplier_799,China,Electronics,65.8,4471.84,35.11,83754.04,3571.0,Non-Compliant,None,50.51,95286.73,86.96,0.29,0.88,No,21.14,0.28,146.49,Tier 2
S00800,Supplier_800,Vietnam,Electronics,52.64,5016.57,70.42,73589.07,6228.84,Partially Compliant,ISO 45001,69.6,144118.15,91.69,1.28,0.89,No,6.65,51.24,168.71,Tier 3
S00801,Supplier_801,India,Metals,63.24,4962.25,49.14,89570.51,786.57,Non-Compliant,None,17.09,424920.69,93.86,1.4,0.91,Yes,5.29,34.22,157.1,Tier 2
S00802,Supplier_802,Thailand,Chemicals,95.07,3509.53,53.18,2212.05,9832.04,Partially Compliant,ISO 14001,86.41,350664.91,96.96,2.36,0.98,Yes,24.19,33.76,74.94,Tier 3
S00803,Supplier_803,Malaysia,Chemicals,62.52,351.83,95.19,50972.05,7148.49,Non-Compliant,ISO 14001,87.6,342851.39,87.22,1.91,0.53,Yes,30.06,9.18,0.09,Tier 2
S00804,Supplier_804,Singapore,Electronics,57.35,2577.94,55.8,80602.03,3612.97,Compliant,ISO 9001,10.74,344133.0,79.67,2.86,0.45,,2.28,91.55,198.35,Tier 3
S00805,Supplier_805,Singapore,FMCG,41.36,1616.58,57.74,54803.91,653.72,Partially Compliant,ISO 14001,79.72,321771.89,84.7,3.85,0.83,No,0.61,46.17,22.71,Tier 1
S00806,Supplier_806,Indonesia,Metals,87.35,3677.56,75.55,21929.55,8002.29,Partially Compliant,ISO 45001,5.52,28367.66,85.7,2.48,0.96,No,8.82,36.13,135.87,Tier 1
S00807,Supplier_807,Malaysia,Metals,53.77,549.19,31.23,52731.52,5168.1,Non-Compliant,None,68.87,246318.41,75.77,4.6,0.82,Yes,9.2,9.15,133.36,Tier 2
S00808,Supplier_808,Thailand,Metals,42.56,3912.24,43.54,34155.83,7287.56,Partially Compliant,None,26.43,134757.05,88.68,4.74,0.9,Yes,23.02,65.32,14.52,Tier 1
S00809,Supplier_809,China,Textiles,55.01,1757.08,61.11,73625.39,742.54,Compliant,ISO 9001,86.35,191151.84,76.48,1.13,0.36,Yes,3.13,36.98,187.15,Tier 1
S00810,Supplier_810,Thailand,Electronics,87.22,176.72,60.32,57690.53,1363.04,Compliant,ISO 14001,17.23,461022.71,80.94,3.87,0.51,No,26.69,82.94,139.94,Tier 3
S00811,Supplier_811,India,Automotive,68.76,N/A,75.81,94895.63,768.46,Compliant,None,46.36,415248.54,95.39,0.5,0.76,Yes,4.3,73.71,194.35,Tier 3
S00812,Supplier_812,Vietnam,FMCG,41.62,4279.34,69.31,30440.78,8860.56,Partially Compliant,ISO 9001,13.23,352894.68,97.96,3.48,0.93,No,16.94,77.07,60.06,Tier 1
S00813,Supplier_813,India,Metals,44.37,3104.64,93.16,35287.18,4915.9,Partially Compliant,ISO 14001,71.95,65030.37,84.3,0.26,0.62,No,43.82,35.31,82.75,Tier 1
S00814,Supplier_814,Singapore,Plastics,81.71,4313.54,40.75,26503.82,9423.58,Non-Compliant,ISO 45001,48.25,155628.5,71.64,0.47,0.44,Yes,33.09,49.44,67.78,Tier 2
S00815,Supplier_815,Malaysia,Electronics,58.38,2774.22,59.04,50512.29,6608.51,Compliant,ISO 9001,35.63,292560.36,80.59,4.45,0.62,Yes,0.24,56.08,193.53,Tier 3
S00816,Supplier_816,Indonesia,Metals,94.83,4337.73,31.39,64381.31,4924.48,Non-Compliant,ISO 9001,11.92,321495.79,94.5,0.26,0.64,No,33.87,94.67,35.83,Tier 2
S00817,Supplier_817,Vietnam,FMCG,82.42,3551.09,36.74,19752.77,1643.15,Partially Compliant,ISO 45001,77.96,445108.38,88.83,4.62,0.73,No,23.77,57.99,21.74,Tier 1
S00818,Supplier_818,Singapore,Textiles,56.9,1365.28,101.19,46091.6,787.62,Compliant,ISO 9001,21.58,191622.36,74.42,3.12,0.81,Yes,22.25,32.52,19.44,Tier 2
S00819,Supplier_819,China,Electronics,74.67,137.67,83.56,18041.43,7039.52,Partially Compliant,ISO 9001,36.74,426118.07,75.65,1.19,0.39,,36.52,1.35,148.22,Tier 2
S00820,Supplier_820,Singapore,Chemicals,65.83,4299.56,77.08,70642.41,5310.25,Non-Compliant,ISO 14001,49.22,98050.39,87.72,4.99,0.32,Yes,45.9,34.26,85.57,Tier 1
S00821,Supplier_821,Thailand,Plastics,97.27,4900.98,91.1,31178.5,1391.37,Partially Compliant,,68.6,390641.49,69.89,0.29,0.32,,33.84,14.02,129.94,Tier 3
S00822,Supplier_822,,FMCG,65.38,1262.2,55.08,66439.73,2905.22,Non-Compliant,ISO 45001,29.53,387973.63,100.93,4.16,0.85,No,24.22,44.28,5.51,Tier 2
S00823,Supplier_823,Singapore,Electronics,52.63,1230.36,29.98,54779.95,8455.79,Compliant,ISO 14001,10.27,435770.44,88.65,2.87,0.56,Yes,28.86,4.47,181.87,Tier 1
S00824,Supplier_824,Vietnam,Electronics,58.81,4050.17,60.73,5061.47,9106.65,Partially Compliant,ISO 14001,80.63,218286.56,85.05,3.19,0.59,No,3.29,88.69,94.28,Tier 3
S00825,Supplier_825,Singapore,Metals,42.2,4848.98,76.61,63147.94,6563.43,Compliant,None,38.28,453731.52,98.68,1.61,0.6,No,36.29,14.75,145.86,Tier 2
S00826,Supplier_826,Malaysia,Textiles,60.24,512.26,N/A,49640.78,4206.75,Partially Compliant,ISO 14001,70.36,194568.55,86.91,1.0,0.48,No,14.04,39.19,200.57,Tier 3
S00827,Supplier_827,Singapore,Automotive,42.64,3177.99,68.05,32047.19,6893.08,Compliant,ISO 14001,84.4,279883.89,80.35,4.01,0.47,No,33.92,16.69,19.96,Tier 1
S00828,Supplier_828,China,Textiles,89.9,3658.8,74.14,58168.77,6357.2,Partially Compliant,None,30.02,316902.25,102.55,3.36,0.84,No,13.18,4.61,166.76,Tier 3
S00829,Supplier_829,Malaysia,Metals,96.87,2375.85,29.83,91552.52,3129.72,Partially Compliant,ISO 45001,44.16,210905.16,76.15,1.59,0.51,Yes,19.26,47.62,25.65,Tier 3
S00830,Supplier_830,India,Chemicals,59.24,4968.74,37.73,37815.73,2305.5,Compliant,ISO 45001,26.07,33078.78,88.39,3.48,0.33,Yes,46.19,51.24,158.66,Tier 1
S00831,Supplier_831,Indonesia,Textiles,91.56,864.47,37.95,76232.68,3483.27,Partially Compliant,ISO 45001,22.81,436936.63,98.66,4.13,0.44,No,45.22,82.28,188.79,Tier 2
S00832,Supplier_832,Thailand,Plastics,76.83,910.4,N/A,63677.13,1853.37,Non-Compliant,,75.49,4569.82,87.27,3.58,0.36,No,10.91,80.84,153.75,Tier 2
S00833,Supplier_833,China,Metals,81.8,401.82,90.0,36056.65,4862.39,Compliant,ISO 14001,47.55,267078.08,101.89,2.21,0.48,Yes,46.44,52.83,69.83,Tier 1
S00834,Supplier_834,Malaysia,Electronics,73.97,4800.07,68.78,14405.67,5283.66,Non-Compliant,ISO 45001,69.39,473592.31,94.99,0.48,0.5,Yes,47.31,24.4,190.17,Tier 1
S00835,Supplier_835,India,Plastics,74.12,1127.53,70.83,38154.23,4476.71,Compliant,None,18.18,424766.66,93.05,2.94,0.33,Yes,23.21,40.94,106.23,Tier 3
S00836,Supplier_836,India,Textiles,56.44,2463.99,41.4,50504.75,6387.31,Partially Compliant,ISO 9001,40.24,312087.83,68.81,0.28,0.36,Yes,46.58,53.17,100.7,Tier 3
S00837,Supplier_837,Singapore,Chemicals,54.96,3394.75,61.71,75000.76,4985.23,Partially Compliant,ISO 45001,80.04,276730.48,95.63,0.92,0.4,Yes,22.67,27.06,95.77,Tier 2
S00838,Supplier_838,Thailand,Metals,40.85,1892.64,102.62,24682.92,7661.63,Non-Compliant,ISO 45001,52.67,138744.28,99.95,4.52,1.01,No,15.18,36.91,93.8,Tier 3
S00839,Supplier_839,India,Electronics,57.69,497.14,59.41,87423.33,2466.23,Non-Compliant,None,77.02,179013.03,80.83,4.6,0.39,No,9.37,42.08,15.4,Tier 2
S00840,Supplier_840,China,Electronics,67.42,3729.0,40.59,16955.83,2790.82,Compliant,ISO 14001,39.18,299576.97,79.79,2.97,0.66,No,28.51,92.19,191.25,Tier 3
S00841,Supplier_841,,Chemicals,47.74,3669.84,42.33,30218.39,4812.05,Non-Compliant,None,19.16,446511.98,82.64,3.84,0.81,No,19.12,26.61,190.26,Tier 1
S00842,Supplier_842,Thailand,FMCG,66.09,3175.49,83.52,20563.59,7119.16,Compliant,ISO 45001,40.79,82180.34,98.67,0.89,0.56,Yes,23.65,16.76,12.85,Tier 1
S00843,Supplier_843,Indonesia,FMCG,91.79,967.16,30.24,19438.81,9320.0,Compliant,ISO 14001,75.28,103289.53,71.91,0.64,0.42,Yes,24.97,40.74,176.96,Tier 3
S00844,Supplier_844,China,,44.22,1302.69,46.81,87965.85,5665.83,Partially Compliant,ISO 9001,29.87,294169.15,94.05,1.74,0.71,Yes,44.84,80.35,54.46,Tier 3
S00845,Supplier_845,Vietnam,Automotive,58.98,3225.96,45.1,14595.97,6085.79,Partially Compliant,ISO 45001,13.21,120394.82,77.24,0.27,0.45,Yes,32.18,55.99,32.95,Tier 3
S00846,Supplier_846,Indonesia,Textiles,55.77,4767.53,48.18,20834.13,8981.18,Non-Compliant,ISO 45001,93.15,377437.67,79.48,4.61,0.94,Yes,13.13,41.27,192.45,Tier 2
S00847,Supplier_847,Singapore,Electronics,86.0,1476.47,51.59,92027.64,234.7,Non-Compliant,ISO 9001,45.34,276094.18,79.51,3.79,0.56,Yes,24.8,74.57,187.69,Tier 2
S00848,Supplier_848,Malaysia,Chemicals,53.46,1127.95,37.0,97361.35,8917.57,Compliant,ISO 45001,74.39,489182.99,92.52,0.18,0.7,Yes,1.53,41.9,58.02,Tier 2
S00849,Supplier_849,India,Electronics,68.33,2739.1,55.46,30918.33,5867.7,Compliant,ISO 14001,57.32,64383.36,67.64,2.41,0.66,Yes,5.2,84.08,202.18,Tier 2
S00850,Supplier_850,Singapore,Metals,85.9,1862.72,36.3,18384.62,1218.09,Partially Compliant,ISO 45001,29.27,60064.84,94.45,2.22,1.01,Yes,35.86,61.35,140.11,Tier 1
S00851,Supplier_851,Malaysia,Automotive,47.23,381.6,40.02,27500.91,4335.13,,ISO 9001,61.03,477722.05,87.87,1.38,0.49,Yes,20.04,79.46,167.03,Tier 3
S00852,Supplier_852,Malaysia,Electronics,45.16,4506.47,42.41,70569.19,9403.48,Partially Compliant,ISO 9001,46.47,492765.96,74.9,1.49,0.9,Yes,10.83,57.03,93.93,Tier 1
S00853,Supplier_853,Thailand,FMCG,48.82,3994.42,69.71,10541.13,5705.43,Compliant,None,47.56,351086.05,94.25,1.65,0.39,Yes,24.55,3.88,119.5,Tier 2
S00854,Supplier_854,Indonesia,FMCG,96.8,4429.1,32.28,81800.38,7268.12,Non-Compliant,None,73.72,213442.3,91.58,1.24,0.45,No,15.19,48.71,195.91,Tier 2
S00855,Supplier_855,China,Plastics,61.24,2467.96,56.11,20373.72,5991.36,Partially Compliant,ISO 45001,85.54,102333.69,76.16,2.35,0.53,No,11.35,45.96,111.91,Tier 2
S00856,Supplier_856,Malaysia,Textiles,83.76,3873.33,55.33,63291.64,8672.1,Non-Compliant,ISO 9001,17.13,189027.83,86.19,2.83,0.93,Yes,4.51,14.42,203.77,Tier 2
S00857,Supplier_857,,Textiles,77.22,4051.78,32.19,17800.4,9417.77,Non-Compliant,ISO 45001,46.9,81632.63,88.83,0.1,0.92,Yes,14.6,84.33,47.36,Tier 1
S00858,Supplier_858,Vietnam,,50.84,3816.73,47.15,16524.1,5216.57,Non-Compliant,,44.78,475837.81,90.24,4.01,0.67,Yes,5.47,57.16,148.61,Tier 1
S00859,Supplier_859,China,,45.04,1500.97,58.25,21513.08,3086.35,Partially Compliant,ISO 45001,10.03,252338.43,72.87,1.16,0.68,Yes,17.78,12.79,29.93,Tier 3
S00860,Supplier_860,Thailand,Textiles,52.88,2308.44,35.14,26001.55,7134.7,Partially Compliant,ISO 9001,82.91,208963.92,71.46,3.88,0.56,No,22.95,37.54,82.55,Tier 1
S00861,Supplier_861,India,FMCG,48.36,2722.74,52.51,42886.38,4020.95,Partially Compliant,ISO 45001,70.4,294498.92,83.97,3.26,0.52,No,33.4,23.06,60.62,Tier 3
S00862,Supplier_862,China,Plastics,67.62,984.35,40.38,72658.55,2136.3,Non-Compliant,,62.97,384340.67,71.08,1.89,0.36,No,41.68,93.26,43.97,Tier 2
S00863,Supplier_863,Malaysia,,70.68,2061.09,52.15,7680.78,5516.77,Compliant,None,30.94,392141.93,88.7,0.88,0.86,No,0.35,6.25,25.51,Tier 2
S00864,Supplier_864,Singapore,Textiles,51.83,3392.52,58.01,42371.47,6353.48,Partially Compliant,ISO 14001,14.61,120206.42,95.06,0.91,0.94,,10.49,21.86,193.83,Tier 3
S00865,Supplier_865,Thailand,Metals,45.13,3404.87,95.81,76518.26,2381.38,Non-Compliant,ISO 9001,32.72,133553.04,86.61,1.85,0.39,No,14.41,55.28,77.95,Tier 3
S00866,Supplier_866,Singapore,Automotive,N/A,4414.91,70.22,92794.89,485.38,Compliant,ISO 9001,17.31,33982.79,89.15,1.56,0.37,Yes,37.0,93.85,158.37,Tier 3
S00867,Supplier_867,Indonesia,Automotive,56.73,2528.59,58.63,12465.12,7796.49,Compliant,,57.28,383893.91,100.88,3.03,0.87,Yes,29.9,40.34,170.01,Tier 2
S00868,Supplier_868,China,Plastics,66.06,2770.68,92.01,49946.54,514.56,Partially Compliant,ISO 9001,59.1,241280.98,77.32,4.67,0.94,Yes,35.87,30.04,189.37,Tier 1
S00869,Supplier_869,Malaysia,Plastics,75.36,1751.04,97.77,72832.74,4189.55,Compliant,None,74.43,17897.96,95.95,0.46,0.45,No,32.08,19.56,55.64,Tier 2
S00870,Supplier_870,Vietnam,Metals,77.63,1177.68,37.78,4997.18,1788.19,Non-Compliant,None,28.32,440310.13,81.1,2.83,0.89,No,12.57,48.15,101.67,Tier 1
S00871,Supplier_871,China,Metals,57.37,228.61,54.9,95562.45,9781.1,Compliant,ISO 9001,25.79,124448.06,90.98,2.94,0.43,,7.92,35.98,67.67,Tier 2
S00872,Supplier_872,China,Plastics,59.67,2049.9,66.54,77783.9,7549.82,Non-Compliant,None,29.89,59555.07,71.36,2.9,0.75,Yes,17.65,0.58,68.46,Tier 1
S00873,Supplier_873,Malaysia,FMCG,81.93,1608.75,43.46,27130.62,3359.42,Partially Compliant,ISO 14001,52.49,402688.15,76.38,1.0,0.46,No,4.54,44.65,13.79,Tier 3
S00874,Supplier_874,India,Plastics,38.46,1520.52,57.12,96232.04,2996.97,Partially Compliant,ISO 14001,56.96,239296.61,86.16,4.59,0.8,Yes,43.56,82.57,83.0,Tier 3
S00875,Supplier_875,,FMCG,51.36,591.55,93.58,1713.17,6560.28,Partially Compliant,ISO 14001,80.14,336745.52,88.58,4.2,0.94,No,20.01,90.71,77.54,Tier 1
S00876,Supplier_876,Singapore,FMCG,71.82,338.83,49.4,1720.97,4127.76,Partially Compliant,ISO 14001,82.58,88786.5,90.96,3.45,0.48,Yes,29.27,54.06,196.3,Tier 2
S00877,Supplier_877,Thailand,Chemicals,78.23,3665.19,59.14,45202.64,7986.14,Compliant,ISO 14001,64.04,329068.79,74.36,0.91,0.57,No,44.27,41.33,4.84,Tier 3
S00878,Supplier_878,Vietnam,Plastics,62.01,1810.79,29.88,4077.99,6905.02,Partially Compliant,ISO 9001,20.66,118202.11,77.7,1.7,0.96,Yes,40.13,28.25,154.34,Tier 3
S00879,Supplier_879,,Automotive,87.43,4331.63,78.66,56624.12,8135.88,Partially Compliant,ISO 9001,42.4,426206.2,89.41,3.23,0.82,No,12.52,88.27,63.99,Tier 1
S00880,Supplier_880,Malaysia,Electronics,90.12,404.41,55.1,42000.59,6857.16,Partially Compliant,ISO 14001,87.33,208906.19,76.45,4.11,0.6,Yes,46.84,27.71,9.32,Tier 2
S00881,Supplier_881,Singapore,Automotive,75.15,4729.28,98.43,16521.03,8072.44,Compliant,None,13.63,94676.91,86.25,1.48,0.7,No,46.26,14.25,51.31,Tier 2
S00882,Supplier_882,Malaysia,Electronics,69.3,2639.65,51.1,82753.61,8976.37,Non-Compliant,ISO 14001,53.58,446776.62,81.16,2.94,0.55,Yes,3.66,96.78,108.84,Tier 1
S00883,Supplier_883,,Chemicals,64.6,3165.5,78.77,45752.62,7851.51,Partially Compliant,None,84.52,255663.2,94.05,2.47,0.74,Yes,5.01,32.61,134.51,Tier 3
S00884,Supplier_884,Singapore,Plastics,51.71,5124.78,N/A,40852.77,1009.5,Compliant,ISO 14001,65.92,476680.64,75.71,0.16,0.86,Yes,35.98,14.42,132.69,
S00885,Supplier_885,Singapore,Chemicals,38.62,2079.97,81.45,89298.78,655.79,Non-Compliant,None,69.22,53570.34,87.39,2.2,0.86,Yes,19.24,77.19,204.99,Tier 2
S00886,Supplier_886,Malaysia,Automotive,38.88,1937.72,82.46,65387.39,7135.99,Non-Compliant,ISO 9001,45.56,185131.05,74.08,1.72,0.75,Yes,36.59,67.48,89.95,Tier 2
S00887,Supplier_887,Vietnam,Chemicals,51.69,3549.8,71.6,47793.61,114.62,,ISO 45001,50.96,336424.21,69.98,4.84,0.49,Yes,38.57,13.75,45.16,Tier 2
S00888,Supplier_888,Vietnam,Textiles,92.44,159.69,97.95,42574.46,792.44,Compliant,ISO 9001,87.07,446535.85,95.46,4.56,0.45,No,43.67,13.58,150.6,Tier 1
S00889,Supplier_889,Singapore,Electronics,47.22,4932.6,35.53,89287.78,8099.93,Compliant,None,52.36,348191.2,75.42,0.96,0.72,Yes,25.67,20.3,189.23,Tier 1
S00890,Supplier_890,Indonesia,Plastics,88.74,946.39,76.26,77246.05,381.52,Non-Compliant,ISO 14001,48.2,355726.94,101.5,1.36,0.71,No,42.41,28.21,24.63,Tier 1
S00891,Supplier_891,China,Metals,56.63,1914.92,79.75,9355.29,8703.8,Non-Compliant,ISO 9001,9.15,500460.65,74.64,0.91,0.61,Yes,42.06,32.19,83.22,Tier 1
S00892,Supplier_892,India,Chemicals,81.13,5205.05,73.6,47722.93,6932.85,Partially Compliant,ISO 45001,14.25,479784.31,73.51,2.54,0.8,No,15.05,29.9,136.19,
S00893,Supplier_893,India,Automotive,79.5,3695.52,71.18,56066.13,4554.92,Partially Compliant,ISO 9001,78.06,500804.98,87.26,1.87,0.68,No,12.68,95.34,8.44,Tier 2
S00894,Supplier_894,Malaysia,Chemicals,88.55,3006.04,70.65,47552.08,2450.66,Non-Compliant,ISO 45001,79.5,54062.95,76.24,4.02,0.39,No,39.35,23.24,72.72,Tier 2
S00895,Supplier_895,China,Metals,64.54,3535.62,95.81,82731.65,3000.7,Compliant,None,53.11,166129.42,94.62,4.21,0.76,No,43.19,45.32,146.41,Tier 2
S00896,Supplier_896,Indonesia,Plastics,80.8,3251.24,80.53,21303.65,5137.42,Partially Compliant,ISO 45001,47.36,225757.14,80.03,4.37,0.55,Yes,15.75,89.99,133.59,Tier 2
S00897,Supplier_897,Malaysia,Electronics,91.56,1449.01,48.97,11085.76,6908.67,Non-Compliant,None,85.06,19084.49,76.97,3.88,0.89,No,30.46,97.49,2.47,Tier 1
S00898,Supplier_898,China,Chemicals,68.31,4546.03,43.96,96007.53,1495.61,Non-Compliant,ISO 45001,46.85,122051.58,73.52,0.35,0.34,No,44.21,22.12,142.67,Tier 3
S00899,Supplier_899,,Electronics,52.26,265.9,90.79,66913.33,1402.94,Partially Compliant,None,32.72,425080.96,78.44,2.92,0.68,,20.58,71.47,143.54,Tier 2
S00900,Supplier_900,Malaysia,Electronics,46.8,3509.68,38.68,6524.38,3303.77,Compliant,ISO 14001,22.39,450900.47,94.58,0.23,0.42,No,22.26,24.08,175.15,Tier 2
S00901,Supplier_901,Malaysia,Chemicals,49.06,3010.76,63.7,33471.26,642.4,Compliant,ISO 45001,64.2,286221.02,85.69,0.44,0.52,No,30.86,64.35,62.24,Tier 1
S00902,Supplier_902,,Plastics,63.53,2472.23,57.73,47768.09,3115.23,Non-Compliant,ISO 14001,43.76,136454.11,103.3,0.83,0.31,No,49.56,9.65,96.76,Tier 2
S00903,Supplier_903,India,FMCG,91.07,854.07,67.52,24048.92,7974.86,Partially Compliant,ISO 14001,32.06,197675.67,69.54,4.93,0.57,Yes,18.66,49.48,6.28,Tier 3
S00904,Supplier_904,Thailand,FMCG,76.35,111.26,65.14,87380.82,4014.93,Non-Compliant,ISO 9001,28.25,50607.23,68.86,2.67,0.47,Yes,41.08,80.99,72.01,Tier 2
S00905,Supplier_905,India,Automotive,40.02,799.3,52.65,61252.46,2166.7,Partially Compliant,None,41.26,109323.19,73.24,3.45,0.72,Yes,37.16,54.29,41.12,Tier 3
S00906,Supplier_906,Vietnam,Textiles,97.21,150.84,52.29,79280.17,8029.49,Partially Compliant,ISO 45001,30.51,326566.85,89.89,1.03,0.6,No,11.47,55.75,75.13,Tier 3
S00907,Supplier_907,Vietnam,Textiles,48.95,1649.23,35.99,34330.74,2242.63,Partially Compliant,ISO 14001,82.61,30473.04,91.32,1.16,0.86,No,22.68,10.15,68.97,Tier 2
S00908,Supplier_908,Thailand,Electronics,53.31,3099.91,83.36,10398.8,8934.76,Partially Compliant,ISO 45001,63.1,217672.85,98.0,4.61,0.75,Yes,42.94,61.64,74.88,Tier 2
S00909,Supplier_909,Indonesia,FMCG,69.35,580.94,77.27,95632.35,2719.16,,None,21.38,392550.13,94.76,0.26,0.85,Yes,38.21,55.87,101.33,Tier 2
S00910,Supplier_910,India,Metals,80.06,5215.35,64.52,23289.65,1117.9,Compliant,ISO 14001,52.68,70870.88,80.02,3.32,0.43,No,31.92,55.38,155.42,Tier 1
S00911,Supplier_911,Thailand,Electronics,92.14,116.43,54.14,44651.65,4510.5,,ISO 45001,18.84,268472.38,91.69,0.93,0.91,Yes,15.44,88.6,193.32,Tier 3
S00912,Supplier_912,China,Chemicals,65.85,1752.7,55.84,4992.13,2785.69,Compliant,ISO 14001,21.83,397357.02,78.05,4.12,0.63,No,10.19,68.3,36.76,Tier 1
S00913,Supplier_913,India,Textiles,83.2,1522.68,84.42,82504.69,7720.86,Compliant,ISO 45001,17.46,292501.87,92.02,2.11,0.5,Yes,13.1,14.16,135.78,Tier 2
S00914,Supplier_914,Malaysia,Textiles,61.24,2706.81,83.27,45672.24,2791.11,Compliant,ISO 45001,25.64,449568.0,96.54,3.4,0.63,No,0.57,47.72,148.92,Tier 1
S00915,Supplier_915,Indonesia,Electronics,46.81,3674.57,67.36,57808.22,7623.86,Partially Compliant,ISO 14001,29.61,289642.48,76.88,1.11,1.0,Yes,32.39,12.12,2.61,Tier 3
S00916,Supplier_916,India,Electronics,66.93,1644.55,40.82,88642.55,8788.62,Non-Compliant,ISO 14001,86.96,143174.76,70.04,4.5,0.65,Yes,15.84,4.12,28.03,Tier 3
S00917,Supplier_917,Indonesia,Chemicals,85.9,1971.22,N/A,92515.48,6688.61,Partially Compliant,ISO 9001,13.28,422158.72,90.44,4.92,0.72,Yes,35.1,25.76,93.51,Tier 2
S00918,Supplier_918,Thailand,Chemicals,66.55,4097.73,66.44,76130.2,8464.6,Non-Compliant,ISO 45001,62.87,214338.3,72.43,3.25,0.44,No,13.45,16.11,102.53,Tier 3
S00919,Supplier_919,India,FMCG,74.39,3463.47,66.17,85448.97,3894.17,Non-Compliant,ISO 9001,36.01,118063.94,86.52,4.12,0.39,Yes,20.19,37.96,38.58,Tier 3
S00920,Supplier_920,Thailand,Electronics,43.66,2007.45,80.0,19500.28,5513.24,Non-Compliant,ISO 45001,16.31,456783.67,74.63,2.22,0.94,Yes,28.02,28.7,159.93,Tier 1
S00921,Supplier_921,Singapore,Metals,41.06,2213.01,58.63,90571.08,615.84,Partially Compliant,ISO 9001,28.29,307538.49,73.95,1.16,0.99,Yes,15.12,88.01,176.85,Tier 3
S00922,Supplier_922,Indonesia,Automotive,90.29,2329.9,89.64,76738.72,8400.99,,ISO 45001,39.76,376710.86,89.45,1.13,0.47,Yes,19.55,93.83,129.29,Tier 2
S00923,Supplier_923,China,Automotive,89.9,4034.93,63.51,96047.78,5951.25,Non-Compliant,None,48.58,61452.74,68.6,4.4,0.34,No,21.16,35.54,127.1,Tier 2
S00924,Supplier_924,Malaysia,Metals,92.48,2196.35,50.48,58963.61,1395.3,Compliant,None,27.39,157756.03,94.17,2.53,0.47,,25.99,54.15,2.36,Tier 3
S00925,Supplier_925,Vietnam,Metals,60.0,389.29,36.02,84708.09,2984.65,Non-Compliant,None,68.24,371527.58,76.35,0.3,0.96,No,0.79,21.87,41.55,Tier 2
S00926,Supplier_926,,Plastics,58.01,305.32,97.42,86175.62,3641.71,Partially Compliant,ISO 9001,65.12,256978.93,95.12,0.12,0.46,Yes,23.49,33.75,41.94,Tier 1
S00927,Supplier_927,China,Plastics,N/A,3042.3,46.29,13597.21,7211.94,Compliant,ISO 45001,64.13,85019.28,101.83,0.47,0.54,No,6.83,82.16,86.29,Tier 3
S00928,Supplier_928,India,Electronics,68.29,3886.5,90.97,92838.55,6928.18,Compliant,ISO 45001,23.24,446662.89,76.67,3.59,0.42,Yes,23.48,66.78,48.75,Tier 2
S00929,Supplier_929,Malaysia,FMCG,68.27,800.6,61.46,1818.75,1354.24,Compliant,ISO 14001,60.58,469476.68,93.0,1.56,0.57,No,8.7,27.2,174.17,Tier 2
S00930,Supplier_930,India,Automotive,85.73,2519.48,46.11,39919.06,2031.03,Compliant,ISO 14001,61.62,386333.11,89.89,2.97,0.69,Yes,8.81,77.2,51.12,Tier 2
S00931,Supplier_931,India,Chemicals,85.71,3328.85,64.23,5546.77,2301.46,Compliant,ISO 9001,8.92,50424.99,92.94,2.35,0.37,Yes,44.47,74.07,137.02,Tier 1
S00932,Supplier_932,Indonesia,FMCG,88.21,2738.66,60.42,86413.43,2596.3,Partially Compliant,ISO 9001,9.13,133187.01,80.04,0.84,0.56,No,28.42,76.32,159.14,Tier 3
S00933,Supplier_933,India,Textiles,80.33,2783.44,49.96,75109.18,646.46,Non-Compliant,None,32.36,445323.73,88.01,3.69,0.52,Yes,12.39,55.72,123.37,Tier 2
S00934,Supplier_934,Vietnam,Automotive,42.34,2495.53,N/A,63765.04,1445.58,Non-Compliant,ISO 14001,83.66,462047.64,73.41,4.51,0.89,No,10.96,73.32,20.87,Tier 3
S00935,Supplier_935,Thailand,Plastics,75.55,2328.9,37.26,29148.35,3961.8,Non-Compliant,,80.85,462908.78,84.63,4.01,0.8,Yes,47.38,50.35,192.12,Tier 2
S00936,Supplier_936,Thailand,Chemicals,93.32,3084.39,65.74,86409.25,4829.87,Non-Compliant,ISO 45001,89.54,340491.81,85.05,4.28,0.47,Yes,8.28,71.71,148.03,Tier 1
S00937,Supplier_937,,Textiles,58.98,2298.97,86.12,5642.65,7056.96,Partially Compliant,ISO 9001,9.25,185928.9,80.25,1.07,0.53,No,11.93,40.5,100.92,Tier 1
S00938,Supplier_938,Singapore,Metals,89.14,2296.04,31.55,6675.52,857.17,Non-Compliant,ISO 14001,54.18,429793.52,93.12,0.13,0.67,No,47.66,26.4,163.35,Tier 2
S00939,Supplier_939,China,FMCG,83.55,3542.37,79.98,21933.51,9771.91,Compliant,ISO 14001,14.21,183865.73,87.28,1.04,0.33,Yes,7.49,45.52,77.76,Tier 1
S00940,Supplier_940,China,Automotive,77.59,4646.54,75.32,8206.15,4148.99,Non-Compliant,None,45.42,417418.68,93.06,2.12,0.88,Yes,37.73,94.15,104.29,Tier 1
S00941,Supplier_941,Malaysia,Textiles,65.09,2727.15,32.03,49774.86,8098.52,Non-Compliant,ISO 14001,80.98,258186.19,80.28,1.86,0.86,No,27.15,43.93,134.71,Tier 3
S00942,Supplier_942,India,Automotive,46.87,4678.94,38.43,4693.06,1133.37,Non-Compliant,ISO 45001,35.44,425650.2,98.27,1.05,0.47,Yes,12.57,56.06,33.69,Tier 2
S00943,Supplier_943,Indonesia,,76.41,807.82,93.95,81531.4,4635.75,Partially Compliant,ISO 45001,14.9,266508.99,91.3,3.0,0.98,Yes,39.49,30.67,85.42,Tier 1
S00944,Supplier_944,Indonesia,Plastics,52.33,3374.6,33.86,58774.65,1360.38,Partially Compliant,ISO 9001,48.58,478784.27,79.9,2.68,0.57,Yes,42.92,83.33,163.62,Tier 1
S00945,Supplier_945,Vietnam,Automotive,70.1,4190.75,55.91,15915.01,2134.54,Compliant,None,59.48,354882.11,76.76,4.41,0.48,,2.48,6.21,148.53,Tier 1
S00946,Supplier_946,,Metals,73.68,4552.59,42.15,29639.34,4036.76,,ISO 45001,32.7,327323.93,80.98,4.08,0.97,No,48.02,78.41,39.77,Tier 1
S00947,Supplier_947,China,Chemicals,46.81,5096.47,63.21,61903.1,3472.54,Compliant,ISO 14001,48.88,59008.59,86.24,3.79,0.41,No,6.65,65.15,184.44,Tier 3
S00948,Supplier_948,India,,57.34,3413.72,96.16,86219.95,4684.85,Compliant,ISO 9001,26.11,401513.4,75.59,1.24,0.6,Yes,4.91,7.55,180.74,Tier 1
S00949,Supplier_949,Singapore,Plastics,45.42,435.27,72.38,75885.24,5358.5,Partially Compliant,ISO 45001,6.76,191630.21,85.2,3.41,0.33,Yes,16.23,5.62,7.94,Tier 2
S00950,Supplier_950,China,Plastics,75.1,573.95,47.46,8456.75,8075.74,Non-Compliant,ISO 45001,25.99,258378.47,100.37,3.27,0.67,No,46.91,47.94,88.13,Tier 2
S00951,Supplier_951,Vietnam,Electronics,45.65,2703.0,76.49,82406.91,8790.35,Compliant,ISO 9001,26.29,320260.81,76.47,0.8,0.85,No,45.31,6.94,90.28,Tier 3
S00952,Supplier_952,Thailand,Textiles,76.83,4291.6,72.95,48688.74,1195.62,Non-Compliant,ISO 14001,45.86,114120.97,77.77,4.79,0.43,No,35.59,95.37,199.51,Tier 2
S00953,Supplier_953,Singapore,Electronics,80.61,3561.63,52.46,64570.91,1897.73,Non-Compliant,ISO 9001,22.48,509913.65,78.96,0.52,0.71,Yes,33.03,30.3,147.55,
S00954,Supplier_954,China,Plastics,82.71,1624.46,95.57,18188.77,2232.66,Compliant,ISO 14001,55.17,379064.15,69.36,2.65,0.55,No,1.52,55.79,117.8,Tier 3
S00955,Supplier_955,Indonesia,,60.53,1830.78,57.83,42124.86,5720.88,Partially Compliant,ISO 14001,34.61,121918.1,85.67,3.98,0.67,No,48.37,40.14,55.31,Tier 3
S00956,Supplier_956,Thailand,Chemicals,91.9,2899.49,95.6,87514.36,7606.72,Compliant,ISO 14001,76.41,147009.89,77.26,3.14,0.71,No,38.17,9.81,65.01,Tier 1
S00957,Supplier_957,India,FMCG,53.32,3924.57,55.48,13393.78,8570.11,Partially Compliant,,83.12,457159.49,70.97,2.69,0.48,Yes,35.69,39.67,91.1,Tier 1
S00958,Supplier_958,,Automotive,94.74,3504.53,59.31,27685.1,1497.03,Compliant,ISO 45001,9.76,411390.02,74.7,2.27,0.51,Yes,14.22,57.37,28.65,Tier 2
S00959,Supplier_959,Indonesia,Electronics,92.46,3840.77,39.56,81346.77,4710.44,Partially Compliant,ISO 14001,64.58,170573.05,86.21,2.97,0.95,Yes,18.91,28.88,108.16,Tier 3
S00960,Supplier_960,Indonesia,Chemicals,55.29,3753.26,38.63,19293.0,9296.27,Compliant,None,74.21,187011.32,88.42,3.43,0.42,No,46.97,1.1,171.62,Tier 3
S00961,Supplier_961,India,FMCG,82.97,865.51,33.0,20324.31,8864.64,Non-Compliant,,10.71,258591.89,72.18,3.47,0.34,Yes,35.17,89.35,19.29,Tier 3
S00962,Supplier_962,Singapore,Textiles,47.59,N/A,42.17,89355.44,7320.49,Partially Compliant,ISO 14001,68.9,363103.41,76.45,4.91,0.63,No,13.77,22.28,101.16,Tier 2
S00963,Supplier_963,Thailand,Plastics,58.37,3547.95,35.68,1226.83,8196.83,Partially Compliant,ISO 14001,6.04,430637.72,95.64,4.09,0.48,No,4.14,26.73,197.87,Tier 3
S00964,Supplier_964,Thailand,Plastics,38.3,353.23,87.9,8939.09,4876.4,Non-Compliant,None,6.95,438261.86,89.3,1.17,0.56,,16.56,79.98,166.88,Tier 1
S00965,Supplier_965,Indonesia,Plastics,63.91,2413.15,75.74,15295.82,8442.31,Non-Compliant,ISO 45001,65.2,332125.2,74.17,4.45,0.79,Yes,13.77,23.42,91.26,Tier 2
S00966,Supplier_966,Vietnam,Electronics,78.45,3749.62,37.03,75967.33,3569.34,Non-Compliant,ISO 14001,49.07,125618.62,96.13,0.57,0.76,Yes,32.2,95.76,46.69,Tier 2
S00967,Supplier_967,Malaysia,Electronics,42.77,103.41,44.84,59857.01,9106.82,Partially Compliant,ISO 14001,10.19,133418.17,93.25,2.66,0.77,No,25.5,29.17,56.73,
S00968,Supplier_968,Vietnam,Metals,59.41,3746.44,101.51,7833.32,9111.73,Partially Compliant,ISO 9001,22.06,238963.48,80.8,1.51,0.38,Yes,51.45,53.43,6.86,Tier 2
S00969,Supplier_969,India,FMCG,82.87,2396.51,92.48,78444.56,8896.09,Non-Compliant,ISO 45001,47.66,285489.17,90.11,2.71,0.49,No,32.67,60.33,86.53,Tier 2
S00970,Supplier_970,China,FMCG,45.07,3889.69,75.16,38414.93,7833.34,Compliant,ISO 14001,20.98,64601.7,72.81,0.66,0.51,Yes,7.55,63.17,57.81,Tier 3
S00971,Supplier_971,Malaysia,Automotive,43.33,650.06,57.88,61389.21,9377.11,Compliant,None,60.83,184686.93,94.94,1.01,0.88,Yes,29.28,26.39,129.19,Tier 1
S00972,Supplier_972,Thailand,Electronics,55.09,3821.29,50.02,72850.22,343.63,Partially Compliant,ISO 14001,30.77,356854.05,76.01,4.08,0.66,Yes,5.34,62.5,158.25,Tier 3
S00973,Supplier_973,China,Plastics,93.82,3308.31,47.81,39892.68,7302.63,Partially Compliant,None,12.72,65818.49,96.62,0.98,0.43,Yes,44.0,23.92,115.64,Tier 1
S00974,Supplier_974,China,Automotive,57.05,4689.32,68.71,70857.68,3546.19,Partially Compliant,ISO 45001,48.15,404606.41,75.81,3.83,0.57,No,13.98,43.12,81.38,
S00975,Supplier_975,,Electronics,71.76,3191.36,71.24,39775.84,8534.21,Partially Compliant,ISO 9001,38.26,253608.75,86.17,0.26,0.84,Yes,8.98,90.92,92.73,Tier 3
S00976,Supplier_976,China,FMCG,91.15,2952.41,65.4,65916.4,3965.86,Compliant,ISO 14001,58.38,218097.91,89.2,0.24,0.69,No,37.81,81.76,127.42,
S00977,Supplier_977,China,,43.54,3213.44,62.71,21318.7,8981.93,Non-Compliant,None,38.82,459572.76,87.61,4.39,0.54,No,23.03,92.75,70.22,Tier 2
S00978,Supplier_978,Singapore,FMCG,88.74,2856.29,N/A,91815.34,396.46,Compliant,ISO 14001,77.82,162940.25,78.67,3.38,0.96,No,12.72,8.72,13.11,Tier 3
S00979,Supplier_979,India,Chemicals,80.83,4659.58,66.91,76813.44,144.58,Non-Compliant,ISO 45001,59.4,341379.7,76.33,2.46,0.64,Yes,37.34,37.67,141.48,Tier 3
S00980,Supplier_980,China,Metals,70.92,3697.47,72.86,16109.07,4440.52,Non-Compliant,ISO 9001,65.27,253404.42,92.25,2.12,0.61,Yes,45.36,72.38,97.84,Tier 1
S00981,Supplier_981,India,Textiles,96.47,465.12,93.57,12364.42,6775.92,Compliant,None,37.72,46107.99,77.45,3.93,0.42,Yes,30.22,19.83,65.22,Tier 2
S00982,Supplier_982,Thailand,,55.3,1288.15,82.47,30608.89,2142.14,Non-Compliant,ISO 9001,9.29,366351.22,90.27,3.44,0.72,No,50.68,3.11,105.88,Tier 1
S00983,Supplier_983,Malaysia,Chemicals,69.82,4242.39,82.85,84847.78,195.44,Compliant,ISO 14001,36.23,456357.34,77.77,0.78,0.91,Yes,2.09,54.76,81.62,Tier 1
S00984,Supplier_984,Thailand,,84.75,2394.14,84.66,76118.72,3946.76,Partially Compliant,ISO 45001,47.93,88123.24,84.04,2.26,0.5,Yes,19.59,71.08,68.71,Tier 2
S00985,Supplier_985,Malaysia,FMCG,N/A,4677.76,91.92,59139.85,3352.84,Partially Compliant,ISO 14001,73.93,226313.99,74.7,1.41,0.43,No,21.93,90.52,154.85,Tier 1
S00986,Supplier_986,China,,44.41,1303.3,86.56,17838.46,5291.47,Compliant,ISO 45001,69.73,162593.86,85.5,1.29,0.93,No,40.44,55.78,164.24,Tier 3
S00987,Supplier_987,Indonesia,Metals,62.04,5089.36,37.31,19845.72,6045.13,Compliant,,40.5,333406.82,98.52,0.55,0.65,Yes,25.75,58.29,24.29,Tier 1
S00988,Supplier_988,Singapore,Chemicals,50.45,3373.24,73.0,17665.49,4969.67,Compliant,ISO 45001,16.1,233112.07,91.43,4.09,0.8,No,25.93,77.22,114.07,Tier 2
S00989,Supplier_989,China,FMCG,67.31,1054.24,60.49,20194.5,5672.05,Partially Compliant,None,52.78,74214.6,103.23,1.7,0.81,No,17.62,67.08,51.53,Tier 1
S00990,Supplier_990,Singapore,Automotive,64.25,4595.19,74.71,36964.21,2677.78,Compliant,ISO 45001,71.55,477504.2,67.07,0.61,0.88,No,47.44,15.87,180.7,Tier 3
S00991,Supplier_991,India,,45.43,1028.19,80.64,42345.61,638.98,Compliant,ISO 9001,14.21,236862.43,83.07,0.81,0.91,No,0.49,40.95,166.51,Tier 2
S00992,Supplier_992,China,FMCG,66.55,3019.99,101.19,23359.23,4151.42,Non-Compliant,ISO 14001,33.86,318192.0,84.77,4.14,0.59,Yes,19.28,75.89,122.4,Tier 2
S00993,Supplier_993,Indonesia,Chemicals,62.09,1595.07,88.54,64201.31,7858.98,Partially Compliant,ISO 45001,85.7,378577.62,93.16,0.91,0.4,Yes,16.76,16.42,171.9,Tier 1
S00994,Supplier_994,Malaysia,FMCG,53.37,4534.51,102.45,7680.91,6941.81,Compliant,None,26.22,312083.85,70.59,4.14,0.8,Yes,34.89,7.57,186.19,Tier 3
S00995,Supplier_995,Indonesia,Textiles,86.3,2273.15,65.48,23559.64,2698.8,Partially Compliant,ISO 9001,5.06,153653.22,74.85,2.35,0.88,Yes,20.2,7.65,163.58,Tier 3
S00996,Supplier_996,China,Automotive,43.96,3309.26,78.45,14009.89,2841.55,Non-Compliant,ISO 45001,52.1,87639.67,85.93,1.75,0.3,Yes,49.09,76.23,21.79,Tier 2
S00997,Supplier_997,India,Metals,88.51,2097.43,72.89,70621.09,8215.16,Compliant,None,26.69,140832.68,74.02,4.81,0.38,Yes,32.4,3.18,157.65,Tier 3
S00998,Supplier_998,Vietnam,Electronics,89.12,1248.14,60.36,33499.4,578.16,Compliant,ISO 9001,28.34,279935.17,79.64,4.96,0.58,Yes,5.16,53.17,134.8,Tier 2
S00999,Supplier_999,China,Plastics,86.36,3547.33,91.08,77289.53,3138.32,Partially Compliant,ISO 14001,61.6,378671.79,81.36,1.91,0.85,Yes,9.78,11.82,69.68,Tier 2
S01000,Supplier_1000,Thailand,Automotive,89.95,3867.42,37.33,61129.06,8078.58,Non-Compliant,ISO 45001,77.63,104962.98,93.18,0.83,1.0,Yes,24.62,40.95,100.84,Tier 3
S01001,Supplier_1001,Singapore,Plastics,72.8,3656.89,30.3,98478.11,690.98,Non-Compliant,None,47.77,130867.21,95.55,3.06,0.35,Yes,0.02,39.69,49.27,Tier 2
S01002,Supplier_1002,China,Textiles,54.79,2509.19,47.07,23737.4,6458.79,Partially Compliant,,76.65,320130.87,93.9,4.93,0.95,No,23.46,6.31,15.19,Tier 3
S01003,Supplier_1003,India,Electronics,72.03,3178.95,92.32,95576.39,5454.86,Partially Compliant,ISO 9001,54.4,1265.17,81.66,4.28,0.86,Yes,19.38,7.35,101.42,Tier 2
S01004,Supplier_1004,Indonesia,Textiles,65.93,3391.36,70.85,96823.02,2248.66,Compliant,,83.51,231694.79,73.89,3.15,0.64,No,36.12,78.01,43.53,Tier 3
S01005,Supplier_1005,Indonesia,FMCG,67.79,2961.47,100.7,5862.91,2623.59,Non-Compliant,ISO 9001,47.8,364723.79,94.73,1.79,0.45,No,1.67,77.75,184.21,Tier 2
S01006,Supplier_1006,Vietnam,Electronics,91.21,5006.48,33.15,49742.74,765.64,Compliant,ISO 45001,17.61,76518.55,98.97,2.61,0.86,No,36.23,84.54,180.68,Tier 2
S01007,Supplier_1007,Vietnam,Automotive,91.81,2774.74,33.83,32894.83,1626.18,Non-Compliant,None,29.45,63321.0,86.66,1.19,0.48,Yes,37.22,100.69,185.66,Tier 3
S01008,Supplier_1008,Vietnam,Textiles,52.23,1947.6,78.21,88228.71,9451.67,Non-Compliant,ISO 45001,13.34,65516.06,77.23,0.14,0.83,Yes,34.46,67.64,39.27,Tier 2
S01009,Supplier_1009,China,Plastics,45.48,3981.52,89.35,55624.17,4310.13,Compliant,ISO 14001,68.78,361062.98,74.94,2.64,0.86,No,27.5,74.66,136.3,Tier 3
S01010,Supplier_1010,Vietnam,Chemicals,47.47,4694.65,94.9,6400.92,162.72,Partially Compliant,ISO 9001,78.23,207817.14,67.67,2.79,0.74,Yes,13.67,94.12,102.93,Tier 2
S01011,Supplier_1011,Malaysia,Chemicals,62.49,3718.03,36.92,37394.78,5343.94,Non-Compliant,,71.82,452631.92,86.91,0.85,0.68,No,1.31,59.25,45.31,Tier 3
S01012,Supplier_1012,Thailand,Electronics,91.15,2556.4,32.68,48855.37,9638.95,Compliant,ISO 45001,75.07,336778.7,92.79,2.12,0.85,Yes,32.95,2.34,11.33,Tier 3
S01013,Supplier_1013,Indonesia,Chemicals,61.35,1488.9,34.53,69771.0,3590.52,Non-Compliant,None,35.52,105022.62,73.5,2.59,0.84,No,36.69,17.97,58.03,Tier 3
S01014,Supplier_1014,,Plastics,81.73,2656.88,32.85,37157.72,8922.71,Partially Compliant,None,30.01,422376.89,93.64,3.19,0.85,Yes,23.67,27.08,8.07,Tier 3
S01015,Supplier_1015,Indonesia,Electronics,63.4,4193.74,92.9,25295.57,1100.54,,ISO 14001,40.31,8634.6,76.06,4.78,0.81,Yes,20.72,7.16,105.24,Tier 2
S01016,Supplier_1016,Singapore,Metals,66.54,374.37,61.79,89736.77,5568.82,Compliant,None,73.78,331513.51,94.61,3.35,0.62,Yes,49.52,50.7,31.63,Tier 3
S01017,Supplier_1017,Vietnam,Textiles,81.99,3605.3,73.26,42894.94,2122.01,Non-Compliant,ISO 14001,22.47,345923.61,84.86,3.56,0.36,Yes,33.09,9.81,73.23,Tier 1
S01018,Supplier_1018,Thailand,Electronics,88.61,4818.94,84.43,74112.23,879.05,Partially Compliant,ISO 45001,17.75,126416.99,83.15,0.85,0.5,No,1.87,96.76,158.32,Tier 2
S01019,Supplier_1019,China,Automotive,54.97,2566.84,49.37,18937.14,2195.49,Partially Compliant,ISO 45001,72.21,207198.62,98.01,4.51,0.54,No,37.76,17.05,6.43,Tier 3
S01020,Supplier_1020,,Electronics,68.58,N/A,55.25,31757.14,9778.16,Partially Compliant,ISO 14001,12.06,190776.25,84.66,4.5,0.96,No,22.14,51.28,38.17,Tier 1
S01021,Supplier_1021,China,Metals,73.24,3702.95,35.69,57503.62,5353.95,Non-Compliant,None,52.08,365091.37,100.48,2.67,0.47,No,1.63,84.45,125.72,Tier 2
S01022,Supplier_1022,Indonesia,Metals,86.04,N/A,76.63,66616.57,5955.32,Compliant,ISO 9001,48.66,126655.34,90.59,2.19,0.82,No,41.94,19.04,165.11,Tier 2
S01023,Supplier_1023,China,Plastics,76.72,3534.79,91.91,13006.93,6486.34,Compliant,ISO 45001,79.59,149229.1,94.75,4.57,0.5,Yes,42.81,90.47,201.72,Tier 2
S01024,Supplier_1024,Indonesia,Automotive,64.77,866.44,82.98,51360.92,2406.88,Partially Compliant,ISO 45001,65.69,226736.73,98.2,0.83,0.77,No,0.15,7.13,99.86,Tier 3
S01025,Supplier_1025,Vietnam,Automotive,81.59,4275.93,88.95,77530.69,3934.62,Non-Compliant,None,37.97,447399.62,80.22,4.17,0.67,Yes,37.35,76.67,196.27,Tier 1
S01026,Supplier_1026,India,Automotive,N/A,3920.09,76.97,86503.03,1388.4,Compliant,ISO 14001,56.33,332328.58,84.01,4.18,0.33,No,45.29,39.92,145.23,Tier 1
S01027,Supplier_1027,Malaysia,Plastics,77.72,2494.94,73.48,75845.7,3593.25,Non-Compliant,ISO 45001,84.52,85861.38,89.37,4.17,0.88,No,25.85,48.57,57.87,
S01028,Supplier_1028,China,Chemicals,81.3,2884.97,58.68,23450.71,9680.88,Non-Compliant,ISO 45001,14.15,51975.09,78.91,2.98,0.67,Yes,35.75,0.62,46.23,Tier 2
S01029,Supplier_1029,Thailand,Automotive,84.06,1554.77,32.96,38767.75,7175.05,Compliant,ISO 14001,65.88,44982.41,79.8,1.38,0.5,Yes,48.22,86.1,27.34,Tier 3
S01030,Supplier_1030,India,Electronics,47.12,2212.08,86.22,18599.99,7447.31,Compliant,ISO 45001,93.31,64926.22,87.22,1.8,0.9,No,19.6,55.22,177.07,Tier 3
S01031,Supplier_1031,,Textiles,95.08,2325.06,43.55,96179.75,8033.98,Compliant,ISO 9001,18.39,226943.39,92.24,1.82,0.43,Yes,29.42,56.83,90.62,Tier 2
S01032,Supplier_1032,Malaysia,Chemicals,72.88,1216.3,74.09,40374.9,3229.54,Partially Compliant,ISO 45001,22.13,213099.0,72.73,1.9,0.41,Yes,18.06,86.99,208.25,Tier 1
S01033,Supplier_1033,Thailand,Textiles,90.53,3537.91,34.03,20717.29,2780.46,Compliant,ISO 45001,51.92,38157.23,81.1,1.41,0.74,Yes,43.02,94.68,85.95,Tier 2
S01034,Supplier_1034,Malaysia,Plastics,61.01,4106.77,83.25,84124.64,5219.79,Non-Compliant,,8.44,346215.99,91.31,1.11,0.61,No,17.82,65.23,143.38,Tier 1
S01035,Supplier_1035,Malaysia,Chemicals,85.94,4455.08,55.35,56662.89,6202.7,Non-Compliant,ISO 45001,85.55,446479.73,74.36,3.24,0.9,Yes,14.28,87.8,200.91,Tier 1
S01036,Supplier_1036,Indonesia,Metals,64.95,1646.49,38.12,6670.3,6375.79,Compliant,ISO 45001,46.11,457032.17,86.72,2.81,1.01,No,33.58,80.34,133.99,Tier 3
S01037,Supplier_1037,India,Textiles,50.41,1019.58,70.54,74597.79,7766.66,Non-Compliant,ISO 45001,6.72,345697.52,85.76,1.03,0.58,No,29.22,20.81,98.56,Tier 2
S01038,Supplier_1038,Thailand,FMCG,64.57,4291.26,50.05,6116.74,7465.97,Partially Compliant,ISO 45001,46.19,358130.52,79.47,0.73,1.02,No,32.49,91.02,57.29,Tier 2
S01039,Supplier_1039,China,Metals,50.66,2119.6,60.3,66754.18,4267.2,Non-Compliant,ISO 45001,43.31,382175.07,77.86,1.5,0.85,No,42.53,18.22,43.74,Tier 1
S01040,Supplier_1040,Singapore,Automotive,42.41,4187.54,35.26,77786.13,7019.02,Non-Compliant,None,65.23,15138.93,74.06,0.16,0.59,No,14.33,40.17,181.8,Tier 2
S01041,Supplier_1041,Indonesia,Metals,72.85,4524.47,93.58,19410.39,7515.32,Compliant,ISO 45001,37.28,436307.71,80.87,3.83,0.65,No,36.44,34.19,157.14,Tier 2
S01042,Supplier_1042,Malaysia,Textiles,41.61,2636.91,77.96,95347.72,2370.11,Non-Compliant,None,81.08,242251.55,99.84,4.63,0.43,Yes,18.47,51.85,127.97,Tier 1
S01043,Supplier_1043,Thailand,Metals,43.16,1310.24,57.96,88003.42,5946.89,Compliant,ISO 45001,66.62,349463.48,82.5,1.11,0.84,Yes,46.41,6.31,3.18,Tier 2
S01044,Supplier_1044,Vietnam,Chemicals,75.0,2383.78,73.98,85347.62,10162.83,Non-Compliant,ISO 14001,10.89,379152.95,82.49,1.56,0.94,No,45.96,8.75,55.38,Tier 1
S01045,Supplier_1045,China,Automotive,74.03,2511.99,86.63,42603.03,3234.09,Compliant,ISO 14001,43.27,135552.42,93.37,4.63,0.39,Yes,25.2,56.6,190.21,Tier 1
S01046,Supplier_1046,India,Automotive,53.61,2203.9,83.51,89315.37,6858.51,Non-Compliant,None,51.46,91204.13,80.04,1.47,0.29,Yes,40.46,27.66,86.06,Tier 1
S01047,Supplier_1047,Vietnam,Chemicals,49.2,2131.39,96.38,89180.2,4620.36,,,13.5,480147.63,98.78,2.15,0.44,No,40.59,86.48,191.72,Tier 2
S01048,Supplier_1048,,Chemicals,71.59,4365.82,74.82,93683.31,8803.82,Compliant,,25.92,467090.69,75.44,4.49,0.56,Yes,17.19,79.83,129.61,Tier 1
S01049,Supplier_1049,India,Metals,51.6,N/A,41.21,76294.77,3511.34,Partially Compliant,ISO 9001,30.53,129792.3,90.66,0.51,0.34,Yes,11.59,60.06,39.14,Tier 1
S01050,Supplier_1050,,Electronics,82.14,3554.6,61.82,75645.27,9192.61,Compliant,ISO 14001,38.93,406896.47,73.44,2.73,0.9,No,45.2,11.33,125.83,Tier 3
S01051,Supplier_1051,Thailand,Plastics,60.89,274.09,71.42,74452.33,1721.77,Non-Compliant,ISO 14001,25.29,241880.39,77.22,1.61,0.4,Yes,7.34,81.09,76.28,Tier 3
S01052,Supplier_1052,India,Automotive,96.66,747.86,63.7,42107.88,3270.41,Non-Compliant,ISO 9001,20.36,356391.61,73.18,4.45,0.47,No,44.58,61.88,89.65,Tier 3
S01053,Supplier_1053,China,Textiles,58.56,497.07,32.72,1983.3,551.33,Partially Compliant,ISO 14001,16.92,170245.23,70.88,2.66,0.53,,12.16,93.46,68.66,Tier 3
S01054,Supplier_1054,China,Metals,80.08,409.74,42.75,65178.86,3936.53,Non-Compliant,ISO 9001,48.96,270872.17,95.78,0.46,0.57,Yes,27.67,17.98,50.0,Tier 2
S01055,Supplier_1055,India,Textiles,61.47,3191.93,52.99,20009.1,510.05,Compliant,ISO 14001,52.35,335548.96,97.01,0.71,0.34,Yes,27.02,9.2,82.75,Tier 1
S01056,Supplier_1056,India,Electronics,47.13,2003.62,34.11,35822.98,7365.14,Compliant,ISO 45001,89.74,379675.56,89.41,2.22,0.85,Yes,30.03,86.82,96.69,Tier 1
S01057,Supplier_1057,Malaysia,FMCG,56.46,2336.31,73.2,58720.75,7246.38,,ISO 45001,49.84,300905.73,77.61,3.23,0.52,No,38.27,51.8,103.37,Tier 2
S01058,Supplier_1058,Indonesia,Electronics,90.75,4863.45,97.18,74424.64,6979.4,Partially Compliant,ISO 14001,77.88,75375.85,71.29,2.66,0.62,Yes,40.69,78.81,191.19,Tier 2
S01059,Supplier_1059,Malaysia,Electronics,68.01,4419.58,46.06,64961.75,5474.2,Partially Compliant,None,14.5,450662.83,80.32,3.48,0.32,No,21.82,103.33,91.78,Tier 2
S01060,Supplier_1060,Thailand,Automotive,N/A,4967.08,61.15,95606.19,2421.59,Non-Compliant,None,23.31,360748.0,84.77,3.01,1.0,Yes,50.32,14.56,189.6,Tier 1
S01061,Supplier_1061,China,Chemicals,58.92,3998.43,83.83,74739.3,8756.07,Compliant,ISO 45001,53.4,292197.28,91.1,0.41,0.39,Yes,12.86,5.2,135.33,Tier 3
S01062,Supplier_1062,Indonesia,Plastics,76.17,4908.58,58.65,9058.07,10174.2,Non-Compliant,ISO 9001,47.88,343946.48,93.84,2.2,0.32,No,6.0,37.29,76.45,Tier 1
S01063,Supplier_1063,Thailand,Electronics,60.47,3701.38,65.08,38019.23,8794.59,Non-Compliant,None,32.82,175832.87,84.12,4.31,0.37,Yes,45.56,29.12,58.61,Tier 3
S01064,Supplier_1064,Thailand,Chemicals,57.5,1296.89,43.47,5177.68,938.59,Compliant,ISO 14001,60.89,496167.59,90.26,2.3,0.9,,48.08,55.52,43.97,Tier 2
S01065,Supplier_1065,Vietnam,Chemicals,76.58,2527.24,70.86,64337.56,1269.25,Compliant,ISO 14001,71.33,25997.43,73.35,3.55,0.54,Yes,26.02,61.37,153.11,Tier 3
S01066,Supplier_1066,Thailand,FMCG,72.06,4041.74,34.99,9031.87,8559.19,Compliant,ISO 14001,36.62,115465.87,72.15,1.2,0.76,No,32.05,86.97,156.47,Tier 3
S01067,Supplier_1067,Malaysia,Metals,52.95,2116.38,44.75,29540.23,1718.07,Non-Compliant,ISO 9001,66.99,43503.18,80.92,0.3,1.01,Yes,13.88,47.03,48.46,Tier 2
S01068,Supplier_1068,Thailand,Plastics,45.57,1779.38,46.22,66530.3,10379.05,Non-Compliant,ISO 14001,39.4,242441.35,91.79,1.29,0.49,No,47.17,79.48,65.27,Tier 1
S01069,Supplier_1069,India,Electronics,82.84,1092.43,65.95,45925.46,7414.19,Partially Compliant,ISO 9001,33.18,457211.43,95.76,2.74,0.36,Yes,45.57,73.87,79.63,Tier 1
S01070,Supplier_1070,China,Textiles,47.25,3373.79,96.1,98785.26,525.6,,ISO 9001,63.22,184235.24,78.95,0.95,0.82,No,38.06,93.78,131.2,Tier 2
S01071,Supplier_1071,India,Chemicals,76.44,2540.98,81.1,98769.64,3569.57,Non-Compliant,None,10.67,500138.83,97.06,3.8,0.89,No,2.97,85.93,62.17,Tier 1
S01072,Supplier_1072,China,Automotive,74.36,908.93,50.77,36906.54,3675.97,Non-Compliant,ISO 45001,15.1,205673.86,88.28,3.82,0.55,No,30.64,26.52,85.83,Tier 2
S01073,Supplier_1073,,FMCG,67.04,4787.0,85.99,33388.54,4963.54,Non-Compliant,ISO 14001,41.31,105438.41,72.06,1.37,0.82,Yes,15.16,91.57,114.43,Tier 2
S01074,Supplier_1074,,FMCG,39.54,1541.14,94.71,9130.69,2879.19,Non-Compliant,ISO 45001,80.42,273025.12,80.51,1.66,0.79,No,12.93,76.47,159.92,Tier 2
S01075,Supplier_1075,India,Metals,45.95,3881.72,46.46,9685.7,2113.14,Partially Compliant,ISO 9001,67.09,462623.3,87.8,1.45,0.85,No,40.92,58.93,136.58,Tier 2
S01076,Supplier_1076,Thailand,,63.55,3256.38,44.45,51940.35,2656.59,Non-Compliant,ISO 9001,79.85,524002.88,75.84,0.37,0.52,Yes,40.85,34.76,179.03,Tier 3
S01077,Supplier_1077,India,Chemicals,48.42,4645.89,94.01,1219.58,5964.05,Compliant,ISO 9001,61.83,395478.63,76.21,4.52,0.8,Yes,23.0,14.26,94.82,Tier 1
S01078,Supplier_1078,Vietnam,Chemicals,71.29,4933.39,66.17,75863.65,105.39,Partially Compliant,ISO 9001,82.14,108369.97,84.46,2.47,0.89,No,49.26,85.7,175.52,Tier 2
S01079,Supplier_1079,Singapore,Plastics,39.03,3670.07,57.16,43256.09,2684.91,Non-Compliant,ISO 9001,25.23,27799.23,97.36,0.37,0.32,Yes,42.53,63.16,49.52,Tier 1
S01080,Supplier_1080,China,FMCG,59.41,2533.89,66.96,69046.21,6252.61,Compliant,ISO 9001,81.38,485722.72,92.63,0.42,0.85,Yes,36.53,20.58,97.98,Tier 2
S01081,Supplier_1081,Vietnam,FMCG,61.5,1962.95,62.47,71929.4,1949.32,Partially Compliant,ISO 9001,19.35,376539.23,73.56,2.99,0.64,Yes,35.59,79.13,115.29,Tier 3
S01082,Supplier_1082,Indonesia,Electronics,68.21,2501.05,59.3,94431.59,574.01,Partially Compliant,ISO 14001,77.03,326444.45,77.15,4.3,0.8,No,15.02,76.16,17.43,Tier 3
S01083,Supplier_1083,Singapore,Electronics,59.58,1136.77,96.68,9261.08,2361.46,Non-Compliant,ISO 45001,66.81,132470.32,69.96,0.89,0.75,Yes,9.96,36.52,95.28,Tier 3
S01084,Supplier_1084,Thailand,Metals,89.56,1203.61,48.96,63991.97,1876.82,Partially Compliant,ISO 45001,63.71,72385.75,85.95,4.21,0.35,Yes,4.59,92.44,122.66,Tier 2
S01085,Supplier_1085,China,Metals,69.47,862.23,55.33,76072.35,1726.76,Compliant,ISO 14001,59.28,296432.97,86.51,2.09,0.43,No,27.13,50.26,171.47,Tier 1
S01086,Supplier_1086,Indonesia,FMCG,62.36,1605.7,33.41,3137.74,4000.37,,ISO 45001,59.62,355509.58,100.63,3.48,0.52,No,12.67,93.48,120.99,Tier 2
S01087,Supplier_1087,Singapore,Plastics,44.22,1147.05,35.09,24103.8,8507.91,Partially Compliant,ISO 14001,54.45,26950.94,74.99,3.05,0.53,Yes,32.69,28.94,161.44,Tier 3
S01088,Supplier_1088,China,Automotive,77.93,3973.49,75.21,23246.49,2883.3,Compliant,ISO 9001,73.01,396512.74,89.84,1.14,0.6,No,44.47,61.83,16.53,Tier 1
S01089,Supplier_1089,China,Electronics,42.53,1689.55,91.15,6163.22,3789.79,Compliant,None,76.12,390593.77,86.36,0.86,0.32,No,0.61,74.59,76.24,Tier 2
S01090,Supplier_1090,Indonesia,,64.03,4197.97,51.79,55263.72,6670.74,Compliant,ISO 45001,71.45,489000.38,77.79,3.9,0.69,,4.81,90.94,49.35,Tier 1
S01091,Supplier_1091,Singapore,Chemicals,57.44,4650.66,75.89,71113.12,8186.34,Compliant,ISO 9001,37.24,38882.38,80.07,4.19,0.58,Yes,7.39,81.54,99.51,Tier 3
S01092,Supplier_1092,Thailand,FMCG,69.64,1810.64,72.55,59940.59,1866.31,Partially Compliant,None,28.81,484929.91,98.46,0.54,0.48,Yes,7.28,28.7,86.44,Tier 2
S01093,Supplier_1093,Vietnam,FMCG,44.94,4339.67,76.09,12347.5,1841.91,Non-Compliant,ISO 45001,44.26,392617.93,97.38,2.53,0.52,No,10.04,52.58,136.38,Tier 1
S01094,Supplier_1094,Indonesia,Metals,79.55,2081.97,65.05,23071.02,3538.19,Non-Compliant,ISO 14001,30.47,373868.91,82.32,0.79,0.38,No,24.54,30.32,100.63,Tier 1
S01095,Supplier_1095,Indonesia,Textiles,67.61,4708.34,55.82,62403.31,1820.63,Compliant,ISO 45001,27.8,479608.82,77.76,3.3,0.4,,46.71,85.43,53.24,Tier 2
S01096,Supplier_1096,Malaysia,Chemicals,70.69,1272.09,53.2,102770.27,2891.68,Compliant,None,55.48,21551.1,92.21,5.1,0.4,No,19.21,8.35,197.45,Tier 2
S01097,Supplier_1097,Vietnam,Chemicals,92.58,1199.75,62.35,63280.59,7103.5,Partially Compliant,ISO 14001,83.17,175832.28,69.93,4.41,0.43,No,17.62,97.07,54.31,Tier 2
S01098,Supplier_1098,Vietnam,Electronics,56.83,1247.36,57.89,48955.74,7726.79,Non-Compliant,ISO 14001,50.64,210026.93,68.84,4.13,0.84,,25.97,42.33,63.7,Tier 1
S01099,Supplier_1099,Malaysia,FMCG,81.46,660.55,83.31,61942.69,3649.98,Compliant,ISO 14001,86.17,324612.61,93.51,4.72,0.64,Yes,16.1,16.59,162.43,Tier 2
S01100,Supplier_1100,Vietnam,Metals,57.11,3096.62,52.27,98353.11,7090.42,Compliant,ISO 45001,54.31,417946.78,95.09,3.03,0.57,Yes,39.97,49.07,93.18,Tier 2
S01101,Supplier_1101,India,Metals,59.03,402.29,93.61,97594.27,9073.29,Partially Compliant,None,18.65,266568.11,93.17,1.9,0.49,Yes,34.63,68.23,115.87,Tier 2
S01102,Supplier_1102,Indonesia,FMCG,48.41,741.33,89.44,40569.4,7557.79,Partially Compliant,None,43.89,415165.45,96.8,0.44,0.83,No,10.67,12.85,27.13,Tier 1
S01103,Supplier_1103,Singapore,Electronics,41.63,3178.8,47.08,18151.38,5729.35,Non-Compliant,ISO 14001,29.29,191684.71,72.28,1.42,0.44,Yes,28.31,29.94,59.2,Tier 1
S01104,Supplier_1104,Vietnam,FMCG,90.13,1971.6,90.64,22956.01,4960.39,Compliant,ISO 14001,60.0,413040.52,92.31,0.33,0.52,Yes,48.8,85.19,116.8,Tier 3
S01105,Supplier_1105,China,FMCG,57.76,2939.08,32.75,67413.5,3400.38,Partially Compliant,ISO 45001,55.86,62629.65,81.09,1.12,0.76,No,7.38,61.68,81.35,Tier 3
S01106,Supplier_1106,Malaysia,FMCG,74.0,2411.92,49.56,54447.67,2963.49,Non-Compliant,ISO 14001,6.78,281501.54,90.62,1.11,0.48,No,1.33,45.22,60.79,Tier 3
S01107,Supplier_1107,Indonesia,Electronics,99.11,794.01,65.41,73371.67,3992.84,Non-Compliant,ISO 14001,35.39,208834.26,85.78,1.64,0.66,No,24.03,19.66,191.56,Tier 3
S01108,Supplier_1108,India,Electronics,74.5,4607.23,73.66,66160.61,1825.28,Partially Compliant,ISO 45001,73.46,68424.55,81.51,3.07,0.8,Yes,18.9,49.78,67.74,Tier 3
S01109,Supplier_1109,Indonesia,Chemicals,68.24,396.52,37.04,49550.78,4145.72,Partially Compliant,ISO 14001,75.24,223456.87,81.41,4.64,0.96,No,35.9,37.48,70.26,Tier 2
S01110,Supplier_1110,China,Electronics,44.8,3823.5,92.16,57148.42,9060.72,Non-Compliant,ISO 9001,33.24,467021.35,86.32,3.54,0.55,Yes,28.08,71.43,41.55,Tier 1
S01111,Supplier_1111,Indonesia,Plastics,42.26,1371.72,90.4,6288.27,4116.19,Partially Compliant,ISO 45001,79.07,166657.22,79.52,2.6,0.94,No,0.62,10.16,2.92,Tier 3
S01112,Supplier_1112,Indonesia,Plastics,50.7,372.49,30.18,23462.64,1663.05,Non-Compliant,ISO 14001,11.36,95539.72,75.24,0.15,0.35,No,28.53,38.74,35.5,Tier 2
S01113,Supplier_1113,Malaysia,Chemicals,83.04,1868.07,72.43,50943.96,4183.84,Partially Compliant,ISO 14001,18.83,358756.68,93.43,4.98,0.59,No,45.32,48.47,66.19,Tier 2
S01114,Supplier_1114,Malaysia,Automotive,56.01,4271.66,65.16,29340.07,7619.9,Partially Compliant,ISO 45001,32.58,298104.76,82.87,1.89,0.62,Yes,34.27,75.37,151.49,Tier 1
S01115,Supplier_1115,India,Textiles,68.66,N/A,75.45,98264.89,6275.46,Non-Compliant,ISO 9001,31.94,384965.78,91.85,1.85,0.71,Yes,37.45,12.37,35.31,Tier 2
S01116,Supplier_1116,China,Chemicals,77.34,2113.02,56.51,16520.94,5944.14,Partially Compliant,ISO 45001,87.97,426031.35,87.46,3.34,0.73,No,13.12,25.98,122.21,Tier 3
S01117,Supplier_1117,Thailand,Plastics,44.79,1036.65,73.88,31917.62,4298.82,Compliant,ISO 14001,28.65,208711.03,97.64,2.5,0.71,Yes,42.64,69.49,52.8,Tier 1
S01118,Supplier_1118,Singapore,Plastics,69.11,836.84,43.06,48098.79,3116.28,Compliant,ISO 9001,19.86,54448.41,72.85,1.38,0.51,No,20.14,76.73,143.46,Tier 2
S01119,Supplier_1119,Vietnam,Metals,85.73,4645.51,36.49,88774.04,7067.71,Compliant,ISO 45001,37.55,64407.29,73.01,2.43,0.73,,16.5,94.01,60.07,Tier 2
S01120,Supplier_1120,Indonesia,Plastics,61.23,3857.76,74.18,85994.14,378.62,Non-Compliant,None,58.37,324804.82,78.67,1.47,0.79,Yes,40.78,96.3,45.68,Tier 2
S01121,Supplier_1121,India,Automotive,43.61,4013.68,76.03,36519.77,5943.09,Partially Compliant,None,59.94,448982.62,73.61,4.66,0.97,Yes,0.73,81.08,157.7,Tier 3
S01122,Supplier_1122,Vietnam,Automotive,90.78,4716.34,35.22,84025.62,535.77,Compliant,ISO 45001,11.59,75081.12,93.99,1.66,0.33,No,39.89,33.04,26.17,Tier 3
S01123,Supplier_1123,Indonesia,,43.24,3783.99,42.47,21937.68,8103.72,Compliant,ISO 45001,41.82,351510.88,86.15,2.56,0.76,Yes,29.84,87.1,26.17,Tier 2
S01124,Supplier_1124,India,Plastics,40.17,3050.46,95.76,56299.08,2949.21,Compliant,ISO 14001,42.76,348515.85,83.82,4.76,0.48,Yes,5.59,20.38,61.65,
S01125,Supplier_1125,Thailand,Textiles,53.94,4118.08,44.43,73139.28,916.25,Compliant,None,18.42,439926.22,79.11,0.35,0.52,Yes,4.81,96.77,191.06,Tier 1
S01126,Supplier_1126,India,FMCG,78.87,4487.16,32.48,89423.09,4944.63,Non-Compliant,ISO 45001,70.84,17812.55,68.55,2.0,0.41,No,25.11,25.31,84.66,Tier 3
S01127,Supplier_1127,Malaysia,Metals,82.98,3171.31,74.55,58547.73,520.76,Non-Compliant,ISO 45001,35.5,338642.13,69.92,0.86,0.45,No,45.24,88.99,11.68,
S01128,Supplier_1128,Malaysia,Plastics,84.67,597.7,31.75,28831.34,7139.67,Non-Compliant,ISO 45001,42.2,21923.09,86.96,4.08,0.91,Yes,13.19,93.97,195.49,Tier 2
S01129,Supplier_1129,Vietnam,Electronics,57.65,3900.56,78.78,68845.71,6976.28,,ISO 9001,20.18,99819.65,84.51,2.1,0.97,No,45.87,44.45,94.91,Tier 3
S01130,Supplier_1130,Vietnam,FMCG,71.59,641.26,55.09,78158.27,3702.58,Partially Compliant,ISO 45001,68.19,337731.73,70.86,4.7,0.74,No,6.14,31.61,27.98,Tier 2
S01131,Supplier_1131,India,Chemicals,93.16,4298.13,62.22,17637.87,1991.95,Compliant,ISO 14001,44.18,382631.48,85.16,0.6,0.45,No,6.66,73.66,166.29,Tier 1
S01132,Supplier_1132,China,Electronics,78.71,846.91,37.13,39088.35,5515.24,Non-Compliant,ISO 45001,27.46,313988.36,83.92,3.43,0.99,No,38.58,52.74,181.9,Tier 2
S01133,Supplier_1133,China,Textiles,81.66,3551.65,39.58,39341.16,4132.48,Compliant,ISO 45001,32.94,292749.77,91.66,0.97,0.89,No,33.42,76.31,33.42,Tier 2
S01134,Supplier_1134,Malaysia,Plastics,41.59,3391.91,89.15,91213.33,6687.38,Compliant,ISO 14001,53.43,352661.46,83.75,2.91,0.37,Yes,26.18,93.82,137.9,Tier 2
S01135,Supplier_1135,Thailand,,70.78,2144.07,72.18,75606.09,9369.46,Non-Compliant,,55.46,185739.12,89.19,0.72,0.48,No,11.81,79.45,128.95,Tier 1
S01136,Supplier_1136,Thailand,Electronics,86.99,4727.22,70.54,88897.5,5628.61,Compliant,ISO 14001,31.91,414277.3,76.25,2.12,0.95,Yes,39.83,38.99,138.53,Tier 1
S01137,Supplier_1137,Indonesia,Automotive,93.04,3249.95,95.04,49530.48,7531.31,Compliant,ISO 45001,81.04,282388.42,92.81,5.08,0.66,Yes,8.72,55.78,116.62,
S01138,Supplier_1138,China,Textiles,57.5,4698.39,43.03,64481.67,5190.49,Compliant,None,47.36,331251.65,91.13,0.43,0.35,No,41.44,24.1,120.97,Tier 2
S01139,Supplier_1139,China,Metals,81.56,1635.76,76.45,53150.52,10319.3,Partially Compliant,None,63.18,131657.62,83.7,1.47,0.72,Yes,35.06,17.18,113.52,Tier 1
S01140,Supplier_1140,Thailand,Chemicals,76.09,3404.54,37.27,87976.52,7990.6,Compliant,ISO 14001,61.1,381799.52,85.16,1.68,0.94,Yes,44.82,89.67,165.51,Tier 3
S01141,Supplier_1141,Thailand,Plastics,70.1,2819.27,41.79,82016.54,5418.08,Non-Compliant,ISO 45001,30.15,377356.45,73.38,3.79,0.44,No,31.86,12.48,18.23,Tier 2
S01142,Supplier_1142,Vietnam,Plastics,51.34,4444.9,98.36,13016.62,8520.49,Non-Compliant,ISO 9001,78.87,400226.81,97.14,1.15,0.52,Yes,5.85,35.98,135.27,Tier 1
S01143,Supplier_1143,Thailand,Metals,57.54,4275.96,29.77,60254.74,7457.55,Compliant,None,40.47,125630.91,88.36,0.39,0.93,No,3.19,79.51,50.68,Tier 2
S01144,Supplier_1144,Singapore,Electronics,80.32,4231.2,31.39,57639.91,4061.59,Non-Compliant,ISO 45001,5.35,442210.25,85.08,2.74,0.71,Yes,36.52,84.0,14.59,Tier 2
S01145,Supplier_1145,Thailand,Textiles,42.3,4240.53,65.96,63567.74,1316.59,Partially Compliant,ISO 9001,11.58,266206.89,92.67,2.15,0.63,No,5.14,53.46,70.01,Tier 1
S01146,Supplier_1146,Vietnam,FMCG,62.94,684.52,81.5,3631.48,1009.89,Non-Compliant,ISO 45001,20.66,65688.43,83.97,1.64,0.67,Yes,12.1,40.65,143.6,Tier 1
S01147,Supplier_1147,Thailand,Metals,94.08,2446.34,88.1,74690.85,7628.52,Compliant,ISO 45001,43.17,148471.85,98.89,1.74,0.32,Yes,1.67,29.76,178.55,Tier 2
S01148,Supplier_1148,India,FMCG,56.22,642.37,47.21,55168.6,2092.78,Non-Compliant,ISO 9001,81.98,230061.49,83.4,0.71,0.68,Yes,27.6,78.5,12.3,Tier 1
S01149,Supplier_1149,Vietnam,FMCG,67.67,3859.47,68.58,59380.19,1535.93,Partially Compliant,None,52.67,12527.13,77.99,4.76,0.72,No,18.64,23.42,43.58,Tier 3
S01150,Supplier_1150,India,Metals,44.73,1136.83,41.37,66978.44,7827.61,Partially Compliant,ISO 14001,59.34,155934.3,83.73,4.95,0.66,Yes,1.19,16.59,193.27,Tier 3
S01151,Supplier_1151,Singapore,Textiles,92.76,1521.66,47.24,61032.73,1092.37,Compliant,ISO 14001,39.16,190386.66,88.22,0.78,0.93,No,44.72,63.16,191.65,Tier 2
S01152,Supplier_1152,China,Plastics,59.69,2552.92,95.94,75148.4,7451.72,Compliant,None,68.99,25679.22,88.33,4.47,0.7,No,18.43,17.88,152.1,Tier 2
S01153,Supplier_1153,Vietnam,Chemicals,88.04,1938.7,78.84,37567.43,7573.67,Compliant,ISO 9001,28.17,222145.75,86.66,0.21,0.95,No,22.58,42.62,185.47,Tier 3
S01154,Supplier_1154,Indonesia,FMCG,70.89,4026.44,82.02,75956.28,1169.69,Compliant,None,34.36,322671.01,88.99,0.29,0.91,No,13.57,25.97,10.6,Tier 2
S01155,Supplier_1155,Singapore,Electronics,50.57,4948.47,58.17,19425.5,1128.38,Partially Compliant,ISO 9001,41.28,463223.86,95.06,1.87,0.6,No,27.65,56.38,64.36,Tier 3
S01156,Supplier_1156,Malaysia,,75.12,2247.59,57.12,47897.11,3104.78,Compliant,ISO 45001,26.32,176893.07,76.08,3.61,0.6,Yes,17.76,9.68,23.58,Tier 1
S01157,Supplier_1157,India,Electronics,58.21,702.42,93.68,68968.15,3452.84,Partially Compliant,ISO 9001,84.85,108110.99,82.59,1.47,0.85,No,46.85,71.77,163.7,Tier 1
S01158,Supplier_1158,China,Textiles,75.42,4796.54,29.77,51261.99,1862.32,Compliant,ISO 14001,60.05,498011.39,77.46,3.12,0.85,Yes,9.94,24.25,157.72,Tier 1
S01159,Supplier_1159,Thailand,Electronics,61.11,3615.5,39.19,17855.82,8588.98,Non-Compliant,ISO 14001,47.31,335750.29,92.11,0.35,0.65,No,37.73,18.67,146.06,Tier 1
S01160,Supplier_1160,,Metals,42.36,3199.74,63.1,16829.09,1159.55,Compliant,ISO 45001,47.53,290666.96,74.91,3.98,0.32,No,47.67,67.01,159.0,Tier 3
S01161,Supplier_1161,Vietnam,Chemicals,66.74,2520.75,78.78,56391.35,8054.02,Compliant,ISO 14001,31.12,276781.75,72.51,4.86,0.7,No,6.95,17.89,158.04,
S01162,Supplier_1162,India,Metals,48.13,1071.33,86.88,59738.78,8542.2,Partially Compliant,ISO 14001,87.77,370704.47,72.19,2.16,0.96,Yes,42.43,51.77,185.92,Tier 3
S01163,Supplier_1163,Malaysia,Metals,52.53,2939.43,56.39,31306.02,10194.35,Partially Compliant,None,21.04,422786.13,68.69,3.22,0.74,No,26.29,30.42,189.33,Tier 3
S01164,Supplier_1164,Indonesia,Textiles,79.88,3114.8,69.32,25236.03,2084.17,Non-Compliant,None,45.03,200550.89,79.94,2.93,0.4,Yes,0.96,80.98,121.82,Tier 3
S01165,Supplier_1165,Vietnam,Chemicals,87.41,190.28,90.11,73307.69,1076.33,,None,32.81,10924.42,84.13,4.8,0.75,No,13.61,11.23,184.73,Tier 3
S01166,Supplier_1166,Singapore,Automotive,N/A,4016.9,94.23,73357.94,7382.7,Compliant,ISO 14001,26.86,401749.6,77.84,3.47,0.73,No,13.69,21.03,19.33,Tier 3
S01167,Supplier_1167,China,Electronics,92.57,2182.53,71.02,32141.41,9514.87,Partially Compliant,None,28.8,169505.19,78.14,1.27,0.89,Yes,17.72,20.22,136.13,Tier 2
S01168,Supplier_1168,India,FMCG,56.52,5123.47,93.48,58143.7,2110.17,Partially Compliant,ISO 9001,54.46,177274.03,88.75,4.35,0.9,No,29.48,69.67,126.14,Tier 2
S01169,Supplier_1169,,Chemicals,50.36,4352.89,92.41,87037.33,2045.89,Compliant,ISO 14001,12.8,128967.26,73.83,0.27,0.3,No,42.01,10.41,27.88,Tier 3
S01170,Supplier_1170,Thailand,Chemicals,80.7,4754.29,61.05,50834.43,8648.97,Non-Compliant,ISO 14001,13.79,231749.93,92.74,1.76,0.46,Yes,21.52,51.93,37.26,Tier 1
S01171,Supplier_1171,Vietnam,Textiles,74.94,1926.52,95.84,87327.85,8945.31,Partially Compliant,ISO 45001,25.19,89161.23,80.65,2.84,0.44,No,22.5,51.47,123.76,Tier 3
S01172,Supplier_1172,Malaysia,Metals,59.72,2390.31,48.93,94683.02,5838.26,Non-Compliant,ISO 14001,67.93,167958.52,76.13,2.04,0.3,No,46.7,8.4,43.33,
S01173,Supplier_1173,India,Plastics,67.73,N/A,77.85,65417.85,2548.49,Compliant,ISO 45001,21.37,17177.27,76.31,3.23,0.59,Yes,28.25,47.96,113.96,Tier 3
S01174,Supplier_1174,Malaysia,Metals,49.98,787.28,34.42,51265.27,281.97,Compliant,None,17.0,17021.0,70.16,3.17,0.77,Yes,44.75,54.43,47.4,Tier 3
S01175,Supplier_1175,Singapore,Plastics,42.2,1521.01,80.79,44129.24,7627.24,Partially Compliant,ISO 45001,28.59,451327.91,89.62,3.22,0.43,No,17.1,13.3,160.52,Tier 3
S01176,Supplier_1176,Indonesia,FMCG,78.79,648.78,67.28,20716.4,7097.37,Compliant,ISO 9001,55.39,22079.22,92.91,1.55,0.67,Yes,13.66,12.45,52.97,Tier 1
S01177,Supplier_1177,Thailand,Electronics,52.97,4670.52,79.83,24251.25,5921.14,Compliant,ISO 9001,48.59,26292.02,82.54,2.36,0.72,Yes,31.4,76.11,87.8,
S01178,Supplier_1178,Indonesia,FMCG,67.54,3577.73,37.22,33348.25,7522.05,Non-Compliant,ISO 9001,55.88,115559.22,78.43,2.76,0.88,No,22.36,0.77,72.26,Tier 1
S01179,Supplier_1179,Singapore,Automotive,86.93,2164.06,79.04,10408.98,1898.2,Non-Compliant,ISO 45001,80.97,481683.2,86.46,4.63,0.93,No,34.58,1.24,51.13,Tier 2
S01180,Supplier_1180,Singapore,Textiles,47.82,4857.25,58.11,70436.38,8867.25,Partially Compliant,ISO 14001,65.74,212100.47,87.11,0.64,0.53,Yes,48.15,6.97,114.45,Tier 1
S01181,Supplier_1181,Thailand,Textiles,81.27,3051.05,95.65,60408.72,8718.38,Compliant,ISO 9001,63.29,260077.15,102.81,4.18,0.72,No,42.83,3.64,42.84,Tier 1
S01182,Supplier_1182,Thailand,Electronics,71.46,4728.85,34.7,86056.4,8269.06,Partially Compliant,ISO 45001,35.84,387151.44,101.44,2.75,0.65,Yes,47.93,72.36,132.91,Tier 3
S01183,Supplier_1183,Singapore,Chemicals,70.93,3393.49,45.1,1490.63,8794.66,Partially Compliant,ISO 9001,67.53,228700.11,80.69,1.82,0.77,No,34.01,96.09,121.49,
S01184,Supplier_1184,Vietnam,Chemicals,84.44,2942.01,65.11,66032.52,2259.72,Partially Compliant,ISO 45001,47.65,470721.29,79.46,1.32,0.56,Yes,15.65,95.02,160.62,Tier 2
S01185,Supplier_1185,China,,57.38,4450.62,40.08,92786.59,1769.86,Compliant,ISO 9001,48.91,242182.05,90.39,2.48,0.84,No,27.81,43.72,140.88,Tier 1
S01186,Supplier_1186,Vietnam,Plastics,42.32,309.12,74.11,37143.48,5156.29,Partially Compliant,ISO 9001,51.65,303536.28,103.2,4.73,0.92,No,20.98,58.99,66.24,Tier 2
S01187,Supplier_1187,Thailand,Metals,59.05,N/A,100.38,66905.75,6170.81,Compliant,ISO 14001,20.19,264038.97,91.72,1.26,0.55,Yes,1.45,49.9,154.8,Tier 2
S01188,Supplier_1188,Malaysia,Plastics,92.41,4434.48,93.0,84077.1,8990.41,Non-Compliant,ISO 9001,37.3,307544.52,92.6,4.9,0.35,Yes,27.97,21.75,74.08,Tier 3
S01189,Supplier_1189,Singapore,Automotive,44.45,390.74,46.89,94661.47,1668.78,Non-Compliant,ISO 9001,65.61,193238.53,85.4,1.71,0.84,Yes,22.82,79.34,50.4,Tier 1
S01190,Supplier_1190,Indonesia,Automotive,71.77,4565.35,63.81,71042.89,5934.1,Compliant,ISO 14001,52.22,74271.55,87.47,4.32,0.69,No,50.28,40.43,58.46,Tier 1
S01191,Supplier_1191,Thailand,Automotive,57.64,2330.48,75.26,44281.08,7543.8,Non-Compliant,ISO 14001,49.45,470205.52,81.53,0.42,0.79,Yes,8.37,14.68,114.29,Tier 2
S01192,Supplier_1192,India,Textiles,67.47,1003.07,78.01,7907.42,1648.74,Compliant,ISO 14001,52.96,454437.4,91.41,2.49,0.64,Yes,45.64,74.09,70.96,Tier 1
S01193,Supplier_1193,China,FMCG,63.17,1109.01,78.05,31005.06,5835.89,Compliant,ISO 45001,66.31,1486.81,79.4,2.78,0.52,No,10.92,37.49,61.92,Tier 3
S01194,Supplier_1194,China,Automotive,81.17,3251.74,96.79,52406.42,10011.76,Non-Compliant,ISO 9001,85.35,75257.87,81.23,1.27,0.82,No,8.11,68.54,65.19,Tier 1
S01195,Supplier_1195,,Textiles,90.5,4470.11,94.48,12675.01,1174.96,Non-Compliant,ISO 9001,68.29,97578.37,99.29,2.17,0.32,Yes,33.97,25.61,114.97,Tier 2
S01196,Supplier_1196,India,Chemicals,80.97,128.25,77.51,42367.72,4305.59,Partially Compliant,None,14.29,418945.47,72.5,0.13,0.34,No,43.68,98.87,27.92,Tier 3
S01197,Supplier_1197,Singapore,Metals,79.33,2407.63,90.09,86185.65,5515.4,Non-Compliant,ISO 45001,33.12,247666.13,102.16,4.35,0.45,No,44.23,70.82,108.23,Tier 1
S01198,Supplier_1198,India,FMCG,84.32,2500.86,82.53,91705.82,3380.41,Partially Compliant,ISO 9001,46.18,457560.42,83.0,1.64,0.66,No,1.74,32.0,12.16,Tier 1
S01199,Supplier_1199,India,Metals,70.5,4243.61,85.06,27575.28,10011.87,Compliant,ISO 14001,27.54,235764.94,93.9,3.8,0.43,No,39.14,71.11,139.84,Tier 3
S01200,Supplier_1200,Indonesia,Textiles,67.58,4944.47,30.9,29973.62,2995.35,Partially Compliant,ISO 45001,8.23,374870.99,92.82,4.46,0.62,Yes,20.44,42.9,33.86,Tier 2
S01201,Supplier_1201,Malaysia,Chemicals,81.13,805.78,65.09,63181.05,9780.49,Compliant,ISO 14001,18.37,474295.24,93.07,0.63,0.82,Yes,11.86,15.05,96.71,Tier 3
S01202,Supplier_1202,,Textiles,61.17,2664.16,43.55,58373.5,6545.29,Partially Compliant,ISO 9001,4.98,102618.86,95.64,1.79,0.68,Yes,49.18,95.17,31.39,Tier 1
S01203,Supplier_1203,,Electronics,90.86,1535.55,78.86,78867.44,4380.24,Partially Compliant,ISO 14001,36.99,276618.6,73.18,0.35,0.83,Yes,19.01,52.47,1.21,Tier 1
S01204,Supplier_1204,India,Metals,41.2,3303.43,73.44,50146.86,9739.69,,ISO 9001,25.53,78210.03,75.47,3.81,0.56,Yes,15.94,78.96,88.19,Tier 1
S01205,Supplier_1205,Malaysia,Textiles,97.89,483.35,71.24,28638.49,3028.22,Non-Compliant,None,33.48,263479.35,81.17,3.98,1.02,No,30.7,7.83,64.52,Tier 2
S01206,Supplier_1206,India,Textiles,78.91,3810.28,98.74,70555.52,6166.26,Compliant,ISO 9001,25.96,33269.96,92.06,1.63,0.58,Yes,36.36,61.52,101.14,
S01207,Supplier_1207,Indonesia,Textiles,54.21,4494.64,61.31,13869.84,1064.56,Non-Compliant,ISO 45001,64.21,78374.29,88.03,3.74,0.44,No,1.61,46.8,41.05,Tier 1
S01208,Supplier_1208,China,Electronics,45.94,4590.64,94.25,91201.37,3253.45,Partially Compliant,ISO 9001,43.97,208082.72,86.89,2.03,0.72,Yes,22.22,56.7,22.46,Tier 2
S01209,Supplier_1209,China,FMCG,46.51,5040.15,72.53,29908.26,7220.91,Partially Compliant,None,37.16,379756.8,80.54,2.65,0.42,No,39.25,7.12,104.09,Tier 3
S01210,Supplier_1210,Singapore,FMCG,81.85,2885.12,66.72,25067.84,7080.85,Partially Compliant,ISO 9001,62.09,108214.77,90.28,1.42,0.48,No,25.15,96.33,75.27,
S01211,Supplier_1211,Thailand,Metals,93.17,225.4,74.12,90605.56,10159.87,Non-Compliant,ISO 9001,15.84,33909.26,71.54,2.7,0.93,No,6.44,63.2,81.29,Tier 1
S01212,Supplier_1212,Thailand,FMCG,48.11,3122.62,57.12,10225.59,3033.86,Non-Compliant,ISO 45001,46.12,464833.32,100.18,2.52,0.93,Yes,46.05,23.73,100.51,Tier 1
S01213,Supplier_1213,Thailand,FMCG,79.92,193.56,77.33,62982.5,1466.58,Compliant,,6.69,377455.87,74.93,0.29,0.86,Yes,26.45,91.73,78.39,Tier 2
S01214,Supplier_1214,Thailand,Automotive,65.84,3121.22,87.86,68108.87,678.9,Non-Compliant,ISO 14001,28.54,478360.74,68.99,4.66,0.41,Yes,19.42,87.02,15.55,Tier 1
S01215,Supplier_1215,Thailand,Metals,55.5,2499.13,86.96,50946.55,9415.78,Compliant,ISO 45001,7.33,275178.65,82.06,2.05,0.51,Yes,48.15,45.39,187.08,Tier 2
S01216,Supplier_1216,Indonesia,Electronics,89.98,2709.95,75.27,87523.55,5756.24,Partially Compliant,ISO 9001,5.74,123876.97,84.43,4.17,0.76,No,18.36,31.72,174.86,
S01217,Supplier_1217,India,FMCG,89.31,N/A,71.13,26830.64,6578.18,Non-Compliant,ISO 9001,10.08,36347.72,95.48,3.31,0.91,No,23.08,46.4,166.47,Tier 1
S01218,Supplier_1218,Singapore,Electronics,56.32,375.04,48.35,18882.98,3117.36,Partially Compliant,ISO 9001,69.98,413935.24,74.01,4.77,0.59,No,16.29,56.77,87.3,Tier 2
S01219,Supplier_1219,Singapore,Chemicals,65.46,3834.85,75.55,41126.34,2225.17,Non-Compliant,ISO 9001,70.56,275779.9,81.59,2.24,0.66,Yes,43.8,16.08,1.47,Tier 2
S01220,Supplier_1220,China,Chemicals,48.71,1640.46,94.14,13053.51,9403.26,Compliant,None,41.89,77648.45,96.2,4.06,0.95,Yes,15.57,5.39,68.31,
S01221,Supplier_1221,Singapore,Automotive,86.79,3040.65,48.96,5575.04,1123.06,Partially Compliant,ISO 14001,20.56,3165.34,82.67,1.93,0.71,No,35.84,94.96,196.01,Tier 3
S01222,Supplier_1222,Singapore,Plastics,87.81,1218.99,59.86,35529.05,6450.83,Compliant,ISO 14001,5.63,311983.0,100.67,5.2,0.87,,39.24,18.78,65.92,Tier 3
S01223,Supplier_1223,Malaysia,Metals,44.36,4410.38,91.62,11649.31,5982.44,Partially Compliant,ISO 45001,45.74,212607.68,78.83,1.75,0.66,No,8.81,20.46,196.96,Tier 2
S01224,Supplier_1224,China,Metals,71.32,978.24,47.25,9682.08,7893.63,Partially Compliant,ISO 45001,32.49,283087.72,70.25,2.59,1.0,Yes,6.54,77.85,27.71,Tier 2
S01225,Supplier_1225,Singapore,Textiles,76.72,N/A,56.17,26359.48,9248.35,Partially Compliant,ISO 45001,74.57,241548.6,85.02,1.41,0.68,Yes,35.4,47.38,182.18,Tier 2
S01226,Supplier_1226,Indonesia,Chemicals,90.71,1482.48,77.43,7406.66,9338.74,Partially Compliant,None,19.56,252442.78,102.11,0.86,0.88,No,2.87,96.37,5.49,Tier 1
S01227,Supplier_1227,Malaysia,FMCG,42.14,2052.98,69.1,5531.45,5588.17,Compliant,ISO 14001,29.62,124722.18,93.33,3.71,0.3,Yes,33.69,70.79,29.89,Tier 1
S01228,Supplier_1228,Indonesia,FMCG,54.55,3914.24,43.7,48156.59,2039.19,Non-Compliant,ISO 14001,15.88,186836.58,81.52,3.77,0.33,No,28.12,36.48,135.84,Tier 2
S01229,Supplier_1229,China,Automotive,52.28,1510.69,87.61,94475.41,6389.53,Compliant,ISO 9001,65.41,290234.75,77.23,4.69,0.41,Yes,32.05,69.42,67.57,Tier 1
S01230,Supplier_1230,Thailand,Plastics,62.03,3456.56,80.21,77699.54,3083.41,Non-Compliant,ISO 14001,26.54,263154.14,84.01,1.89,0.86,No,48.66,67.36,31.77,Tier 1
S01231,Supplier_1231,Malaysia,Textiles,50.77,3037.09,79.57,58644.38,9863.21,Partially Compliant,ISO 9001,51.95,444711.57,76.87,0.38,0.42,No,40.21,54.57,192.76,Tier 2
S01232,Supplier_1232,China,Plastics,97.08,4017.78,37.17,4740.74,7254.21,Non-Compliant,ISO 45001,39.85,211260.46,76.88,4.93,0.58,Yes,13.0,19.08,8.29,Tier 3
S01233,Supplier_1233,Malaysia,Automotive,54.84,4593.1,65.33,78597.07,6080.07,Compliant,ISO 14001,12.59,162607.96,76.59,4.94,0.72,Yes,2.75,26.79,167.54,Tier 1
S01234,Supplier_1234,,Metals,50.08,4046.7,74.88,90395.52,6731.58,Partially Compliant,ISO 14001,79.75,342148.8,76.9,1.94,0.51,No,9.3,85.56,169.33,Tier 1
S01235,Supplier_1235,India,Electronics,71.06,1786.73,N/A,83281.33,8325.35,Compliant,ISO 45001,79.38,145817.86,84.34,1.8,0.8,No,19.27,74.09,1.9,Tier 2
S01236,Supplier_1236,Singapore,FMCG,80.22,2929.55,37.84,23985.97,387.27,Non-Compliant,ISO 14001,77.26,147519.09,81.61,1.94,0.88,Yes,22.11,66.29,185.2,Tier 2
S01237,Supplier_1237,China,Electronics,55.13,4389.04,78.91,95703.58,9055.35,Partially Compliant,ISO 14001,46.11,145730.85,75.23,2.35,0.89,No,13.3,33.81,107.85,
S01238,Supplier_1238,Malaysia,Plastics,76.32,N/A,88.21,36501.77,872.89,Compliant,ISO 9001,38.58,334613.12,91.66,3.74,0.79,Yes,5.78,30.38,26.81,Tier 1
S01239,Supplier_1239,Malaysia,Plastics,51.04,1211.62,52.14,4821.64,5457.86,Partially Compliant,ISO 9001,67.48,261056.01,102.63,1.4,0.56,,42.92,70.79,186.53,Tier 3
S01240,Supplier_1240,Vietnam,FMCG,52.7,3313.92,79.8,10608.03,6890.31,Non-Compliant,ISO 14001,64.61,368820.53,81.15,0.58,0.68,Yes,32.58,15.49,50.94,Tier 2
S01241,Supplier_1241,China,Electronics,88.68,3397.36,31.8,98633.09,6824.84,Partially Compliant,ISO 9001,64.59,110572.67,74.35,3.45,0.65,No,11.33,46.06,64.74,Tier 3
S01242,Supplier_1242,Thailand,Textiles,49.82,3813.13,36.14,70650.81,975.78,Non-Compliant,ISO 45001,52.03,489101.64,77.46,3.49,0.49,Yes,14.91,39.05,155.53,Tier 3
S01243,Supplier_1243,Singapore,Electronics,78.31,3423.65,32.84,84639.23,894.41,Non-Compliant,None,78.09,21863.71,69.58,3.99,0.41,No,18.27,60.48,16.85,Tier 1
S01244,Supplier_1244,China,Electronics,58.95,4811.09,67.47,92336.0,4725.74,Partially Compliant,None,54.43,337670.64,86.63,1.97,0.63,No,38.45,87.04,44.26,
S01245,Supplier_1245,Singapore,Automotive,53.98,4163.79,34.18,85663.16,6088.79,Partially Compliant,ISO 45001,48.26,100879.67,87.44,4.55,0.38,,6.53,82.41,97.28,Tier 2
S01246,Supplier_1246,China,Chemicals,81.77,3336.24,87.73,39706.24,9486.27,Non-Compliant,None,32.36,211891.27,70.49,0.49,0.56,No,24.81,83.98,138.38,Tier 3
S01247,Supplier_1247,India,FMCG,56.34,4469.88,66.06,68502.17,3756.15,Non-Compliant,ISO 9001,79.28,2212.61,85.88,3.52,1.01,No,37.82,80.66,10.71,Tier 3
S01248,Supplier_1248,,Chemicals,46.25,2225.63,34.82,12135.15,5923.91,Partially Compliant,ISO 9001,64.88,155542.18,91.16,4.29,0.39,No,37.28,93.3,192.41,Tier 3
S01249,Supplier_1249,India,Chemicals,76.38,4558.66,47.29,42308.54,2238.87,Partially Compliant,ISO 14001,55.14,240481.26,83.84,4.67,0.55,No,23.46,74.07,10.75,Tier 1
S01250,Supplier_1250,Malaysia,Metals,84.89,4683.26,76.5,42104.47,4483.97,Partially Compliant,ISO 9001,83.63,125011.18,80.62,4.05,0.42,Yes,9.52,89.68,36.02,Tier 3
S01251,Supplier_1251,Malaysia,Automotive,80.29,2081.71,29.64,7545.83,6463.69,Compliant,ISO 9001,69.75,226279.93,94.2,3.21,0.4,No,11.67,59.15,183.28,Tier 1
S01252,Supplier_1252,Vietnam,Chemicals,51.05,1363.18,75.5,103051.98,4634.72,Compliant,ISO 14001,69.55,330165.23,75.04,4.1,0.99,Yes,22.46,5.86,62.21,Tier 2
S01253,Supplier_1253,Thailand,Chemicals,63.59,1890.69,88.91,14313.45,5691.21,Compliant,ISO 9001,87.29,99624.88,100.33,1.93,0.66,Yes,9.86,70.45,105.51,Tier 2
S01254,Supplier_1254,China,,80.09,3458.02,N/A,38713.68,547.96,Compliant,ISO 9001,75.62,462015.6,100.77,1.13,0.31,No,13.12,47.31,33.45,Tier 3
S01255,Supplier_1255,Singapore,Metals,52.94,976.28,65.42,45432.94,3227.13,Partially Compliant,None,73.23,267261.32,77.31,3.49,0.82,Yes,43.09,64.07,84.29,
S01256,Supplier_1256,Vietnam,Plastics,60.5,2265.8,55.63,31019.79,4465.4,Partially Compliant,None,49.16,337673.78,85.16,4.5,0.4,Yes,26.87,87.71,172.13,Tier 1
S01257,Supplier_1257,Vietnam,Plastics,48.75,5080.9,75.36,51420.31,5077.94,Non-Compliant,ISO 14001,55.9,393794.71,90.61,4.15,0.68,Yes,5.91,6.38,56.03,Tier 2
S01258,Supplier_1258,India,Plastics,83.04,2543.4,81.01,103980.63,5676.93,Partially Compliant,ISO 9001,32.12,306977.88,100.78,4.2,0.83,Yes,10.65,9.88,34.67,
S01259,Supplier_1259,China,Textiles,68.94,1855.05,77.8,93805.12,3415.25,,ISO 9001,85.37,247279.84,94.9,4.69,0.83,Yes,48.0,5.95,197.76,
S01260,Supplier_1260,Indonesia,FMCG,64.05,1228.58,73.58,71552.89,8210.23,Non-Compliant,None,74.43,30218.9,86.61,2.97,0.8,No,4.52,55.96,159.86,Tier 2
S01261,Supplier_1261,India,Metals,44.47,2244.91,55.12,89416.13,3507.88,Compliant,None,44.94,10429.67,90.78,3.81,0.71,No,3.54,70.8,82.99,Tier 3
S01262,Supplier_1262,Vietnam,Chemicals,74.92,1424.92,86.77,42828.95,6406.38,Compliant,ISO 45001,40.38,174959.62,78.47,3.35,0.5,No,29.3,57.9,10.48,Tier 2
S01263,Supplier_1263,China,Textiles,41.26,N/A,48.95,26668.69,7488.4,Compliant,ISO 9001,19.07,235188.78,77.25,4.46,0.61,Yes,16.65,87.0,177.4,Tier 2
S01264,Supplier_1264,India,Textiles,38.67,3403.75,71.08,101952.33,2087.17,Partially Compliant,ISO 9001,56.96,451843.72,88.29,1.34,0.41,Yes,36.57,97.35,74.24,Tier 2
S01265,Supplier_1265,,FMCG,71.59,3390.35,30.86,19546.19,3994.73,Partially Compliant,ISO 14001,32.39,189539.08,83.66,2.68,0.5,Yes,16.55,24.32,131.02,Tier 1
S01266,Supplier_1266,Indonesia,Automotive,51.33,981.5,71.78,12330.88,6783.98,Partially Compliant,ISO 9001,33.4,226204.95,86.31,2.32,0.95,Yes,7.9,35.88,60.23,Tier 2
S01267,Supplier_1267,China,Chemicals,42.15,4763.81,65.24,91286.9,1408.92,Compliant,ISO 45001,18.35,106122.97,97.85,4.65,0.96,Yes,8.01,8.21,129.16,Tier 3
S01268,Supplier_1268,Indonesia,FMCG,N/A,3168.74,80.53,71322.04,5642.09,,ISO 14001,58.69,226840.17,91.24,3.69,0.53,No,31.32,63.23,67.93,Tier 1
S01269,Supplier_1269,India,Plastics,78.09,1767.44,64.24,22097.82,3924.15,Partially Compliant,ISO 45001,57.05,311720.9,87.74,2.67,0.87,Yes,52.38,67.69,159.43,Tier 1
S01270,Supplier_1270,India,Textiles,51.82,4365.07,101.17,50981.51,9725.56,Compliant,ISO 45001,25.1,462596.57,70.9,1.13,0.77,Yes,21.49,33.57,11.18,Tier 3
S01271,Supplier_1271,Singapore,FMCG,44.0,4240.77,74.65,40720.93,5794.31,Compliant,ISO 9001,29.2,175432.98,94.52,3.6,0.49,Yes,25.5,63.36,75.34,Tier 1
S01272,Supplier_1272,Singapore,Automotive,89.42,2416.26,43.14,36645.23,8534.44,Compliant,,47.19,276191.13,83.43,5.02,0.48,Yes,34.5,15.72,65.88,Tier 1
S01273,Supplier_1273,Malaysia,Plastics,51.96,4299.32,64.43,90724.38,1258.8,Compliant,None,57.57,341361.31,85.55,0.29,0.43,Yes,33.58,92.15,59.79,Tier 1
S01274,Supplier_1274,,FMCG,74.62,4683.16,79.06,64701.71,5957.66,Partially Compliant,ISO 45001,52.68,40144.9,95.36,3.29,0.48,No,18.48,9.56,3.95,Tier 3
S01275,Supplier_1275,Indonesia,Textiles,78.08,3279.86,32.0,26073.88,7248.95,Compliant,ISO 9001,22.11,177077.02,104.47,4.96,0.58,No,46.01,54.22,138.85,Tier 1
S01276,Supplier_1276,Vietnam,Automotive,64.31,1806.07,44.62,31304.51,1437.89,Non-Compliant,None,75.93,394058.47,97.4,3.31,0.68,Yes,9.45,36.74,146.15,Tier 1
S01277,Supplier_1277,Indonesia,Metals,56.83,3741.61,53.97,87697.89,6605.33,Partially Compliant,ISO 9001,76.41,42877.26,80.81,2.15,0.47,No,48.46,57.08,191.77,Tier 3
S01278,Supplier_1278,China,FMCG,73.95,4189.16,32.33,84112.22,6742.11,Partially Compliant,ISO 9001,6.76,343776.76,103.31,0.62,0.53,No,47.68,11.47,20.53,Tier 3
S01279,Supplier_1279,Malaysia,Electronics,78.63,202.95,72.28,97188.03,1688.85,Non-Compliant,ISO 9001,56.56,129874.22,90.17,4.79,0.44,Yes,34.85,62.62,54.11,Tier 3
S01280,Supplier_1280,Malaysia,Plastics,89.23,2229.49,37.5,72624.91,737.58,Non-Compliant,ISO 14001,46.24,27034.84,76.02,4.42,0.38,No,18.43,73.23,147.53,Tier 2
S01281,Supplier_1281,Vietnam,Plastics,80.74,4129.59,52.22,7513.92,428.65,Non-Compliant,None,52.26,171304.41,86.71,3.36,0.52,Yes,41.79,7.93,190.29,Tier 2
S01282,Supplier_1282,Thailand,Textiles,80.41,4534.02,98.81,12822.27,10000.5,Compliant,ISO 9001,62.97,400416.05,81.8,1.89,0.36,Yes,15.84,17.19,167.62,Tier 2
S01283,Supplier_1283,India,Plastics,62.92,2880.41,94.11,27260.74,2506.49,Compliant,ISO 45001,54.37,346463.46,102.66,3.06,0.72,No,37.57,96.32,113.46,
S01284,Supplier_1284,,Textiles,76.35,274.29,48.37,75264.56,5896.64,Compliant,ISO 45001,67.72,495111.94,74.56,2.72,0.68,No,38.96,38.7,176.87,Tier 2
S01285,Supplier_1285,China,Metals,69.32,505.24,36.7,33119.84,7742.47,Partially Compliant,ISO 9001,35.28,263605.56,76.89,3.74,0.42,,0.23,96.26,172.93,Tier 2
S01286,Supplier_1286,Indonesia,Electronics,96.1,1314.42,35.42,61643.28,3014.47,Compliant,None,56.21,108757.38,93.69,4.59,0.85,Yes,40.9,21.07,195.78,Tier 1
S01287,Supplier_1287,Vietnam,Electronics,44.29,2802.0,82.73,68477.12,7479.75,Partially Compliant,None,29.64,341789.1,99.34,0.17,0.93,No,18.7,16.78,167.34,Tier 3
S01288,Supplier_1288,India,Metals,71.57,1440.09,29.77,18474.59,2928.22,Compliant,None,51.04,153809.53,86.79,1.92,0.86,Yes,6.54,48.26,117.18,Tier 3
S01289,Supplier_1289,,Electronics,42.09,1778.42,44.25,76413.75,4897.08,Non-Compliant,None,70.31,519044.46,96.97,2.7,0.88,No,30.58,34.89,154.43,Tier 3
S01290,Supplier_1290,China,Metals,58.88,2425.44,62.58,92968.46,2597.13,Compliant,None,25.02,416312.98,76.01,3.7,1.03,Yes,3.73,9.58,142.98,Tier 3
S01291,Supplier_1291,Indonesia,Plastics,87.6,3081.48,83.01,74713.88,5283.6,Compliant,ISO 9001,78.08,404939.6,85.8,0.21,0.32,No,21.36,54.7,167.09,Tier 3
S01292,Supplier_1292,Thailand,Electronics,84.24,557.84,42.46,99914.06,4063.69,Partially Compliant,ISO 9001,21.73,223418.26,79.13,3.23,0.7,No,23.44,65.15,89.34,
S01293,Supplier_1293,Vietnam,Metals,50.68,2908.21,52.15,73980.57,8669.38,Partially Compliant,None,51.32,480183.86,80.95,1.22,0.5,Yes,1.28,21.99,45.84,Tier 3
S01294,Supplier_1294,Singapore,Electronics,52.83,1689.55,87.13,81148.44,8119.81,Partially Compliant,ISO 9001,26.21,325872.1,98.65,1.39,0.84,No,16.18,49.61,8.49,Tier 2
S01295,Supplier_1295,Indonesia,Chemicals,94.13,1291.8,90.64,56277.02,9434.79,Partially Compliant,ISO 9001,16.69,226031.13,72.95,2.54,0.82,Yes,25.96,76.78,201.64,Tier 1
S01296,Supplier_1296,India,Chemicals,89.71,2661.09,62.57,34546.92,9987.58,Partially Compliant,ISO 14001,29.3,393588.72,88.69,1.3,0.86,Yes,43.79,24.46,182.77,Tier 2
S01297,Supplier_1297,China,FMCG,60.87,2429.89,N/A,87993.44,1425.33,,ISO 9001,78.49,189936.67,83.34,4.82,0.66,Yes,18.93,86.06,16.63,Tier 1
S01298,Supplier_1298,Thailand,Metals,42.07,2467.43,45.52,53690.24,4575.4,Non-Compliant,ISO 14001,20.46,174200.76,79.7,4.18,0.41,No,31.8,76.41,129.54,Tier 3
S01299,Supplier_1299,Vietnam,Textiles,77.77,4677.78,99.68,97459.31,8033.79,Partially Compliant,None,38.81,151664.42,81.53,4.83,0.89,Yes,20.64,48.35,9.76,Tier 1
S01300,Supplier_1300,Thailand,Automotive,70.78,3696.68,38.42,55745.21,9122.12,Non-Compliant,ISO 9001,14.53,101113.29,95.43,0.56,0.62,Yes,43.14,5.64,194.87,Tier 2
S01301,Supplier_1301,,Chemicals,55.12,3087.28,87.79,92270.98,3189.43,Compliant,None,7.42,443034.71,90.13,2.24,0.64,Yes,7.7,43.98,98.7,Tier 1
S01302,Supplier_1302,Singapore,FMCG,N/A,1503.08,37.99,96712.77,7418.9,Compliant,ISO 45001,44.14,326127.94,81.22,4.37,0.51,Yes,5.84,39.54,67.84,Tier 2
S01303,Supplier_1303,Singapore,Automotive,84.72,N/A,90.73,11418.18,766.55,Compliant,None,70.23,130778.84,77.46,4.26,0.44,No,41.49,70.54,189.96,Tier 2
S01304,Supplier_1304,Malaysia,Automotive,76.1,4363.43,78.4,43842.8,1612.75,Partially Compliant,None,13.85,117750.25,85.72,1.18,0.89,Yes,32.87,14.82,43.15,Tier 1
S01305,Supplier_1305,China,Plastics,91.06,2894.66,70.48,51520.29,921.31,Partially Compliant,ISO 14001,32.5,173832.38,70.89,1.94,0.51,Yes,26.01,8.35,142.29,Tier 1
S01306,Supplier_1306,India,FMCG,52.3,2622.28,54.01,58560.34,5297.44,Compliant,ISO 45001,32.18,320873.71,77.02,2.48,0.85,Yes,41.97,31.01,102.04,Tier 1
S01307,Supplier_1307,Indonesia,FMCG,53.16,3699.85,40.48,85955.71,2661.94,Compliant,None,59.32,165977.8,71.71,0.32,0.57,No,30.64,28.44,143.7,Tier 2
S01308,Supplier_1308,China,Electronics,91.36,2506.47,87.77,96151.98,6866.25,Non-Compliant,None,78.24,115115.14,70.87,3.11,1.01,Yes,46.25,48.34,162.07,Tier 3
S01309,Supplier_1309,Indonesia,Electronics,42.87,4234.8,74.16,1721.35,8566.42,Compliant,ISO 14001,58.74,156247.1,87.54,3.22,0.32,Yes,4.7,93.9,108.05,Tier 1
S01310,Supplier_1310,Thailand,Metals,49.2,3286.9,48.77,33652.56,5853.91,Partially Compliant,None,11.65,220292.85,74.32,2.04,0.46,No,2.67,46.13,64.13,Tier 3
S01311,Supplier_1311,Indonesia,Automotive,83.34,1928.43,51.81,93646.84,7449.38,Compliant,ISO 45001,37.03,396544.42,95.46,3.74,0.79,Yes,9.34,58.84,76.83,Tier 3
S01312,Supplier_1312,India,Metals,89.0,1226.43,52.21,24031.63,2591.34,Compliant,ISO 45001,11.08,300892.46,97.55,4.74,0.93,Yes,27.07,59.88,133.0,Tier 1
S01313,Supplier_1313,India,Plastics,55.56,439.7,89.72,69485.76,7506.07,Compliant,ISO 9001,18.48,141002.39,87.08,3.08,0.62,No,11.66,10.7,85.63,Tier 2
S01314,Supplier_1314,Thailand,Automotive,62.21,3188.35,81.15,4084.17,7135.17,Compliant,ISO 9001,42.27,244174.49,91.52,2.01,0.38,Yes,12.34,79.46,93.39,Tier 2
S01315,Supplier_1315,Thailand,Metals,73.34,3329.41,44.89,103538.64,8042.72,Compliant,ISO 45001,34.59,165482.99,95.33,2.76,0.43,Yes,43.97,18.21,113.78,Tier 2
S01316,Supplier_1316,Indonesia,FMCG,63.8,4437.09,69.12,32054.89,2122.7,Compliant,ISO 14001,73.46,377318.44,89.48,1.22,0.54,No,7.26,25.39,19.19,Tier 2
S01317,Supplier_1317,Malaysia,Textiles,43.7,N/A,67.96,61254.85,8773.53,Compliant,ISO 45001,45.66,416517.94,88.3,4.84,0.39,Yes,30.09,53.62,39.48,Tier 1
S01318,Supplier_1318,Singapore,Chemicals,77.27,1826.78,31.79,34543.09,5833.94,Partially Compliant,ISO 14001,53.51,430354.62,91.66,1.31,0.62,Yes,35.22,82.75,14.66,Tier 1
S01319,Supplier_1319,Singapore,Chemicals,82.18,3617.82,67.47,34311.54,8262.45,Non-Compliant,ISO 14001,75.67,244469.64,98.25,0.62,0.47,Yes,41.45,72.99,140.3,
S01320,Supplier_1320,Vietnam,,64.2,1576.16,78.49,71362.1,8921.88,Non-Compliant,ISO 14001,56.54,131589.13,72.21,1.61,0.43,No,40.43,8.06,134.16,Tier 3
S01321,Supplier_1321,Singapore,FMCG,63.33,2341.06,59.11,35760.81,647.29,Non-Compliant,ISO 14001,92.78,256931.1,84.81,3.42,0.81,Yes,25.21,7.41,46.39,Tier 2
S01322,Supplier_1322,Vietnam,Chemicals,86.05,1080.97,75.44,80346.75,5637.97,Compliant,None,57.04,67315.75,73.09,2.97,0.98,No,20.86,96.41,84.64,Tier 1
S01323,Supplier_1323,Singapore,Metals,58.47,3450.85,N/A,64642.91,109.07,Non-Compliant,None,50.27,284383.31,74.53,2.27,0.94,Yes,16.5,61.5,60.69,Tier 3
S01324,Supplier_1324,China,Electronics,47.66,4734.1,50.8,58680.1,4746.53,Compliant,ISO 45001,46.88,503273.02,94.39,1.56,0.95,Yes,44.59,65.93,36.56,Tier 3
S01325,Supplier_1325,Indonesia,Automotive,81.4,3331.23,74.57,61412.58,2591.61,Partially Compliant,ISO 9001,85.27,160425.55,81.59,2.08,0.42,No,21.19,95.56,183.69,Tier 1
S01326,Supplier_1326,Thailand,Metals,59.73,391.31,N/A,61716.71,871.05,Partially Compliant,ISO 45001,23.85,268912.26,70.94,2.09,0.82,No,21.89,79.92,155.75,Tier 3
S01327,Supplier_1327,China,Plastics,55.43,2725.48,64.03,14973.51,3662.79,Compliant,ISO 9001,75.18,213234.64,100.57,0.91,0.52,No,35.8,85.5,27.42,Tier 2
S01328,Supplier_1328,India,Electronics,54.49,3533.34,33.63,5280.02,4792.49,,ISO 14001,49.48,174701.54,96.2,4.89,1.01,No,43.89,16.77,92.13,Tier 2
S01329,Supplier_1329,Thailand,FMCG,76.52,1103.74,79.54,60124.93,1144.06,Non-Compliant,None,77.56,264152.2,83.7,2.79,0.91,Yes,26.97,60.33,149.72,Tier 1
S01330,Supplier_1330,Singapore,Plastics,71.7,667.51,41.57,4848.71,1985.9,Partially Compliant,ISO 45001,58.8,353247.96,84.16,0.35,0.88,No,7.93,25.36,171.64,Tier 3
S01331,Supplier_1331,Malaysia,,55.21,4930.31,75.64,28961.44,2630.95,Compliant,ISO 9001,58.89,86229.37,81.0,2.77,0.33,Yes,21.29,35.64,151.1,Tier 3
S01332,Supplier_1332,Vietnam,Textiles,77.98,3803.55,N/A,81979.18,5180.11,Non-Compliant,ISO 45001,80.66,426490.98,68.25,2.59,0.82,No,30.4,31.92,67.84,Tier 1
S01333,Supplier_1333,India,Chemicals,63.53,4143.33,72.73,30791.37,9009.32,Compliant,ISO 9001,13.72,368567.73,77.72,3.29,0.81,No,14.64,50.81,43.62,Tier 3
S01334,Supplier_1334,India,FMCG,88.2,3938.43,77.89,25640.85,2977.8,Non-Compliant,ISO 14001,28.79,16271.2,93.04,1.49,0.48,Yes,9.15,11.0,95.13,
S01335,Supplier_1335,Indonesia,FMCG,55.38,925.99,45.93,27059.09,8186.39,Non-Compliant,ISO 9001,71.23,65023.78,83.25,4.06,0.32,No,14.92,72.25,90.27,Tier 2
S01336,Supplier_1336,Malaysia,FMCG,42.17,4989.78,37.26,40750.58,268.69,Compliant,ISO 9001,59.17,62782.75,80.22,3.09,0.99,Yes,39.82,14.36,49.78,Tier 1
S01337,Supplier_1337,India,FMCG,68.83,1494.19,68.87,26720.17,8631.64,Compliant,ISO 9001,54.58,440978.88,87.94,3.53,0.32,Yes,24.62,37.68,123.54,Tier 1
S01338,Supplier_1338,Singapore,FMCG,60.01,2079.11,59.3,34726.46,7745.48,Compliant,None,82.49,474731.23,80.88,2.03,0.78,Yes,17.91,33.09,24.16,Tier 2
S01339,Supplier_1339,Thailand,FMCG,57.67,1799.7,40.12,21237.81,5275.6,Compliant,ISO 45001,49.28,88391.92,75.26,0.47,0.34,,42.87,23.31,66.12,Tier 3
S01340,Supplier_1340,,Textiles,78.94,3501.22,95.33,51261.32,8274.22,Compliant,ISO 9001,40.25,200610.12,88.76,0.31,0.76,Yes,31.18,24.19,193.61,Tier 1
S01341,Supplier_1341,Indonesia,Textiles,82.07,4231.34,83.4,20514.71,9249.0,Non-Compliant,ISO 14001,38.69,487942.17,71.9,1.65,0.44,No,38.48,93.57,17.47,Tier 1
S01342,Supplier_1342,Indonesia,Automotive,60.07,4030.68,43.02,72832.77,391.99,Non-Compliant,ISO 45001,14.76,321873.5,96.84,0.3,0.57,No,21.09,70.09,54.16,Tier 3
S01343,Supplier_1343,Indonesia,Metals,71.56,2282.02,85.21,76482.75,9242.57,Non-Compliant,ISO 9001,71.83,411193.06,95.96,0.65,0.32,Yes,3.02,18.13,88.54,Tier 3
S01344,Supplier_1344,India,Automotive,72.72,2256.57,33.61,26818.3,3826.03,Partially Compliant,ISO 45001,66.2,21264.69,83.06,0.54,0.49,No,37.32,55.67,175.7,
S01345,Supplier_1345,Thailand,Plastics,76.99,880.97,59.8,14069.56,2756.11,Non-Compliant,ISO 9001,39.23,184531.8,70.81,0.94,0.7,No,40.97,100.04,96.88,Tier 1
S01346,Supplier_1346,India,Plastics,74.23,4027.88,62.07,20158.94,7676.82,Non-Compliant,ISO 45001,63.76,423180.77,86.63,1.12,0.82,Yes,4.24,34.63,126.38,Tier 1
S01347,Supplier_1347,India,Metals,70.47,4107.54,102.56,23370.95,7584.57,Compliant,ISO 9001,55.2,481637.37,86.13,1.01,0.9,No,41.8,87.49,189.96,Tier 3
S01348,Supplier_1348,India,Chemicals,80.64,3913.24,75.82,13134.59,5210.7,Non-Compliant,ISO 14001,62.12,373038.05,83.14,2.91,0.46,No,3.73,35.53,151.53,Tier 2
S01349,Supplier_1349,India,Textiles,49.92,494.21,34.95,67329.91,8655.51,Partially Compliant,ISO 9001,76.27,110998.56,97.85,1.17,0.35,,33.71,76.37,164.02,Tier 3
S01350,Supplier_1350,,Chemicals,88.15,2128.5,54.49,17233.34,3863.01,Non-Compliant,ISO 45001,73.01,346658.81,96.18,0.26,0.53,No,37.38,46.58,57.38,Tier 1
S01351,Supplier_1351,Thailand,,65.24,481.23,77.86,52224.09,9218.67,Partially Compliant,ISO 45001,74.06,455980.19,71.9,2.8,0.55,Yes,1.4,88.78,126.67,Tier 3
S01352,Supplier_1352,India,Automotive,83.31,3888.97,81.81,6871.61,7223.36,Compliant,ISO 9001,37.69,63518.56,82.8,3.86,0.31,No,6.25,94.5,149.74,Tier 2
S01353,Supplier_1353,Indonesia,,49.55,3821.98,40.4,66016.08,2180.98,Compliant,ISO 45001,16.78,65759.17,90.94,2.03,0.99,Yes,19.63,15.19,191.24,Tier 2
S01354,Supplier_1354,India,FMCG,51.44,2792.74,99.48,91104.75,1380.24,Non-Compliant,ISO 14001,14.59,403251.9,74.6,4.34,0.98,Yes,40.25,65.22,61.17,Tier 3
S01355,Supplier_1355,Malaysia,Textiles,64.02,1033.82,43.92,6580.65,5368.12,Compliant,ISO 45001,59.65,449774.0,92.36,2.85,0.6,No,42.02,41.85,90.73,Tier 2
S01356,Supplier_1356,Malaysia,Electronics,47.08,1193.65,91.37,70462.18,9089.11,Compliant,None,16.47,163198.6,90.78,4.09,0.79,Yes,8.61,44.83,34.48,Tier 1
S01357,Supplier_1357,India,Automotive,76.79,4727.57,46.64,78055.04,4983.89,,,37.68,226642.77,75.89,1.0,0.42,No,47.04,9.85,130.11,Tier 1
S01358,Supplier_1358,China,Metals,44.91,352.87,69.34,29396.65,3594.86,Non-Compliant,ISO 9001,71.39,291197.78,99.91,3.12,0.61,Yes,1.74,55.16,173.06,Tier 2
S01359,Supplier_1359,Malaysia,FMCG,45.05,1269.21,36.05,47901.53,6023.63,Compliant,ISO 14001,15.98,240063.77,95.01,0.68,0.64,,1.47,61.9,27.32,Tier 3
S01360,Supplier_1360,Vietnam,Textiles,75.66,558.66,37.33,58857.62,3547.99,Non-Compliant,None,80.04,355335.66,84.26,2.49,0.39,Yes,12.42,69.43,143.28,Tier 2
S01361,Supplier_1361,Singapore,Chemicals,67.87,3003.15,65.45,88853.76,5712.18,Non-Compliant,ISO 14001,23.42,63721.21,100.77,2.98,0.45,Yes,18.07,74.87,69.99,Tier 1
S01362,Supplier_1362,China,Automotive,93.36,2718.23,35.21,47956.39,9683.15,Partially Compliant,None,75.55,411887.38,85.57,0.36,0.56,No,9.01,89.17,144.52,Tier 2
S01363,Supplier_1363,Vietnam,Chemicals,81.74,3677.91,59.66,64272.42,3193.69,Non-Compliant,ISO 14001,54.58,168886.23,77.79,2.72,0.64,Yes,3.41,67.14,51.9,Tier 1
S01364,Supplier_1364,Thailand,Textiles,87.41,N/A,72.51,11563.71,4681.72,Non-Compliant,ISO 14001,71.23,290546.14,72.95,0.96,0.38,Yes,20.54,96.21,24.83,Tier 2
S01365,Supplier_1365,Indonesia,Electronics,69.95,1495.74,29.89,89965.5,8655.08,Compliant,ISO 14001,6.36,328947.01,93.56,4.44,0.59,No,4.17,29.2,119.32,Tier 2
S01366,Supplier_1366,China,FMCG,51.08,2307.82,47.38,9464.78,2445.99,Non-Compliant,ISO 14001,18.16,419202.01,89.75,3.04,0.33,Yes,30.84,34.96,125.37,Tier 2
S01367,Supplier_1367,Singapore,Plastics,72.13,2301.87,72.18,8134.89,621.52,Non-Compliant,None,71.18,361296.39,90.45,1.98,0.35,Yes,26.64,16.58,160.33,Tier 2
S01368,Supplier_1368,Thailand,FMCG,54.05,3544.05,84.73,49443.3,7405.77,Partially Compliant,ISO 9001,63.37,220481.17,92.14,4.08,0.29,,12.07,51.79,169.99,Tier 1
S01369,Supplier_1369,Indonesia,Metals,53.29,2725.11,55.5,59347.56,4748.85,Partially Compliant,None,56.66,78596.92,68.46,0.43,0.59,Yes,25.66,97.09,106.67,Tier 1
S01370,Supplier_1370,Indonesia,FMCG,93.03,108.73,85.86,66708.49,846.13,Compliant,ISO 9001,78.0,508200.44,90.19,1.16,0.32,Yes,36.71,51.23,92.74,Tier 2
S01371,Supplier_1371,China,Textiles,77.29,3254.51,60.38,63446.25,5380.38,,ISO 45001,68.23,71619.29,87.25,0.56,0.98,Yes,49.99,91.48,186.67,Tier 2
S01372,Supplier_1372,Malaysia,Chemicals,64.74,3391.4,93.1,44212.79,7393.48,Partially Compliant,None,49.93,105376.38,88.69,2.27,0.53,Yes,39.11,24.67,170.61,Tier 3
S01373,Supplier_1373,India,FMCG,N/A,2399.91,45.74,32703.96,1073.18,Non-Compliant,ISO 14001,14.88,305682.93,82.94,1.04,0.76,Yes,16.81,41.72,180.11,Tier 1
S01374,Supplier_1374,Vietnam,Electronics,46.15,4333.32,N/A,8772.62,6271.39,Non-Compliant,ISO 45001,35.04,421405.61,83.0,2.83,0.35,No,1.79,94.13,168.09,Tier 1
S01375,Supplier_1375,China,Metals,49.02,2016.66,56.65,53303.63,2613.96,Non-Compliant,None,10.44,251666.43,75.85,1.13,0.82,No,31.73,39.81,33.73,Tier 3
S01376,Supplier_1376,Indonesia,,40.05,4040.43,55.83,98164.53,8187.57,Compliant,ISO 14001,32.03,466068.48,78.02,1.69,0.8,,33.32,61.99,41.96,Tier 2
S01377,Supplier_1377,Vietnam,Chemicals,47.32,4390.87,95.46,89635.89,5825.84,Partially Compliant,None,45.37,167436.08,72.71,3.0,0.78,Yes,4.19,51.49,50.45,Tier 3
S01378,Supplier_1378,Vietnam,Electronics,78.68,5032.57,85.84,20741.5,5639.46,Non-Compliant,ISO 9001,60.52,113865.56,79.23,4.04,0.65,Yes,38.99,33.62,38.5,Tier 1
S01379,Supplier_1379,Thailand,Textiles,62.8,3962.67,95.86,88393.51,2960.34,Non-Compliant,ISO 45001,20.22,295935.25,88.53,3.3,0.71,Yes,42.8,85.3,36.32,Tier 3
S01380,Supplier_1380,Vietnam,FMCG,50.83,136.05,92.52,24367.67,5048.76,Partially Compliant,ISO 14001,37.5,364955.5,74.06,4.89,0.54,No,17.89,88.88,179.7,Tier 2
S01381,Supplier_1381,Indonesia,FMCG,48.87,3876.43,44.61,77314.67,4064.49,Partially Compliant,,18.7,240449.96,78.92,0.32,0.86,Yes,4.4,29.98,38.91,Tier 2
S01382,Supplier_1382,China,Metals,63.81,4582.35,37.08,65067.2,3048.61,Non-Compliant,ISO 9001,65.1,442770.76,87.13,2.34,0.41,Yes,29.41,6.44,140.83,Tier 3
S01383,Supplier_1383,China,,82.27,4752.07,56.59,19453.62,4191.5,Compliant,ISO 9001,28.04,418770.75,85.26,3.11,0.69,No,42.97,34.39,147.08,Tier 1
S01384,Supplier_1384,India,Chemicals,77.76,127.36,102.5,69772.91,7013.98,Partially Compliant,ISO 9001,53.51,406494.7,89.01,0.99,0.79,No,22.92,16.07,65.65,Tier 1
S01385,Supplier_1385,China,Electronics,55.65,2750.81,95.22,50479.91,3287.48,Compliant,ISO 14001,82.22,458797.3,90.35,3.81,0.52,No,1.85,71.13,182.14,Tier 1
S01386,Supplier_1386,Malaysia,Metals,80.36,2288.08,79.66,53415.95,1797.38,Partially Compliant,ISO 14001,10.02,47220.7,78.5,3.31,0.62,Yes,40.14,31.72,154.76,Tier 1
S01387,Supplier_1387,Malaysia,Metals,49.2,4532.12,38.93,40397.27,8910.07,Compliant,ISO 45001,6.91,59451.94,80.26,3.64,0.3,Yes,41.5,25.26,172.28,Tier 1
S01388,Supplier_1388,India,Electronics,65.2,4468.56,93.95,100123.36,5470.2,Partially Compliant,ISO 9001,56.32,193442.22,86.75,3.78,0.68,No,38.37,19.9,57.55,Tier 2
S01389,Supplier_1389,India,Electronics,51.92,N/A,95.42,35041.67,2964.09,Compliant,ISO 14001,38.44,385047.77,86.97,1.45,0.92,Yes,36.25,38.32,65.0,Tier 1
S01390,Supplier_1390,Vietnam,FMCG,81.77,3908.63,64.21,60793.06,7048.51,Compliant,None,79.11,33745.29,89.18,2.17,0.52,No,1.29,61.0,190.55,Tier 2
S01391,Supplier_1391,Malaysia,Automotive,80.48,N/A,63.37,84047.48,7601.23,Compliant,None,44.11,227135.92,91.19,3.32,1.02,Yes,23.2,39.57,50.78,Tier 1
S01392,Supplier_1392,Indonesia,Metals,46.3,1346.2,56.88,60829.33,7714.97,Partially Compliant,ISO 9001,37.11,156196.15,78.96,4.91,0.51,No,31.51,13.81,64.16,Tier 2
S01393,Supplier_1393,India,Chemicals,71.94,1507.41,81.41,33562.43,3539.26,Non-Compliant,ISO 14001,51.1,4110.98,85.09,4.79,1.02,Yes,50.56,100.43,186.62,Tier 2
S01394,Supplier_1394,Singapore,Electronics,44.03,3371.35,64.7,67683.39,2371.22,Non-Compliant,None,84.76,450492.37,83.58,0.93,0.38,No,0.15,44.45,25.77,Tier 3
S01395,Supplier_1395,Indonesia,Metals,64.1,3607.77,78.14,43911.55,703.67,Partially Compliant,ISO 14001,66.28,397243.98,84.54,2.79,0.82,Yes,26.06,37.82,128.54,Tier 3
S01396,Supplier_1396,Vietnam,Electronics,54.27,4032.08,29.37,35236.67,1058.7,,None,40.4,9191.51,94.22,4.73,0.7,Yes,32.32,47.21,138.23,Tier 3
S01397,Supplier_1397,Vietnam,Automotive,87.34,2091.6,40.01,89537.04,190.26,Compliant,ISO 14001,87.25,312138.86,79.53,2.28,0.85,Yes,8.57,32.17,106.81,Tier 2
S01398,Supplier_1398,Indonesia,FMCG,65.59,4418.92,79.84,12354.0,9606.26,Compliant,ISO 14001,46.35,253781.63,88.84,2.29,0.47,Yes,25.94,52.27,112.46,Tier 1
S01399,Supplier_1399,Malaysia,Plastics,85.15,2200.61,70.53,99807.79,2491.24,Compliant,ISO 14001,69.31,39083.05,78.97,3.94,0.91,No,41.72,10.97,187.89,Tier 1
S01400,Supplier_1400,Thailand,Plastics,76.57,3897.79,82.57,48964.3,6500.93,Partially Compliant,None,62.15,284696.77,81.26,3.58,0.49,No,33.53,42.32,59.23,Tier 2
S01401,Supplier_1401,India,Electronics,67.6,152.98,56.5,26286.05,3929.59,Non-Compliant,None,60.14,354329.88,80.45,2.07,0.47,No,27.64,44.0,19.06,Tier 2
S01402,Supplier_1402,Malaysia,Metals,74.79,2684.14,50.24,41676.14,7606.31,Compliant,ISO 14001,23.88,270521.22,88.26,3.02,0.62,Yes,28.65,65.92,62.68,Tier 3
S01403,Supplier_1403,,Plastics,87.7,4600.85,34.4,45769.99,5776.54,Compliant,ISO 9001,20.59,227201.81,91.99,2.87,0.38,No,10.87,20.44,11.37,Tier 3
S01404,Supplier_1404,Vietnam,Chemicals,52.1,2511.94,55.07,67022.62,5260.25,Non-Compliant,ISO 9001,12.0,323533.82,82.84,4.8,0.49,No,31.44,8.55,0.78,Tier 1
S01405,Supplier_1405,Thailand,Textiles,67.11,1642.76,42.12,85163.58,7009.16,Compliant,ISO 45001,67.75,437629.84,78.82,2.26,0.9,Yes,6.53,32.61,18.94,Tier 1
S01406,Supplier_1406,Thailand,Automotive,56.32,2222.85,34.74,41859.14,6437.06,Compliant,ISO 45001,32.63,171327.3,87.41,0.76,0.56,Yes,37.13,63.24,59.96,Tier 1
S01407,Supplier_1407,Malaysia,Plastics,53.87,561.67,75.45,20845.15,759.6,,ISO 9001,83.45,107726.63,90.93,2.0,0.34,Yes,44.81,92.78,31.03,Tier 2
S01408,Supplier_1408,Thailand,Textiles,38.54,2414.78,85.46,68322.67,9406.02,Partially Compliant,None,19.13,231987.02,74.85,1.49,0.56,Yes,36.8,82.98,106.89,Tier 3
S01409,Supplier_1409,Thailand,Plastics,87.43,2322.37,38.23,91801.44,7570.51,Compliant,ISO 9001,25.48,88925.44,85.56,3.9,0.59,Yes,27.92,41.68,179.72,Tier 3
S01410,Supplier_1410,Singapore,Electronics,63.56,2693.52,99.52,16202.64,3688.79,Non-Compliant,ISO 14001,90.1,494074.74,87.53,2.48,0.79,No,1.84,36.41,114.42,Tier 3
S01411,Supplier_1411,China,,48.32,897.99,31.78,77812.74,6735.23,Non-Compliant,None,28.76,83639.84,74.22,1.55,0.37,,26.54,0.35,175.43,Tier 1
S01412,Supplier_1412,China,Chemicals,48.49,3084.73,62.14,90856.97,9168.43,Non-Compliant,ISO 45001,17.58,98133.39,69.16,4.18,0.74,Yes,11.08,14.97,21.12,Tier 2
S01413,Supplier_1413,Vietnam,Chemicals,88.55,874.95,86.89,6824.66,1041.67,Partially Compliant,ISO 45001,54.81,246887.4,77.62,5.03,0.88,Yes,49.12,26.03,197.56,Tier 1
S01414,Supplier_1414,India,Textiles,78.14,3251.81,72.61,63616.27,9418.79,Partially Compliant,ISO 14001,37.89,63684.47,84.16,3.64,0.45,No,22.49,34.91,166.69,Tier 1
S01415,Supplier_1415,China,Metals,58.29,1339.7,48.35,60925.46,4625.16,Non-Compliant,ISO 14001,81.69,409699.95,100.52,1.77,0.92,No,38.78,12.68,136.38,Tier 3
S01416,Supplier_1416,Thailand,FMCG,57.45,3886.77,79.15,57625.08,5626.57,Partially Compliant,ISO 14001,42.03,214441.18,71.94,4.81,0.88,Yes,31.15,93.59,18.3,Tier 2
S01417,Supplier_1417,,Metals,60.03,2012.64,67.57,62664.97,2591.56,Non-Compliant,None,12.23,427057.82,96.49,0.82,0.56,No,9.9,8.6,81.3,Tier 2
S01418,Supplier_1418,Indonesia,Plastics,57.42,570.84,40.59,74027.95,6051.82,Non-Compliant,None,77.67,391785.58,71.54,2.55,0.89,Yes,47.57,19.8,108.09,Tier 2
S01419,Supplier_1419,Thailand,Metals,89.64,300.55,55.49,50777.4,9771.64,Compliant,None,68.05,309551.65,91.58,1.78,0.62,No,1.51,79.78,65.39,Tier 1
S01420,Supplier_1420,Malaysia,Electronics,49.42,3219.57,31.85,80043.17,5599.07,Non-Compliant,ISO 45001,24.1,185685.0,71.03,3.73,0.67,No,21.5,33.05,65.29,Tier 1
S01421,Supplier_1421,Vietnam,Plastics,87.59,5041.14,35.58,7145.62,4451.6,Partially Compliant,ISO 9001,40.79,430020.33,71.08,3.75,0.65,Yes,26.91,98.84,202.75,Tier 3
S01422,Supplier_1422,India,FMCG,62.75,3269.99,81.86,77656.96,5464.0,Partially Compliant,ISO 45001,37.13,475200.74,73.03,1.62,0.85,No,27.29,66.23,190.7,Tier 3
S01423,Supplier_1423,,Textiles,63.3,4342.13,92.83,46280.59,3822.18,Compliant,ISO 9001,80.2,214508.36,95.99,2.32,0.71,No,27.59,17.88,76.51,Tier 3
S01424,Supplier_1424,Malaysia,Plastics,95.4,4132.03,68.49,77999.03,1385.92,Partially Compliant,,34.6,188492.9,93.7,1.42,0.59,No,41.42,60.17,174.67,
S01425,Supplier_1425,Vietnam,Automotive,44.69,2137.76,50.2,64222.59,6796.64,Compliant,None,35.52,393242.94,76.9,4.67,0.31,No,29.86,17.47,70.47,Tier 3
S01426,Supplier_1426,India,Electronics,51.91,N/A,44.9,19914.0,9229.24,Compliant,None,78.5,494459.73,84.09,3.56,0.95,No,20.55,7.92,95.85,Tier 2
S01427,Supplier_1427,,Chemicals,88.47,1540.03,55.87,30740.18,2343.36,Partially Compliant,,5.37,447003.19,99.41,1.82,0.8,Yes,30.71,24.3,34.75,Tier 3
S01428,Supplier_1428,Thailand,Plastics,56.68,1902.02,90.1,15278.71,7357.53,Partially Compliant,ISO 45001,70.1,240729.27,75.96,3.41,0.35,No,17.0,79.36,22.45,Tier 3
S01429,Supplier_1429,Malaysia,Metals,85.06,3205.63,99.24,52206.5,644.56,Partially Compliant,None,62.35,191578.96,75.54,2.3,0.88,No,17.68,19.64,168.39,Tier 1
S01430,Supplier_1430,Vietnam,Automotive,63.89,825.57,46.17,30779.79,5454.75,Partially Compliant,ISO 9001,14.68,435282.66,90.22,0.47,0.37,No,47.43,57.92,87.88,Tier 1
S01431,Supplier_1431,Thailand,Metals,61.07,2230.91,91.37,32205.51,8228.53,Non-Compliant,ISO 45001,12.95,71464.97,87.97,1.99,0.74,No,38.98,70.38,135.3,Tier 1
S01432,Supplier_1432,Malaysia,Plastics,67.92,1665.77,62.99,75096.95,6956.48,Partially Compliant,ISO 45001,53.99,42858.75,81.09,2.53,0.31,No,12.2,100.51,87.97,Tier 1
S01433,Supplier_1433,China,Automotive,70.59,632.8,58.76,76648.63,6078.05,Compliant,ISO 45001,23.47,54940.94,68.72,2.68,0.53,Yes,12.64,22.76,47.27,
S01434,Supplier_1434,India,FMCG,56.82,3870.87,56.73,79255.22,1426.51,Compliant,ISO 45001,82.07,332139.64,86.64,0.73,0.68,No,15.34,9.82,58.41,Tier 1
S01435,Supplier_1435,Thailand,Chemicals,73.36,3994.31,35.76,99276.05,7470.95,Non-Compliant,ISO 14001,82.7,278575.71,97.51,2.64,0.53,Yes,48.13,72.46,164.46,Tier 2
S01436,Supplier_1436,,Metals,82.22,2258.95,31.94,73386.73,4947.81,Compliant,ISO 9001,78.2,144070.25,75.23,1.3,0.99,Yes,19.09,74.96,130.4,Tier 1
S01437,Supplier_1437,Indonesia,Textiles,57.85,3479.22,69.75,59877.43,2082.05,Compliant,ISO 14001,50.46,228762.96,74.18,2.76,0.73,Yes,5.44,83.13,125.41,Tier 3
S01438,Supplier_1438,Malaysia,Textiles,92.11,3727.53,43.76,22338.05,2433.09,Non-Compliant,ISO 9001,27.29,367453.9,82.48,0.89,0.35,Yes,22.17,52.8,11.85,Tier 2
S01439,Supplier_1439,China,Automotive,75.51,572.69,88.43,13211.18,3987.06,Non-Compliant,ISO 45001,53.83,488510.53,86.91,1.31,0.72,No,24.35,5.76,112.88,Tier 2
S01440,Supplier_1440,Vietnam,Automotive,67.99,3831.63,38.13,68038.94,1031.1,Partially Compliant,None,55.0,379600.73,94.64,1.2,0.31,Yes,20.8,42.18,102.81,Tier 1
S01441,Supplier_1441,India,Metals,84.01,3562.82,39.71,90278.81,308.6,Non-Compliant,ISO 14001,32.03,25131.09,95.21,4.48,0.6,No,19.21,1.67,36.22,Tier 3
S01442,Supplier_1442,Indonesia,,70.33,2719.08,75.26,43896.63,5165.96,Partially Compliant,ISO 45001,25.08,134494.67,98.43,1.15,0.61,Yes,2.76,104.26,91.83,Tier 3
S01443,Supplier_1443,Vietnam,Textiles,44.34,5123.58,79.47,14070.29,7376.26,Compliant,ISO 14001,36.8,489402.3,93.89,4.18,0.74,No,20.12,73.84,162.86,Tier 3
S01444,Supplier_1444,India,,57.57,2970.68,72.76,70349.79,5342.21,Partially Compliant,None,35.84,113987.67,98.97,1.82,0.35,No,35.15,79.76,131.24,Tier 1
S01445,Supplier_1445,Thailand,Chemicals,95.07,3737.38,69.4,7882.83,6828.69,Partially Compliant,ISO 14001,77.8,209468.55,94.25,3.59,0.49,,39.18,31.35,43.7,Tier 2
S01446,Supplier_1446,Indonesia,FMCG,76.43,3753.85,53.06,19830.7,7539.16,Non-Compliant,ISO 9001,62.91,310561.8,76.96,4.75,0.95,Yes,19.22,49.29,35.83,Tier 2
S01447,Supplier_1447,Malaysia,Electronics,51.56,3235.81,97.37,72226.98,8301.29,Compliant,,8.94,412328.0,104.39,3.14,0.91,No,20.09,59.84,86.71,Tier 2
S01448,Supplier_1448,China,Textiles,58.24,3726.01,39.27,85865.96,9179.85,Partially Compliant,None,87.27,135158.57,73.55,3.96,0.53,Yes,17.34,73.08,35.26,Tier 3
S01449,Supplier_1449,Malaysia,Chemicals,69.67,3380.74,54.77,46708.07,8637.82,Non-Compliant,ISO 9001,92.89,7605.77,84.96,2.09,0.69,Yes,20.5,31.12,185.51,Tier 1
S01450,Supplier_1450,Thailand,Chemicals,84.46,145.99,96.69,7614.24,527.79,Non-Compliant,ISO 14001,17.75,180497.66,94.7,0.4,0.58,Yes,49.28,77.26,42.36,Tier 2
S01451,Supplier_1451,China,Metals,86.72,665.45,55.19,56827.67,9950.68,Non-Compliant,ISO 14001,62.21,50552.01,85.09,3.99,0.74,Yes,39.4,44.47,141.24,Tier 3
S01452,Supplier_1452,Thailand,Chemicals,43.61,4853.0,61.73,49064.5,3173.58,Compliant,ISO 45001,34.74,308198.0,83.87,3.63,0.84,No,28.52,98.3,110.69,Tier 1
S01453,Supplier_1453,India,Chemicals,88.35,1294.87,74.96,35994.38,493.63,Compliant,ISO 14001,73.07,379811.4,86.81,2.91,0.83,No,30.49,67.68,51.04,Tier 3
S01454,Supplier_1454,Singapore,Metals,73.84,1905.79,74.88,14844.98,2338.44,Compliant,ISO 14001,51.27,186340.04,94.72,0.14,0.94,No,38.8,14.06,34.47,Tier 3
S01455,Supplier_1455,,Plastics,86.49,3790.03,80.34,19012.63,2631.38,Non-Compliant,ISO 14001,7.46,43812.7,94.75,0.29,0.41,No,39.76,45.44,135.47,Tier 1
S01456,Supplier_1456,Indonesia,Metals,73.69,2060.89,66.96,82322.53,5291.95,Non-Compliant,ISO 14001,86.87,383825.16,75.06,0.79,0.74,,43.33,9.1,146.43,Tier 3
S01457,Supplier_1457,Vietnam,Electronics,91.15,3911.97,59.88,83544.08,4261.22,Non-Compliant,ISO 14001,15.59,446483.88,90.33,3.75,0.95,No,18.1,37.89,3.5,Tier 2
S01458,Supplier_1458,India,Metals,86.72,3489.87,41.66,16937.3,9908.12,Non-Compliant,ISO 9001,69.96,401259.0,95.71,1.91,0.75,,17.15,61.4,77.11,Tier 1
S01459,Supplier_1459,India,,62.01,N/A,N/A,65425.07,111.81,Partially Compliant,ISO 45001,52.14,75072.6,81.86,4.71,0.31,No,36.67,89.42,62.73,Tier 2
S01460,Supplier_1460,Malaysia,FMCG,43.11,2244.82,53.45,30541.61,2137.85,Non-Compliant,None,16.47,231291.87,82.19,2.44,0.67,Yes,27.76,71.4,29.48,Tier 2
S01461,Supplier_1461,Malaysia,Metals,85.38,4330.46,89.0,31794.5,6267.71,Partially Compliant,None,40.13,416349.48,69.9,0.75,0.79,Yes,15.03,37.59,81.63,Tier 1
S01462,Supplier_1462,Thailand,Textiles,66.24,425.27,60.1,61482.87,9419.2,Partially Compliant,ISO 14001,7.79,242757.03,82.2,1.05,0.88,Yes,26.83,71.68,79.46,Tier 2
S01463,Supplier_1463,Malaysia,Automotive,62.67,1658.19,40.45,3905.65,4287.1,Compliant,None,88.22,155703.87,86.98,3.04,0.77,Yes,8.05,10.0,29.87,Tier 3
S01464,Supplier_1464,Malaysia,Textiles,64.35,929.04,89.1,81901.9,5508.77,,ISO 45001,77.31,86833.82,94.02,2.57,0.46,No,15.92,26.84,173.82,Tier 1
S01465,Supplier_1465,Indonesia,Automotive,77.01,3348.87,73.03,41963.91,8356.79,Non-Compliant,ISO 14001,66.81,76594.31,87.83,3.56,0.93,No,43.92,5.45,53.5,Tier 1
S01466,Supplier_1466,,FMCG,66.92,3216.61,74.15,75276.43,6598.85,Non-Compliant,ISO 9001,6.54,383248.22,101.37,3.44,0.55,Yes,3.18,85.8,14.46,Tier 1
S01467,Supplier_1467,Vietnam,FMCG,68.23,4585.19,82.75,9742.31,4708.83,Partially Compliant,None,44.99,64257.55,90.35,4.77,0.56,No,30.64,56.86,128.73,Tier 1
S01468,Supplier_1468,Indonesia,Metals,77.85,3247.04,73.99,19617.25,215.0,Non-Compliant,ISO 9001,43.46,107573.74,83.79,0.76,0.48,Yes,0.42,94.15,152.92,Tier 2
S01469,Supplier_1469,Indonesia,Plastics,67.56,766.22,68.2,3877.26,990.97,Partially Compliant,None,77.55,286931.73,80.28,2.94,0.83,,25.12,7.59,7.83,Tier 2
S01470,Supplier_1470,Singapore,FMCG,48.28,677.54,96.65,60224.04,6568.26,Partially Compliant,ISO 14001,52.61,102179.17,89.03,1.91,0.99,Yes,3.9,25.32,131.93,Tier 3
S01471,Supplier_1471,Vietnam,FMCG,56.51,1701.15,73.14,70290.48,2520.17,Compliant,ISO 45001,57.57,125011.64,96.68,3.82,0.62,No,20.47,33.6,188.67,Tier 2
S01472,Supplier_1472,Singapore,Electronics,42.06,1599.08,87.44,102504.5,4057.24,Partially Compliant,ISO 45001,36.28,102694.3,97.59,5.04,0.79,No,32.62,33.56,155.85,Tier 3
S01473,Supplier_1473,India,FMCG,53.56,1968.76,32.65,83827.73,345.18,Compliant,ISO 45001,31.12,88949.37,81.56,2.89,0.47,Yes,31.81,70.67,149.56,
S01474,Supplier_1474,Indonesia,Automotive,67.07,3114.75,86.57,21806.84,9125.6,Compliant,,82.36,288449.75,93.58,2.85,0.99,Yes,36.91,96.23,92.47,Tier 3
S01475,Supplier_1475,China,Plastics,84.97,1807.73,76.29,33584.17,1059.11,Compliant,None,37.14,478865.63,99.37,3.22,0.56,Yes,34.24,47.48,7.3,Tier 2
S01476,Supplier_1476,Thailand,Metals,66.69,2000.89,62.88,37214.93,4896.46,Partially Compliant,ISO 14001,49.1,113933.54,76.69,2.7,0.98,No,1.68,26.5,126.02,Tier 1
S01477,Supplier_1477,Vietnam,Automotive,72.34,3229.9,92.8,93137.91,7056.87,Non-Compliant,None,82.71,30909.87,86.2,4.68,0.89,Yes,23.39,66.2,106.4,Tier 1
S01478,Supplier_1478,Indonesia,Metals,64.45,1536.68,72.69,77427.52,292.72,Compliant,ISO 45001,89.27,83276.15,99.63,0.2,0.44,Yes,4.65,65.8,185.96,Tier 2
S01479,Supplier_1479,China,Plastics,97.21,1128.04,83.65,30914.97,9035.16,Non-Compliant,None,62.54,245473.62,95.3,4.46,0.78,No,13.69,86.63,0.14,Tier 3
S01480,Supplier_1480,Malaysia,Chemicals,61.76,396.26,32.01,15789.56,7921.53,Compliant,ISO 9001,12.93,353828.03,100.7,0.83,1.02,Yes,17.91,99.25,166.76,Tier 3
S01481,Supplier_1481,Malaysia,Electronics,38.29,1748.64,86.0,99095.12,6576.8,Compliant,ISO 14001,57.59,323537.59,90.85,3.06,1.0,Yes,39.82,57.28,55.88,Tier 2
S01482,Supplier_1482,Singapore,Plastics,82.75,3075.59,83.03,81541.0,7603.51,Compliant,ISO 9001,83.74,81911.55,68.3,4.16,0.45,Yes,24.49,23.12,144.02,Tier 2
S01483,Supplier_1483,Singapore,Plastics,42.2,309.67,102.26,38352.84,960.96,Compliant,None,23.69,58891.03,90.9,3.65,0.84,No,28.45,66.86,87.15,
S01484,Supplier_1484,,,64.9,4141.78,73.57,55127.54,4746.96,Compliant,,67.47,504789.2,80.08,0.86,0.47,No,21.59,49.83,111.17,Tier 2
S01485,Supplier_1485,China,Electronics,72.39,1025.95,96.52,57651.16,6519.0,Non-Compliant,ISO 14001,77.12,364547.89,77.52,2.52,0.52,Yes,6.25,65.55,63.97,Tier 3
S01486,Supplier_1486,Singapore,Metals,70.56,2833.63,69.65,13583.57,7176.85,Partially Compliant,ISO 9001,18.77,434289.55,95.31,3.53,0.7,No,34.96,79.39,79.92,Tier 1
S01487,Supplier_1487,Thailand,Textiles,83.33,399.85,51.69,4624.5,5506.38,Partially Compliant,ISO 45001,74.71,294091.8,97.19,4.44,0.59,No,11.18,16.23,33.71,Tier 2
S01488,Supplier_1488,India,Plastics,95.99,3786.16,N/A,32842.59,1749.1,Partially Compliant,ISO 14001,18.74,255622.57,100.07,2.29,0.44,Yes,17.01,0.79,90.45,Tier 2
S01489,Supplier_1489,Singapore,Plastics,41.42,3964.34,49.11,75247.62,7712.49,Non-Compliant,ISO 45001,84.51,31582.52,72.51,3.2,0.67,No,48.3,21.61,185.53,Tier 2
S01490,Supplier_1490,Singapore,Chemicals,50.38,3671.11,69.19,44350.87,7306.59,Compliant,ISO 45001,64.33,464059.94,91.81,2.5,0.95,No,44.36,15.0,112.57,Tier 3
S01491,Supplier_1491,Vietnam,Chemicals,50.16,3793.38,57.82,58121.57,2868.7,Partially Compliant,ISO 14001,31.06,358769.64,81.72,2.51,0.93,No,19.99,10.68,103.51,Tier 2
S01492,Supplier_1492,China,Electronics,47.03,4346.43,90.09,16059.58,193.9,Non-Compliant,None,77.33,201567.56,91.57,0.2,0.61,No,24.33,0.74,48.4,Tier 1
S01493,Supplier_1493,China,Electronics,61.32,631.52,75.78,55877.93,808.49,Compliant,None,91.54,175601.92,101.66,4.65,0.91,Yes,26.84,55.69,12.89,Tier 2
S01494,Supplier_1494,India,Textiles,87.43,1277.62,71.1,85741.14,5990.72,Compliant,,35.06,446498.95,80.75,0.72,0.32,,27.32,27.13,89.85,Tier 2
S01495,Supplier_1495,India,Electronics,62.41,2132.11,41.76,41224.5,5858.16,Partially Compliant,None,47.78,129027.93,92.26,2.44,0.98,No,35.95,87.8,27.19,Tier 1
S01496,Supplier_1496,Malaysia,FMCG,90.14,732.54,68.62,89041.49,7562.5,Non-Compliant,ISO 14001,6.55,255187.33,96.12,2.83,0.58,,33.73,41.77,50.93,Tier 2
S01497,Supplier_1497,China,Plastics,N/A,113.12,58.46,45929.44,132.47,Compliant,ISO 9001,9.39,471497.99,76.81,3.2,0.42,Yes,15.5,85.86,29.38,Tier 1
S01498,Supplier_1498,China,,63.78,1743.42,36.75,38523.54,3086.59,Compliant,ISO 14001,62.01,22092.47,93.97,4.7,0.86,No,31.94,8.0,71.81,Tier 1
S01499,Supplier_1499,Thailand,Metals,80.98,4399.46,57.4,36080.39,1947.7,Partially Compliant,None,8.25,475694.42,74.57,1.15,0.52,Yes,9.64,10.47,40.23,Tier 2
S01500,Supplier_1500,Singapore,Textiles,57.41,3704.38,74.95,30823.41,1171.64,Compliant,ISO 9001,23.35,137476.46,74.9,3.53,0.79,Yes,29.12,13.13,127.81,Tier 2
S01501,Supplier_1501,Malaysia,Plastics,89.07,2579.78,64.36,4544.2,8928.13,,None,59.49,60293.1,73.45,0.55,0.5,Yes,2.49,68.61,131.78,
S01502,Supplier_1502,Malaysia,FMCG,90.91,1480.63,92.63,26923.93,6737.38,Compliant,ISO 45001,35.03,76735.92,76.25,3.94,0.93,Yes,13.84,10.17,48.42,Tier 2
S01503,Supplier_1503,,Textiles,41.32,3551.53,62.12,64332.77,9349.27,Partially Compliant,ISO 9001,70.81,139969.34,89.26,2.13,0.9,Yes,3.75,72.46,52.88,Tier 2
S01504,Supplier_1504,China,,98.3,1620.1,53.07,34284.81,1092.64,Compliant,ISO 45001,36.64,302216.32,77.32,4.68,0.93,No,48.66,22.19,97.6,Tier 2
S01505,Supplier_1505,China,Metals,47.29,2299.37,50.14,72818.46,246.07,Non-Compliant,ISO 9001,30.51,325605.8,90.13,0.1,0.58,No,26.77,64.75,154.25,Tier 1
S01506,Supplier_1506,Vietnam,Plastics,72.08,4971.08,77.0,53662.58,8995.77,Compliant,ISO 14001,18.87,92756.52,69.18,0.13,0.34,No,39.12,26.89,57.01,Tier 3
S01507,Supplier_1507,Indonesia,Textiles,78.1,1555.36,62.46,60392.73,3027.03,Non-Compliant,None,61.48,516418.33,82.34,4.44,0.95,No,9.59,35.33,186.71,Tier 1
S01508,Supplier_1508,India,Textiles,94.03,N/A,72.01,70210.53,4046.11,Partially Compliant,ISO 9001,35.89,507861.68,82.91,4.29,0.59,No,35.27,13.68,181.91,Tier 1
S01509,Supplier_1509,Indonesia,Plastics,86.93,3919.73,71.28,94107.79,969.6,Partially Compliant,ISO 14001,36.27,403605.25,89.61,3.89,0.58,Yes,25.97,4.36,95.18,Tier 1
S01510,Supplier_1510,Singapore,Automotive,65.78,1103.97,56.14,4314.74,5969.74,Non-Compliant,ISO 14001,30.82,361276.68,73.07,2.59,0.65,No,0.62,88.27,30.66,Tier 1
S01511,Supplier_1511,Thailand,Automotive,74.66,3552.16,89.11,12635.18,9001.55,Partially Compliant,ISO 45001,37.93,223374.21,76.37,0.8,0.49,No,38.79,30.03,183.08,Tier 2
S01512,Supplier_1512,China,Plastics,94.05,1416.59,72.33,36265.81,5302.31,Compliant,ISO 14001,27.4,101283.46,70.58,4.15,0.57,No,41.91,60.81,153.41,Tier 3
S01513,Supplier_1513,China,Chemicals,66.71,2012.96,48.39,60918.72,5067.25,Partially Compliant,ISO 9001,29.54,474607.08,91.67,2.03,0.86,No,17.87,9.65,66.27,
S01514,Supplier_1514,,Automotive,40.94,3655.63,83.05,49823.24,3773.07,Compliant,ISO 45001,91.49,32121.27,97.17,1.69,0.67,Yes,22.58,2.23,43.49,Tier 2
S01515,Supplier_1515,Singapore,Automotive,49.0,126.12,55.65,85267.3,4018.23,,ISO 14001,40.13,298864.27,86.5,3.35,0.59,No,0.01,38.61,170.47,
S01516,Supplier_1516,,Plastics,55.98,1166.93,40.38,40874.32,4542.23,Non-Compliant,ISO 9001,78.67,393633.09,84.95,0.82,0.89,No,50.14,63.5,60.45,
S01517,Supplier_1517,Thailand,Metals,60.6,810.16,79.8,19992.91,8216.08,Non-Compliant,ISO 14001,85.44,133736.23,78.72,0.24,0.43,No,3.62,39.34,61.71,Tier 1
S01518,Supplier_1518,India,FMCG,43.07,480.1,97.66,54101.7,2394.49,Non-Compliant,ISO 14001,85.81,469452.46,85.8,1.49,0.74,No,30.57,67.87,116.29,Tier 2
S01519,Supplier_1519,Vietnam,Chemicals,69.16,3989.24,50.36,9044.35,9562.6,,ISO 14001,89.29,70263.52,89.46,3.79,0.34,No,23.18,18.85,179.49,Tier 1
S01520,Supplier_1520,Singapore,Textiles,77.35,560.6,54.69,87347.14,3298.77,Compliant,ISO 45001,32.67,37155.59,75.56,4.22,0.98,Yes,22.87,20.89,192.86,Tier 3
S01521,Supplier_1521,Indonesia,FMCG,64.42,4687.81,89.94,24462.31,3661.69,Compliant,ISO 45001,34.43,87439.47,95.8,3.87,0.43,No,11.36,76.01,24.26,Tier 1
S01522,Supplier_1522,Malaysia,FMCG,95.59,3674.22,80.8,11207.45,2100.66,Compliant,ISO 14001,80.98,311453.47,76.75,0.8,0.5,Yes,34.97,73.68,131.42,Tier 2
S01523,Supplier_1523,China,Electronics,64.35,2696.73,89.54,90485.75,869.62,,None,65.27,408636.32,79.86,3.96,0.34,No,7.08,26.19,160.12,Tier 1
S01524,Supplier_1524,Thailand,Metals,50.04,2447.94,79.18,38447.51,7563.8,Partially Compliant,ISO 45001,87.18,78078.51,73.87,0.9,0.92,No,45.33,83.04,51.15,Tier 1
S01525,Supplier_1525,Malaysia,Plastics,94.15,2151.8,80.9,39837.83,7776.34,Compliant,None,19.03,500123.28,88.48,0.38,0.33,No,45.01,49.34,145.61,Tier 2
S01526,Supplier_1526,Vietnam,Chemicals,90.18,3648.14,90.06,28207.97,626.69,Non-Compliant,ISO 14001,75.51,152210.83,88.62,4.04,0.46,Yes,1.82,53.07,132.36,Tier 3
S01527,Supplier_1527,China,,95.69,3025.26,52.1,53559.66,6553.37,Compliant,ISO 14001,50.55,245918.11,77.38,0.76,0.69,No,29.05,54.94,38.56,Tier 2
S01528,Supplier_1528,Singapore,Electronics,42.69,775.63,86.41,67647.85,1982.22,Non-Compliant,ISO 14001,30.92,468684.9,85.44,2.72,0.41,,29.38,39.19,152.04,Tier 2
S01529,Supplier_1529,Singapore,Automotive,52.53,4567.66,43.16,64273.07,5030.75,Non-Compliant,None,69.25,426422.32,93.01,4.13,0.52,Yes,32.39,54.56,57.93,Tier 2
S01530,Supplier_1530,Indonesia,Chemicals,83.24,1119.41,51.19,27491.51,8189.45,Partially Compliant,ISO 9001,42.32,53683.96,70.57,3.32,0.63,,42.43,24.28,94.34,Tier 3
S01531,Supplier_1531,China,Textiles,82.04,2651.9,67.25,67849.49,9659.87,Non-Compliant,ISO 45001,61.68,99228.06,84.03,2.48,0.59,No,15.94,69.1,60.38,Tier 2
S01532,Supplier_1532,China,Automotive,53.09,1761.31,75.86,9615.22,178.66,Partially Compliant,ISO 9001,66.14,440431.46,94.63,2.58,0.93,Yes,24.7,58.42,1.36,Tier 2
S01533,Supplier_1533,Singapore,FMCG,60.5,421.06,93.94,73438.89,5944.49,Non-Compliant,ISO 14001,8.64,154173.62,87.07,2.21,0.92,No,49.31,31.55,114.77,Tier 3
S01534,Supplier_1534,China,,73.99,2655.07,74.74,28556.52,6198.22,Partially Compliant,ISO 14001,30.56,243272.34,75.7,1.99,0.3,Yes,23.55,63.56,203.91,Tier 1
S01535,Supplier_1535,Vietnam,Electronics,91.88,4258.41,49.27,75762.56,2887.05,Compliant,ISO 9001,44.6,387342.89,95.88,4.27,0.44,No,11.77,6.79,17.96,Tier 2
S01536,Supplier_1536,Vietnam,Automotive,64.46,3365.19,53.76,21878.22,2214.92,Partially Compliant,,83.89,510602.23,72.39,0.95,0.77,Yes,20.13,27.46,132.98,Tier 3
S01537,Supplier_1537,Vietnam,Chemicals,50.18,2113.5,62.69,75459.61,2568.51,Compliant,ISO 9001,61.08,148454.81,88.34,4.15,0.82,Yes,2.48,13.97,59.69,Tier 3
S01538,Supplier_1538,Malaysia,FMCG,93.44,2604.85,42.27,28553.37,4059.52,Partially Compliant,ISO 14001,29.17,315185.63,92.97,2.64,0.47,Yes,42.93,33.71,79.75,Tier 3
S01539,Supplier_1539,China,FMCG,86.24,2599.36,57.33,89230.89,8449.62,Partially Compliant,None,73.12,45173.63,74.74,4.49,0.47,Yes,10.57,99.84,166.35,Tier 1
S01540,Supplier_1540,Thailand,Automotive,90.0,3868.57,39.76,26838.25,2073.21,Partially Compliant,ISO 14001,75.23,102210.87,67.38,0.94,0.87,No,35.88,75.15,199.76,Tier 1
S01541,Supplier_1541,Thailand,Textiles,53.19,3206.65,82.97,64509.99,5283.26,Partially Compliant,None,83.21,85867.88,76.79,3.61,0.79,Yes,45.98,103.18,49.37,Tier 2
S01542,Supplier_1542,Singapore,Electronics,67.96,4691.96,34.71,20816.96,1804.45,Non-Compliant,ISO 14001,32.25,231931.03,87.73,1.36,0.33,Yes,23.09,92.19,95.24,Tier 3
S01543,Supplier_1543,Thailand,Plastics,49.89,2806.74,33.74,95273.89,5806.02,Partially Compliant,,59.95,322109.39,94.02,2.71,0.64,Yes,20.09,33.56,58.25,Tier 1
S01544,Supplier_1544,China,Metals,61.62,1841.8,72.88,96574.81,8830.58,Non-Compliant,None,24.73,203259.13,89.77,3.13,0.77,Yes,24.31,35.46,187.82,
S01545,Supplier_1545,China,Chemicals,77.45,4198.28,87.46,39266.7,9678.7,Compliant,ISO 9001,40.04,29386.1,75.8,4.35,0.33,No,9.85,90.93,183.11,Tier 2
S01546,Supplier_1546,Malaysia,Automotive,49.86,3505.11,95.42,62388.21,5160.88,Non-Compliant,ISO 45001,60.51,93959.58,88.24,2.89,0.34,No,5.04,1.4,129.14,Tier 2
S01547,Supplier_1547,Vietnam,Textiles,47.4,2471.37,33.31,42796.21,4309.05,Partially Compliant,ISO 9001,37.15,17698.2,97.52,3.27,0.52,No,18.86,69.37,169.2,Tier 2
S01548,Supplier_1548,Indonesia,Metals,94.34,1142.96,32.69,89675.02,3069.29,Partially Compliant,None,11.26,218987.57,95.21,2.43,0.9,Yes,29.15,19.89,91.43,Tier 3
S01549,Supplier_1549,,Textiles,46.84,2269.16,51.55,20334.42,3039.0,Non-Compliant,ISO 9001,83.62,402441.55,84.68,4.03,0.32,No,13.44,68.5,154.6,Tier 1
S01550,Supplier_1550,China,Electronics,57.91,2317.56,50.94,92190.51,480.47,Non-Compliant,ISO 45001,19.41,248429.76,94.07,3.73,0.38,,35.67,72.25,49.98,
S01551,Supplier_1551,Indonesia,Plastics,50.25,3298.98,39.94,53689.69,6431.29,Partially Compliant,ISO 9001,27.01,152529.28,95.57,0.79,0.59,Yes,10.73,37.34,60.22,Tier 3
S01552,Supplier_1552,Malaysia,Textiles,52.45,3652.99,76.53,38471.77,7767.55,Compliant,ISO 9001,84.41,137269.62,68.96,2.54,0.97,No,34.49,92.66,134.45,Tier 2
S01553,Supplier_1553,Malaysia,Plastics,80.26,2070.99,69.29,51638.74,9803.88,Non-Compliant,ISO 14001,10.49,296454.74,77.64,0.72,0.44,No,13.63,44.57,138.95,Tier 2
S01554,Supplier_1554,Thailand,,63.8,4280.26,33.57,26336.79,8281.2,Compliant,None,44.12,275176.71,73.86,4.36,0.62,No,28.18,60.93,149.38,Tier 1
S01555,Supplier_1555,Singapore,Automotive,90.28,3585.02,34.49,60209.18,6596.5,Partially Compliant,None,37.8,346390.21,87.42,1.89,0.8,Yes,0.89,16.94,179.59,Tier 2
S01556,Supplier_1556,Thailand,Electronics,52.4,679.49,65.46,102469.48,2783.59,Partially Compliant,ISO 14001,29.94,19316.85,76.02,0.49,0.55,No,16.02,64.6,87.85,Tier 3
S01557,Supplier_1557,India,Electronics,44.73,4492.68,64.67,56452.64,3610.8,Non-Compliant,None,73.1,280768.83,93.24,2.73,0.69,No,11.67,92.92,112.58,Tier 2
S01558,Supplier_1558,Malaysia,FMCG,72.16,4560.71,50.17,78626.25,5242.56,Compliant,ISO 14001,75.27,297297.04,80.51,4.39,0.97,Yes,3.65,72.78,22.24,Tier 2
S01559,Supplier_1559,China,Textiles,58.45,2770.96,38.63,95510.06,5431.82,Non-Compliant,None,90.64,139887.6,77.15,2.71,0.53,No,25.28,95.87,47.64,Tier 3
S01560,Supplier_1560,Thailand,Chemicals,90.01,3633.76,37.21,97772.79,4004.8,Compliant,None,38.38,234237.34,98.79,2.98,0.54,Yes,4.91,25.55,37.37,Tier 3
S01561,Supplier_1561,China,Electronics,72.54,3818.63,98.42,15541.21,3667.06,Partially Compliant,None,79.5,456095.99,86.59,1.53,0.93,,9.99,2.18,32.32,Tier 2
S01562,Supplier_1562,Malaysia,Chemicals,43.88,950.29,37.77,35161.05,9787.18,Non-Compliant,ISO 45001,56.66,68967.98,80.24,0.93,0.77,No,34.73,44.42,2.8,Tier 2
S01563,Supplier_1563,Indonesia,Automotive,43.59,156.32,37.06,44952.85,2911.71,Partially Compliant,ISO 9001,69.81,61532.99,78.59,4.66,0.9,Yes,46.86,97.05,73.95,Tier 1
S01564,Supplier_1564,India,Electronics,49.75,539.74,87.38,42259.8,9580.07,Non-Compliant,ISO 45001,68.86,355560.92,80.05,0.85,0.75,Yes,0.82,15.7,1.85,Tier 1
S01565,Supplier_1565,Singapore,Plastics,76.34,3303.6,N/A,96856.82,1432.89,Non-Compliant,ISO 14001,46.02,384853.95,73.76,1.17,0.56,Yes,38.2,45.53,95.32,Tier 1
S01566,Supplier_1566,Malaysia,Metals,74.32,4109.84,50.0,81624.11,9562.25,Compliant,ISO 14001,41.65,245131.58,72.7,4.34,0.69,No,30.17,34.65,104.57,Tier 3
S01567,Supplier_1567,Singapore,FMCG,73.09,733.77,30.2,78544.59,8975.43,Non-Compliant,ISO 9001,87.49,430601.26,85.0,4.05,0.75,No,9.37,102.42,133.4,Tier 3
S01568,Supplier_1568,Singapore,Automotive,79.72,4881.87,48.7,69365.6,7371.48,Non-Compliant,ISO 14001,92.22,435861.38,82.42,2.79,0.42,No,20.37,22.91,102.83,Tier 2
S01569,Supplier_1569,Indonesia,Plastics,87.04,N/A,59.28,89437.75,2079.07,Compliant,ISO 45001,80.93,77555.68,89.67,1.63,0.95,No,24.29,83.39,160.1,Tier 2
S01570,Supplier_1570,Indonesia,Automotive,84.85,2117.74,83.46,12216.73,4474.69,Non-Compliant,None,20.51,260661.79,71.37,3.03,0.7,No,32.31,23.97,110.89,Tier 3
S01571,Supplier_1571,Malaysia,FMCG,90.4,1362.61,79.79,32921.44,9301.21,Compliant,ISO 45001,69.28,90192.43,94.56,2.15,0.51,No,15.7,52.39,78.7,Tier 2
S01572,Supplier_1572,China,,58.52,2675.31,78.41,47395.95,2025.11,Partially Compliant,ISO 9001,67.91,111590.61,80.08,0.25,0.61,No,49.27,47.42,56.87,Tier 1
S01573,Supplier_1573,Singapore,FMCG,47.22,4389.31,68.23,30050.63,9242.77,Non-Compliant,ISO 9001,85.16,238495.14,83.31,4.6,0.48,No,11.84,48.39,67.06,Tier 2
S01574,Supplier_1574,Malaysia,Automotive,92.96,1175.23,50.15,28306.77,4824.87,Partially Compliant,ISO 45001,53.69,421122.05,92.48,4.57,0.84,No,37.08,96.5,15.09,Tier 1
S01575,Supplier_1575,Malaysia,Plastics,81.45,4933.2,49.99,40153.53,2055.12,Non-Compliant,ISO 14001,53.18,467674.7,84.63,1.7,0.63,No,40.8,28.62,186.19,Tier 2
S01576,Supplier_1576,Indonesia,FMCG,51.98,3907.69,41.51,88254.05,5923.07,Non-Compliant,ISO 45001,76.27,455763.41,89.29,3.33,0.4,No,39.71,93.37,178.14,Tier 3
S01577,Supplier_1577,,Chemicals,39.5,2687.6,44.85,86069.36,4421.5,Partially Compliant,ISO 45001,25.27,441182.87,102.22,3.16,1.01,Yes,39.23,94.08,125.76,Tier 3
S01578,Supplier_1578,India,Textiles,50.95,3668.89,92.69,72398.74,4285.6,Non-Compliant,ISO 45001,22.82,393210.73,79.31,3.87,0.77,Yes,5.54,55.46,69.76,Tier 2
S01579,Supplier_1579,Singapore,FMCG,48.0,2581.13,52.98,35297.9,8835.67,Compliant,ISO 9001,77.62,454510.85,71.82,3.88,0.94,Yes,25.39,88.81,23.03,Tier 3
S01580,Supplier_1580,Vietnam,FMCG,87.07,1710.33,57.23,66501.22,179.23,Partially Compliant,None,18.6,175055.5,71.65,3.33,0.85,Yes,29.41,85.45,157.04,
S01581,Supplier_1581,Singapore,Textiles,70.22,4615.83,56.4,70831.06,6358.6,Non-Compliant,ISO 9001,22.64,354620.37,94.35,3.36,0.93,No,30.22,17.95,29.74,Tier 2
S01582,Supplier_1582,Malaysia,Automotive,67.09,4110.03,69.24,19065.68,8827.91,Partially Compliant,ISO 14001,13.4,405642.77,72.93,2.12,0.49,Yes,32.08,16.02,191.41,
S01583,Supplier_1583,Indonesia,Automotive,54.95,4149.13,67.66,73144.47,5132.46,Non-Compliant,ISO 45001,31.7,300976.99,69.27,1.37,0.52,Yes,42.77,0.23,55.11,Tier 3
S01584,Supplier_1584,Singapore,Chemicals,59.84,3280.05,40.37,53554.18,3641.17,Compliant,ISO 45001,84.64,19636.71,95.57,0.39,1.01,Yes,8.2,72.2,127.91,Tier 2
S01585,Supplier_1585,Malaysia,Electronics,72.26,933.4,82.0,18690.7,7169.43,Non-Compliant,ISO 14001,66.69,291866.58,89.24,2.36,0.32,Yes,44.84,84.78,180.03,Tier 1
S01586,Supplier_1586,Indonesia,Electronics,68.81,3795.45,88.3,90364.0,7903.34,Non-Compliant,ISO 14001,64.99,401770.7,72.96,3.24,0.66,No,47.83,98.65,52.99,Tier 1
S01587,Supplier_1587,Indonesia,FMCG,63.4,3833.56,63.09,69734.96,7686.71,Compliant,None,58.86,92203.86,73.89,1.15,0.4,Yes,31.51,60.35,186.76,
S01588,Supplier_1588,India,,53.28,4094.74,82.1,86252.14,8430.01,Compliant,,74.57,294576.37,72.63,1.17,0.5,No,40.49,90.3,69.43,Tier 3
S01589,Supplier_1589,Malaysia,Plastics,81.0,3372.54,77.04,39023.32,4886.89,Non-Compliant,ISO 45001,83.47,335339.93,72.83,3.55,0.62,,14.79,45.01,190.44,Tier 2
S01590,Supplier_1590,China,Metals,56.19,3707.52,81.66,48445.82,8564.58,,ISO 9001,72.36,493141.56,80.15,2.24,0.85,Yes,39.48,50.55,173.48,Tier 3
S01591,Supplier_1591,Indonesia,Plastics,43.08,3002.48,45.43,17047.85,5758.34,Non-Compliant,ISO 45001,32.88,377736.34,77.07,4.8,0.43,No,10.93,68.8,155.52,Tier 1
S01592,Supplier_1592,Singapore,Plastics,44.69,864.94,40.95,58764.06,5780.58,Non-Compliant,ISO 45001,69.99,270642.74,75.65,3.33,0.78,Yes,43.33,9.67,89.13,Tier 2
S01593,Supplier_1593,Malaysia,Electronics,70.09,485.76,52.32,5248.24,9575.67,Non-Compliant,ISO 45001,39.06,77435.61,87.85,0.49,0.5,No,40.02,85.38,99.09,
S01594,Supplier_1594,Thailand,Textiles,55.26,4054.28,71.07,64577.78,2042.73,Partially Compliant,ISO 14001,81.0,311311.26,78.03,0.2,0.36,Yes,9.67,75.48,163.78,Tier 1
S01595,Supplier_1595,Vietnam,Chemicals,96.77,422.77,45.05,89161.11,6250.81,Partially Compliant,ISO 45001,42.85,259371.46,87.28,1.97,0.81,Yes,14.81,19.52,68.29,Tier 2
S01596,Supplier_1596,Vietnam,FMCG,84.89,3587.68,39.69,20255.74,7968.06,Partially Compliant,ISO 14001,77.19,389678.87,77.13,1.66,0.9,No,38.52,21.61,44.19,Tier 3
S01597,Supplier_1597,Vietnam,Automotive,44.3,1392.74,54.52,84841.52,3439.19,Partially Compliant,ISO 45001,13.21,262672.49,102.61,0.56,0.72,,0.84,93.55,68.59,Tier 1
S01598,Supplier_1598,Thailand,Metals,73.2,1998.83,58.76,69151.95,5929.89,Non-Compliant,ISO 45001,54.61,485417.13,87.32,1.32,0.9,No,25.38,66.74,104.15,Tier 1
S01599,Supplier_1599,Malaysia,Automotive,94.86,1869.51,39.89,42465.7,2852.08,Compliant,ISO 45001,44.68,390087.97,89.6,1.72,1.0,No,28.19,30.9,118.78,Tier 3
S01600,Supplier_1600,Thailand,Metals,57.13,2964.37,74.88,97993.9,8248.4,Compliant,None,86.53,53542.7,74.83,4.4,0.5,Yes,23.57,86.74,93.49,Tier 2
S01601,Supplier_1601,Vietnam,Plastics,40.3,3217.56,72.17,85824.41,2191.63,Partially Compliant,ISO 9001,59.98,380405.34,87.67,2.67,0.63,No,0.52,102.84,147.29,Tier 2
S01602,Supplier_1602,India,Automotive,72.85,4580.78,70.61,12168.19,1377.79,Partially Compliant,ISO 14001,78.68,339145.24,92.24,1.65,0.95,Yes,18.46,86.36,148.12,Tier 1
S01603,Supplier_1603,Malaysia,Automotive,70.57,3742.67,29.44,15412.95,3714.18,Partially Compliant,ISO 14001,82.53,81380.62,96.47,1.0,0.75,Yes,46.07,83.88,114.7,Tier 2
S01604,Supplier_1604,Singapore,Textiles,77.08,1233.15,90.45,27226.52,6911.32,Non-Compliant,None,78.68,184088.46,91.05,0.82,0.69,No,11.14,43.41,126.38,Tier 2
S01605,Supplier_1605,Thailand,FMCG,49.87,2551.64,83.41,32426.21,1692.15,Partially Compliant,ISO 45001,7.81,202765.23,82.97,2.29,0.48,Yes,17.58,96.1,153.2,Tier 1
S01606,Supplier_1606,China,Chemicals,74.59,794.96,36.48,95994.65,6325.71,Compliant,ISO 9001,81.67,336045.97,80.95,3.1,0.59,No,39.87,63.05,54.46,Tier 2
S01607,Supplier_1607,Indonesia,FMCG,52.59,2918.14,79.53,8078.61,7373.51,Partially Compliant,ISO 9001,51.65,175838.72,84.96,1.14,0.41,No,15.04,23.0,49.27,Tier 2
S01608,Supplier_1608,Singapore,Electronics,41.62,2516.39,89.12,40146.51,7132.04,Partially Compliant,ISO 9001,32.02,508210.08,94.5,1.19,0.57,No,37.79,90.71,176.48,Tier 3
S01609,Supplier_1609,Thailand,Textiles,58.19,3234.55,52.79,9473.01,9160.18,Partially Compliant,ISO 45001,38.17,119468.68,89.91,3.6,0.84,No,23.98,5.69,152.61,Tier 2
S01610,Supplier_1610,India,Automotive,84.98,124.42,56.32,72059.72,2459.42,Partially Compliant,None,66.04,284367.27,70.46,4.68,0.54,Yes,31.77,84.41,140.06,Tier 2
S01611,Supplier_1611,Singapore,Automotive,66.54,2134.07,46.34,46577.47,869.01,Non-Compliant,ISO 9001,74.3,93914.55,92.87,3.63,0.71,No,16.65,35.84,113.4,Tier 1
S01612,Supplier_1612,Vietnam,Automotive,86.42,545.62,43.16,31158.04,4995.97,Partially Compliant,ISO 45001,82.37,79811.89,91.17,4.15,0.89,No,6.94,67.65,20.45,Tier 2
S01613,Supplier_1613,China,Automotive,62.43,1248.58,67.05,24120.02,4836.41,Non-Compliant,ISO 14001,42.07,404814.96,90.71,3.7,1.0,No,25.36,8.83,196.86,Tier 1
S01614,Supplier_1614,Indonesia,,64.01,2117.68,55.83,7373.63,5327.42,Compliant,ISO 45001,13.85,317049.31,78.51,3.14,0.82,Yes,47.07,49.52,122.96,Tier 3
S01615,Supplier_1615,Indonesia,Automotive,44.96,747.36,58.7,71290.77,1528.21,Compliant,ISO 45001,40.43,64792.75,91.47,2.61,0.33,No,43.45,15.7,56.63,Tier 2
S01616,Supplier_1616,India,Chemicals,42.28,2891.9,37.1,89739.06,6456.38,Non-Compliant,ISO 9001,77.8,57381.3,70.62,4.57,0.53,No,26.25,80.06,64.64,Tier 3
S01617,Supplier_1617,China,Textiles,81.44,2509.89,59.35,8590.45,3679.92,Compliant,ISO 45001,32.9,241632.95,75.6,0.41,0.34,Yes,9.62,59.83,110.32,Tier 3
S01618,Supplier_1618,Singapore,Automotive,N/A,3966.49,66.79,49992.87,5341.93,Non-Compliant,,66.08,238686.17,97.12,2.35,0.8,No,41.51,87.2,67.29,Tier 3
S01619,Supplier_1619,India,Metals,54.06,2397.4,52.42,91687.78,7455.02,Compliant,ISO 9001,18.79,295935.23,86.8,0.52,0.34,Yes,38.86,3.72,46.21,Tier 3
S01620,Supplier_1620,Vietnam,FMCG,97.96,2288.62,72.15,40377.98,5452.86,Compliant,ISO 14001,16.13,43744.17,83.86,0.12,0.35,Yes,13.32,67.24,24.34,Tier 3
S01621,Supplier_1621,Vietnam,Automotive,50.81,3312.35,83.43,27189.07,1769.84,Compliant,ISO 9001,59.07,194477.82,82.59,1.83,0.94,No,11.27,59.13,15.57,
S01622,Supplier_1622,China,Chemicals,49.13,2689.56,48.33,89034.77,8618.84,Partially Compliant,ISO 45001,72.14,180042.75,78.9,1.31,0.45,No,36.96,26.48,193.21,Tier 2
S01623,Supplier_1623,Thailand,Chemicals,81.31,3477.24,50.31,2567.27,5069.17,Non-Compliant,ISO 45001,44.67,234312.04,84.03,3.86,0.54,No,48.15,18.72,2.05,Tier 1
S01624,Supplier_1624,China,Automotive,56.55,974.28,98.97,38395.69,3895.05,Partially Compliant,ISO 9001,23.75,463702.95,81.5,0.65,0.75,No,32.51,94.64,85.89,Tier 2
S01625,Supplier_1625,Thailand,Plastics,71.82,4471.69,83.32,19347.36,4668.61,Non-Compliant,ISO 14001,34.45,39209.24,69.17,3.34,0.67,Yes,27.76,79.8,78.47,Tier 1
S01626,Supplier_1626,China,Automotive,79.62,4646.48,39.14,101811.38,8945.34,Non-Compliant,None,9.68,22478.87,88.7,1.96,0.8,No,14.52,33.86,38.0,Tier 1
S01627,Supplier_1627,Singapore,Textiles,57.41,4498.31,48.35,35388.03,356.46,Non-Compliant,ISO 14001,25.78,234035.05,99.59,2.55,0.57,No,31.29,89.41,199.45,Tier 2
S01628,Supplier_1628,Singapore,Chemicals,50.42,478.86,55.83,31774.26,9724.71,Partially Compliant,ISO 45001,26.35,309153.96,91.51,3.5,0.6,,10.69,4.76,153.12,Tier 1
S01629,Supplier_1629,Malaysia,Textiles,44.52,1270.75,97.64,22706.31,4448.18,Compliant,ISO 9001,11.63,436382.54,95.16,4.49,0.86,No,38.17,87.97,73.84,Tier 1
S01630,Supplier_1630,China,FMCG,40.69,777.63,80.6,34923.33,4713.14,Non-Compliant,ISO 14001,88.17,506512.63,92.15,4.64,0.64,No,15.93,43.49,137.99,Tier 3
S01631,Supplier_1631,Singapore,Textiles,79.66,4701.23,45.44,90869.6,9630.96,Compliant,None,77.67,334912.18,68.61,0.8,0.67,No,4.65,45.4,145.08,Tier 2
S01632,Supplier_1632,Malaysia,Automotive,78.42,2288.06,45.0,95309.07,3892.84,Partially Compliant,ISO 45001,90.14,109332.13,92.48,0.34,0.32,No,12.21,67.45,13.37,Tier 3
S01633,Supplier_1633,Thailand,FMCG,75.27,3607.43,53.61,2065.92,3507.73,Partially Compliant,ISO 45001,72.69,215426.43,75.59,3.14,0.75,No,28.63,77.42,189.44,Tier 2
S01634,Supplier_1634,Singapore,Automotive,42.16,1236.51,64.14,58610.85,9745.35,Compliant,ISO 9001,29.68,327120.43,85.06,4.45,0.45,No,29.1,26.47,198.83,Tier 1
S01635,Supplier_1635,Thailand,Electronics,96.09,2912.11,38.04,9182.69,8695.82,Compliant,ISO 9001,13.2,292189.51,76.66,0.24,0.67,No,21.83,64.55,19.3,Tier 3
S01636,Supplier_1636,Thailand,Plastics,48.38,2489.29,55.56,39913.36,1343.37,Non-Compliant,ISO 9001,7.65,394674.12,88.28,0.18,0.46,Yes,31.73,20.68,84.54,Tier 1
S01637,Supplier_1637,Indonesia,Electronics,49.99,2945.71,80.17,64296.1,1406.95,Partially Compliant,ISO 9001,35.04,194068.31,83.2,1.86,0.39,Yes,32.51,96.56,91.13,Tier 3
S01638,Supplier_1638,Vietnam,Automotive,77.72,715.62,92.02,97589.38,4473.33,Partially Compliant,ISO 45001,40.45,274067.62,70.07,4.59,0.84,No,4.61,90.37,180.18,Tier 2
S01639,Supplier_1639,Vietnam,Electronics,71.0,1045.37,96.48,34011.52,6777.1,Non-Compliant,ISO 45001,27.46,461169.14,86.02,4.94,1.01,Yes,9.03,62.65,44.39,Tier 3
S01640,Supplier_1640,Singapore,FMCG,65.41,3011.41,92.59,47077.96,9099.76,Non-Compliant,ISO 45001,70.3,193597.99,79.76,0.57,0.83,No,17.0,94.74,59.24,Tier 1
S01641,Supplier_1641,China,Chemicals,78.85,1300.27,68.2,39576.64,6900.42,Compliant,None,54.9,371352.04,78.98,1.73,0.64,No,2.64,66.71,128.57,Tier 3
S01642,Supplier_1642,Singapore,Metals,72.2,4707.48,80.65,87216.9,6946.5,Non-Compliant,ISO 14001,70.77,53837.98,99.27,3.93,0.8,Yes,39.17,14.76,130.98,Tier 3
S01643,Supplier_1643,India,Textiles,73.89,4554.45,33.32,58273.32,4483.2,Non-Compliant,ISO 45001,5.41,461695.2,87.9,1.88,0.56,Yes,44.4,32.61,131.08,
S01644,Supplier_1644,India,Chemicals,87.5,701.85,76.24,65911.33,3504.8,Non-Compliant,ISO 14001,88.1,32620.16,77.48,2.55,0.77,Yes,21.88,51.55,189.52,Tier 3
S01645,Supplier_1645,China,Automotive,54.55,4709.22,31.03,70607.08,2454.72,Partially Compliant,ISO 14001,48.67,382594.13,83.01,4.49,0.98,Yes,9.73,16.04,164.43,Tier 3
S01646,Supplier_1646,Indonesia,Textiles,66.62,4225.11,95.69,74995.89,4805.43,Non-Compliant,ISO 9001,5.14,285953.24,89.12,1.5,0.32,Yes,39.89,9.41,129.9,Tier 2
S01647,Supplier_1647,Malaysia,Chemicals,66.71,2997.15,93.85,10422.33,4073.31,Non-Compliant,ISO 45001,22.2,224537.77,85.14,0.44,0.39,No,9.5,59.63,28.31,Tier 1
S01648,Supplier_1648,Thailand,Plastics,56.19,4604.84,95.21,79468.98,9764.29,Partially Compliant,ISO 14001,31.41,480957.53,73.02,2.6,0.59,No,32.82,69.81,176.56,Tier 3
S01649,Supplier_1649,Indonesia,Metals,95.54,3073.71,42.75,79745.41,619.47,Compliant,None,41.45,47908.06,69.75,0.6,0.7,No,50.53,96.48,142.36,Tier 1
S01650,Supplier_1650,Malaysia,Textiles,56.82,1311.12,97.91,3894.6,8025.78,Non-Compliant,ISO 9001,68.87,476639.34,95.65,2.81,0.39,Yes,7.5,51.54,176.87,Tier 1
S01651,Supplier_1651,,Automotive,66.46,545.82,39.18,45911.13,2889.86,Compliant,None,78.45,155717.17,91.77,4.86,0.81,No,46.81,45.9,49.67,Tier 3
S01652,Supplier_1652,India,Electronics,71.83,1751.95,51.94,87769.84,8059.74,Partially Compliant,ISO 14001,68.56,5596.76,100.3,3.78,0.6,No,45.81,43.16,134.22,Tier 2
S01653,Supplier_1653,China,FMCG,74.86,3351.17,68.27,94875.95,7426.88,Partially Compliant,ISO 14001,82.19,357081.66,92.64,3.9,0.73,Yes,48.32,29.35,86.47,Tier 2
S01654,Supplier_1654,Singapore,Plastics,72.74,N/A,94.69,13314.48,7251.19,Partially Compliant,None,36.61,447125.61,74.76,0.16,0.53,No,7.62,83.24,161.6,Tier 1
S01655,Supplier_1655,Vietnam,Plastics,91.37,2468.43,87.12,53041.23,5553.3,Compliant,ISO 14001,28.03,306965.42,97.92,3.22,0.32,No,40.99,98.55,177.35,Tier 1
S01656,Supplier_1656,Vietnam,FMCG,56.59,380.42,94.25,66156.99,4545.24,Partially Compliant,ISO 45001,84.21,385998.14,81.95,2.26,0.61,No,13.13,0.91,105.97,Tier 2
S01657,Supplier_1657,China,Electronics,50.95,568.15,82.03,11171.27,2863.15,Non-Compliant,ISO 45001,59.97,192035.55,93.73,2.49,0.61,Yes,0.04,94.93,135.78,Tier 1
S01658,Supplier_1658,Malaysia,Metals,64.83,920.33,42.93,39471.81,9092.4,Non-Compliant,ISO 45001,22.67,204084.69,71.58,1.39,0.73,No,18.38,5.96,149.29,Tier 1
S01659,Supplier_1659,Vietnam,Automotive,50.77,3501.44,49.79,80707.4,428.15,Compliant,None,68.61,457626.75,87.12,1.17,0.59,Yes,16.56,91.56,90.37,Tier 1
S01660,Supplier_1660,China,Textiles,89.41,2763.45,74.44,81942.39,8922.47,Partially Compliant,None,6.5,368902.3,78.04,3.06,0.92,Yes,0.2,18.92,37.74,Tier 2
S01661,Supplier_1661,Malaysia,Automotive,76.24,3114.13,69.48,48791.55,1736.58,Non-Compliant,ISO 14001,59.89,483083.03,82.49,2.1,0.42,Yes,3.6,76.66,105.64,Tier 2
S01662,Supplier_1662,Singapore,Automotive,71.05,827.94,31.64,70954.9,6144.69,Compliant,None,5.51,213635.46,100.36,3.47,0.53,Yes,3.15,10.06,68.85,Tier 2
S01663,Supplier_1663,Vietnam,Plastics,72.83,712.22,69.12,27338.81,4495.61,Partially Compliant,None,67.54,103972.64,73.41,4.88,0.63,Yes,3.22,2.49,162.74,Tier 1
S01664,Supplier_1664,Vietnam,Chemicals,65.76,4172.48,89.9,54323.64,1068.54,Non-Compliant,ISO 9001,14.29,330768.63,91.19,2.13,0.5,No,17.72,49.41,59.07,Tier 1
S01665,Supplier_1665,Vietnam,FMCG,60.61,3165.75,68.37,91280.67,447.11,Partially Compliant,ISO 9001,77.07,289196.59,79.32,2.85,0.83,Yes,14.88,83.69,62.62,Tier 3
S01666,Supplier_1666,India,Metals,49.1,2080.62,79.44,98658.35,5795.12,Compliant,ISO 14001,45.72,354678.65,87.06,4.96,0.87,No,9.15,38.98,156.36,Tier 1
S01667,Supplier_1667,Malaysia,Electronics,70.51,3729.83,81.23,30654.41,7438.11,Non-Compliant,,47.21,504405.94,72.21,1.31,1.02,,22.14,45.54,186.84,Tier 2
S01668,Supplier_1668,China,Electronics,64.45,5070.41,91.93,46641.7,1738.92,Compliant,ISO 9001,16.06,146429.6,89.95,2.83,0.76,No,42.42,15.67,26.55,Tier 1
S01669,Supplier_1669,Indonesia,Electronics,85.45,2188.91,65.99,58801.69,3140.36,Compliant,ISO 14001,73.75,258286.01,71.13,3.36,0.56,Yes,44.08,68.91,21.57,Tier 3
S01670,Supplier_1670,India,Chemicals,60.72,2765.26,61.34,9448.87,4295.95,Compliant,ISO 45001,49.76,39002.44,84.52,3.05,0.92,No,23.96,50.6,151.14,Tier 3
S01671,Supplier_1671,India,Automotive,81.9,372.06,46.41,14509.0,2107.64,Partially Compliant,ISO 45001,57.81,270362.2,78.65,4.53,0.53,Yes,42.64,99.81,167.51,Tier 1
S01672,Supplier_1672,Malaysia,Metals,N/A,4639.25,35.87,52798.36,1350.1,Non-Compliant,ISO 9001,16.7,88632.5,85.74,3.94,0.48,No,23.49,36.64,176.43,Tier 1
S01673,Supplier_1673,Vietnam,Metals,70.65,3818.53,54.71,4457.1,2709.92,Non-Compliant,ISO 45001,44.09,387412.04,81.07,4.5,0.81,Yes,22.67,89.38,136.16,Tier 3
S01674,Supplier_1674,Singapore,Automotive,67.59,1806.87,38.4,51509.39,8169.09,Non-Compliant,ISO 14001,50.32,232139.66,75.13,1.27,0.35,Yes,29.22,92.68,106.78,Tier 2
S01675,Supplier_1675,Indonesia,Electronics,63.7,1661.09,58.97,69377.05,2980.8,Non-Compliant,None,81.13,244799.7,94.89,1.43,0.82,No,23.64,96.57,53.22,Tier 3
S01676,Supplier_1676,Singapore,Metals,87.42,1898.9,44.87,78144.63,8534.71,Partially Compliant,,24.24,6049.77,74.55,0.32,0.47,Yes,40.4,44.9,183.35,Tier 3
S01677,Supplier_1677,China,Textiles,89.0,2200.67,73.86,50204.45,5966.73,Non-Compliant,,89.26,405877.02,78.7,0.45,0.67,No,2.58,74.43,174.6,Tier 2
S01678,Supplier_1678,China,Plastics,42.04,589.71,90.87,83089.56,2663.08,Non-Compliant,None,70.22,339593.98,75.18,1.12,0.95,No,5.82,7.65,127.62,Tier 1
S01679,Supplier_1679,Singapore,Automotive,44.04,147.97,34.8,16120.12,2663.74,Partially Compliant,ISO 9001,86.42,147755.66,97.29,1.55,0.4,Yes,38.67,64.33,194.16,Tier 2
S01680,Supplier_1680,India,FMCG,86.21,4357.55,68.09,60425.62,2001.3,Non-Compliant,None,68.1,128297.92,94.01,0.56,0.32,No,13.15,31.18,110.12,Tier 1
S01681,Supplier_1681,Malaysia,Plastics,53.52,3485.26,56.49,89629.97,7036.15,Non-Compliant,ISO 9001,34.57,159998.51,88.91,3.34,0.51,No,25.62,23.58,141.76,
S01682,Supplier_1682,India,Metals,58.83,1267.91,71.87,41752.56,740.17,Partially Compliant,ISO 45001,43.73,42763.5,82.81,2.14,0.83,No,43.24,2.45,114.5,Tier 1
S01683,Supplier_1683,China,Automotive,58.2,4089.3,73.65,77993.68,9758.82,Partially Compliant,ISO 45001,84.27,154162.46,83.48,4.73,0.55,No,48.4,5.11,135.83,Tier 1
S01684,Supplier_1684,Malaysia,FMCG,50.73,1199.4,36.23,94616.46,2636.05,Partially Compliant,ISO 14001,62.13,38283.55,91.91,3.57,0.78,No,48.18,19.82,78.98,Tier 2
S01685,Supplier_1685,China,Chemicals,84.48,204.49,66.25,84472.6,2810.06,Non-Compliant,ISO 14001,14.1,266929.59,83.69,2.38,0.54,Yes,7.73,50.69,55.4,Tier 2
S01686,Supplier_1686,Indonesia,,84.7,217.19,75.25,73954.1,9753.48,Compliant,ISO 9001,23.94,108453.8,74.78,2.99,0.56,No,48.44,22.03,71.46,Tier 2
S01687,Supplier_1687,India,Automotive,41.45,1019.62,80.61,80314.0,4111.61,Compliant,ISO 45001,85.31,4150.48,84.97,4.55,0.4,No,46.04,33.15,40.56,Tier 3
S01688,Supplier_1688,Indonesia,Plastics,N/A,863.24,50.32,43725.27,322.93,Partially Compliant,ISO 14001,82.02,1674.61,96.81,0.76,0.72,Yes,16.78,88.99,98.16,Tier 3
S01689,Supplier_1689,Vietnam,Plastics,93.67,508.2,90.44,71670.01,7984.35,Compliant,None,71.61,232714.8,87.47,0.35,0.66,No,14.33,20.7,76.31,Tier 1
S01690,Supplier_1690,Indonesia,Textiles,76.87,2843.37,84.72,19290.84,419.6,Partially Compliant,ISO 45001,76.87,42889.31,75.27,1.54,0.39,Yes,32.13,64.55,93.66,Tier 2
S01691,Supplier_1691,India,Automotive,43.1,4278.09,42.38,1677.72,3734.02,Compliant,ISO 9001,48.69,284739.84,82.72,0.17,0.37,Yes,9.89,82.81,155.49,Tier 3
S01692,Supplier_1692,Thailand,FMCG,79.77,4808.11,37.42,26838.61,4527.73,Non-Compliant,None,66.9,431381.56,73.71,0.5,0.8,No,32.6,51.3,117.96,Tier 1
S01693,Supplier_1693,Vietnam,Textiles,63.29,4415.83,68.82,32674.28,6076.39,Compliant,ISO 9001,83.56,459757.65,75.62,1.1,0.97,Yes,33.53,7.6,96.82,
S01694,Supplier_1694,Thailand,Metals,71.09,726.48,92.11,50162.69,9381.33,Compliant,None,75.67,344629.03,101.65,2.16,1.0,No,29.85,86.77,62.78,Tier 1
S01695,Supplier_1695,Malaysia,Chemicals,72.05,2424.08,37.6,49635.01,2916.12,Compliant,ISO 9001,85.82,409286.87,68.74,4.33,0.64,No,28.37,21.23,73.27,Tier 2
S01696,Supplier_1696,Indonesia,Metals,42.77,3780.1,82.27,78565.82,1959.84,Non-Compliant,None,15.92,205830.15,71.51,2.4,0.55,No,5.9,78.61,159.68,Tier 3
S01697,Supplier_1697,,Chemicals,54.76,3786.92,77.96,84708.71,8782.34,Non-Compliant,ISO 14001,36.73,464032.34,76.62,1.84,0.44,No,21.08,42.81,109.08,Tier 1
S01698,Supplier_1698,India,Plastics,41.63,3853.8,53.85,71768.39,3135.12,Compliant,None,10.52,86231.08,72.2,3.43,0.66,Yes,18.79,88.6,10.96,Tier 1
S01699,Supplier_1699,Thailand,Textiles,70.05,2049.99,90.84,30486.61,8066.7,Partially Compliant,ISO 14001,85.35,151174.12,87.28,2.82,0.66,Yes,43.08,31.32,207.87,Tier 2
S01700,Supplier_1700,Thailand,Plastics,40.43,2423.84,32.75,76733.47,6040.61,Non-Compliant,ISO 9001,7.22,152702.39,80.51,3.77,0.46,,9.22,8.02,93.51,Tier 1
S01701,Supplier_1701,India,Automotive,95.84,2319.6,55.43,45107.13,9657.89,Non-Compliant,ISO 45001,88.05,269248.5,92.97,2.74,0.34,No,47.36,32.5,193.76,Tier 2
S01702,Supplier_1702,Thailand,Metals,59.92,2791.92,53.83,95683.55,1072.91,Partially Compliant,ISO 14001,17.25,108622.17,80.2,4.14,0.68,No,49.77,82.93,3.5,Tier 3
S01703,Supplier_1703,Thailand,Textiles,53.81,2564.0,56.85,41471.72,2806.11,Compliant,None,86.17,346963.23,94.98,1.96,0.56,Yes,27.55,28.72,171.96,Tier 1
S01704,Supplier_1704,Vietnam,Automotive,78.6,3448.91,37.2,32752.33,3660.75,Partially Compliant,ISO 45001,58.92,482121.52,96.03,2.81,0.59,Yes,20.32,78.99,167.04,Tier 3
S01705,Supplier_1705,Singapore,FMCG,N/A,1689.11,99.7,51947.87,3901.35,Non-Compliant,ISO 9001,73.99,8541.21,82.29,4.73,0.35,,25.69,52.39,43.89,Tier 3
S01706,Supplier_1706,Vietnam,Textiles,45.36,807.03,93.02,6902.76,1390.35,Non-Compliant,ISO 14001,76.47,450469.24,76.89,3.36,0.29,No,5.28,84.41,181.81,Tier 1
S01707,Supplier_1707,Thailand,Metals,40.53,4742.56,43.43,86365.12,7756.57,Non-Compliant,ISO 45001,38.38,371355.95,89.79,3.2,0.52,No,8.28,52.44,185.5,Tier 3
S01708,Supplier_1708,India,Plastics,90.08,2978.16,36.3,30530.5,4913.49,Partially Compliant,None,72.36,204993.61,97.41,0.32,0.64,No,6.91,80.02,148.23,Tier 3
S01709,Supplier_1709,Vietnam,Textiles,46.31,4481.15,68.49,59745.42,6035.36,Compliant,None,12.83,236253.93,81.06,4.18,0.7,Yes,38.4,71.6,60.6,Tier 2
S01710,Supplier_1710,China,Automotive,90.59,2515.84,60.63,91367.05,297.7,Non-Compliant,ISO 9001,81.75,282644.74,98.48,1.81,0.98,No,21.77,37.65,185.32,Tier 3
S01711,Supplier_1711,India,Metals,88.78,2045.19,76.15,62502.87,3929.0,,None,58.16,165371.79,87.2,0.32,0.87,No,44.33,74.42,112.24,Tier 3
S01712,Supplier_1712,India,Plastics,87.63,2234.85,95.57,23196.18,8118.97,Compliant,ISO 14001,68.15,269665.87,93.49,0.63,0.59,No,33.82,16.41,186.42,Tier 3
S01713,Supplier_1713,China,Automotive,90.44,4202.61,51.48,19949.01,10162.97,Partially Compliant,ISO 14001,63.73,19084.59,80.44,3.73,0.53,Yes,46.14,51.7,154.86,Tier 2
S01714,Supplier_1714,Thailand,Automotive,60.68,353.14,73.66,89780.96,7377.91,Non-Compliant,,77.7,172288.37,96.05,0.35,0.92,Yes,40.57,36.57,189.45,Tier 2
S01715,Supplier_1715,Singapore,Plastics,53.5,607.64,72.36,66309.54,3995.71,Compliant,ISO 9001,66.49,27431.01,101.14,4.84,0.56,Yes,3.49,8.97,29.89,Tier 3
S01716,Supplier_1716,Vietnam,Metals,47.93,4509.61,42.31,68863.29,270.28,Partially Compliant,ISO 14001,89.16,490565.52,87.15,2.83,1.0,Yes,26.24,26.7,64.14,Tier 1
S01717,Supplier_1717,Malaysia,Electronics,56.12,3650.6,97.82,62411.3,9422.9,,ISO 9001,66.24,268756.81,80.88,1.04,0.68,No,36.6,16.57,98.98,Tier 2
S01718,Supplier_1718,Indonesia,Chemicals,64.35,N/A,80.56,95146.49,7102.39,Partially Compliant,,42.4,101481.29,87.59,1.42,0.79,No,27.88,33.44,2.53,Tier 3
S01719,Supplier_1719,Singapore,Automotive,60.06,740.56,59.01,91923.74,5805.15,Non-Compliant,None,15.35,436928.6,68.72,2.88,0.91,Yes,30.08,99.8,125.4,Tier 2
S01720,Supplier_1720,India,Chemicals,86.49,422.58,77.05,41425.52,3212.27,Compliant,ISO 9001,34.81,352377.58,77.22,0.35,0.9,No,16.57,53.52,133.53,Tier 1
S01721,Supplier_1721,Thailand,Automotive,62.31,5016.23,77.58,54810.67,9333.11,Non-Compliant,ISO 9001,45.57,218025.51,92.85,3.67,0.46,No,38.63,68.78,3.76,Tier 1
S01722,Supplier_1722,China,Textiles,92.51,5044.16,38.93,63759.91,8272.34,Non-Compliant,ISO 9001,37.4,479149.32,94.87,0.58,0.33,,27.16,69.73,110.75,Tier 2
S01723,Supplier_1723,Singapore,Electronics,54.53,4323.57,71.56,29568.69,1100.33,Non-Compliant,ISO 9001,77.74,359796.6,77.96,2.39,0.34,No,50.48,21.36,91.51,Tier 2
S01724,Supplier_1724,Thailand,Automotive,61.78,2614.69,41.0,6739.7,8323.9,Compliant,None,70.42,329692.05,89.92,1.91,0.4,No,13.28,83.75,184.57,Tier 1
S01725,Supplier_1725,China,Metals,83.06,3978.04,87.75,16561.18,5254.97,Partially Compliant,ISO 45001,8.85,286267.62,90.18,0.5,0.94,No,45.54,102.5,11.96,Tier 3
S01726,Supplier_1726,Thailand,Metals,83.95,392.32,95.26,43283.64,10131.08,Compliant,ISO 9001,74.07,20267.16,87.2,1.25,0.36,No,40.03,47.69,117.3,Tier 3
S01727,Supplier_1727,Thailand,Metals,N/A,124.16,48.92,23431.52,3855.7,Non-Compliant,ISO 14001,51.19,388141.14,82.19,4.86,0.94,No,29.21,86.05,14.93,Tier 1
S01728,Supplier_1728,Indonesia,FMCG,65.24,3608.42,40.59,77331.23,1011.4,Compliant,None,49.52,444416.82,71.21,1.4,0.71,No,3.2,8.02,69.79,Tier 3
S01729,Supplier_1729,Indonesia,Automotive,39.47,3631.19,39.06,11509.12,671.36,Compliant,None,57.91,217421.25,78.34,4.02,0.81,Yes,32.47,45.21,126.6,Tier 2
S01730,Supplier_1730,India,Plastics,92.41,1337.55,N/A,92439.8,2230.03,,None,41.95,94688.17,90.81,3.05,0.96,No,34.57,88.97,116.22,Tier 1
S01731,Supplier_1731,Singapore,Textiles,90.68,3940.12,47.56,15370.5,9410.33,Non-Compliant,ISO 9001,39.55,112515.84,94.86,3.0,0.53,No,32.53,95.27,65.53,Tier 1
S01732,Supplier_1732,Thailand,Automotive,61.37,296.4,90.86,92985.92,3362.8,Partially Compliant,,15.01,441453.98,93.47,3.17,0.42,Yes,6.68,62.95,129.7,Tier 2
S01733,Supplier_1733,Indonesia,Metals,76.8,1036.08,65.96,41695.89,7197.48,Non-Compliant,ISO 14001,29.89,338229.39,71.35,1.67,0.87,Yes,15.2,94.15,80.07,Tier 3
S01734,Supplier_1734,Indonesia,Automotive,71.52,3613.54,46.84,89523.86,5645.03,Partially Compliant,ISO 9001,66.1,268376.13,81.48,1.19,0.76,No,35.62,82.47,166.53,Tier 3
S01735,Supplier_1735,Thailand,FMCG,52.62,4323.62,59.22,15591.73,3755.68,Partially Compliant,ISO 45001,83.82,382266.19,93.1,2.07,0.51,Yes,51.67,94.43,204.14,Tier 1
S01736,Supplier_1736,Singapore,Metals,49.02,2353.1,51.61,9261.0,4319.99,Compliant,None,74.88,223597.52,98.53,0.41,0.84,No,20.99,37.15,105.42,Tier 2
S01737,Supplier_1737,Thailand,FMCG,52.89,4410.41,94.94,23817.0,4347.4,Compliant,None,26.41,182976.13,74.33,3.98,0.69,Yes,9.27,83.84,15.19,Tier 1
S01738,Supplier_1738,India,,62.8,2001.11,32.16,33085.03,4305.89,Compliant,None,17.23,323949.52,71.38,2.8,0.54,No,20.4,13.5,19.16,Tier 1
S01739,Supplier_1739,India,Electronics,45.89,1552.07,N/A,90999.34,9852.18,Compliant,None,6.74,447782.24,96.02,4.34,0.45,No,40.08,7.16,67.39,Tier 2
S01740,Supplier_1740,Malaysia,Chemicals,65.91,2345.73,60.0,38498.79,5576.6,,ISO 14001,64.08,430056.99,93.16,1.73,0.52,Yes,44.33,17.94,58.39,Tier 3
S01741,Supplier_1741,India,Electronics,74.36,252.98,72.62,56675.97,3796.08,Partially Compliant,None,42.05,262124.21,75.22,2.17,0.38,No,13.55,32.05,152.65,Tier 3
S01742,Supplier_1742,India,Textiles,70.92,3141.99,30.1,82007.05,497.98,Partially Compliant,ISO 14001,8.37,454535.29,93.89,3.07,0.96,Yes,43.6,78.76,120.93,Tier 3
S01743,Supplier_1743,China,Electronics,87.03,1470.42,52.19,88078.04,1634.44,Partially Compliant,None,24.92,447634.63,74.13,4.66,0.85,,40.05,87.43,125.16,Tier 3
S01744,Supplier_1744,,Chemicals,70.48,2226.06,87.01,16122.25,2102.9,Non-Compliant,ISO 45001,25.98,368408.01,91.27,4.16,0.73,No,38.63,92.36,179.07,Tier 3
S01745,Supplier_1745,Malaysia,Electronics,52.72,3760.66,55.4,70705.21,3966.15,Non-Compliant,ISO 9001,34.15,186760.78,92.03,2.95,0.7,Yes,47.84,5.96,51.93,Tier 3
S01746,Supplier_1746,Thailand,Metals,84.19,3940.93,32.02,37203.71,10134.53,Non-Compliant,ISO 14001,24.98,455421.54,87.79,1.73,0.41,No,45.58,11.58,49.21,Tier 3
S01747,Supplier_1747,,Plastics,54.31,4590.68,38.89,84429.12,6049.78,Compliant,None,77.06,190820.95,73.22,0.81,0.79,,46.97,27.2,186.91,Tier 2
S01748,Supplier_1748,Thailand,Textiles,78.19,4784.98,39.01,66781.14,9595.82,Partially Compliant,ISO 45001,26.25,406790.06,70.49,4.59,0.88,Yes,12.05,83.69,72.53,Tier 3
S01749,Supplier_1749,India,FMCG,87.33,3612.63,91.45,2865.13,2942.36,Partially Compliant,None,80.55,85459.92,97.23,2.11,0.43,No,13.29,63.24,186.71,Tier 3
S01750,Supplier_1750,China,Metals,61.66,4093.28,57.96,63637.63,782.12,Compliant,ISO 14001,59.7,113036.86,101.85,1.58,0.47,No,4.17,56.79,125.13,Tier 3
S01751,Supplier_1751,Thailand,Textiles,53.25,4110.84,85.15,73779.58,1360.43,Compliant,ISO 45001,64.73,268920.9,80.13,3.25,0.46,No,38.85,49.59,148.92,Tier 1
S01752,Supplier_1752,Singapore,Electronics,46.85,3790.07,78.76,52805.01,6630.03,Partially Compliant,ISO 14001,58.38,116265.64,84.44,2.23,0.33,Yes,8.33,73.0,33.32,Tier 2
S01753,Supplier_1753,,Electronics,48.66,416.5,92.69,77768.34,9756.55,Compliant,ISO 45001,58.79,235797.99,88.56,1.3,0.98,,22.77,92.33,101.08,Tier 2
S01754,Supplier_1754,Singapore,Electronics,72.43,4968.25,67.27,7311.16,5227.69,Partially Compliant,None,67.53,360516.81,78.82,1.22,0.33,No,16.87,3.89,144.02,Tier 3
S01755,Supplier_1755,Thailand,,58.84,2813.17,64.38,88617.58,8737.63,Compliant,ISO 14001,71.84,350212.22,77.65,0.7,0.42,Yes,11.83,29.12,94.76,Tier 2
S01756,Supplier_1756,Singapore,Electronics,70.22,313.35,50.07,46596.83,1613.88,Non-Compliant,ISO 14001,26.1,282138.63,78.74,3.24,0.85,No,29.8,79.01,56.31,Tier 3
S01757,Supplier_1757,Thailand,Plastics,82.99,2471.25,60.94,103703.68,8752.06,Non-Compliant,None,15.06,224391.09,73.85,4.41,1.01,Yes,7.32,59.35,176.02,Tier 1
S01758,Supplier_1758,Vietnam,Electronics,42.76,949.17,38.8,1206.53,5750.96,Partially Compliant,ISO 9001,15.75,447682.13,79.74,0.49,0.53,Yes,23.9,67.24,179.82,Tier 2
S01759,Supplier_1759,India,Automotive,68.49,2893.66,91.0,86747.65,250.95,Non-Compliant,ISO 45001,33.91,55876.76,81.92,1.67,0.89,Yes,1.81,33.47,71.2,Tier 2
S01760,Supplier_1760,Thailand,Electronics,52.91,3097.44,47.33,43710.79,8526.43,Partially Compliant,ISO 14001,70.97,437591.6,93.35,2.67,0.5,Yes,44.46,76.0,178.06,Tier 2
S01761,Supplier_1761,Thailand,Plastics,61.02,2504.99,75.34,3965.88,3536.02,Partially Compliant,ISO 14001,67.99,261478.25,78.17,4.57,0.68,No,7.19,72.56,122.6,Tier 3
S01762,Supplier_1762,China,FMCG,48.79,4454.35,59.59,46365.33,7045.27,Partially Compliant,None,86.68,440887.27,77.6,0.35,0.43,No,47.4,82.41,155.11,Tier 3
S01763,Supplier_1763,China,Chemicals,73.26,568.11,71.04,27060.42,6483.85,Non-Compliant,ISO 45001,40.27,271690.99,78.87,1.23,0.69,No,16.71,69.37,53.11,Tier 1
S01764,Supplier_1764,China,Plastics,83.84,2959.6,71.78,80002.26,5421.85,Partially Compliant,ISO 45001,26.63,313823.86,82.39,0.42,0.97,Yes,3.96,77.3,194.8,Tier 2
S01765,Supplier_1765,Indonesia,Automotive,67.2,1723.57,N/A,87079.68,3218.93,Compliant,ISO 9001,34.8,153929.84,83.33,3.43,0.4,No,27.9,11.85,115.71,Tier 3
S01766,Supplier_1766,Vietnam,FMCG,89.47,115.36,98.28,79338.13,3144.51,Partially Compliant,None,40.4,106831.56,78.49,3.29,0.32,Yes,44.9,24.55,104.17,Tier 3
S01767,Supplier_1767,China,Automotive,60.44,N/A,83.21,22992.6,2075.22,Non-Compliant,ISO 45001,14.54,363613.67,91.89,0.98,0.64,,42.36,96.36,137.54,Tier 1
S01768,Supplier_1768,China,FMCG,63.71,617.56,51.9,31897.14,9013.18,Partially Compliant,ISO 14001,69.73,347340.68,83.29,4.54,0.98,No,50.72,22.2,30.0,Tier 2
S01769,Supplier_1769,Indonesia,Plastics,62.44,1312.94,30.92,80120.49,959.04,Partially Compliant,ISO 45001,37.99,170351.43,91.5,1.83,0.44,No,34.55,80.07,195.76,Tier 1
S01770,Supplier_1770,Thailand,Metals,84.2,124.25,63.18,10394.58,5313.25,Partially Compliant,None,75.56,143221.1,73.37,0.81,0.91,Yes,44.46,62.57,86.3,Tier 2
S01771,Supplier_1771,Singapore,Electronics,68.26,4436.6,71.77,31572.83,748.9,Compliant,,88.65,127427.83,85.2,0.23,0.67,,40.89,82.82,96.11,Tier 2
S01772,Supplier_1772,Thailand,FMCG,44.57,1963.44,34.48,77551.31,8140.81,Non-Compliant,ISO 9001,27.0,387952.66,94.43,3.1,0.6,,31.71,57.6,167.14,Tier 2
S01773,Supplier_1773,Thailand,Metals,52.98,4448.68,67.12,62500.86,8352.86,Compliant,ISO 9001,16.03,165445.89,74.73,1.72,1.03,No,37.9,0.12,2.4,Tier 2
S01774,Supplier_1774,Vietnam,Electronics,72.42,3045.33,72.46,11324.32,7432.83,Partially Compliant,ISO 14001,58.66,133120.73,83.84,3.26,0.54,No,19.37,5.48,1.35,Tier 2
S01775,Supplier_1775,China,Automotive,83.79,4889.89,48.45,16260.75,328.05,,,86.61,136366.03,71.57,1.64,0.37,No,18.34,95.29,86.47,Tier 3
S01776,Supplier_1776,China,FMCG,59.31,4167.82,35.05,25383.39,597.52,,,27.41,76309.07,81.4,0.13,0.89,Yes,38.09,26.64,190.05,Tier 1
S01777,Supplier_1777,Indonesia,FMCG,82.22,1857.47,79.96,8865.16,684.59,Non-Compliant,ISO 14001,21.0,88806.64,76.02,3.68,0.36,Yes,47.29,98.7,185.38,Tier 3
S01778,Supplier_1778,China,Chemicals,83.32,1142.65,63.43,9123.29,8406.09,Non-Compliant,ISO 45001,63.92,318957.6,80.41,4.99,0.35,No,11.17,51.17,176.14,Tier 3
S01779,Supplier_1779,Indonesia,Chemicals,N/A,2532.85,64.48,66042.75,2445.93,Compliant,ISO 9001,70.98,207621.03,86.37,1.85,0.74,No,14.92,16.12,185.0,Tier 2
S01780,Supplier_1780,Singapore,Metals,45.07,2047.95,98.18,84058.35,4412.69,Partially Compliant,ISO 14001,57.87,355162.46,77.43,0.84,0.55,Yes,19.02,62.94,57.71,Tier 3
S01781,Supplier_1781,,Metals,42.89,5112.66,76.76,26205.13,7632.96,Non-Compliant,None,34.98,199582.02,76.32,2.74,1.0,Yes,15.83,44.8,31.69,Tier 3
S01782,Supplier_1782,Thailand,Electronics,73.47,2083.86,75.15,40662.62,4438.95,Compliant,ISO 14001,88.43,198819.93,90.61,2.8,0.36,No,32.65,58.39,53.42,Tier 2
S01783,Supplier_1783,Indonesia,FMCG,61.81,1808.78,69.82,17502.44,1282.22,Partially Compliant,,61.11,19064.92,96.27,0.11,0.95,No,28.89,91.71,124.06,Tier 2
S01784,Supplier_1784,Thailand,Electronics,52.24,4783.52,82.64,62362.96,2719.74,Compliant,ISO 9001,70.7,489650.21,84.52,4.26,0.92,No,25.83,72.08,59.54,Tier 1
S01785,Supplier_1785,Vietnam,Metals,95.67,3361.41,92.75,98998.02,8571.25,Partially Compliant,ISO 9001,54.02,419174.27,93.29,1.04,0.34,Yes,38.06,79.71,109.37,Tier 2
S01786,Supplier_1786,India,Automotive,45.73,1415.35,85.04,92581.27,4119.75,Compliant,ISO 14001,78.96,315928.47,70.18,4.12,0.96,No,45.53,64.34,144.16,Tier 3
S01787,Supplier_1787,India,FMCG,91.59,4875.44,87.4,22569.04,7955.28,Non-Compliant,ISO 45001,19.07,36563.78,76.65,2.94,0.39,No,16.45,2.82,170.41,Tier 1
S01788,Supplier_1788,Indonesia,Plastics,71.53,4888.94,79.81,61056.11,1616.81,Partially Compliant,ISO 9001,5.93,34788.96,72.69,2.6,0.38,No,28.69,53.71,129.61,Tier 1
S01789,Supplier_1789,Vietnam,Textiles,57.2,1330.25,78.67,73210.8,8415.48,Compliant,None,7.73,42310.73,71.66,0.75,0.75,Yes,41.36,18.7,32.17,Tier 2
S01790,Supplier_1790,China,Plastics,94.88,3258.05,41.5,21523.34,6147.08,Partially Compliant,ISO 9001,81.64,27016.39,74.91,3.98,0.35,Yes,30.3,50.71,119.52,Tier 1
S01791,Supplier_1791,Singapore,Chemicals,46.68,598.35,49.7,93419.42,9346.78,Partially Compliant,ISO 9001,56.85,414367.95,93.4,0.95,0.92,No,40.95,15.27,33.13,Tier 2
S01792,Supplier_1792,Vietnam,Plastics,52.6,3764.4,78.24,33659.26,2839.44,Compliant,ISO 14001,23.84,412651.72,91.32,4.5,0.85,No,28.22,77.36,108.42,Tier 1
S01793,Supplier_1793,Thailand,Electronics,53.55,2999.98,66.88,33466.64,260.2,Compliant,ISO 45001,71.71,484612.19,77.66,4.86,0.65,Yes,3.18,48.04,11.66,Tier 2
S01794,Supplier_1794,Indonesia,Electronics,88.89,2635.85,52.97,10341.1,1889.31,Partially Compliant,ISO 14001,73.54,456219.43,72.09,2.29,0.97,No,18.99,26.48,60.04,Tier 3
S01795,Supplier_1795,,Metals,39.46,4420.27,64.31,56814.69,406.76,Partially Compliant,ISO 9001,50.6,474413.25,75.47,2.65,0.73,Yes,26.17,97.73,67.47,Tier 1
S01796,Supplier_1796,Malaysia,Electronics,52.51,2757.07,37.7,2864.07,1073.67,Partially Compliant,ISO 45001,38.63,80566.76,100.34,4.0,0.66,No,22.88,65.55,181.31,
S01797,Supplier_1797,Indonesia,Textiles,94.06,1689.2,54.54,56921.17,1416.06,Non-Compliant,ISO 9001,62.88,356880.64,82.58,4.68,0.63,Yes,41.43,18.74,177.59,Tier 3
S01798,Supplier_1798,Vietnam,FMCG,64.55,2602.85,32.36,84524.01,4253.33,Compliant,ISO 9001,49.23,149080.54,73.33,4.53,0.34,Yes,20.54,87.52,131.33,
S01799,Supplier_1799,China,FMCG,68.72,123.42,69.33,24445.19,3172.39,Partially Compliant,None,18.09,240433.82,84.19,2.68,0.79,No,21.7,3.68,52.39,
S01800,Supplier_1800,,Plastics,44.75,1098.77,75.38,19477.55,9423.18,Compliant,ISO 14001,83.69,257083.54,88.37,3.61,0.7,Yes,15.09,57.65,191.44,Tier 2
S01801,Supplier_1801,Malaysia,FMCG,48.75,2694.43,102.31,78963.17,7589.36,Partially Compliant,None,71.16,294513.08,87.4,4.99,0.96,No,35.32,49.01,29.77,Tier 2
S01802,Supplier_1802,Malaysia,FMCG,65.93,1506.98,83.98,4221.42,2937.96,Non-Compliant,ISO 14001,74.03,512749.61,91.88,2.77,0.91,,23.37,8.08,16.36,Tier 3
S01803,Supplier_1803,Singapore,Plastics,39.57,810.38,40.73,12306.13,5971.59,Compliant,ISO 45001,53.36,2738.33,81.79,1.41,0.96,No,47.24,63.85,63.49,Tier 2
S01804,Supplier_1804,Malaysia,Automotive,61.92,4828.46,75.95,39082.95,6936.52,Non-Compliant,ISO 9001,9.47,458457.48,98.57,3.99,0.9,No,1.58,91.89,198.3,Tier 3
S01805,Supplier_1805,Malaysia,Plastics,52.16,N/A,46.14,54460.18,3525.93,Non-Compliant,None,26.34,380107.88,77.09,3.82,0.92,No,10.35,28.45,10.35,Tier 2
S01806,Supplier_1806,India,Plastics,73.4,200.56,74.91,23454.09,3422.07,Non-Compliant,ISO 45001,38.33,378660.81,92.5,4.32,0.82,Yes,3.61,14.31,169.09,Tier 2
S01807,Supplier_1807,China,Textiles,55.81,3071.9,60.09,72622.8,1618.53,Partially Compliant,None,45.66,382859.37,68.98,4.45,0.8,Yes,7.08,81.1,166.13,Tier 1
S01808,Supplier_1808,Thailand,Electronics,68.56,2462.79,98.82,42622.68,2249.19,,ISO 9001,86.16,131800.78,82.8,4.8,0.8,No,7.48,84.55,27.2,Tier 3
S01809,Supplier_1809,Singapore,Textiles,45.7,1100.62,65.4,54827.49,6574.8,Non-Compliant,ISO 45001,73.75,306589.25,80.71,2.24,0.8,No,5.27,28.05,17.58,Tier 3
S01810,Supplier_1810,India,Plastics,39.07,2432.73,64.38,3791.95,188.49,Partially Compliant,ISO 45001,80.99,455552.33,72.27,4.05,0.49,No,15.88,58.39,146.46,Tier 1
S01811,Supplier_1811,Thailand,Automotive,65.22,4247.77,43.17,56037.28,7818.76,Partially Compliant,ISO 9001,16.8,341657.3,76.23,2.42,0.39,No,31.12,2.65,109.84,Tier 3
S01812,Supplier_1812,Vietnam,Automotive,87.36,1809.81,30.4,75795.52,568.3,Partially Compliant,ISO 45001,68.39,120203.38,92.57,0.54,0.82,,25.4,1.81,100.91,Tier 2
S01813,Supplier_1813,Thailand,,64.37,1845.05,59.4,75779.39,3060.99,Partially Compliant,None,86.41,132731.86,95.18,2.88,0.46,Yes,17.51,40.97,122.36,Tier 2
S01814,Supplier_1814,,Metals,64.25,3708.23,31.35,87464.56,9274.06,Non-Compliant,ISO 14001,57.53,467935.1,94.04,1.11,0.87,Yes,5.07,84.15,147.14,Tier 3
S01815,Supplier_1815,Singapore,Chemicals,93.54,2353.6,88.58,20002.18,7566.15,Non-Compliant,ISO 45001,55.13,49496.29,95.68,1.54,0.56,Yes,23.55,73.55,25.49,Tier 2
S01816,Supplier_1816,Vietnam,Textiles,48.08,2646.23,29.18,82229.45,759.01,Partially Compliant,ISO 9001,25.47,280338.69,91.07,4.98,0.84,Yes,41.61,86.95,144.63,Tier 3
S01817,Supplier_1817,India,Chemicals,48.67,2370.47,90.33,10358.26,4380.34,Non-Compliant,ISO 9001,17.94,6104.44,83.2,0.45,0.6,Yes,25.29,76.27,63.17,Tier 1
S01818,Supplier_1818,Thailand,Metals,79.04,4695.16,54.71,50524.04,3304.05,Non-Compliant,ISO 14001,55.8,61807.8,81.51,3.97,0.73,No,40.55,75.09,12.04,Tier 2
S01819,Supplier_1819,Vietnam,Textiles,80.94,4923.22,68.16,98354.19,6588.47,Non-Compliant,ISO 14001,39.89,308945.32,77.29,2.39,0.38,No,39.8,34.96,193.07,Tier 1
S01820,Supplier_1820,Thailand,Chemicals,75.09,1248.38,35.01,67835.61,8027.21,Compliant,ISO 9001,6.82,250818.38,98.64,2.9,0.56,No,23.26,11.63,206.98,Tier 3
S01821,Supplier_1821,Indonesia,Automotive,68.03,790.57,41.49,30094.12,2597.75,Compliant,ISO 9001,20.54,24813.88,79.53,1.58,0.4,No,11.15,27.35,59.46,Tier 2
S01822,Supplier_1822,India,Automotive,75.91,206.3,44.32,4718.38,3412.56,Partially Compliant,ISO 14001,47.53,446505.61,73.65,3.74,0.96,No,2.31,50.53,42.99,Tier 1
S01823,Supplier_1823,Vietnam,Chemicals,76.27,5027.27,77.85,18044.55,8399.7,Partially Compliant,ISO 45001,82.53,257470.65,84.57,3.48,0.75,No,28.11,74.85,26.87,Tier 1
S01824,Supplier_1824,Vietnam,Electronics,80.69,3677.3,79.97,47858.2,4214.44,Compliant,None,7.56,450535.01,99.72,2.66,0.33,No,36.53,48.15,165.63,Tier 1
S01825,Supplier_1825,India,Textiles,69.83,2366.5,82.15,50539.6,3023.81,Non-Compliant,None,45.39,112995.9,79.24,5.17,0.42,No,12.19,46.8,153.71,
S01826,Supplier_1826,Indonesia,Metals,63.05,4338.26,57.93,24774.52,1103.09,Compliant,ISO 9001,54.81,79944.8,81.03,3.04,0.59,Yes,25.87,5.66,141.53,Tier 1
S01827,Supplier_1827,,Electronics,40.32,2368.47,61.28,10491.82,6205.93,Non-Compliant,ISO 45001,83.47,324882.34,85.83,1.96,0.98,No,39.39,28.69,126.9,Tier 1
S01828,Supplier_1828,Vietnam,FMCG,75.91,2705.29,N/A,46620.04,1655.34,,ISO 45001,59.91,166305.97,73.62,1.26,0.96,Yes,40.15,6.71,185.36,Tier 2
S01829,Supplier_1829,Singapore,Textiles,59.25,1218.99,52.45,34330.01,4465.42,Partially Compliant,None,33.64,2266.69,86.73,3.47,0.59,Yes,48.06,60.75,150.75,Tier 1
S01830,Supplier_1830,Malaysia,Electronics,48.9,3992.39,58.2,17197.82,9900.68,Compliant,ISO 45001,92.19,436924.08,71.8,1.83,0.51,Yes,31.63,10.77,168.39,Tier 3
S01831,Supplier_1831,Indonesia,Automotive,80.44,1972.95,54.59,53816.39,5878.11,Compliant,ISO 14001,70.81,128223.83,74.69,0.53,0.63,No,31.25,74.94,61.32,Tier 2
S01832,Supplier_1832,Singapore,Plastics,74.87,3970.62,85.86,70258.7,6036.65,Non-Compliant,ISO 9001,43.3,385922.15,74.41,0.61,0.75,,18.47,88.47,96.33,
S01833,Supplier_1833,India,Chemicals,68.4,3251.34,59.81,56490.52,5375.3,Non-Compliant,ISO 9001,61.42,225985.83,85.91,3.27,0.45,No,16.57,66.53,115.78,Tier 1
S01834,Supplier_1834,Malaysia,Electronics,63.02,2562.05,59.04,12387.17,2294.09,Partially Compliant,ISO 9001,74.42,63647.56,96.03,4.29,0.6,No,18.81,12.22,103.52,Tier 2
S01835,Supplier_1835,Malaysia,Plastics,92.51,173.39,79.05,74392.09,6635.38,Compliant,ISO 45001,19.41,335651.14,73.11,3.22,0.39,No,7.21,36.15,104.86,Tier 2
S01836,Supplier_1836,Indonesia,Metals,46.7,2587.22,39.06,46235.58,4247.06,Compliant,ISO 45001,26.07,146180.84,75.89,0.54,0.5,No,30.59,23.1,144.25,Tier 2
S01837,Supplier_1837,Vietnam,FMCG,43.99,3674.92,89.12,22172.97,7247.52,Compliant,ISO 45001,32.5,5109.63,77.06,0.71,0.86,Yes,25.46,75.76,122.11,Tier 2
S01838,Supplier_1838,China,Metals,94.02,2581.59,66.93,50750.28,4306.13,Partially Compliant,ISO 45001,37.34,327147.62,72.13,3.4,0.84,Yes,42.42,52.01,154.72,Tier 1
S01839,Supplier_1839,Thailand,Plastics,62.88,1501.54,93.17,103004.23,3265.97,Partially Compliant,ISO 45001,46.91,36868.83,94.03,1.58,0.49,No,12.01,12.24,78.67,Tier 3
S01840,Supplier_1840,Thailand,Automotive,63.72,4176.79,30.49,25846.01,889.88,Non-Compliant,ISO 14001,30.51,464522.21,67.48,2.25,0.34,Yes,32.52,66.33,150.07,Tier 1
S01841,Supplier_1841,Thailand,Metals,94.97,5133.02,68.4,27380.78,9424.78,Partially Compliant,None,45.71,71407.49,92.92,1.95,0.37,No,30.43,43.86,77.26,Tier 1
S01842,Supplier_1842,Vietnam,Electronics,86.51,2978.29,41.56,34904.73,7907.38,Compliant,None,14.94,35460.02,78.07,2.58,0.34,Yes,36.27,59.94,158.81,Tier 1
S01843,Supplier_1843,China,Electronics,80.74,1166.28,85.38,99009.05,8657.06,Compliant,None,44.93,229975.34,92.74,1.64,0.31,,31.55,29.14,56.9,Tier 3
S01844,Supplier_1844,Vietnam,Chemicals,74.99,344.66,36.27,58171.18,4597.06,,ISO 45001,42.0,479544.83,94.07,1.14,0.81,Yes,22.11,72.52,42.44,Tier 3
S01845,Supplier_1845,India,Chemicals,57.65,N/A,90.26,18305.01,8579.46,Compliant,ISO 45001,25.59,145558.35,95.25,1.57,0.88,No,6.99,47.95,51.33,Tier 2
S01846,Supplier_1846,Vietnam,Chemicals,63.89,1864.66,90.65,99095.0,116.44,Non-Compliant,None,20.9,191066.72,88.41,1.09,0.7,Yes,7.98,92.46,6.6,Tier 2
S01847,Supplier_1847,India,Chemicals,79.25,2901.0,90.7,17082.52,344.76,Non-Compliant,None,40.15,286667.35,77.1,4.33,0.58,No,25.92,99.44,96.87,Tier 3
S01848,Supplier_1848,India,Textiles,71.63,3503.25,52.11,59158.5,4276.71,Partially Compliant,None,82.4,127743.77,74.8,3.18,0.97,No,45.42,40.13,156.81,Tier 1
S01849,Supplier_1849,India,Electronics,90.16,3999.66,73.47,12649.41,8317.58,,ISO 45001,40.73,135774.76,87.6,0.95,0.82,Yes,11.09,11.93,21.27,Tier 1
S01850,Supplier_1850,Singapore,Textiles,50.51,4337.51,80.55,99828.75,5353.96,Non-Compliant,ISO 45001,52.33,397730.92,91.07,3.37,0.31,Yes,30.29,64.22,117.52,Tier 1
S01851,Supplier_1851,China,Metals,93.98,4222.77,80.6,57145.81,5647.72,Compliant,ISO 9001,28.15,233858.93,85.31,0.43,0.79,Yes,12.25,97.95,40.09,Tier 3
S01852,Supplier_1852,Thailand,Textiles,80.79,4607.76,67.2,23524.46,1125.55,Compliant,None,21.27,44821.05,72.87,0.84,0.79,Yes,45.08,15.56,116.83,Tier 2
S01853,Supplier_1853,Indonesia,Textiles,63.53,4856.83,36.12,6024.03,924.84,Partially Compliant,None,75.49,374693.05,81.43,4.44,0.51,Yes,13.21,82.73,106.64,Tier 3
S01854,Supplier_1854,Thailand,Textiles,69.0,851.48,N/A,1564.4,8799.47,Non-Compliant,ISO 14001,40.43,155529.54,74.45,2.62,0.38,No,23.39,12.36,99.13,Tier 2
S01855,Supplier_1855,Vietnam,,N/A,505.41,92.09,89285.65,2429.53,Partially Compliant,ISO 45001,66.49,46829.2,97.75,1.11,0.32,No,16.82,34.74,76.76,Tier 2
S01856,Supplier_1856,Thailand,Automotive,60.53,2388.79,93.41,68751.09,3093.76,Compliant,None,20.89,464170.19,83.98,3.73,0.65,,11.06,29.25,156.95,Tier 3
S01857,Supplier_1857,Thailand,Textiles,80.05,2506.53,42.09,27067.13,3615.22,Non-Compliant,ISO 14001,46.77,304943.57,91.94,2.64,0.63,Yes,41.0,95.78,24.96,Tier 1
S01858,Supplier_1858,Vietnam,FMCG,48.96,3666.71,65.36,73901.07,8942.07,Partially Compliant,ISO 14001,36.92,267193.43,85.02,0.37,0.89,No,39.94,9.68,98.6,Tier 2
S01859,Supplier_1859,Indonesia,Textiles,72.66,3829.78,82.44,10001.32,706.64,Partially Compliant,ISO 14001,64.78,353381.62,87.47,4.09,0.6,No,40.35,78.99,123.92,Tier 1
S01860,Supplier_1860,Thailand,Automotive,54.91,1520.89,38.91,21822.17,1807.3,Partially Compliant,None,84.49,505416.15,99.07,3.33,0.35,No,23.02,19.16,22.46,Tier 2
S01861,Supplier_1861,Malaysia,Plastics,67.18,3153.81,41.84,46271.92,224.6,Non-Compliant,ISO 9001,28.08,449848.68,79.32,2.14,0.58,Yes,28.75,3.21,126.24,Tier 1
S01862,Supplier_1862,Vietnam,Electronics,50.73,1414.12,71.99,64204.33,5552.33,Partially Compliant,,62.92,169905.78,85.44,2.57,0.59,Yes,1.82,66.26,129.02,Tier 3
S01863,Supplier_1863,China,Plastics,96.28,1712.44,36.04,27640.49,5438.79,,ISO 45001,51.74,157273.53,85.51,1.76,0.41,No,23.38,15.41,11.99,Tier 1
S01864,Supplier_1864,Vietnam,Electronics,97.38,1960.83,29.48,79395.09,2014.43,Non-Compliant,ISO 9001,23.21,362171.49,95.35,1.21,0.54,Yes,28.83,74.77,131.66,Tier 2
S01865,Supplier_1865,Malaysia,Automotive,48.9,1860.77,74.05,73999.25,5015.04,Non-Compliant,ISO 45001,22.39,234191.09,87.96,4.62,0.73,Yes,26.99,98.65,176.81,Tier 3
S01866,Supplier_1866,Indonesia,Metals,57.64,4410.13,34.32,77542.9,2877.83,Partially Compliant,ISO 45001,29.15,398063.29,77.55,4.74,0.31,No,26.93,34.76,26.62,
S01867,Supplier_1867,,FMCG,95.29,2013.68,73.51,16245.16,7941.15,Compliant,ISO 14001,46.93,424356.54,76.36,2.63,0.34,No,2.1,14.43,36.41,Tier 2
S01868,Supplier_1868,China,Textiles,77.31,3932.8,69.59,84884.03,5559.36,Non-Compliant,None,9.88,54272.75,75.9,2.03,0.38,Yes,14.74,51.02,70.14,Tier 2
S01869,Supplier_1869,Malaysia,Metals,92.98,4914.56,51.61,8529.29,2048.62,Partially Compliant,ISO 45001,60.63,138362.62,88.99,0.95,0.39,Yes,37.45,27.15,93.87,Tier 2
S01870,Supplier_1870,Thailand,FMCG,50.82,2164.71,32.74,11300.59,9980.83,Non-Compliant,None,38.27,476901.72,73.91,5.06,0.87,Yes,16.18,48.85,180.74,Tier 3
S01871,Supplier_1871,India,Chemicals,52.67,2534.88,39.04,32698.05,9278.13,Non-Compliant,ISO 45001,32.23,42997.75,85.72,1.88,0.7,,46.97,90.02,50.73,Tier 2
S01872,Supplier_1872,Indonesia,Textiles,77.3,1540.54,42.23,12103.98,5689.35,Compliant,ISO 9001,11.51,443347.93,95.92,4.58,0.85,,44.28,4.99,55.12,Tier 3
S01873,Supplier_1873,India,Chemicals,44.4,784.89,95.1,103175.87,2332.4,Partially Compliant,ISO 45001,60.39,436608.23,73.68,0.11,0.71,Yes,21.66,13.19,71.82,
S01874,Supplier_1874,Vietnam,Textiles,96.29,425.48,80.2,26735.03,4506.59,Compliant,None,73.16,442569.52,96.68,3.88,0.4,No,28.65,4.33,128.33,Tier 2
S01875,Supplier_1875,Indonesia,Metals,77.85,4702.39,49.81,97559.11,5244.14,Compliant,ISO 14001,58.25,244681.35,74.93,2.95,1.03,Yes,17.59,97.39,101.01,Tier 3
S01876,Supplier_1876,India,Plastics,43.34,4084.92,85.34,91107.51,1972.59,Non-Compliant,ISO 45001,46.13,254731.64,77.68,0.17,0.58,Yes,40.87,88.41,190.43,Tier 1
S01877,Supplier_1877,India,Textiles,52.26,4521.08,52.31,28756.59,4082.01,Non-Compliant,ISO 9001,46.78,127358.94,92.59,0.5,0.34,Yes,41.13,26.46,206.97,
S01878,Supplier_1878,China,FMCG,50.98,413.72,52.5,47099.5,9238.7,Partially Compliant,None,37.68,292097.66,76.3,0.45,0.7,No,15.85,7.4,187.27,Tier 2
S01879,Supplier_1879,China,Automotive,59.91,1540.32,98.01,98434.13,1030.92,Partially Compliant,ISO 14001,64.19,259692.34,74.02,3.55,0.88,Yes,2.96,37.39,97.55,Tier 2
S01880,Supplier_1880,India,Electronics,49.94,1544.44,57.45,98494.22,5536.32,Compliant,ISO 45001,59.56,302315.03,84.97,4.53,0.82,Yes,1.59,66.89,173.17,Tier 1
S01881,Supplier_1881,Malaysia,FMCG,40.68,1227.09,50.46,40125.48,10015.88,Non-Compliant,ISO 45001,7.15,326072.32,88.58,4.57,0.68,No,15.92,97.85,16.43,Tier 3
S01882,Supplier_1882,Indonesia,Metals,45.13,4840.91,60.82,24905.77,9348.88,Non-Compliant,None,46.05,225152.39,76.79,3.95,0.75,,47.06,99.04,78.23,Tier 1
S01883,Supplier_1883,India,FMCG,83.4,1295.77,32.61,87150.78,1049.77,Non-Compliant,ISO 9001,30.16,301936.6,78.77,0.76,0.93,Yes,5.17,19.18,70.84,Tier 2
S01884,Supplier_1884,Indonesia,FMCG,45.18,4262.16,52.85,13599.49,4527.87,,ISO 14001,69.44,214255.03,88.01,3.35,0.32,Yes,25.13,43.65,34.99,Tier 1
S01885,Supplier_1885,China,Textiles,79.2,4320.34,74.21,5076.86,8497.0,Non-Compliant,ISO 9001,38.94,25273.7,79.81,1.49,0.98,Yes,1.01,26.72,191.58,Tier 3
S01886,Supplier_1886,Indonesia,Chemicals,N/A,1047.23,72.5,79802.76,4641.34,Compliant,None,51.64,214007.98,80.12,4.6,0.47,No,24.64,40.44,42.32,Tier 3
S01887,Supplier_1887,,Metals,84.75,3044.85,44.15,54942.57,7081.54,Compliant,None,80.59,288280.8,76.9,2.12,0.64,No,40.71,10.06,50.35,Tier 1
S01888,Supplier_1888,India,Textiles,92.23,3307.81,40.08,33650.38,1791.83,Compliant,ISO 9001,67.54,110275.68,79.44,4.97,0.35,Yes,48.71,60.53,129.51,Tier 3
S01889,Supplier_1889,Singapore,Chemicals,62.73,3480.94,74.61,49892.0,6849.4,,None,17.76,458481.51,86.2,4.6,0.65,No,7.7,12.44,49.84,Tier 1
S01890,Supplier_1890,Vietnam,Chemicals,85.13,2347.23,42.1,67673.7,2161.11,Compliant,ISO 9001,52.34,92406.76,83.74,4.41,0.69,No,7.99,19.43,141.54,
S01891,Supplier_1891,India,Chemicals,90.15,3372.03,94.54,67632.4,7443.12,Partially Compliant,ISO 9001,13.0,59351.81,84.26,0.88,0.73,Yes,16.43,40.33,57.22,Tier 1
S01892,Supplier_1892,India,Textiles,58.23,4289.22,65.83,72569.21,9472.46,Non-Compliant,ISO 14001,47.96,512284.09,69.23,4.16,0.67,No,42.53,77.09,86.91,Tier 3
S01893,Supplier_1893,Malaysia,FMCG,52.92,1306.31,34.15,77327.95,8459.24,,None,20.59,336607.05,88.91,1.56,0.5,No,23.65,52.02,120.52,Tier 1
S01894,Supplier_1894,India,FMCG,75.72,3341.53,94.51,33940.44,8604.84,Compliant,ISO 14001,17.7,134200.18,89.16,1.41,0.76,Yes,3.23,53.89,47.28,Tier 2
S01895,Supplier_1895,China,Plastics,82.35,874.78,86.49,45406.89,7449.64,Partially Compliant,ISO 14001,81.28,361414.73,67.44,1.67,0.91,Yes,5.66,80.92,88.59,Tier 2
S01896,Supplier_1896,Singapore,Metals,52.46,901.0,40.06,31566.27,8781.37,Compliant,None,65.49,93230.05,83.1,2.09,0.9,No,7.68,2.58,131.94,Tier 1
S01897,Supplier_1897,Vietnam,Automotive,76.54,2148.94,35.08,57054.48,2440.48,Partially Compliant,None,44.89,104292.75,79.61,1.75,0.93,No,19.08,60.08,66.61,Tier 3
S01898,Supplier_1898,Vietnam,,91.31,1076.24,32.07,41870.63,2070.82,Non-Compliant,ISO 9001,79.9,276086.99,72.78,1.26,0.77,No,11.51,37.53,134.05,Tier 3
S01899,Supplier_1899,Vietnam,Chemicals,93.83,1688.54,63.89,14810.48,3378.68,Partially Compliant,ISO 45001,47.24,477636.83,91.71,3.9,0.74,No,11.92,48.49,78.7,Tier 3
S01900,Supplier_1900,Vietnam,Automotive,92.75,3933.18,43.13,32720.36,8560.21,Non-Compliant,ISO 45001,85.13,257263.16,95.63,3.94,0.99,No,48.16,91.36,158.8,Tier 1
S01901,Supplier_1901,Malaysia,Metals,84.85,1591.01,N/A,35030.13,2487.54,Compliant,None,86.14,157024.21,80.83,2.72,0.67,Yes,26.09,27.92,39.17,Tier 2
S01902,Supplier_1902,,Textiles,92.88,1613.5,44.44,56250.13,3873.92,Non-Compliant,ISO 9001,22.18,284772.29,78.77,2.62,0.56,No,45.52,13.15,154.32,Tier 1
S01903,Supplier_1903,Vietnam,,80.77,1768.9,50.35,21059.36,8359.92,Compliant,ISO 14001,62.25,297758.13,93.67,1.25,0.31,Yes,1.16,38.2,147.27,Tier 3
S01904,Supplier_1904,,Textiles,60.36,2836.76,67.31,50396.5,6019.69,Partially Compliant,ISO 9001,85.57,342787.42,77.23,3.63,0.53,No,36.79,7.34,152.34,Tier 2
S01905,Supplier_1905,Thailand,Textiles,53.93,1575.18,76.46,26251.98,7877.31,Non-Compliant,ISO 9001,7.35,388786.89,90.36,3.55,0.66,No,31.14,43.83,166.75,Tier 2
S01906,Supplier_1906,Singapore,Textiles,80.18,2015.75,89.5,17508.55,5101.09,Compliant,ISO 9001,30.3,445236.59,84.58,4.42,0.62,Yes,16.07,83.27,14.6,Tier 2
S01907,Supplier_1907,Malaysia,Textiles,N/A,2648.88,70.4,36190.37,423.09,Non-Compliant,ISO 45001,65.73,235151.52,91.96,1.77,0.9,Yes,45.34,99.63,89.23,Tier 1
S01908,Supplier_1908,China,Electronics,70.62,1072.79,88.3,83623.24,9796.47,Compliant,ISO 45001,57.31,355412.22,94.14,2.1,0.93,No,34.97,75.61,186.72,Tier 2
S01909,Supplier_1909,Vietnam,Electronics,54.18,1744.39,35.02,53764.6,1941.24,Partially Compliant,ISO 45001,13.79,79727.64,75.65,1.41,0.56,,34.22,92.65,41.26,Tier 1
S01910,Supplier_1910,Indonesia,Plastics,73.02,3563.0,55.09,93766.9,5230.64,Compliant,ISO 9001,67.51,469560.66,70.28,3.47,0.82,Yes,7.14,79.85,25.94,Tier 3
S01911,Supplier_1911,China,Textiles,48.4,N/A,76.39,55335.31,8083.99,Partially Compliant,ISO 14001,40.6,162433.78,77.98,3.77,0.34,No,44.55,70.19,183.64,Tier 3
S01912,Supplier_1912,Vietnam,Metals,92.59,4548.51,78.53,52732.74,6584.71,Partially Compliant,ISO 45001,83.44,182878.33,93.32,2.04,0.92,No,32.93,13.99,124.58,Tier 3
S01913,Supplier_1913,India,Chemicals,71.06,276.32,36.49,82409.7,6021.59,Partially Compliant,None,48.96,118119.36,93.05,4.08,0.44,No,40.45,55.07,99.98,Tier 2
S01914,Supplier_1914,Vietnam,Textiles,64.12,3960.89,73.46,7734.33,4427.52,Compliant,None,53.7,203619.33,70.76,4.94,0.83,Yes,26.23,83.63,120.52,
S01915,Supplier_1915,Thailand,Plastics,41.78,4007.45,80.27,24177.68,4627.9,Compliant,ISO 14001,51.6,122375.19,86.97,0.19,0.63,No,14.05,64.96,15.47,Tier 1
S01916,Supplier_1916,China,Chemicals,59.68,2116.7,43.66,66468.84,534.82,Compliant,ISO 14001,78.49,377590.6,84.86,3.39,0.74,No,18.98,16.38,114.42,
S01917,Supplier_1917,Singapore,Automotive,81.65,2251.39,63.53,44524.43,349.23,Partially Compliant,ISO 45001,54.76,436341.32,81.8,1.41,0.54,No,49.15,29.81,18.8,Tier 3
S01918,Supplier_1918,India,FMCG,62.53,1555.22,55.86,55673.1,811.59,Partially Compliant,ISO 45001,8.59,445847.53,73.45,3.5,0.31,No,48.57,99.92,22.25,Tier 2
S01919,Supplier_1919,Malaysia,Plastics,96.05,1647.13,31.27,93651.19,9322.93,Partially Compliant,None,35.05,9862.6,96.35,0.88,0.91,No,40.52,12.61,124.79,Tier 1
S01920,Supplier_1920,Vietnam,Automotive,67.05,4094.89,72.94,13278.61,3796.52,Compliant,ISO 14001,74.25,138754.04,84.89,3.45,0.88,No,38.05,11.68,95.29,Tier 1
S01921,Supplier_1921,Malaysia,Electronics,47.1,4321.15,45.97,95327.11,1683.44,Non-Compliant,ISO 14001,26.81,391172.04,103.28,1.24,0.62,Yes,42.84,92.57,152.71,Tier 1
S01922,Supplier_1922,,,53.47,4355.1,82.43,60186.68,2582.45,Partially Compliant,ISO 45001,17.19,308644.74,71.68,0.4,0.34,No,45.62,59.21,98.03,Tier 3
S01923,Supplier_1923,India,FMCG,61.1,1644.0,39.22,40756.06,8694.47,,ISO 9001,65.03,291929.27,79.82,3.2,0.69,No,6.31,73.09,77.01,Tier 2
S01924,Supplier_1924,India,FMCG,78.1,1644.63,39.49,74512.11,3701.39,Non-Compliant,None,75.31,40218.45,75.78,0.7,0.54,Yes,43.16,25.81,57.18,Tier 3
S01925,Supplier_1925,Indonesia,Plastics,66.77,4104.01,78.9,94484.73,2850.27,Partially Compliant,None,41.47,38620.5,89.95,2.14,0.32,Yes,19.23,30.45,183.09,Tier 1
S01926,Supplier_1926,China,,48.09,2895.24,81.23,43163.16,3382.1,Compliant,,65.18,455183.83,74.86,2.45,0.3,Yes,48.71,47.74,107.88,Tier 2
S01927,Supplier_1927,India,Automotive,90.37,2516.58,62.81,54828.79,7459.62,Compliant,ISO 45001,62.66,396864.47,87.62,4.31,0.98,No,11.3,80.57,30.5,Tier 3
S01928,Supplier_1928,Vietnam,Chemicals,57.77,917.62,42.66,26974.88,6336.18,Compliant,ISO 45001,64.46,6415.78,90.28,3.46,0.99,Yes,8.4,86.94,124.44,Tier 1
S01929,Supplier_1929,Vietnam,Metals,45.63,4334.29,78.16,43014.14,9952.18,Partially Compliant,ISO 45001,77.25,93132.46,75.17,3.09,0.5,Yes,45.63,90.59,128.14,Tier 1
S01930,Supplier_1930,Vietnam,Metals,68.2,951.86,53.13,45049.01,9361.68,Compliant,None,24.17,443642.91,81.56,0.67,0.5,Yes,36.57,20.99,159.68,Tier 2
S01931,Supplier_1931,Singapore,Electronics,55.88,186.75,53.73,39263.5,7899.22,,None,29.07,178868.73,83.86,3.0,0.51,No,10.66,46.05,172.8,Tier 1
S01932,Supplier_1932,Indonesia,FMCG,59.01,3151.24,52.41,48725.13,8806.58,Compliant,ISO 14001,18.56,202764.38,86.29,4.16,0.36,No,40.29,39.32,96.6,Tier 2
S01933,Supplier_1933,Malaysia,Textiles,81.16,3896.76,52.05,20302.16,6965.03,Compliant,ISO 45001,42.49,55044.95,99.42,4.96,0.36,Yes,43.39,11.39,171.28,Tier 1
S01934,Supplier_1934,India,Metals,81.89,755.58,32.54,4639.49,9008.97,Partially Compliant,ISO 14001,40.55,165849.78,74.58,4.43,0.35,No,41.77,28.17,168.33,Tier 3
S01935,Supplier_1935,India,Plastics,73.7,532.83,71.16,45758.45,2502.38,Compliant,ISO 9001,73.35,310626.39,86.56,3.5,0.58,Yes,39.6,77.02,16.62,Tier 3
S01936,Supplier_1936,Vietnam,Metals,81.45,1987.07,44.01,53812.41,871.97,Compliant,ISO 14001,28.5,27105.7,73.15,0.72,0.59,Yes,25.82,82.66,166.87,Tier 1
S01937,Supplier_1937,Vietnam,Electronics,78.26,3960.69,70.7,100588.56,9339.14,Non-Compliant,ISO 9001,25.03,296077.32,82.37,1.1,0.95,Yes,2.93,82.55,62.32,Tier 3
S01938,Supplier_1938,Singapore,Metals,59.43,3675.48,50.12,24173.14,4080.44,Compliant,,60.1,445063.68,89.45,2.97,0.85,Yes,27.57,0.47,87.71,Tier 3
S01939,Supplier_1939,Malaysia,Automotive,67.33,1810.11,88.02,4825.37,5526.32,Compliant,ISO 9001,69.29,426087.01,95.94,4.84,0.38,No,21.07,5.21,71.19,Tier 1
S01940,Supplier_1940,Singapore,Plastics,80.44,3490.22,59.76,70751.41,2364.63,Partially Compliant,ISO 45001,85.63,466787.83,95.3,3.82,0.92,No,24.91,88.09,158.79,Tier 1
S01941,Supplier_1941,India,Plastics,66.48,N/A,67.64,16354.94,1892.97,Compliant,ISO 45001,68.78,477869.73,89.81,1.45,0.61,Yes,8.89,26.95,17.34,Tier 1
S01942,Supplier_1942,Thailand,Automotive,72.99,2057.51,42.78,36590.57,3369.55,Compliant,ISO 14001,18.26,374673.58,91.34,2.51,0.82,No,43.11,94.61,45.69,Tier 1
S01943,Supplier_1943,Thailand,Automotive,56.2,929.68,70.84,19950.28,479.99,Non-Compliant,ISO 14001,49.59,260385.79,96.46,3.11,0.7,,50.93,97.45,79.79,Tier 2
S01944,Supplier_1944,China,,73.11,1710.54,40.49,76454.89,5960.48,Partially Compliant,ISO 14001,60.53,128547.88,81.31,1.5,0.58,Yes,27.74,73.4,75.66,Tier 2
S01945,Supplier_1945,Singapore,Chemicals,52.19,3002.43,54.78,28709.19,6015.35,Compliant,ISO 45001,72.39,410963.61,74.86,1.31,0.51,No,24.02,57.85,50.46,Tier 1
S01946,Supplier_1946,China,Chemicals,84.83,4067.6,43.84,75044.94,8770.32,Non-Compliant,ISO 45001,70.77,37786.0,77.63,3.85,0.66,No,2.69,48.19,50.46,Tier 2
S01947,Supplier_1947,Vietnam,Automotive,58.49,3311.23,87.6,3268.39,3019.72,Non-Compliant,None,78.03,430400.51,102.56,3.63,0.6,Yes,45.65,74.2,66.62,Tier 1
S01948,Supplier_1948,Vietnam,Textiles,71.8,1113.71,75.12,89346.27,3102.32,Compliant,None,10.73,476415.08,85.99,4.59,0.86,No,26.88,7.8,36.41,Tier 3
S01949,Supplier_1949,Thailand,FMCG,70.07,3121.59,89.73,53796.64,2042.94,Compliant,ISO 45001,6.84,463518.18,68.91,3.31,0.86,Yes,15.43,14.33,60.43,Tier 1
S01950,Supplier_1950,Malaysia,,89.47,3076.37,75.88,89748.89,2681.23,Partially Compliant,ISO 9001,10.68,472108.09,100.3,4.43,0.46,Yes,35.94,54.05,166.12,Tier 1
S01951,Supplier_1951,Malaysia,Electronics,55.71,3636.78,33.67,22050.1,8377.69,Compliant,None,55.38,237389.09,96.02,2.98,0.55,No,8.57,9.79,38.7,Tier 1
S01952,Supplier_1952,Thailand,Chemicals,76.53,648.14,98.77,28502.28,8278.45,Non-Compliant,ISO 9001,46.27,302741.14,73.16,4.34,0.89,No,36.34,44.29,74.28,Tier 3
S01953,Supplier_1953,Singapore,Automotive,67.52,1564.86,88.6,15193.83,6155.42,Non-Compliant,,20.37,115811.32,83.27,1.06,0.5,No,20.86,84.57,188.66,
S01954,Supplier_1954,India,,86.5,2681.84,52.23,74524.31,531.5,Non-Compliant,ISO 9001,5.46,316704.55,83.82,3.09,0.64,No,44.97,61.56,93.32,Tier 2
S01955,Supplier_1955,Indonesia,Plastics,N/A,2989.28,81.24,58349.06,2580.8,Compliant,ISO 45001,21.3,213237.97,95.48,3.36,0.7,No,42.23,59.83,60.07,Tier 3
S01956,Supplier_1956,Vietnam,Automotive,83.55,5043.33,94.99,33051.67,7508.83,,,48.29,248424.3,84.4,0.84,0.41,No,29.83,28.99,38.51,Tier 2
S01957,Supplier_1957,India,Chemicals,74.7,669.02,34.11,36562.94,5316.0,Compliant,ISO 9001,83.51,276825.57,93.75,0.29,0.45,Yes,47.12,71.76,52.61,
S01958,Supplier_1958,Vietnam,Electronics,67.67,1309.79,42.05,20396.87,544.29,Partially Compliant,None,25.28,58861.11,79.71,0.2,0.35,No,7.44,61.85,136.3,Tier 2
S01959,Supplier_1959,Vietnam,FMCG,86.25,2783.9,89.39,80896.39,4468.28,Compliant,None,84.35,357433.47,90.19,2.68,0.85,,2.73,36.59,106.93,Tier 3
S01960,Supplier_1960,China,Plastics,90.41,1239.21,86.65,12859.26,5092.95,Compliant,,41.06,89008.25,78.08,3.0,0.8,No,20.79,39.44,121.31,Tier 2
S01961,Supplier_1961,Malaysia,Metals,47.28,3514.46,81.92,8045.5,856.92,Non-Compliant,ISO 14001,80.23,210214.15,75.85,1.22,0.45,No,9.65,81.05,147.25,Tier 3
S01962,Supplier_1962,Thailand,Automotive,51.64,2118.77,77.21,28018.02,9636.43,Partially Compliant,ISO 45001,66.58,427449.31,72.68,0.77,0.65,Yes,34.24,42.92,160.7,Tier 3
S01963,Supplier_1963,Thailand,Electronics,68.46,2609.19,65.6,74508.31,5513.36,Partially Compliant,ISO 45001,46.59,201881.94,93.52,4.56,0.31,Yes,18.32,19.72,156.49,Tier 1
S01964,Supplier_1964,China,Automotive,40.19,1308.55,96.84,67327.41,2778.05,Partially Compliant,ISO 9001,54.53,429913.1,81.68,1.74,0.51,Yes,19.24,94.84,86.58,Tier 3
S01965,Supplier_1965,Singapore,Textiles,86.52,607.54,96.79,15938.95,1480.78,Non-Compliant,ISO 45001,10.02,33624.67,95.36,0.47,0.81,No,15.86,76.65,131.7,
S01966,Supplier_1966,Singapore,Automotive,62.05,513.72,65.4,50443.24,7943.34,Compliant,ISO 45001,5.46,317525.21,88.52,0.7,0.9,No,36.54,86.31,128.5,Tier 3
S01967,Supplier_1967,Thailand,Automotive,45.97,332.92,94.59,5278.98,2546.22,Partially Compliant,ISO 14001,57.53,131878.94,77.74,0.13,0.95,No,28.49,84.51,49.79,Tier 1
S01968,Supplier_1968,China,Plastics,71.56,286.88,53.99,59106.9,5498.2,Compliant,ISO 45001,37.01,157414.27,89.63,4.14,0.8,No,16.09,9.1,142.2,Tier 3
S01969,Supplier_1969,Singapore,FMCG,79.39,2882.85,59.44,22852.31,8073.0,Non-Compliant,,16.47,490615.12,99.29,2.98,0.37,Yes,20.35,0.42,192.39,Tier 1
S01970,Supplier_1970,,FMCG,65.91,1449.79,58.09,60732.11,9288.91,Partially Compliant,ISO 9001,49.21,134947.4,85.61,2.46,0.69,No,34.98,1.13,33.14,
S01971,Supplier_1971,,Automotive,47.22,4199.2,61.75,44093.21,1398.08,Non-Compliant,ISO 9001,39.34,440636.32,72.65,2.19,0.83,Yes,20.67,44.26,0.6,
S01972,Supplier_1972,Malaysia,FMCG,43.84,1722.2,65.27,32516.05,2189.15,Partially Compliant,ISO 9001,52.26,283277.98,70.97,1.71,0.48,Yes,30.8,31.01,136.22,Tier 2
S01973,Supplier_1973,Indonesia,FMCG,55.35,286.41,60.99,6862.34,9084.92,Compliant,ISO 45001,59.61,366592.12,100.04,3.45,0.61,Yes,11.21,50.02,114.28,Tier 1
S01974,Supplier_1974,Indonesia,Electronics,43.97,2886.21,47.18,72212.83,2432.66,Non-Compliant,ISO 14001,74.01,83923.11,83.03,3.08,0.8,No,50.25,68.88,55.51,Tier 2
S01975,Supplier_1975,Indonesia,Metals,72.04,3661.09,42.35,94393.43,5115.17,Partially Compliant,ISO 14001,80.97,93347.06,71.4,5.02,0.63,Yes,41.37,33.38,103.21,Tier 3
S01976,Supplier_1976,Malaysia,Chemicals,97.28,4568.57,72.87,92918.1,7465.7,Compliant,None,88.72,487339.33,76.27,1.11,0.59,No,19.38,79.24,179.96,Tier 3
S01977,Supplier_1977,Vietnam,FMCG,96.07,2381.83,83.75,45985.27,5822.79,Compliant,ISO 45001,18.87,265604.74,75.1,2.36,0.61,No,41.2,9.34,113.58,Tier 1
S01978,Supplier_1978,Indonesia,FMCG,94.9,2584.97,56.19,7782.68,8351.96,Compliant,ISO 14001,11.88,169678.0,94.51,1.86,0.48,Yes,26.69,60.09,112.82,Tier 1
S01979,Supplier_1979,India,Electronics,43.95,2993.34,41.04,67893.03,215.82,Compliant,ISO 9001,61.15,163209.24,93.23,0.29,0.57,No,22.05,45.08,118.69,Tier 2
S01980,Supplier_1980,Singapore,,74.43,3298.16,78.59,97296.89,445.29,Partially Compliant,ISO 45001,54.46,242250.88,84.58,2.34,0.64,Yes,45.22,56.02,164.69,Tier 2
S01981,Supplier_1981,India,FMCG,55.46,3057.27,42.22,17603.62,3496.37,Non-Compliant,ISO 14001,12.02,432480.44,74.54,3.71,0.72,No,46.61,58.96,15.81,Tier 3
S01982,Supplier_1982,Malaysia,FMCG,87.1,2163.95,88.39,58186.74,7614.95,Non-Compliant,ISO 14001,75.99,167814.91,78.08,5.12,0.52,Yes,40.83,83.41,158.68,Tier 1
S01983,Supplier_1983,Vietnam,Plastics,84.14,4383.71,N/A,101208.65,2394.94,Non-Compliant,ISO 9001,18.78,173264.3,78.46,1.17,0.49,Yes,50.17,51.43,137.41,Tier 3
S01984,Supplier_1984,China,Metals,97.02,1147.24,38.72,69157.24,6505.5,,None,40.54,357697.46,76.44,2.4,0.89,No,36.43,13.84,145.18,Tier 2
S01985,Supplier_1985,Thailand,Textiles,82.09,3313.78,58.06,67150.19,9513.49,Compliant,ISO 9001,41.39,90295.09,95.95,1.76,0.54,Yes,29.56,6.54,188.1,Tier 3
S01986,Supplier_1986,Vietnam,Textiles,51.47,4965.63,63.67,25560.02,8102.28,Partially Compliant,ISO 9001,37.86,438024.84,88.42,2.36,0.83,Yes,12.05,22.88,56.23,Tier 2
S01987,Supplier_1987,Thailand,Electronics,85.34,1539.89,36.98,22009.91,7403.2,Partially Compliant,ISO 45001,26.02,380323.36,73.19,3.93,0.82,No,3.27,11.77,26.98,Tier 1
S01988,Supplier_1988,Vietnam,Electronics,80.89,1494.97,93.57,68953.36,8834.11,Non-Compliant,ISO 9001,74.15,249194.82,99.21,3.91,0.91,Yes,48.33,58.65,128.5,Tier 1
S01989,Supplier_1989,Vietnam,Metals,71.76,1688.98,37.01,73087.46,2883.99,,ISO 45001,19.72,38133.69,92.21,1.4,0.68,No,50.26,7.94,31.19,Tier 2
S01990,Supplier_1990,Vietnam,,39.29,3170.78,37.66,52594.12,8936.84,Partially Compliant,,76.76,325838.07,83.02,3.19,0.45,No,9.13,44.92,23.98,Tier 3
S01991,Supplier_1991,Malaysia,Plastics,47.81,449.87,94.8,78356.4,9501.98,Compliant,ISO 45001,75.22,116677.95,91.98,1.58,0.76,Yes,12.3,83.62,160.17,Tier 1
S01992,Supplier_1992,Singapore,Plastics,53.05,3771.27,50.55,40492.63,8629.82,Non-Compliant,ISO 9001,37.96,130305.69,85.5,2.81,0.67,Yes,6.01,42.76,76.4,Tier 2
S01993,Supplier_1993,Vietnam,Textiles,91.67,1036.67,66.36,69733.04,4527.24,Non-Compliant,None,64.1,341088.55,90.95,4.24,0.37,No,29.71,38.71,159.69,Tier 2
S01994,Supplier_1994,China,Chemicals,39.65,1406.64,68.25,33072.08,2196.41,Partially Compliant,ISO 14001,43.96,404127.66,89.19,2.28,0.85,Yes,33.68,31.39,58.7,Tier 2
S01995,Supplier_1995,Indonesia,FMCG,44.71,1754.24,38.1,12592.7,8645.69,Partially Compliant,ISO 9001,69.2,367067.77,86.46,2.96,0.55,,31.08,44.57,110.55,Tier 2
S01996,Supplier_1996,Indonesia,Metals,44.67,1106.0,52.76,46286.6,5276.36,Partially Compliant,ISO 14001,68.58,206779.37,95.03,4.66,0.45,Yes,15.54,9.67,121.01,Tier 2
S01997,Supplier_1997,Thailand,Metals,49.71,1106.9,83.04,57883.97,633.46,Non-Compliant,ISO 14001,76.05,229788.96,85.02,4.73,0.76,No,45.86,14.72,81.45,Tier 2
S01998,Supplier_1998,Malaysia,FMCG,86.75,892.48,82.34,92031.86,150.83,Partially Compliant,ISO 9001,18.48,439635.99,87.24,4.07,0.91,No,41.58,51.24,112.46,Tier 3
S01999,Supplier_1999,Malaysia,Metals,90.34,2172.65,81.08,41008.22,4898.43,Non-Compliant,None,72.56,268429.42,97.92,1.25,0.94,No,46.2,83.01,146.57,Tier 2
S02000,Supplier_2000,Singapore,Textiles,63.49,1250.21,85.35,60922.82,3544.04,Partially Compliant,None,86.69,9410.73,80.55,2.64,0.64,Yes,32.85,19.55,60.46,Tier 1
S02001,Supplier_2001,Vietnam,,42.22,3447.87,67.59,61022.64,177.74,Non-Compliant,ISO 14001,65.84,31542.84,82.18,4.21,0.37,Yes,15.09,98.93,76.29,Tier 1
S02002,Supplier_2002,China,Plastics,75.76,388.57,85.82,79338.83,9010.46,Non-Compliant,None,30.79,103360.46,73.07,0.5,0.76,Yes,22.22,69.98,184.52,Tier 3
S02003,Supplier_2003,Thailand,Chemicals,86.95,4869.8,55.22,6757.65,3249.61,Compliant,ISO 14001,84.32,339240.67,82.7,0.52,0.92,Yes,4.65,27.89,70.43,Tier 1
S02004,Supplier_2004,Indonesia,Chemicals,61.95,3091.5,84.68,33063.7,3319.95,Non-Compliant,None,78.07,145978.17,87.43,0.12,0.78,No,3.99,69.22,190.94,Tier 1
S02005,Supplier_2005,Singapore,FMCG,70.79,1606.32,77.67,46672.97,2760.36,Partially Compliant,ISO 45001,54.39,3020.85,90.82,2.4,0.99,No,15.34,97.15,98.58,Tier 1
S02006,Supplier_2006,Vietnam,Chemicals,89.24,2409.07,36.79,37971.26,7114.49,Partially Compliant,ISO 14001,39.52,421665.63,90.4,2.14,0.65,,34.23,60.42,17.15,Tier 1
S02007,Supplier_2007,Singapore,Metals,55.46,184.96,89.26,28857.78,5585.09,Non-Compliant,None,43.25,6260.28,92.35,3.19,0.47,No,10.51,65.15,135.32,Tier 2
S02008,Supplier_2008,Malaysia,,53.01,4291.06,87.91,20008.31,2835.21,Compliant,ISO 9001,36.48,322523.98,90.04,0.66,0.37,Yes,35.14,83.81,10.04,Tier 2
S02009,Supplier_2009,Vietnam,Electronics,87.52,1025.13,93.36,2649.42,8761.96,Non-Compliant,ISO 14001,32.06,274379.54,70.87,4.52,0.84,No,44.16,2.64,146.99,Tier 1
S02010,Supplier_2010,Singapore,Metals,89.83,1308.34,93.72,38624.56,9515.74,Compliant,ISO 9001,12.44,145729.83,84.18,1.99,0.82,No,18.56,38.63,77.87,Tier 3
S02011,Supplier_2011,,Automotive,83.16,1931.16,N/A,39156.18,3379.86,Compliant,ISO 14001,60.25,40111.22,76.14,2.18,0.63,No,12.0,51.49,73.4,Tier 3
S02012,Supplier_2012,China,FMCG,57.61,4435.01,49.95,54125.47,5551.86,Partially Compliant,ISO 9001,51.46,470060.14,82.8,4.33,0.88,,1.87,59.55,37.42,Tier 2
S02013,Supplier_2013,Singapore,Textiles,71.11,2096.4,79.13,56976.2,1596.49,Non-Compliant,ISO 14001,9.15,475346.79,74.66,2.17,0.65,Yes,4.27,81.24,105.12,Tier 2
S02014,Supplier_2014,Indonesia,Plastics,72.47,4589.76,44.38,20537.59,9574.19,Non-Compliant,ISO 9001,46.64,119622.77,82.1,3.87,0.77,Yes,7.35,66.68,35.01,Tier 1
S02015,Supplier_2015,Vietnam,Metals,41.8,1169.51,82.39,73719.25,3389.76,,ISO 45001,74.77,176810.53,81.26,1.09,0.65,Yes,12.93,93.81,167.73,Tier 3
S02016,Supplier_2016,Singapore,Chemicals,65.03,4636.23,39.35,83148.61,4105.11,Non-Compliant,ISO 14001,73.1,44986.16,82.27,1.98,0.95,Yes,21.66,36.72,34.13,Tier 3
S02017,Supplier_2017,Malaysia,Plastics,86.58,804.63,47.38,9302.22,7668.83,Compliant,None,9.05,414466.04,102.53,3.93,0.34,Yes,18.39,31.57,145.39,Tier 3
S02018,Supplier_2018,India,Metals,73.51,348.94,49.32,9375.8,1848.63,Compliant,ISO 14001,56.98,242268.4,76.92,3.87,0.4,No,47.79,92.33,111.59,Tier 2
S02019,Supplier_2019,,Automotive,55.38,458.53,36.7,26323.75,5831.47,Compliant,ISO 9001,15.56,353055.0,88.32,2.01,0.76,No,14.95,56.35,25.1,Tier 1
S02020,Supplier_2020,Malaysia,Textiles,66.31,2590.83,54.24,80957.38,5192.06,Non-Compliant,ISO 14001,9.67,157193.28,96.19,2.52,0.32,No,32.95,21.35,146.02,Tier 2
S02021,Supplier_2021,India,Plastics,39.99,2159.85,81.1,30552.62,7950.76,Partially Compliant,ISO 9001,87.71,220029.31,98.75,0.55,0.47,Yes,30.83,70.06,141.39,Tier 1
S02022,Supplier_2022,Indonesia,Metals,71.3,5005.94,88.29,29895.46,9515.73,Non-Compliant,ISO 14001,55.48,385771.9,87.8,0.24,0.31,Yes,18.04,24.72,39.7,Tier 2
S02023,Supplier_2023,Thailand,Plastics,49.62,1916.55,101.86,26301.59,8972.64,Compliant,ISO 45001,23.45,281434.01,92.42,4.57,0.44,Yes,19.7,51.54,78.95,Tier 1
S02024,Supplier_2024,India,Automotive,42.92,1056.59,68.22,40946.58,5339.63,Non-Compliant,ISO 14001,65.67,419446.95,95.46,1.38,0.84,No,2.46,15.33,66.04,Tier 3
S02025,Supplier_2025,China,FMCG,N/A,2198.81,30.85,45805.62,3966.99,Partially Compliant,ISO 45001,9.09,357740.18,86.08,3.52,0.4,Yes,10.75,30.97,77.97,Tier 3
S02026,Supplier_2026,Malaysia,Textiles,75.06,869.91,72.59,21915.49,2844.68,,None,75.64,243331.66,89.42,1.23,0.82,Yes,21.07,46.82,89.47,Tier 1
S02027,Supplier_2027,Singapore,,77.68,2478.04,75.12,13646.45,7816.06,Partially Compliant,None,45.78,403948.26,93.23,1.21,0.44,Yes,46.18,72.64,124.91,Tier 1
S02028,Supplier_2028,China,FMCG,54.11,891.55,93.84,78563.29,9779.61,Compliant,None,14.24,71089.02,90.99,1.6,0.97,Yes,22.2,98.99,158.99,Tier 3
S02029,Supplier_2029,Vietnam,Metals,69.22,2639.5,51.08,68441.71,9303.47,Partially Compliant,ISO 9001,38.25,109229.49,78.67,2.98,0.35,,2.88,31.86,46.2,Tier 3
S02030,Supplier_2030,India,Plastics,65.35,3342.93,88.24,17066.34,6428.5,Non-Compliant,ISO 45001,44.79,113805.27,85.25,0.52,0.43,Yes,43.42,58.54,86.73,Tier 3
S02031,Supplier_2031,Vietnam,Metals,86.22,3813.48,45.99,53564.81,7365.42,Partially Compliant,None,21.4,157522.6,97.99,3.04,0.94,Yes,38.08,0.99,165.22,Tier 3
S02032,Supplier_2032,Indonesia,Textiles,68.11,3366.69,67.98,67390.17,5340.5,Partially Compliant,ISO 9001,36.09,309003.12,72.67,0.63,0.54,No,46.57,91.28,38.19,Tier 1
S02033,Supplier_2033,China,Electronics,84.65,543.08,67.93,82715.44,3011.35,Partially Compliant,None,56.01,287970.29,98.41,2.87,0.72,No,17.67,6.5,161.55,
S02034,Supplier_2034,Indonesia,Electronics,91.4,757.42,N/A,966.2,9241.79,Partially Compliant,ISO 14001,47.56,270941.52,82.48,3.34,0.49,No,4.16,101.09,33.71,Tier 1
S02035,Supplier_2035,Indonesia,Textiles,81.5,4720.81,N/A,94943.62,6954.15,Partially Compliant,None,16.89,140212.9,89.79,1.94,0.32,Yes,28.38,36.59,91.44,Tier 1
S02036,Supplier_2036,Indonesia,Chemicals,67.77,4641.41,96.27,83850.55,7080.54,Compliant,ISO 9001,33.47,62700.0,84.66,2.7,0.66,Yes,30.54,95.74,89.28,Tier 3
S02037,Supplier_2037,India,FMCG,61.66,2333.25,54.43,52074.42,6510.75,Non-Compliant,ISO 9001,7.86,326982.92,85.63,2.85,0.78,No,13.52,18.93,49.52,Tier 1
S02038,Supplier_2038,Singapore,Plastics,48.67,3053.72,91.1,87216.88,2246.32,,ISO 14001,81.4,218467.51,103.44,3.0,0.56,Yes,48.04,35.62,33.07,Tier 3
S02039,Supplier_2039,India,FMCG,69.86,936.17,56.26,39145.02,5618.24,Partially Compliant,ISO 45001,18.37,501527.54,81.19,0.24,0.87,No,20.35,76.07,151.42,Tier 2
S02040,Supplier_2040,Indonesia,Electronics,58.29,3642.2,65.03,70587.91,9413.74,Compliant,ISO 14001,9.0,414660.11,80.01,1.81,0.49,Yes,9.65,24.4,41.37,Tier 3
S02041,Supplier_2041,Indonesia,Chemicals,51.81,4092.11,95.25,85671.95,1074.96,,None,81.23,88103.1,69.06,3.33,0.39,No,39.26,23.25,26.28,Tier 2
S02042,Supplier_2042,Indonesia,Chemicals,90.8,269.84,72.37,45448.74,7203.96,Compliant,ISO 45001,25.63,375453.31,94.15,1.83,0.51,No,7.51,80.31,150.27,Tier 3
S02043,Supplier_2043,Singapore,Electronics,50.05,4708.36,53.41,63409.68,3000.21,Compliant,,51.76,291259.98,73.5,2.3,0.95,No,49.94,83.7,140.69,Tier 3
S02044,Supplier_2044,China,Electronics,79.36,613.45,81.59,98974.79,2818.58,Non-Compliant,,17.68,14581.21,95.45,4.1,0.45,Yes,47.14,98.57,49.14,Tier 3
S02045,Supplier_2045,Vietnam,Chemicals,41.26,1665.0,41.52,53398.68,2338.39,Partially Compliant,ISO 9001,11.58,463676.91,89.4,1.42,0.36,Yes,5.47,71.53,45.66,Tier 2
S02046,Supplier_2046,India,Electronics,91.61,1075.74,53.69,55798.06,7770.34,Partially Compliant,ISO 14001,32.86,305690.12,78.28,2.44,0.4,No,28.4,21.89,181.74,Tier 1
S02047,Supplier_2047,India,Chemicals,66.07,1393.13,98.16,92159.55,7795.28,Non-Compliant,ISO 45001,71.12,372568.66,102.15,3.59,0.3,Yes,13.85,20.95,84.68,Tier 1
S02048,Supplier_2048,Thailand,,79.92,3969.94,87.21,12189.91,9910.51,Compliant,ISO 9001,67.46,311849.79,84.12,4.9,0.48,Yes,15.58,21.64,32.34,Tier 3
S02049,Supplier_2049,Indonesia,Automotive,74.32,2739.83,98.58,22641.2,8418.82,Partially Compliant,None,51.31,53286.58,68.64,4.63,0.53,No,17.32,67.25,99.27,Tier 1
S02050,Supplier_2050,Thailand,Chemicals,80.96,1356.38,85.65,22158.29,4101.72,Partially Compliant,ISO 14001,41.39,252808.56,90.14,1.16,0.88,,41.49,18.26,14.96,Tier 1
S02051,Supplier_2051,Thailand,Textiles,80.31,3145.35,64.59,82642.37,7925.85,Non-Compliant,ISO 45001,67.6,133421.47,72.26,4.82,0.51,No,46.79,85.13,72.44,Tier 1
S02052,Supplier_2052,China,Metals,54.87,331.58,88.26,91193.4,1443.83,Partially Compliant,ISO 9001,33.47,86830.33,74.54,2.95,0.47,Yes,4.37,24.33,145.57,Tier 2
S02053,Supplier_2053,India,Plastics,N/A,1982.61,36.9,44555.74,6706.11,Compliant,ISO 14001,75.79,89082.54,76.23,4.32,0.7,Yes,4.29,68.63,151.16,Tier 3
S02054,Supplier_2054,Malaysia,Textiles,69.17,4080.89,96.51,78363.47,354.26,Non-Compliant,ISO 9001,54.65,426868.23,91.6,3.4,0.74,No,26.53,45.46,31.24,Tier 2
S02055,Supplier_2055,India,Metals,81.63,109.83,44.44,88991.53,3393.97,Compliant,ISO 14001,7.78,222051.84,88.64,1.94,0.33,Yes,40.33,48.55,120.94,Tier 3
S02056,Supplier_2056,India,Plastics,86.5,3674.9,N/A,86861.75,6166.84,Compliant,ISO 45001,53.64,331790.68,93.87,2.2,0.67,No,19.36,46.61,121.98,Tier 1
S02057,Supplier_2057,Indonesia,Automotive,50.49,2487.46,83.44,51371.29,7830.93,Compliant,ISO 45001,64.49,48952.28,88.32,3.36,0.8,No,13.01,79.54,36.04,Tier 2
S02058,Supplier_2058,India,FMCG,54.56,1517.56,72.37,11075.04,3384.45,Non-Compliant,ISO 45001,72.35,70774.01,67.63,3.69,0.47,No,11.82,47.14,162.36,Tier 3
S02059,Supplier_2059,Indonesia,Textiles,56.74,1139.85,94.27,43156.21,3325.01,Compliant,ISO 9001,60.37,382597.51,86.2,0.21,0.49,Yes,18.17,53.72,81.15,Tier 3
S02060,Supplier_2060,India,Chemicals,89.81,4805.63,46.18,73073.23,4406.53,Partially Compliant,None,87.3,440869.1,73.37,1.53,0.77,No,13.87,10.16,95.24,Tier 3
S02061,Supplier_2061,India,Textiles,75.45,1608.26,41.16,42927.96,7738.65,Partially Compliant,ISO 14001,48.84,191485.95,87.7,3.71,0.5,No,19.01,68.02,148.14,Tier 2
S02062,Supplier_2062,India,Automotive,N/A,3192.37,51.35,71901.52,2875.55,Compliant,ISO 9001,39.84,322434.36,89.6,3.45,0.8,Yes,25.07,74.67,27.33,Tier 3
S02063,Supplier_2063,China,FMCG,78.82,893.05,72.53,85384.77,6330.81,Non-Compliant,,34.09,496766.81,75.76,1.6,0.39,Yes,14.23,93.85,29.2,Tier 1
S02064,Supplier_2064,Thailand,Textiles,74.97,2101.52,94.63,97196.24,6750.39,Partially Compliant,ISO 9001,82.75,368310.08,92.75,0.86,1.0,,30.18,61.75,54.63,
S02065,Supplier_2065,India,Automotive,74.45,2879.14,57.0,61884.42,1835.68,Compliant,ISO 14001,29.66,358720.06,78.19,2.7,0.32,No,38.98,55.83,92.75,Tier 1
S02066,Supplier_2066,Malaysia,Chemicals,41.23,1898.16,73.49,67075.41,3953.83,Partially Compliant,ISO 14001,80.89,208236.78,70.44,3.02,0.5,Yes,40.53,70.45,61.37,Tier 3
S02067,Supplier_2067,Indonesia,,63.64,584.69,38.44,28167.79,2983.93,Non-Compliant,ISO 45001,11.7,469468.0,82.57,1.53,0.54,Yes,32.26,77.56,91.35,Tier 1
S02068,Supplier_2068,China,Automotive,77.26,645.27,N/A,40864.22,855.95,Partially Compliant,None,86.85,411210.85,71.3,1.13,0.7,No,30.87,74.98,116.79,Tier 3
S02069,Supplier_2069,Singapore,Metals,54.82,2924.0,59.53,30180.24,7002.83,Compliant,ISO 9001,93.72,156109.71,82.92,3.52,0.47,Yes,34.85,49.95,46.76,Tier 2
S02070,Supplier_2070,Vietnam,FMCG,78.3,3943.49,35.71,88179.9,3148.48,Partially Compliant,ISO 9001,62.95,415627.73,76.74,4.74,0.78,Yes,33.41,42.29,171.86,
S02071,Supplier_2071,China,FMCG,60.43,3132.78,40.41,96373.86,7999.4,Compliant,ISO 9001,31.47,448657.13,81.05,4.42,0.61,Yes,11.27,2.65,46.86,Tier 1
S02072,Supplier_2072,Malaysia,Textiles,69.34,2251.97,60.13,10500.92,3444.7,Compliant,None,55.36,439610.69,71.9,5.15,0.34,No,8.34,70.01,166.77,Tier 3
S02073,Supplier_2073,India,Metals,69.05,883.84,70.32,33695.8,6869.58,Compliant,ISO 14001,78.99,218437.84,86.03,3.16,0.33,,29.85,91.45,65.78,Tier 3
S02074,Supplier_2074,Vietnam,Chemicals,N/A,3428.15,97.52,86536.32,4909.04,Non-Compliant,ISO 9001,61.54,400790.73,80.11,4.72,0.57,No,45.01,47.19,80.5,Tier 2
S02075,Supplier_2075,Indonesia,Automotive,46.1,703.51,96.11,89360.6,1840.74,Non-Compliant,ISO 45001,57.56,205382.6,83.86,0.94,0.88,No,11.57,8.94,33.34,Tier 3
S02076,Supplier_2076,Thailand,FMCG,77.97,2891.42,74.0,43098.24,7249.0,Partially Compliant,ISO 45001,53.58,162745.87,84.77,1.97,0.33,No,46.06,50.64,42.13,Tier 2
S02077,Supplier_2077,India,Plastics,60.46,923.16,84.24,59420.91,9053.25,Compliant,ISO 14001,81.51,434993.94,80.0,3.2,0.68,Yes,1.13,69.37,156.21,Tier 1
S02078,Supplier_2078,Malaysia,Plastics,84.33,3766.13,52.77,41643.9,4709.1,Compliant,ISO 14001,37.58,407178.14,74.39,4.0,0.72,Yes,15.42,95.34,72.19,Tier 1
S02079,Supplier_2079,Indonesia,Chemicals,89.38,2815.32,72.04,66527.38,6435.12,Non-Compliant,,57.4,63713.92,70.34,2.82,0.33,Yes,49.82,89.22,77.93,Tier 2
S02080,Supplier_2080,China,Automotive,83.11,4606.06,36.86,61273.53,2674.8,Compliant,ISO 14001,63.67,241842.31,89.89,0.53,0.56,No,13.65,32.23,189.44,Tier 1
S02081,Supplier_2081,,Electronics,44.03,5226.49,98.13,71931.2,5910.26,Compliant,ISO 14001,37.81,4071.99,76.44,0.57,0.72,No,33.65,20.47,51.02,Tier 1
S02082,Supplier_2082,Malaysia,FMCG,75.78,3728.28,71.87,59477.9,6161.57,Non-Compliant,ISO 45001,78.93,272666.39,94.55,0.18,0.38,No,31.89,70.85,107.08,Tier 1
S02083,Supplier_2083,Vietnam,Electronics,67.12,2648.87,36.68,15701.19,4839.57,Compliant,,32.18,54243.03,87.5,4.15,0.41,No,0.14,39.69,178.75,Tier 3
S02084,Supplier_2084,Indonesia,Automotive,59.2,4616.11,47.63,30487.86,2856.48,Non-Compliant,ISO 45001,60.13,106089.35,91.61,1.75,0.65,Yes,29.18,69.3,198.15,Tier 2
S02085,Supplier_2085,Indonesia,FMCG,48.65,4917.19,80.88,82547.29,5831.94,,ISO 45001,58.67,9830.5,80.82,0.81,0.85,No,12.95,34.76,85.18,Tier 2
S02086,Supplier_2086,Singapore,,78.7,2663.69,38.59,35306.79,726.71,Compliant,None,76.54,91070.4,82.44,3.67,0.64,Yes,1.54,21.99,77.45,Tier 1
S02087,Supplier_2087,China,Plastics,79.45,1987.36,42.42,72057.05,1998.36,Compliant,None,14.3,1244.71,75.16,1.77,0.81,Yes,19.21,72.54,145.31,Tier 1
S02088,Supplier_2088,Vietnam,Textiles,94.71,3352.65,41.58,55013.49,3631.09,,ISO 9001,80.51,249712.5,97.34,2.01,0.87,,6.71,96.83,50.46,Tier 1
S02089,Supplier_2089,Vietnam,Plastics,58.06,3127.68,76.4,89914.41,2414.52,Compliant,ISO 14001,7.57,51916.45,84.19,3.57,0.65,Yes,50.72,82.14,34.2,Tier 1
S02090,Supplier_2090,Thailand,FMCG,43.18,4335.77,35.55,14432.49,3680.5,Non-Compliant,ISO 9001,33.24,247569.3,75.92,1.85,0.35,Yes,14.97,38.72,53.69,Tier 1
S02091,Supplier_2091,Indonesia,Chemicals,44.35,1827.76,34.09,59648.6,2774.19,Partially Compliant,ISO 14001,13.8,243498.71,77.78,4.89,0.38,No,42.4,85.08,175.67,Tier 3
S02092,Supplier_2092,Singapore,Automotive,86.79,2189.17,81.33,84751.67,1020.41,Compliant,None,25.93,103140.42,85.18,1.28,0.49,Yes,7.6,53.62,142.73,Tier 3
S02093,Supplier_2093,China,Chemicals,70.43,2047.67,66.94,3827.91,5014.74,Compliant,ISO 9001,71.58,232489.74,92.21,2.97,0.34,Yes,47.66,39.99,96.14,Tier 3
S02094,Supplier_2094,Malaysia,Textiles,68.3,344.35,66.1,68387.92,1953.44,Partially Compliant,None,54.21,295979.85,90.38,1.79,0.9,,33.43,34.59,148.35,Tier 2
S02095,Supplier_2095,Malaysia,Metals,57.01,4284.61,41.85,11577.16,415.67,Partially Compliant,ISO 45001,84.88,406378.81,70.95,4.37,0.8,No,5.01,96.96,123.78,Tier 2
S02096,Supplier_2096,Indonesia,Chemicals,60.33,2951.79,78.5,20703.38,2996.22,Compliant,ISO 9001,36.32,41210.0,74.14,0.75,0.5,No,14.16,69.94,181.53,Tier 2
S02097,Supplier_2097,Malaysia,Plastics,69.01,2113.72,35.67,19387.95,7694.48,Compliant,ISO 45001,83.9,232855.74,86.88,1.62,0.94,,12.3,99.16,167.24,Tier 2
S02098,Supplier_2098,Singapore,,43.48,4783.02,40.95,77751.75,2847.61,Non-Compliant,ISO 14001,74.74,437528.04,88.37,2.21,0.3,Yes,9.67,18.38,65.57,Tier 1
S02099,Supplier_2099,Singapore,Plastics,49.73,3370.93,62.32,5367.77,2571.37,Partially Compliant,ISO 14001,51.6,285080.64,76.89,2.44,0.59,Yes,19.64,65.39,19.12,Tier 2
S02100,Supplier_2100,India,FMCG,80.34,384.55,48.72,57288.77,9693.84,Non-Compliant,ISO 14001,24.54,260113.69,77.65,3.22,0.77,Yes,38.83,30.2,133.77,Tier 1
S02101,Supplier_2101,Vietnam,,68.31,3843.65,51.25,34010.14,4180.54,Compliant,ISO 14001,68.75,493161.84,96.73,1.13,0.36,Yes,24.77,83.8,112.98,Tier 1
S02102,Supplier_2102,Vietnam,Electronics,84.73,5026.4,88.14,3319.74,5277.66,Non-Compliant,ISO 14001,33.73,374764.75,95.51,2.79,0.75,Yes,15.01,68.53,124.64,Tier 2
S02103,Supplier_2103,Thailand,Textiles,85.94,2441.27,91.63,40694.75,7804.38,Non-Compliant,ISO 14001,84.25,470851.44,94.58,0.92,0.63,Yes,13.41,30.79,174.27,Tier 2
S02104,Supplier_2104,Malaysia,Metals,67.57,626.77,80.4,20055.64,1893.93,Non-Compliant,ISO 9001,89.4,346267.02,87.31,0.15,0.76,No,17.86,28.42,14.59,
S02105,Supplier_2105,Vietnam,Textiles,86.6,463.01,46.85,61934.89,8775.81,Non-Compliant,ISO 45001,15.27,109376.28,87.32,3.62,0.31,Yes,48.4,32.45,143.9,Tier 2
S02106,Supplier_2106,Indonesia,Metals,44.8,2913.36,53.04,95046.4,9157.01,Non-Compliant,ISO 45001,61.76,299961.41,78.45,3.1,0.32,Yes,38.52,2.45,25.65,Tier 2
S02107,Supplier_2107,Indonesia,,57.31,3561.3,97.27,11233.33,3978.11,Non-Compliant,,23.92,124520.13,79.7,5.05,0.44,No,17.88,88.11,162.75,Tier 2
S02108,Supplier_2108,Malaysia,Electronics,59.05,4485.91,83.32,43692.5,3183.26,Non-Compliant,ISO 45001,29.35,459280.51,96.53,3.38,0.96,No,2.62,52.46,63.31,Tier 1
S02109,Supplier_2109,Indonesia,Electronics,42.9,2969.6,44.87,53326.79,6729.25,Compliant,ISO 45001,26.07,321243.13,88.06,4.31,0.74,No,46.14,63.19,55.35,Tier 2
S02110,Supplier_2110,Malaysia,Plastics,53.68,4488.54,86.66,62571.26,4471.14,Compliant,ISO 9001,78.09,441291.72,92.1,1.63,0.85,Yes,11.63,43.61,21.0,Tier 1
S02111,Supplier_2111,Vietnam,Chemicals,82.4,4069.24,79.89,67960.9,8034.18,Compliant,ISO 9001,5.39,402074.02,76.44,3.49,0.66,No,29.76,52.28,55.28,Tier 2
S02112,Supplier_2112,Singapore,Plastics,64.4,1638.37,56.58,79224.93,9200.45,Non-Compliant,None,30.53,250007.87,87.37,3.81,0.38,Yes,40.59,60.06,150.39,Tier 3
S02113,Supplier_2113,Malaysia,Metals,68.97,2411.7,85.26,32159.54,844.65,Non-Compliant,ISO 45001,29.74,425970.91,84.49,0.72,0.69,Yes,19.37,46.89,91.71,Tier 1
S02114,Supplier_2114,Vietnam,Textiles,65.11,3439.3,87.34,58147.75,4182.46,Partially Compliant,ISO 45001,6.5,136287.92,92.48,4.8,0.81,No,28.34,20.48,35.41,Tier 2
S02115,Supplier_2115,Malaysia,Textiles,38.48,1434.77,43.7,72166.0,5087.69,Compliant,ISO 45001,77.91,61315.83,73.73,0.4,0.94,No,22.63,8.45,139.41,Tier 1
S02116,Supplier_2116,Singapore,Chemicals,46.52,1068.44,82.69,31135.48,8060.49,Non-Compliant,ISO 45001,80.32,502760.55,92.73,1.5,0.31,Yes,27.38,13.79,182.88,Tier 3
S02117,Supplier_2117,Malaysia,FMCG,53.29,892.88,58.28,82870.53,9089.44,Partially Compliant,None,5.13,166104.53,79.19,0.34,0.6,Yes,24.75,22.23,30.94,Tier 1
S02118,Supplier_2118,Indonesia,Metals,95.41,2110.99,66.69,62759.29,582.09,Non-Compliant,ISO 45001,47.36,94773.31,80.86,4.84,0.48,Yes,3.81,12.48,136.71,Tier 1
S02119,Supplier_2119,Singapore,Textiles,89.56,3775.49,55.3,88613.41,9599.24,Non-Compliant,ISO 14001,71.89,149342.93,86.54,1.2,0.37,No,24.2,99.87,22.32,Tier 3
S02120,Supplier_2120,Thailand,Automotive,65.83,4832.23,57.19,59244.16,8364.15,,ISO 45001,47.1,406741.21,80.21,1.96,0.92,Yes,46.23,1.95,2.12,Tier 3
S02121,Supplier_2121,Singapore,Automotive,87.62,2324.31,41.69,14851.88,5366.53,Partially Compliant,ISO 45001,71.68,345031.25,91.42,1.88,0.99,No,46.8,22.49,152.91,Tier 3
S02122,Supplier_2122,Malaysia,Metals,86.24,2056.24,55.77,84218.2,2862.39,Non-Compliant,ISO 9001,63.24,109234.17,87.93,1.16,0.76,No,26.38,48.97,104.01,Tier 3
S02123,Supplier_2123,Thailand,Textiles,78.44,2000.06,95.64,92997.73,6272.31,Partially Compliant,ISO 9001,80.63,436718.43,87.46,1.49,0.37,No,6.15,61.0,177.22,Tier 2
S02124,Supplier_2124,Indonesia,Chemicals,43.28,2757.67,72.56,37431.55,3991.49,Partially Compliant,,28.86,30059.5,74.61,1.5,0.45,No,26.67,90.31,22.4,
S02125,Supplier_2125,India,Automotive,66.54,1898.39,92.44,4549.4,9564.54,Non-Compliant,ISO 9001,80.33,297703.76,95.82,4.88,0.53,No,43.8,47.49,128.12,Tier 3
S02126,Supplier_2126,Singapore,Textiles,46.96,3068.09,59.98,25001.16,10222.13,Non-Compliant,None,53.43,163851.79,78.32,3.14,0.83,No,15.74,11.23,0.97,Tier 1
S02127,Supplier_2127,Vietnam,Textiles,68.57,2067.65,N/A,14851.04,6116.86,Compliant,ISO 14001,39.97,400432.95,79.37,3.74,0.45,Yes,4.07,57.82,178.71,Tier 2
S02128,Supplier_2128,Thailand,FMCG,88.48,4177.88,51.29,94375.3,3004.71,Partially Compliant,ISO 9001,16.53,449126.23,79.05,3.55,0.41,Yes,36.79,54.44,172.57,Tier 2
S02129,Supplier_2129,India,Automotive,58.92,3169.76,57.08,86946.72,6494.3,Non-Compliant,ISO 45001,7.32,374854.05,95.08,3.75,0.9,No,39.04,13.43,205.81,Tier 3
S02130,Supplier_2130,Malaysia,Chemicals,46.32,4569.16,60.01,40399.93,8430.59,Compliant,ISO 45001,24.56,514426.06,79.18,2.71,0.88,Yes,50.03,65.09,172.66,Tier 1
S02131,Supplier_2131,Indonesia,Plastics,65.83,2811.25,44.92,73443.97,3637.49,Non-Compliant,ISO 14001,52.14,424526.63,93.72,3.58,0.56,Yes,14.06,78.83,16.19,Tier 3
S02132,Supplier_2132,,FMCG,68.21,2230.58,63.95,85801.9,2965.03,Partially Compliant,None,77.02,262997.9,75.2,1.17,0.44,No,28.11,0.77,148.99,Tier 3
S02133,Supplier_2133,China,Metals,77.8,4534.05,32.95,2657.18,1718.39,Partially Compliant,ISO 9001,49.01,27245.87,91.93,3.66,0.9,No,23.07,58.31,200.41,Tier 1
S02134,Supplier_2134,China,Textiles,88.14,4985.72,63.95,68351.53,8446.28,Non-Compliant,ISO 45001,66.43,76803.05,79.89,3.08,1.02,No,16.24,55.59,19.38,Tier 1
S02135,Supplier_2135,Vietnam,FMCG,87.66,859.23,88.44,21990.07,5841.79,Compliant,ISO 14001,15.05,165070.11,73.74,4.11,0.81,No,3.4,78.91,150.81,Tier 2
S02136,Supplier_2136,Malaysia,Plastics,66.98,3446.69,31.24,42540.44,6613.66,Partially Compliant,ISO 14001,5.82,14238.41,72.82,4.19,0.51,No,40.23,71.82,109.02,Tier 3
S02137,Supplier_2137,Singapore,Metals,48.75,2367.36,100.36,84807.59,8390.02,Partially Compliant,None,78.78,322987.59,86.61,2.1,0.92,Yes,24.75,72.58,154.86,Tier 3
S02138,Supplier_2138,Singapore,Chemicals,49.11,2278.32,52.14,18606.52,8298.86,Partially Compliant,None,49.29,67849.93,74.26,2.6,0.93,Yes,47.18,94.54,95.23,Tier 3
S02139,Supplier_2139,Singapore,Automotive,50.23,2269.16,62.07,38563.02,2065.5,Compliant,None,82.37,67433.24,81.94,3.39,0.78,No,17.75,32.02,95.38,Tier 3
S02140,Supplier_2140,Indonesia,Automotive,84.46,1316.76,75.97,4029.36,8642.62,Partially Compliant,None,18.81,266285.21,90.29,4.16,0.61,Yes,47.6,18.0,133.35,Tier 3
S02141,Supplier_2141,Indonesia,Textiles,90.34,444.57,46.47,36652.47,328.31,Compliant,ISO 14001,67.97,433364.68,80.81,4.46,0.34,Yes,18.31,91.63,74.32,Tier 3
S02142,Supplier_2142,Indonesia,Textiles,79.22,2942.19,83.56,1855.13,4101.8,Non-Compliant,None,27.25,304527.62,86.01,3.63,0.38,Yes,50.61,18.72,126.05,Tier 3
S02143,Supplier_2143,Singapore,Electronics,65.95,2053.51,86.81,77106.28,2615.4,Compliant,ISO 14001,21.86,19831.61,70.99,3.56,0.68,Yes,15.28,99.39,16.62,Tier 2
S02144,Supplier_2144,Singapore,Chemicals,45.41,1745.74,72.81,80673.62,2201.24,Partially Compliant,ISO 45001,13.71,361662.65,79.09,3.38,0.78,No,10.51,93.7,186.05,Tier 2
S02145,Supplier_2145,Indonesia,Metals,80.67,1780.19,51.22,81419.02,7940.29,Non-Compliant,ISO 9001,21.43,354205.93,84.92,1.03,0.82,Yes,1.98,75.8,69.81,Tier 1
S02146,Supplier_2146,China,Automotive,78.23,3872.44,86.22,27002.36,5896.22,Compliant,None,21.92,420556.33,76.94,4.5,0.5,Yes,37.51,20.1,24.04,Tier 1
S02147,Supplier_2147,Thailand,Electronics,49.69,3135.42,87.45,95853.71,8110.55,Compliant,ISO 45001,28.03,442620.51,75.21,3.37,0.79,No,35.81,5.61,175.54,Tier 3
S02148,Supplier_2148,Singapore,FMCG,85.03,1631.14,56.46,44493.46,2403.9,Partially Compliant,ISO 45001,90.98,297530.29,102.05,1.06,0.79,Yes,3.75,83.46,106.49,Tier 1
S02149,Supplier_2149,Thailand,FMCG,80.55,2794.48,66.62,49534.77,8447.59,Compliant,,5.49,308026.54,77.42,4.74,0.84,No,21.52,24.21,172.89,Tier 3
S02150,Supplier_2150,Vietnam,Metals,68.95,3473.5,64.39,77389.43,973.57,Partially Compliant,ISO 45001,27.84,329467.17,89.47,2.16,0.89,No,30.22,26.63,39.1,Tier 3
S02151,Supplier_2151,Indonesia,Electronics,49.27,4929.02,87.52,31228.89,1850.1,Compliant,ISO 14001,17.68,169376.05,75.6,2.31,0.48,Yes,27.04,15.85,195.32,Tier 2
S02152,Supplier_2152,Vietnam,Automotive,43.2,4166.0,33.8,5569.5,1414.39,Compliant,ISO 14001,19.65,128555.04,71.83,2.62,0.49,Yes,43.65,57.27,134.99,Tier 3
S02153,Supplier_2153,Singapore,Textiles,67.18,2621.16,86.58,35534.85,3532.75,Compliant,ISO 9001,8.9,224226.92,80.57,4.04,0.9,Yes,40.23,81.37,104.9,Tier 1
S02154,Supplier_2154,Malaysia,Electronics,46.51,563.34,43.74,68192.84,6842.42,Non-Compliant,ISO 14001,19.76,57497.59,98.85,0.41,0.35,Yes,46.52,64.51,77.08,Tier 3
S02155,Supplier_2155,Vietnam,Textiles,49.91,3726.47,35.24,51939.9,10019.78,Non-Compliant,None,19.98,211151.89,94.9,0.29,0.45,Yes,18.33,52.45,99.74,Tier 1
S02156,Supplier_2156,Singapore,Electronics,51.91,3380.05,36.36,46159.34,1653.48,Compliant,None,49.44,391777.67,86.84,4.07,0.31,No,14.29,27.13,47.53,Tier 2
S02157,Supplier_2157,Singapore,Metals,75.49,N/A,32.32,48650.26,989.12,Partially Compliant,ISO 45001,45.02,328541.4,94.68,2.45,0.48,No,23.74,3.65,6.21,Tier 3
S02158,Supplier_2158,Indonesia,Electronics,84.49,1945.05,77.03,11457.13,2335.07,Partially Compliant,ISO 9001,29.26,37133.68,94.01,4.77,0.49,No,30.51,57.39,19.61,Tier 1
S02159,Supplier_2159,Indonesia,Textiles,44.84,3140.9,40.57,19277.8,4365.33,Non-Compliant,ISO 14001,19.61,68409.2,75.1,3.04,0.32,Yes,8.23,91.49,57.73,Tier 3
S02160,Supplier_2160,Singapore,Automotive,84.58,562.78,51.75,29524.2,3109.7,Partially Compliant,,7.39,242226.86,90.18,1.0,0.82,Yes,12.51,22.25,117.76,Tier 3
S02161,Supplier_2161,Thailand,FMCG,45.86,N/A,71.22,82705.44,1993.26,Partially Compliant,ISO 45001,41.31,495279.65,89.49,3.1,1.03,Yes,41.77,17.49,168.01,Tier 3
S02162,Supplier_2162,Indonesia,Chemicals,75.17,839.43,81.47,69047.49,3629.38,Compliant,None,42.86,18769.95,73.13,0.52,0.75,,3.35,71.34,149.59,Tier 2
S02163,Supplier_2163,Thailand,Plastics,97.93,4124.35,60.16,59796.5,4518.5,Non-Compliant,ISO 9001,75.44,388259.48,81.94,2.66,0.95,No,50.43,86.9,184.99,Tier 2
S02164,Supplier_2164,Thailand,Electronics,61.79,3386.72,91.49,4770.09,999.82,Partially Compliant,None,26.53,167563.59,77.0,1.79,0.61,No,29.07,5.59,140.51,Tier 2
S02165,Supplier_2165,Thailand,Electronics,54.37,3297.33,97.56,6142.18,1215.2,Compliant,ISO 45001,25.37,55226.01,74.98,2.64,0.89,No,39.9,3.47,31.97,Tier 2
S02166,Supplier_2166,Thailand,Plastics,45.84,1594.71,89.62,12477.92,337.87,Compliant,ISO 14001,48.84,338071.52,91.91,4.39,1.01,Yes,24.51,92.27,94.83,Tier 3
S02167,Supplier_2167,India,Electronics,45.08,3959.18,58.6,69849.72,2299.53,Compliant,ISO 9001,6.93,431543.11,100.22,0.95,0.71,Yes,2.22,69.14,0.21,Tier 3
S02168,Supplier_2168,Malaysia,Plastics,59.49,3150.03,61.62,72448.26,8424.21,Compliant,None,75.77,245800.07,93.31,2.04,0.5,Yes,21.29,61.63,63.47,Tier 1
S02169,Supplier_2169,India,FMCG,75.32,1253.21,43.45,15465.12,5026.42,Compliant,None,26.62,360866.77,89.24,3.09,0.51,No,8.88,85.49,111.54,Tier 3
S02170,Supplier_2170,Indonesia,FMCG,60.23,3246.69,71.4,82608.38,5472.82,,ISO 45001,58.76,133980.77,85.39,1.74,0.7,No,29.19,66.13,201.25,Tier 1
S02171,Supplier_2171,Malaysia,FMCG,56.02,3895.34,30.58,21895.28,8646.55,Compliant,ISO 45001,44.9,352531.38,66.68,2.7,0.64,Yes,20.76,39.7,99.98,Tier 3
S02172,Supplier_2172,Singapore,Metals,50.0,3851.47,58.9,86216.26,2983.7,Compliant,ISO 9001,57.26,318490.2,97.35,3.85,0.47,No,35.84,28.84,144.8,Tier 1
S02173,Supplier_2173,Singapore,Plastics,89.98,3368.86,79.83,16723.66,1137.19,Non-Compliant,None,18.24,326279.54,77.23,1.69,0.38,No,3.1,13.04,145.43,Tier 2
S02174,Supplier_2174,China,Electronics,47.9,4595.92,45.24,83603.85,5241.93,Partially Compliant,None,28.68,193636.17,79.0,1.08,0.94,No,34.96,70.61,89.25,Tier 1
S02175,Supplier_2175,Singapore,Chemicals,49.56,3433.6,64.72,9078.12,2615.91,Partially Compliant,ISO 9001,56.32,366876.14,75.2,3.11,0.63,No,49.78,92.32,135.56,Tier 1
S02176,Supplier_2176,Indonesia,Chemicals,46.9,905.31,63.62,63462.54,3507.06,Non-Compliant,,26.49,188811.8,83.85,1.7,1.0,Yes,28.45,18.03,37.16,Tier 3
S02177,Supplier_2177,Vietnam,Chemicals,54.13,3878.25,74.5,83869.38,7101.98,Partially Compliant,ISO 9001,52.6,301221.96,90.01,1.8,0.67,No,1.59,63.34,197.95,Tier 3
S02178,Supplier_2178,China,Chemicals,44.86,1062.39,71.82,54368.75,2087.41,Partially Compliant,ISO 45001,9.27,12302.62,82.4,1.04,0.6,Yes,18.77,43.72,16.18,Tier 3
S02179,Supplier_2179,Indonesia,Plastics,92.47,3524.39,85.38,98735.26,1059.76,Compliant,ISO 14001,35.98,77238.19,94.36,0.81,0.76,No,6.32,65.99,96.8,Tier 2
S02180,Supplier_2180,Singapore,Metals,91.23,3005.87,59.86,48022.73,8442.65,Partially Compliant,ISO 14001,50.74,16783.65,94.07,0.6,0.89,Yes,31.42,39.28,163.37,Tier 2
S02181,Supplier_2181,Vietnam,Electronics,95.04,4335.1,36.56,86145.44,6241.91,Partially Compliant,None,69.07,78441.87,79.84,3.27,1.01,Yes,16.27,40.44,7.05,Tier 1
S02182,Supplier_2182,India,Plastics,79.0,4054.98,35.85,40745.67,8232.45,Non-Compliant,,18.82,246820.15,92.9,0.48,0.55,Yes,17.28,98.04,154.78,Tier 2
S02183,Supplier_2183,,Chemicals,44.0,3088.25,85.77,95912.3,5360.71,Non-Compliant,ISO 45001,18.5,490735.18,80.49,1.75,0.65,,4.18,26.39,134.37,Tier 1
S02184,Supplier_2184,Indonesia,Plastics,96.95,447.16,46.33,32493.03,9826.04,Compliant,None,68.14,85530.39,73.38,2.91,0.43,No,25.61,25.47,108.67,Tier 1
S02185,Supplier_2185,Vietnam,FMCG,95.51,221.41,92.97,74428.45,7078.37,Partially Compliant,ISO 9001,13.17,161881.97,71.02,1.95,0.63,Yes,30.32,39.98,43.97,Tier 2
S02186,Supplier_2186,Malaysia,FMCG,89.94,4167.34,49.23,60239.15,1866.84,Non-Compliant,None,45.64,395515.17,88.15,5.01,0.89,No,39.09,85.3,127.35,Tier 3
S02187,Supplier_2187,Thailand,Plastics,82.02,326.56,46.78,76456.94,8018.5,Compliant,ISO 14001,30.53,42336.78,72.96,1.02,0.31,No,15.59,89.18,154.6,Tier 2
S02188,Supplier_2188,Vietnam,Chemicals,93.79,4756.57,31.73,66052.12,5508.2,Compliant,ISO 14001,49.4,461635.79,101.18,0.12,0.67,Yes,46.11,70.35,151.52,Tier 2
S02189,Supplier_2189,Singapore,Plastics,87.91,N/A,38.52,4409.6,3315.22,Compliant,ISO 45001,38.73,453420.89,82.88,1.87,0.61,Yes,20.31,34.87,189.48,Tier 1
S02190,Supplier_2190,Indonesia,Plastics,54.12,178.75,36.64,64122.74,4229.13,Non-Compliant,ISO 14001,35.14,210902.48,74.51,0.32,0.43,No,47.95,15.37,156.62,Tier 3
S02191,Supplier_2191,India,Metals,92.25,1276.15,74.56,62931.86,7623.8,Partially Compliant,ISO 45001,72.85,359601.55,92.76,1.36,0.66,Yes,48.99,46.02,98.15,Tier 3
S02192,Supplier_2192,China,Electronics,54.42,2392.49,90.18,69529.57,4873.02,Non-Compliant,ISO 45001,48.93,168994.19,94.13,4.69,0.41,No,37.8,13.69,46.06,Tier 2
S02193,Supplier_2193,Indonesia,Chemicals,88.51,3900.31,51.69,30428.86,8384.6,Compliant,ISO 45001,47.72,382572.21,76.59,0.72,0.46,Yes,19.85,104.75,120.75,Tier 1
S02194,Supplier_2194,Vietnam,Chemicals,86.03,3391.44,N/A,35237.74,9596.32,Compliant,ISO 14001,76.8,200737.35,70.05,3.03,0.54,No,2.88,51.14,192.36,Tier 2
S02195,Supplier_2195,Singapore,Electronics,58.95,5132.83,52.45,71782.97,6180.76,Partially Compliant,None,24.66,412765.46,69.6,4.39,1.0,Yes,0.1,59.2,117.31,Tier 2
S02196,Supplier_2196,Thailand,FMCG,41.82,4223.58,81.12,64621.74,5344.87,Non-Compliant,ISO 14001,85.29,233838.34,101.57,3.12,0.88,Yes,42.09,92.79,160.5,
S02197,Supplier_2197,Malaysia,Textiles,45.39,3217.54,37.17,23032.02,5679.65,,ISO 14001,54.58,335661.7,86.56,3.19,0.62,Yes,9.48,24.02,37.63,Tier 1
S02198,Supplier_2198,India,Metals,67.9,1359.57,47.07,30109.85,1914.81,Partially Compliant,ISO 9001,19.43,94031.47,74.49,0.71,0.6,No,1.76,37.45,26.0,Tier 2
S02199,Supplier_2199,Malaysia,Chemicals,86.71,768.61,101.0,92264.53,6064.61,Non-Compliant,ISO 14001,60.47,88223.26,82.75,2.88,0.88,No,15.48,67.67,189.39,Tier 1
S02200,Supplier_2200,China,Plastics,78.84,850.89,31.87,59913.72,8596.3,Non-Compliant,None,66.8,98479.91,97.29,2.69,0.62,Yes,4.29,64.12,180.41,Tier 1
S02201,Supplier_2201,Vietnam,Electronics,41.8,3874.52,30.53,18230.36,3325.48,Non-Compliant,None,19.63,218478.56,86.84,3.68,0.55,Yes,6.17,31.79,50.21,Tier 3
S02202,Supplier_2202,Thailand,FMCG,44.73,1361.78,34.77,13426.1,5521.35,Non-Compliant,ISO 45001,50.8,100979.31,75.49,0.26,1.03,Yes,16.83,35.11,47.81,Tier 2
S02203,Supplier_2203,Thailand,Electronics,65.87,4214.66,50.78,68349.2,8832.71,Partially Compliant,None,24.24,48958.39,93.22,1.68,0.94,Yes,6.33,25.38,39.52,Tier 1
S02204,Supplier_2204,,Electronics,42.7,5225.55,59.93,56016.9,5998.79,Compliant,ISO 9001,76.2,429030.94,91.17,1.58,0.41,Yes,44.22,89.83,181.18,Tier 2
S02205,Supplier_2205,Vietnam,Chemicals,83.81,2057.0,38.53,4760.11,1019.35,Compliant,ISO 14001,21.0,487989.03,77.93,1.11,0.34,No,18.44,46.82,44.23,
S02206,Supplier_2206,Thailand,Electronics,72.62,3739.61,74.39,22117.59,8031.78,Partially Compliant,None,87.48,378942.52,91.79,4.0,0.56,Yes,17.9,8.38,50.3,Tier 2
S02207,Supplier_2207,Vietnam,Metals,71.55,4065.12,42.22,97284.27,8952.42,Partially Compliant,ISO 45001,33.91,206501.08,97.47,5.03,0.72,No,25.19,60.19,171.17,Tier 2
S02208,Supplier_2208,Indonesia,Plastics,74.66,3900.81,52.33,73689.69,3407.22,Partially Compliant,ISO 14001,8.93,61291.0,82.63,1.68,0.84,No,28.16,3.8,108.82,Tier 1
S02209,Supplier_2209,Thailand,Textiles,81.35,2605.91,58.38,81827.89,6690.69,Partially Compliant,ISO 14001,12.93,322095.06,102.62,4.88,0.5,,14.06,29.66,157.6,Tier 2
S02210,Supplier_2210,India,FMCG,90.48,4611.03,68.25,76970.81,207.07,Compliant,ISO 14001,90.68,443792.85,81.65,3.79,0.66,Yes,38.57,48.7,141.12,Tier 2
S02211,Supplier_2211,Indonesia,Plastics,92.66,4832.74,50.11,20258.55,8817.94,Non-Compliant,ISO 14001,56.07,142744.82,67.65,2.84,0.69,Yes,16.96,38.3,156.84,Tier 3
S02212,Supplier_2212,India,Textiles,73.88,3786.99,52.61,75080.41,4881.05,Non-Compliant,None,56.75,52386.07,87.89,3.07,0.77,Yes,9.53,4.26,86.83,Tier 1
S02213,Supplier_2213,,FMCG,62.57,2988.1,53.95,6161.56,8789.83,Partially Compliant,ISO 14001,20.34,35509.55,81.84,4.36,0.69,No,45.43,96.58,182.62,Tier 2
S02214,Supplier_2214,Thailand,FMCG,75.25,1066.2,47.69,59304.08,8622.87,Partially Compliant,None,52.11,275826.81,83.68,2.47,0.62,No,28.38,71.2,103.56,Tier 1
S02215,Supplier_2215,Indonesia,Chemicals,67.18,3548.41,77.71,14411.73,5580.6,Non-Compliant,ISO 9001,61.88,394729.86,81.91,0.85,0.37,Yes,43.04,56.42,8.33,Tier 1
S02216,Supplier_2216,Singapore,Automotive,98.54,3097.62,35.66,19902.28,5213.95,Non-Compliant,ISO 14001,13.22,78401.89,75.87,3.03,0.44,,13.41,68.55,166.31,Tier 3
S02217,Supplier_2217,China,Electronics,42.64,880.21,92.27,16643.64,6110.43,Non-Compliant,ISO 14001,89.94,258623.86,93.55,2.3,0.66,No,8.71,57.73,130.11,Tier 2
S02218,Supplier_2218,Indonesia,Textiles,89.24,1419.71,66.55,2251.71,8851.29,Compliant,None,71.34,184126.54,81.69,1.66,0.41,Yes,22.41,74.15,171.15,Tier 1
S02219,Supplier_2219,India,Chemicals,79.11,2409.61,40.3,76078.24,4617.04,Non-Compliant,ISO 14001,39.5,435511.04,76.9,1.63,0.6,Yes,29.45,77.33,193.42,Tier 1
S02220,Supplier_2220,Indonesia,Automotive,74.82,326.61,64.86,22454.31,1195.41,Partially Compliant,None,38.69,432711.67,80.19,0.55,0.79,Yes,44.48,56.75,63.94,Tier 1
S02221,Supplier_2221,India,Chemicals,57.3,1298.59,32.4,46462.81,1633.86,Non-Compliant,None,59.47,12150.47,86.17,1.65,0.64,No,29.96,50.85,32.93,Tier 1
S02222,Supplier_2222,Indonesia,Electronics,49.6,689.91,71.32,42146.94,9095.42,Non-Compliant,,87.86,204855.36,76.08,2.78,0.63,No,5.96,23.05,154.68,Tier 1
S02223,Supplier_2223,India,Electronics,58.59,1026.3,80.32,38212.12,6798.26,Partially Compliant,ISO 45001,15.17,193871.32,90.2,2.5,1.03,No,41.08,8.8,186.46,Tier 3
S02224,Supplier_2224,Indonesia,Textiles,89.14,2173.98,91.26,37205.44,7774.02,Compliant,None,76.31,362669.7,84.49,4.43,0.57,No,36.46,7.44,133.57,Tier 1
S02225,Supplier_2225,,Automotive,73.13,579.5,40.14,92233.69,2202.61,Compliant,ISO 9001,59.45,124154.73,78.5,2.68,0.91,,41.63,88.89,91.45,Tier 2
S02226,Supplier_2226,Indonesia,FMCG,85.84,3955.92,87.29,37081.3,1808.9,Non-Compliant,ISO 9001,26.1,71857.81,81.66,3.88,0.65,Yes,31.12,94.01,124.83,Tier 2
S02227,Supplier_2227,Vietnam,Chemicals,69.14,875.03,66.4,53147.59,5516.8,Non-Compliant,ISO 9001,13.15,227634.4,80.09,4.31,0.66,No,2.55,37.45,181.86,Tier 1
S02228,Supplier_2228,China,Electronics,59.7,2688.32,32.46,84756.57,4572.27,Non-Compliant,None,13.8,290958.61,80.26,3.42,0.63,No,36.42,58.14,95.82,Tier 3
S02229,Supplier_2229,Malaysia,FMCG,48.77,3142.13,78.51,57595.44,8149.23,Non-Compliant,ISO 9001,80.5,19370.68,71.74,2.96,0.89,Yes,13.35,57.66,98.17,Tier 1
S02230,Supplier_2230,Indonesia,Electronics,82.9,150.22,86.37,47182.92,2337.81,Partially Compliant,ISO 45001,56.35,492580.63,88.18,4.96,0.67,Yes,10.0,65.3,106.05,Tier 2
S02231,Supplier_2231,Vietnam,,95.85,3636.96,38.73,42748.25,1100.92,Compliant,ISO 14001,13.67,124071.63,72.81,1.56,0.69,Yes,5.42,70.6,149.23,Tier 3
S02232,Supplier_2232,,Automotive,50.93,1780.71,63.75,47504.56,7625.94,Compliant,ISO 14001,14.8,4909.11,75.5,2.25,0.94,,50.53,11.61,28.37,Tier 3
S02233,Supplier_2233,China,,N/A,2037.14,84.89,22616.91,2635.3,Compliant,ISO 9001,43.35,59009.8,97.36,2.17,0.7,No,7.13,79.67,64.37,Tier 3
S02234,Supplier_2234,Thailand,Automotive,59.48,2835.77,80.56,90950.22,5475.93,Partially Compliant,None,73.48,124918.99,84.55,3.4,0.6,Yes,17.48,48.31,151.72,Tier 3
S02235,Supplier_2235,Malaysia,Textiles,70.12,N/A,48.72,40166.08,10092.15,Partially Compliant,None,51.82,113091.6,76.19,4.38,0.63,Yes,35.18,4.9,116.34,Tier 3
S02236,Supplier_2236,Vietnam,Electronics,93.29,1988.46,91.53,72707.77,1195.36,,ISO 14001,39.75,252363.46,85.62,0.67,0.66,Yes,38.13,53.01,60.37,Tier 3
S02237,Supplier_2237,Singapore,Textiles,46.39,4093.34,46.5,58186.64,3454.67,,ISO 9001,61.09,220496.64,68.74,5.14,0.56,No,12.21,99.41,169.06,Tier 3
S02238,Supplier_2238,India,Metals,61.63,4504.11,75.81,64710.09,7770.97,Compliant,ISO 9001,73.0,413627.69,103.28,0.88,1.02,,25.35,16.15,155.16,Tier 2
S02239,Supplier_2239,Thailand,Textiles,94.59,3760.9,72.37,9343.11,4991.67,Partially Compliant,None,15.07,275980.81,70.83,4.79,0.79,No,13.48,69.46,42.71,Tier 3
S02240,Supplier_2240,Thailand,FMCG,52.86,2549.07,52.15,52348.36,2727.95,Partially Compliant,ISO 45001,51.55,88861.24,74.05,1.6,0.4,Yes,35.31,18.82,28.86,Tier 1
S02241,Supplier_2241,India,Plastics,44.7,4462.29,39.33,10241.96,8108.79,Non-Compliant,ISO 9001,14.61,370535.57,71.83,1.51,0.68,,45.2,92.08,170.82,
S02242,Supplier_2242,,Chemicals,40.39,1340.35,93.13,5193.36,472.0,Compliant,ISO 14001,67.33,182668.58,85.0,3.77,0.38,Yes,46.21,49.48,48.57,
S02243,Supplier_2243,Indonesia,Chemicals,43.62,4500.56,63.05,3608.03,6522.2,Compliant,ISO 9001,13.18,135862.02,91.71,4.18,0.67,Yes,2.96,29.13,16.72,Tier 1
S02244,Supplier_2244,Thailand,Plastics,43.61,1221.21,54.3,83121.73,7232.11,Non-Compliant,ISO 9001,6.98,2728.69,74.27,3.89,0.43,Yes,23.72,99.5,46.65,Tier 1
S02245,Supplier_2245,Vietnam,Metals,50.65,1429.45,40.8,94468.93,867.09,Partially Compliant,,44.62,480206.89,76.37,1.32,0.91,No,33.58,14.89,153.08,Tier 1
S02246,Supplier_2246,Indonesia,,90.02,2878.08,58.49,50872.57,8114.5,Partially Compliant,None,46.41,419617.07,90.02,0.73,0.87,No,27.76,61.24,106.96,Tier 3
S02247,Supplier_2247,Singapore,Chemicals,N/A,257.82,35.92,15947.78,2744.42,Partially Compliant,None,84.48,228734.4,80.72,0.12,0.68,Yes,12.32,30.05,137.33,Tier 2
S02248,Supplier_2248,India,Electronics,78.49,1046.38,102.16,7561.35,1955.88,Partially Compliant,ISO 45001,60.45,26625.45,75.95,4.23,0.51,No,30.08,0.13,172.24,Tier 1
S02249,Supplier_2249,Malaysia,Electronics,81.69,1247.45,61.56,13683.93,7127.5,Partially Compliant,None,6.78,419217.79,68.15,4.88,0.46,No,26.43,79.35,157.45,Tier 3
S02250,Supplier_2250,Thailand,Electronics,58.74,3278.88,73.0,61051.96,6281.2,Partially Compliant,None,81.17,145491.8,96.97,3.0,0.57,No,34.79,41.42,153.57,Tier 2
S02251,Supplier_2251,Malaysia,Chemicals,84.44,N/A,49.82,98318.79,2767.05,Compliant,ISO 9001,85.28,441272.39,72.92,1.06,0.85,Yes,34.98,76.77,151.56,Tier 2
S02252,Supplier_2252,China,FMCG,42.84,3495.18,72.28,94666.0,1558.52,Partially Compliant,None,58.89,210573.92,99.8,3.73,0.63,No,15.87,23.87,29.47,Tier 1
S02253,Supplier_2253,Indonesia,FMCG,41.67,4607.56,97.39,97350.58,6059.61,Compliant,ISO 45001,53.48,212628.53,95.89,2.58,0.94,No,23.45,47.1,4.41,Tier 1
S02254,Supplier_2254,Singapore,Chemicals,87.46,590.67,93.5,25135.59,1604.1,Compliant,ISO 45001,27.72,207748.77,91.52,1.02,0.61,No,48.08,46.31,51.48,
S02255,Supplier_2255,Malaysia,Metals,92.48,4380.4,84.65,56614.98,170.26,Partially Compliant,None,60.18,7927.77,103.16,0.45,0.87,No,3.23,33.72,154.51,Tier 1
S02256,Supplier_2256,India,Plastics,93.73,1922.3,45.37,85312.96,2477.4,Partially Compliant,ISO 45001,29.03,172373.95,70.62,2.87,0.57,No,44.72,84.72,16.66,Tier 2
S02257,Supplier_2257,Thailand,Textiles,44.46,1555.95,77.38,27000.12,5786.03,Non-Compliant,,25.55,152583.43,91.6,0.55,0.73,Yes,29.46,66.78,69.28,Tier 2
S02258,Supplier_2258,Vietnam,,59.64,2421.18,93.5,24658.65,1869.52,Non-Compliant,ISO 45001,9.88,37859.23,74.53,2.2,0.56,No,25.11,66.11,15.96,Tier 2
S02259,Supplier_2259,India,Electronics,67.03,2582.94,69.55,8960.36,8861.56,,None,13.17,239819.76,75.04,2.1,0.89,No,35.57,61.39,87.85,Tier 3
S02260,Supplier_2260,China,FMCG,91.98,4401.09,84.77,65266.41,8729.88,Partially Compliant,ISO 9001,81.23,155123.93,68.55,0.5,0.84,Yes,24.56,43.3,112.58,Tier 1
S02261,Supplier_2261,Vietnam,FMCG,86.89,3992.17,40.38,60677.71,172.38,Compliant,ISO 45001,69.29,375113.93,83.26,2.75,0.55,Yes,35.58,56.59,113.63,Tier 2
S02262,Supplier_2262,Malaysia,Chemicals,85.66,4251.53,80.56,50509.91,7472.66,Compliant,ISO 9001,52.7,478779.49,91.61,1.27,0.94,No,42.47,52.61,153.88,Tier 3
S02263,Supplier_2263,Singapore,Textiles,66.26,4827.32,90.85,11598.83,9610.63,Partially Compliant,ISO 9001,61.7,424134.59,79.08,2.98,0.37,Yes,48.75,84.25,185.37,Tier 3
S02264,Supplier_2264,Vietnam,,61.13,1083.42,N/A,87404.07,1030.88,Partially Compliant,ISO 14001,23.99,131405.73,79.2,4.64,0.76,Yes,9.8,7.72,111.13,Tier 2
S02265,Supplier_2265,India,Textiles,85.04,859.52,41.98,43763.56,2029.51,Partially Compliant,ISO 9001,14.77,219087.46,81.52,1.07,0.68,Yes,15.79,90.48,41.62,Tier 1
S02266,Supplier_2266,Malaysia,Textiles,72.12,2448.2,91.14,63699.44,3653.71,Non-Compliant,ISO 14001,21.01,148803.86,73.17,3.63,0.72,No,51.61,91.82,153.79,Tier 3
S02267,Supplier_2267,Thailand,Textiles,43.25,2416.97,42.06,45346.3,8723.6,Partially Compliant,None,38.62,452943.47,98.33,4.39,0.95,Yes,42.72,34.79,32.23,Tier 3
S02268,Supplier_2268,Vietnam,Textiles,79.69,212.83,37.89,63493.54,743.55,,ISO 14001,25.42,318187.78,82.6,4.14,0.74,No,21.15,32.39,72.85,Tier 1
S02269,Supplier_2269,Singapore,Automotive,71.72,N/A,37.44,66441.48,766.63,Partially Compliant,ISO 14001,17.4,395964.94,74.75,3.17,0.48,Yes,18.82,46.61,148.01,Tier 3
S02270,Supplier_2270,India,Electronics,86.19,965.33,55.42,25567.23,2157.84,Compliant,None,10.82,85862.84,93.87,1.61,0.8,No,40.24,18.71,108.29,Tier 1
S02271,Supplier_2271,India,Plastics,58.67,1945.44,70.49,36686.23,8532.76,Non-Compliant,ISO 14001,41.86,161480.69,93.17,4.22,0.48,Yes,46.09,22.49,168.06,Tier 2
S02272,Supplier_2272,Singapore,Metals,49.02,590.48,94.58,69303.64,9451.23,Compliant,None,37.4,249365.79,90.2,0.81,0.36,,9.91,76.74,103.42,Tier 1
S02273,Supplier_2273,Singapore,Electronics,61.99,1582.72,73.89,23283.57,8453.33,Partially Compliant,None,24.4,122694.99,74.82,0.25,0.86,No,32.08,57.83,190.89,Tier 1
S02274,Supplier_2274,China,,69.55,2104.87,80.25,44867.46,8298.47,Non-Compliant,ISO 45001,7.39,55484.58,71.56,2.72,0.46,No,13.19,99.58,160.75,Tier 2
S02275,Supplier_2275,Thailand,Metals,72.26,4453.84,30.7,22171.6,9463.29,Non-Compliant,ISO 14001,58.79,325906.61,98.85,4.11,0.67,No,30.86,68.86,97.44,Tier 2
S02276,Supplier_2276,China,Textiles,54.8,158.65,34.13,35715.83,7901.26,Compliant,ISO 45001,28.05,455463.27,91.48,3.23,0.9,No,45.29,29.81,72.38,Tier 3
S02277,Supplier_2277,Malaysia,Automotive,84.72,3199.69,96.94,52054.4,2916.91,,ISO 14001,45.05,309878.1,94.53,2.32,0.63,No,11.73,49.03,27.83,Tier 2
S02278,Supplier_2278,China,Metals,53.63,2407.0,48.59,11267.64,1926.36,Compliant,ISO 14001,34.88,249800.02,89.3,4.76,0.34,No,16.63,20.79,148.67,Tier 3
S02279,Supplier_2279,Thailand,Textiles,67.65,1035.11,52.35,86856.14,8905.84,Compliant,ISO 9001,65.98,487717.21,95.11,1.3,0.9,Yes,7.1,27.87,97.55,Tier 1
S02280,Supplier_2280,Malaysia,Electronics,72.78,4178.3,N/A,14370.5,5027.17,Non-Compliant,ISO 14001,25.8,45587.49,94.57,4.31,0.37,No,39.54,84.44,186.54,Tier 3
S02281,Supplier_2281,India,Metals,76.19,3084.3,83.48,97455.62,7527.72,Partially Compliant,None,36.43,221075.02,71.02,3.73,0.69,Yes,19.93,15.03,140.4,Tier 3
S02282,Supplier_2282,India,FMCG,67.91,1645.59,N/A,65864.25,4850.38,Non-Compliant,None,7.96,302034.83,90.5,2.16,0.96,,18.16,17.02,45.84,Tier 1
S02283,Supplier_2283,Indonesia,FMCG,62.54,4193.64,62.26,4909.55,6307.09,Compliant,ISO 9001,41.08,349533.26,74.91,2.43,0.7,Yes,7.17,84.19,95.34,Tier 3
S02284,Supplier_2284,,Automotive,97.84,1935.35,50.69,8519.8,782.94,Non-Compliant,ISO 14001,55.31,255456.63,101.52,0.27,0.67,Yes,48.86,38.95,139.78,Tier 2
S02285,Supplier_2285,Vietnam,Metals,81.69,4781.66,97.94,83625.0,6466.27,,ISO 45001,32.41,417087.47,102.56,3.7,0.72,Yes,1.32,67.0,118.2,Tier 1
S02286,Supplier_2286,China,Textiles,52.32,415.84,89.32,96297.61,3326.95,Partially Compliant,ISO 45001,76.83,298481.6,74.53,4.79,0.98,Yes,2.42,84.66,106.35,Tier 3
S02287,Supplier_2287,Vietnam,Textiles,71.72,2036.8,88.64,41556.48,4967.99,Compliant,ISO 14001,66.63,209763.45,95.77,1.02,0.6,No,2.71,77.3,185.8,Tier 3
S02288,Supplier_2288,Indonesia,Automotive,57.85,3257.28,77.39,21579.42,4617.36,Partially Compliant,ISO 45001,70.82,270837.07,96.45,0.94,0.4,No,19.04,0.84,136.04,
S02289,Supplier_2289,India,Automotive,94.41,1778.86,69.44,42829.79,1326.85,Partially Compliant,ISO 14001,39.35,468618.96,88.91,3.06,0.84,Yes,10.83,48.06,117.82,Tier 1
S02290,Supplier_2290,India,Metals,46.4,532.48,45.35,97611.48,8308.3,Compliant,ISO 14001,32.69,216841.23,88.06,4.72,0.62,Yes,26.35,2.89,157.15,Tier 1
S02291,Supplier_2291,Vietnam,Chemicals,63.46,2456.66,89.46,89579.26,3592.1,Partially Compliant,ISO 9001,44.38,475643.5,91.53,3.21,0.6,Yes,39.07,12.2,81.74,Tier 1
S02292,Supplier_2292,Singapore,Electronics,64.91,2103.48,74.26,16987.34,1783.08,Compliant,ISO 14001,72.16,302017.19,73.67,1.76,0.66,No,44.99,13.89,91.43,Tier 2
S02293,Supplier_2293,Singapore,FMCG,81.66,1309.7,36.62,27328.8,5130.27,Non-Compliant,ISO 9001,92.38,127062.48,85.45,0.89,0.72,Yes,15.05,30.0,177.07,Tier 1
S02294,Supplier_2294,Thailand,Chemicals,91.04,1509.62,54.37,85777.59,4638.63,Non-Compliant,ISO 9001,45.15,256780.58,84.12,1.11,0.37,No,29.69,15.58,92.03,Tier 1
S02295,Supplier_2295,,Chemicals,69.53,2922.47,42.56,34571.8,1629.9,Partially Compliant,None,11.36,431367.45,91.53,0.92,0.42,,6.83,49.76,56.99,Tier 2
S02296,Supplier_2296,,Plastics,84.34,2131.1,39.58,20692.82,3998.3,Non-Compliant,ISO 14001,36.35,444605.1,95.94,0.43,0.91,No,31.34,84.49,26.67,Tier 1
S02297,Supplier_2297,China,Textiles,85.53,4640.77,79.76,43004.96,452.42,Non-Compliant,None,6.89,199780.49,83.5,3.7,0.87,Yes,49.63,8.92,137.77,Tier 3
S02298,Supplier_2298,,Automotive,68.89,1074.5,70.31,90243.78,9610.01,Non-Compliant,None,40.29,324081.17,76.93,3.92,0.43,Yes,1.58,93.16,160.95,Tier 3
S02299,Supplier_2299,Vietnam,Electronics,95.95,2622.23,95.83,3878.65,7529.77,Non-Compliant,None,21.44,453340.68,92.03,3.54,0.9,,13.47,83.15,103.34,Tier 3
S02300,Supplier_2300,Malaysia,Plastics,64.84,2429.26,59.38,73086.28,2539.13,Compliant,ISO 9001,40.19,331122.49,94.68,0.93,0.33,No,13.99,32.42,95.61,Tier 2
S02301,Supplier_2301,Thailand,FMCG,47.38,2890.28,82.07,97073.19,1205.8,Partially Compliant,ISO 14001,24.17,166724.38,93.45,3.99,0.91,Yes,13.78,30.35,156.22,Tier 1
S02302,Supplier_2302,Malaysia,Chemicals,43.87,2737.76,38.15,19462.49,1750.86,Partially Compliant,ISO 14001,61.9,193668.93,91.23,2.66,0.73,No,41.1,70.9,41.13,Tier 1
S02303,Supplier_2303,Indonesia,Chemicals,85.14,4463.86,38.74,53423.76,4556.02,Non-Compliant,None,60.64,305881.37,81.04,4.34,0.33,No,46.25,79.32,135.17,Tier 3
S02304,Supplier_2304,India,Electronics,83.92,2336.63,66.2,17574.96,2171.83,Non-Compliant,None,41.67,93342.34,69.34,2.7,0.37,No,30.19,75.89,67.68,Tier 3
S02305,Supplier_2305,Indonesia,,69.69,2765.16,95.72,88609.45,6445.84,Non-Compliant,ISO 45001,40.16,186113.91,98.58,2.25,0.87,Yes,24.09,76.41,98.35,Tier 3
S02306,Supplier_2306,India,Automotive,N/A,3209.02,75.54,68686.34,8934.96,Partially Compliant,ISO 14001,27.23,251345.17,96.05,3.34,1.03,Yes,0.55,59.44,141.42,Tier 1
S02307,Supplier_2307,China,FMCG,78.77,2738.94,77.62,10969.39,2162.93,Partially Compliant,ISO 9001,17.81,362417.6,94.0,4.14,0.92,No,2.42,78.73,182.55,Tier 2
S02308,Supplier_2308,China,Automotive,72.15,3262.46,89.02,4602.44,4340.16,Partially Compliant,None,5.88,62594.6,92.24,2.02,0.97,No,18.65,14.33,203.52,Tier 2
S02309,Supplier_2309,China,Automotive,53.22,925.62,62.36,88865.32,3741.96,Compliant,ISO 14001,51.01,345111.8,84.88,4.82,0.64,Yes,4.51,36.33,144.01,Tier 1
S02310,Supplier_2310,India,,82.71,1742.71,90.72,67822.46,5238.92,Partially Compliant,ISO 9001,52.64,165117.96,91.48,2.14,0.5,Yes,10.64,77.42,129.16,Tier 3
S02311,Supplier_2311,Singapore,Plastics,87.54,415.53,52.78,65237.1,6401.85,Partially Compliant,None,34.37,129325.4,78.26,0.52,0.51,Yes,29.11,74.1,122.76,Tier 1
S02312,Supplier_2312,China,FMCG,62.66,1859.85,82.55,48733.5,3297.38,Non-Compliant,,19.61,282012.86,76.45,0.58,0.39,,47.34,15.11,69.41,Tier 1
S02313,Supplier_2313,Malaysia,Electronics,65.65,818.66,62.03,87271.64,6269.47,Compliant,ISO 45001,44.8,105322.65,82.1,2.39,0.36,Yes,40.91,42.32,17.66,Tier 3
S02314,Supplier_2314,Thailand,Chemicals,57.0,2386.77,56.09,6290.76,3358.85,Partially Compliant,ISO 45001,12.44,2116.81,101.83,2.73,0.72,Yes,35.69,16.77,139.04,Tier 2
S02315,Supplier_2315,India,Chemicals,73.19,4463.43,57.37,33411.05,8781.26,Non-Compliant,ISO 9001,48.06,176306.4,79.14,3.97,0.66,No,20.01,93.39,181.1,Tier 2
S02316,Supplier_2316,India,Chemicals,90.83,2212.39,33.2,102532.49,830.14,Compliant,ISO 14001,25.51,55620.62,94.62,1.0,0.93,No,6.5,99.45,192.03,Tier 1
S02317,Supplier_2317,Singapore,,51.47,1902.94,103.66,86708.64,224.22,Non-Compliant,ISO 14001,61.95,75235.66,78.28,4.52,0.54,Yes,40.27,39.21,190.06,Tier 3
S02318,Supplier_2318,Vietnam,Chemicals,70.84,1583.87,80.49,25378.86,7336.97,Partially Compliant,ISO 9001,46.33,57613.87,72.87,2.29,0.92,No,39.35,43.5,43.69,Tier 2
S02319,Supplier_2319,India,FMCG,54.53,1003.88,48.49,81353.96,139.98,Non-Compliant,ISO 45001,60.9,78247.81,83.2,4.03,0.46,No,20.61,24.43,92.82,Tier 3
S02320,Supplier_2320,Vietnam,Automotive,79.55,4354.51,34.95,93890.03,8285.97,,ISO 14001,36.4,349365.77,88.51,2.06,0.88,No,40.35,36.09,108.12,Tier 1
S02321,Supplier_2321,Indonesia,FMCG,71.13,329.8,101.42,46310.08,6829.32,Non-Compliant,,19.64,301429.1,74.51,4.14,0.38,No,11.08,85.6,164.25,Tier 3
S02322,Supplier_2322,India,Electronics,82.65,1462.67,69.36,54749.28,7263.7,Partially Compliant,ISO 45001,57.3,379274.36,84.95,3.01,0.89,No,27.62,4.95,20.53,Tier 1
S02323,Supplier_2323,Singapore,Plastics,N/A,1933.17,93.34,30352.55,3439.68,Non-Compliant,None,32.59,148463.0,98.68,4.85,0.58,No,28.76,101.07,196.94,Tier 2
S02324,Supplier_2324,Vietnam,Textiles,89.49,3467.39,83.56,67710.34,6555.83,Non-Compliant,ISO 14001,68.79,65354.5,75.27,4.83,0.83,Yes,5.07,84.65,50.37,Tier 1
S02325,Supplier_2325,India,Automotive,85.62,3038.03,87.72,58158.27,1872.21,Partially Compliant,ISO 14001,77.76,188685.68,81.1,4.12,0.4,No,25.31,12.92,29.82,Tier 2
S02326,Supplier_2326,Malaysia,Automotive,52.23,1306.2,43.41,87404.33,9848.37,Compliant,ISO 45001,69.4,280253.3,70.49,2.85,0.94,Yes,25.89,98.83,180.61,Tier 2
S02327,Supplier_2327,China,Electronics,61.6,959.04,40.79,80313.74,715.79,Non-Compliant,ISO 9001,73.05,222094.91,102.81,0.19,0.66,No,14.74,74.81,94.43,Tier 2
S02328,Supplier_2328,,Automotive,68.39,2768.95,71.19,4577.93,1794.55,Partially Compliant,ISO 45001,47.47,468406.68,78.68,4.33,0.9,Yes,36.05,101.77,161.1,Tier 2
S02329,Supplier_2329,India,Chemicals,78.72,4913.14,50.46,38030.34,2984.5,Compliant,ISO 45001,74.76,8932.29,70.11,3.79,0.57,Yes,31.25,32.56,0.9,Tier 3
S02330,Supplier_2330,Malaysia,Textiles,54.46,553.8,87.24,10114.3,3923.39,Compliant,ISO 14001,76.25,33255.03,72.02,0.23,0.34,No,26.34,48.09,16.1,Tier 2
S02331,Supplier_2331,India,FMCG,88.79,3102.94,71.8,15968.46,5748.68,Non-Compliant,ISO 9001,41.67,407201.18,83.61,2.3,0.61,No,30.53,49.4,146.95,Tier 1
S02332,Supplier_2332,Thailand,Automotive,58.37,3032.9,54.38,73259.28,3861.77,Compliant,ISO 14001,7.54,429433.22,89.34,2.59,0.71,No,44.08,34.55,63.92,Tier 2
S02333,Supplier_2333,Thailand,FMCG,47.72,2261.65,40.05,87350.35,10208.14,Partially Compliant,ISO 45001,32.45,71038.06,85.91,0.71,0.36,No,18.5,95.62,97.51,Tier 1
S02334,Supplier_2334,Malaysia,Plastics,48.28,2600.38,56.1,48220.67,8420.86,Compliant,ISO 14001,13.63,429512.95,74.16,2.95,0.76,No,22.09,67.24,180.44,Tier 3
S02335,Supplier_2335,India,FMCG,74.85,1970.5,74.84,91505.65,3362.88,Non-Compliant,None,63.83,403128.11,77.27,2.48,0.93,,22.65,88.65,31.89,
S02336,Supplier_2336,Indonesia,Electronics,69.95,242.01,38.41,39810.94,6491.95,Partially Compliant,ISO 45001,16.94,357929.8,90.19,4.53,0.78,Yes,4.84,20.16,89.68,Tier 3
S02337,Supplier_2337,Singapore,,47.31,2631.73,64.06,29682.99,8532.93,Non-Compliant,ISO 45001,19.07,50553.5,78.16,2.12,0.77,Yes,14.57,13.18,194.3,Tier 3
S02338,Supplier_2338,Singapore,Automotive,47.1,1442.22,N/A,71171.16,353.98,,ISO 14001,88.66,275051.16,98.76,0.94,0.38,,43.96,49.59,169.75,Tier 1
S02339,Supplier_2339,India,Automotive,51.54,2520.48,63.28,12603.88,6167.01,Partially Compliant,ISO 9001,36.87,433745.78,80.15,0.28,0.63,No,47.79,50.52,135.89,Tier 1
S02340,Supplier_2340,China,Metals,64.6,3982.89,55.86,70639.63,6563.27,Non-Compliant,ISO 14001,77.65,215339.53,81.44,2.75,0.42,No,9.77,48.27,181.01,Tier 1
S02341,Supplier_2341,Malaysia,Automotive,65.57,1862.35,29.83,38094.32,5312.64,Compliant,None,10.03,2094.74,95.23,2.39,1.03,Yes,2.36,25.85,154.47,Tier 2
S02342,Supplier_2342,Singapore,FMCG,76.32,4156.27,63.07,87248.8,4611.88,Compliant,,86.84,406673.99,102.16,0.48,0.46,Yes,36.45,29.02,157.03,Tier 3
S02343,Supplier_2343,Malaysia,Textiles,80.65,1036.38,82.61,48279.38,7920.97,Non-Compliant,ISO 45001,76.03,421519.98,89.41,4.53,0.55,Yes,21.5,84.34,139.42,Tier 3
S02344,Supplier_2344,Singapore,Plastics,60.54,2397.75,35.88,15297.18,6995.24,Non-Compliant,ISO 45001,38.99,461927.0,85.49,1.54,0.48,Yes,2.21,7.77,38.39,Tier 3
S02345,Supplier_2345,Indonesia,Plastics,91.29,4051.45,52.44,71571.67,3539.48,Compliant,ISO 14001,44.62,442017.91,92.74,1.39,0.45,Yes,4.35,92.44,167.57,Tier 1
S02346,Supplier_2346,Vietnam,Metals,82.97,1445.98,39.21,32548.77,4254.45,Compliant,ISO 9001,33.39,404845.28,84.15,0.57,0.96,Yes,7.56,32.73,131.68,Tier 2
S02347,Supplier_2347,Thailand,Chemicals,85.72,1429.75,53.29,101645.14,8031.58,Compliant,ISO 45001,50.1,232117.2,71.83,3.22,0.44,Yes,18.85,42.54,64.17,Tier 2
S02348,Supplier_2348,Indonesia,Textiles,49.6,3329.31,86.3,88514.42,5181.16,Non-Compliant,None,53.1,26993.14,80.56,2.82,0.87,No,25.69,11.96,132.47,Tier 1
S02349,Supplier_2349,Thailand,FMCG,46.69,3421.61,39.19,84236.34,2459.13,Partially Compliant,ISO 9001,84.77,155520.61,72.53,0.56,0.71,Yes,47.15,8.25,115.62,Tier 1
S02350,Supplier_2350,,Textiles,51.94,3923.51,90.33,76192.26,1845.04,Non-Compliant,ISO 14001,15.45,460354.03,88.08,1.36,0.82,No,14.36,73.26,119.23,Tier 1
S02351,Supplier_2351,Malaysia,Chemicals,90.08,4135.72,30.21,72427.74,4664.81,Non-Compliant,ISO 14001,58.7,418816.73,74.1,1.42,0.49,No,5.25,6.3,152.09,Tier 3
S02352,Supplier_2352,Indonesia,,70.26,4377.63,84.05,70410.14,2739.84,Non-Compliant,ISO 9001,33.21,322007.49,82.0,3.35,0.48,No,28.81,81.14,48.21,Tier 1
S02353,Supplier_2353,Indonesia,Metals,90.34,3318.45,34.98,23308.7,5149.77,Non-Compliant,ISO 45001,34.79,52283.29,85.62,2.92,0.91,Yes,17.12,55.77,176.2,Tier 2
S02354,Supplier_2354,India,FMCG,69.71,3761.94,48.09,43739.62,5097.89,Compliant,ISO 9001,49.45,354496.32,95.35,0.6,0.76,No,12.95,63.3,96.05,Tier 2
S02355,Supplier_2355,Thailand,Metals,52.36,N/A,62.04,79027.51,9302.8,Compliant,ISO 9001,34.66,459494.78,94.39,0.91,0.78,No,21.53,36.91,30.73,Tier 2
S02356,Supplier_2356,China,Electronics,59.68,2211.87,83.56,18759.12,6719.47,Partially Compliant,ISO 45001,34.11,219262.19,94.2,3.32,0.54,No,41.8,64.01,167.54,Tier 2
S02357,Supplier_2357,China,Textiles,68.92,2772.72,87.86,4277.37,4671.08,Partially Compliant,None,74.85,182535.31,91.88,3.37,0.48,No,31.72,36.59,19.94,Tier 2
S02358,Supplier_2358,Singapore,Textiles,66.81,1887.99,30.19,61855.07,7580.18,Non-Compliant,ISO 14001,62.89,458560.6,94.47,4.0,0.68,Yes,22.21,14.71,186.54,Tier 1
S02359,Supplier_2359,Indonesia,Metals,94.9,2036.68,63.96,45976.87,5372.29,Partially Compliant,,42.18,291899.35,79.68,1.1,0.6,,49.37,48.86,77.36,Tier 1
S02360,Supplier_2360,Malaysia,Chemicals,49.66,2624.08,56.95,80001.06,9765.2,Non-Compliant,ISO 14001,18.41,56429.96,99.25,0.14,0.94,No,0.85,82.02,66.61,Tier 3
S02361,Supplier_2361,,Plastics,70.76,2352.14,64.46,64793.28,3736.22,Non-Compliant,ISO 9001,65.82,200514.18,100.5,0.62,0.84,No,17.99,81.88,49.28,Tier 1
S02362,Supplier_2362,Vietnam,Chemicals,58.02,2416.74,73.17,62803.75,2533.08,Partially Compliant,ISO 9001,17.4,261788.79,92.29,0.13,0.38,Yes,35.15,1.52,75.42,Tier 1
S02363,Supplier_2363,India,Chemicals,93.54,4452.58,88.2,93660.88,4327.93,Non-Compliant,ISO 45001,82.38,211060.66,79.8,3.76,0.78,No,10.63,26.78,85.62,Tier 1
S02364,Supplier_2364,Malaysia,Chemicals,72.04,3570.67,37.76,49927.78,8744.73,Compliant,ISO 9001,77.54,307129.28,81.35,3.84,0.77,Yes,34.08,30.7,156.33,Tier 3
S02365,Supplier_2365,China,Automotive,95.13,4645.53,75.9,60049.33,2669.87,Non-Compliant,ISO 45001,54.41,230109.64,75.76,1.19,0.99,No,41.28,77.01,2.11,Tier 2
S02366,Supplier_2366,,Textiles,89.82,2580.01,83.1,30576.01,2695.35,Non-Compliant,None,34.44,419637.64,94.42,1.69,0.7,,20.39,73.41,78.56,Tier 1
S02367,Supplier_2367,Malaysia,Textiles,49.69,2450.64,68.09,19606.74,5780.82,Partially Compliant,,44.41,240727.9,79.37,3.53,0.7,No,10.13,65.77,193.91,Tier 1
S02368,Supplier_2368,India,Automotive,66.42,4043.3,69.46,23626.84,1484.69,Non-Compliant,ISO 45001,45.99,242055.26,101.0,0.2,0.36,Yes,7.45,27.67,181.24,Tier 2
S02369,Supplier_2369,Singapore,Plastics,45.09,2620.63,29.36,46921.93,766.37,Partially Compliant,ISO 45001,78.4,418539.5,72.45,3.87,0.55,Yes,6.69,72.29,2.92,Tier 1
S02370,Supplier_2370,China,Electronics,86.53,4936.42,70.46,18061.65,2434.38,Partially Compliant,None,49.64,134679.92,85.41,4.63,0.34,No,24.53,35.82,185.95,Tier 2
S02371,Supplier_2371,Thailand,Chemicals,89.84,1471.27,57.82,58763.34,7710.15,Partially Compliant,ISO 45001,15.08,256023.0,86.75,1.21,0.85,No,2.83,26.06,149.48,Tier 3
S02372,Supplier_2372,Singapore,FMCG,83.71,747.1,53.47,72957.31,6435.57,Compliant,ISO 45001,83.29,177080.53,88.07,0.5,0.56,Yes,23.63,8.53,44.72,Tier 2
S02373,Supplier_2373,Thailand,Textiles,45.93,3523.0,70.0,33925.58,6811.59,Partially Compliant,ISO 14001,28.85,201933.01,96.42,2.49,0.34,Yes,41.35,82.13,44.82,Tier 1
S02374,Supplier_2374,Malaysia,Plastics,65.48,308.01,62.4,28789.57,5905.82,Partially Compliant,ISO 9001,77.88,242912.31,89.86,0.87,0.86,No,24.46,22.27,114.22,Tier 3
S02375,Supplier_2375,Malaysia,FMCG,48.06,3395.79,93.15,41570.99,3473.92,Non-Compliant,ISO 45001,79.13,206551.35,102.39,1.79,0.69,Yes,10.61,14.34,122.99,Tier 3
S02376,Supplier_2376,China,Electronics,51.82,2918.92,68.04,45969.71,4269.4,Non-Compliant,ISO 9001,9.64,176591.61,74.57,2.89,0.5,No,49.05,7.97,131.47,Tier 2
S02377,Supplier_2377,Singapore,Automotive,69.23,1905.61,35.71,37081.74,9461.85,Compliant,ISO 14001,82.38,351817.53,83.49,4.23,0.96,No,1.09,44.2,119.99,Tier 2
S02378,Supplier_2378,China,FMCG,65.94,3717.94,66.91,32869.32,7692.54,,ISO 45001,75.25,290939.98,87.3,2.11,0.34,Yes,28.66,26.8,168.47,Tier 1
S02379,Supplier_2379,Malaysia,Textiles,69.17,1046.19,87.18,7517.21,3445.21,,,49.89,258886.93,100.43,1.72,0.53,Yes,19.99,43.99,52.59,Tier 3
S02380,Supplier_2380,Indonesia,Automotive,76.02,496.99,59.24,18385.64,5732.08,Compliant,ISO 9001,28.38,195908.81,87.18,2.36,0.65,Yes,44.28,93.7,81.97,Tier 3
S02381,Supplier_2381,Malaysia,Chemicals,74.13,1222.69,48.89,46783.81,5123.1,Compliant,ISO 14001,5.48,308599.17,89.62,4.36,0.66,No,27.01,64.27,47.08,Tier 2
S02382,Supplier_2382,Singapore,Metals,40.57,1461.74,35.4,80339.0,3591.64,Non-Compliant,ISO 14001,43.74,200746.29,80.06,2.09,0.38,No,19.32,3.55,196.67,Tier 3
S02383,Supplier_2383,Vietnam,Electronics,89.61,3732.21,36.04,65930.84,3945.49,Non-Compliant,ISO 45001,23.69,493597.89,79.78,1.92,0.61,Yes,8.15,81.14,197.38,Tier 3
S02384,Supplier_2384,China,Textiles,68.37,1013.28,32.6,13847.08,1451.12,Non-Compliant,ISO 45001,45.42,265528.98,94.99,1.09,0.4,Yes,25.84,73.54,134.63,Tier 2
S02385,Supplier_2385,Malaysia,Electronics,48.75,1915.37,53.39,16804.88,2396.63,Compliant,ISO 9001,86.6,204114.43,86.71,4.68,0.87,Yes,29.23,6.44,140.92,Tier 3
S02386,Supplier_2386,Vietnam,Electronics,90.48,1487.59,32.27,13860.78,5612.71,Compliant,ISO 45001,69.68,110339.82,74.89,2.02,0.4,No,25.26,49.45,4.78,Tier 1
S02387,Supplier_2387,Indonesia,FMCG,66.06,2534.9,57.87,89869.47,8829.74,Non-Compliant,ISO 9001,22.6,221563.91,77.27,0.62,0.56,,33.45,40.96,48.71,Tier 3
S02388,Supplier_2388,Indonesia,Chemicals,88.02,324.33,41.11,54159.54,5286.31,Non-Compliant,ISO 45001,17.42,439329.4,99.25,0.65,1.0,No,42.57,80.06,168.08,Tier 2
S02389,Supplier_2389,Vietnam,Chemicals,51.95,3673.58,51.01,34512.16,9949.56,Non-Compliant,ISO 9001,45.07,369986.5,77.2,4.39,0.92,Yes,7.85,6.96,191.32,Tier 3
S02390,Supplier_2390,China,Chemicals,68.77,3429.8,47.12,55538.2,7374.41,Compliant,ISO 9001,74.62,469947.88,68.03,1.7,0.72,No,38.15,20.02,42.21,Tier 3
S02391,Supplier_2391,Malaysia,Electronics,93.34,3216.84,59.43,81398.54,2334.17,Compliant,ISO 9001,8.12,394777.77,84.64,2.7,1.0,No,26.37,54.14,14.69,Tier 2
S02392,Supplier_2392,Thailand,,89.08,3261.53,51.28,9901.83,6338.56,Non-Compliant,ISO 9001,79.25,382032.43,95.17,4.57,0.76,,27.4,78.56,132.44,Tier 2
S02393,Supplier_2393,Vietnam,Metals,66.22,1408.16,66.36,77300.7,3232.9,Partially Compliant,ISO 45001,24.86,196093.24,73.61,4.6,0.38,Yes,20.2,58.08,148.61,
S02394,Supplier_2394,Indonesia,Metals,81.0,2348.76,37.37,60181.22,7999.27,,ISO 14001,48.13,76314.33,84.61,2.84,0.73,Yes,38.25,68.37,193.29,Tier 3
S02395,Supplier_2395,Malaysia,FMCG,46.71,1836.1,80.91,60714.79,8766.52,Non-Compliant,ISO 45001,40.51,168064.42,89.22,4.19,0.87,No,47.45,85.86,85.9,Tier 1
S02396,Supplier_2396,India,Chemicals,64.17,1294.18,64.46,76328.87,1076.77,Non-Compliant,ISO 14001,23.74,179470.22,74.03,1.26,0.89,Yes,27.55,27.67,95.67,Tier 1
S02397,Supplier_2397,China,Electronics,75.92,3674.2,74.59,97032.32,5196.42,Compliant,ISO 45001,6.74,476223.05,94.45,4.43,0.82,Yes,46.57,86.88,166.65,
S02398,Supplier_2398,,Automotive,53.33,3542.36,67.47,15981.6,4869.38,Partially Compliant,None,22.87,293103.36,72.29,4.21,0.78,Yes,37.25,83.46,127.68,Tier 2
S02399,Supplier_2399,Vietnam,FMCG,54.19,N/A,48.56,6889.44,2501.12,Compliant,,56.64,150435.09,91.42,1.88,0.81,No,0.49,10.72,103.54,Tier 2
S02400,Supplier_2400,India,Plastics,63.79,3505.28,90.29,50020.71,9821.97,Non-Compliant,ISO 9001,46.53,453636.93,79.44,0.92,0.75,Yes,5.37,3.85,120.28,
S02401,Supplier_2401,Malaysia,Electronics,95.98,2701.39,42.56,101155.19,109.41,Partially Compliant,None,91.48,113388.04,85.94,2.31,0.42,No,31.91,94.71,115.91,Tier 1
S02402,Supplier_2402,Indonesia,Electronics,88.42,4380.08,56.93,92670.37,8597.71,Partially Compliant,ISO 9001,33.2,405677.89,96.33,1.49,0.84,No,33.24,30.4,96.57,Tier 3
S02403,Supplier_2403,Vietnam,Chemicals,44.17,3241.2,104.68,76385.4,5575.6,Compliant,ISO 45001,15.56,369398.36,72.27,4.27,0.84,,12.42,59.9,189.44,
S02404,Supplier_2404,Thailand,Plastics,57.8,2693.57,54.78,55872.12,8116.27,Partially Compliant,None,28.72,407919.73,81.5,2.99,0.8,No,8.94,79.26,117.94,Tier 3
S02405,Supplier_2405,Singapore,Metals,80.58,1910.73,89.52,85077.37,8567.66,Non-Compliant,None,47.6,201842.6,84.04,3.61,0.51,No,34.51,1.6,92.39,Tier 1
S02406,Supplier_2406,Singapore,FMCG,53.94,377.57,60.91,69162.37,6466.2,Non-Compliant,None,15.16,244493.53,78.08,0.63,0.81,Yes,15.14,23.96,131.97,Tier 1
S02407,Supplier_2407,Thailand,Metals,65.81,1903.36,53.14,20125.73,1517.72,Partially Compliant,ISO 14001,23.05,112591.3,70.63,2.74,0.72,Yes,42.15,66.55,137.97,Tier 1
S02408,Supplier_2408,Vietnam,Electronics,72.04,4591.3,80.44,49620.87,3146.99,Partially Compliant,ISO 14001,25.52,184796.21,70.36,4.23,0.43,No,43.3,34.77,116.4,Tier 2
S02409,Supplier_2409,India,Metals,63.68,2965.42,87.94,11619.24,6725.28,Partially Compliant,ISO 14001,35.04,311327.84,66.89,4.57,0.75,Yes,45.26,92.83,58.87,Tier 3
S02410,Supplier_2410,Singapore,Textiles,41.02,2407.45,88.97,36035.26,937.95,Compliant,None,31.67,55221.63,91.07,0.89,0.67,Yes,19.41,56.34,60.89,Tier 1
S02411,Supplier_2411,Malaysia,Automotive,55.52,1759.93,44.5,61489.11,6431.18,Partially Compliant,ISO 14001,54.31,401542.36,84.49,3.38,0.88,No,4.25,13.1,40.48,Tier 2
S02412,Supplier_2412,Indonesia,Metals,N/A,2706.54,66.28,70560.11,5355.14,Non-Compliant,None,56.47,7882.76,82.72,1.29,0.71,No,19.1,16.72,84.18,Tier 3
S02413,Supplier_2413,Indonesia,Plastics,59.37,3277.61,42.29,20349.49,3589.13,Compliant,None,31.35,299618.91,84.73,0.55,0.34,Yes,21.82,17.96,8.1,Tier 3
S02414,Supplier_2414,,Plastics,69.23,2113.65,94.29,79929.49,475.65,Compliant,ISO 9001,85.45,82895.32,81.84,2.74,0.51,Yes,33.95,78.01,100.32,Tier 1
S02415,Supplier_2415,China,Metals,76.93,4967.21,96.43,88853.74,9656.52,Compliant,ISO 14001,67.16,191777.17,86.4,1.94,0.38,,23.13,50.1,50.76,Tier 3
S02416,Supplier_2416,Malaysia,FMCG,64.98,219.67,77.47,40978.86,4861.63,Partially Compliant,None,62.84,416958.18,79.71,0.91,0.53,Yes,44.82,70.7,49.43,Tier 2
S02417,Supplier_2417,Thailand,FMCG,83.96,4483.7,92.36,46191.55,1508.79,Partially Compliant,ISO 14001,32.94,98129.65,67.63,1.45,0.65,No,46.91,70.08,82.95,Tier 2
S02418,Supplier_2418,,Automotive,78.07,3407.01,38.36,59288.08,9115.88,,ISO 9001,64.96,93878.07,79.16,4.06,0.87,,12.1,13.48,112.8,Tier 3
S02419,Supplier_2419,,Electronics,64.61,3411.4,63.88,4180.38,8065.46,Partially Compliant,None,52.22,93843.16,93.36,0.79,0.56,No,39.55,31.89,62.49,Tier 3
S02420,Supplier_2420,Malaysia,Textiles,48.82,3018.94,79.0,20234.64,6201.06,Compliant,ISO 45001,27.65,79841.05,70.64,4.73,0.81,No,31.28,29.4,64.08,Tier 1
S02421,Supplier_2421,China,Metals,51.59,1419.67,81.45,66034.36,408.0,Non-Compliant,ISO 14001,57.47,179654.75,96.46,3.89,0.49,Yes,6.17,48.5,64.83,Tier 2
S02422,Supplier_2422,,Chemicals,53.09,4415.58,77.86,5356.85,8644.65,Partially Compliant,ISO 14001,72.5,438034.31,76.07,0.53,0.78,No,7.16,66.68,192.99,Tier 1
S02423,Supplier_2423,Vietnam,Automotive,86.3,105.52,60.36,72881.74,4421.53,Partially Compliant,ISO 45001,27.53,165985.42,81.18,1.36,0.62,No,26.76,15.36,182.8,Tier 3
S02424,Supplier_2424,Malaysia,Automotive,62.98,4100.08,75.21,34325.82,3875.55,Non-Compliant,ISO 14001,21.62,105884.28,78.24,1.7,0.7,No,44.33,79.24,168.15,Tier 3
S02425,Supplier_2425,Vietnam,Electronics,71.93,113.38,49.02,82918.84,1507.29,Non-Compliant,ISO 14001,82.45,359254.99,83.56,4.01,1.01,Yes,41.64,32.1,127.98,Tier 1
S02426,Supplier_2426,Indonesia,Textiles,87.93,4762.42,44.36,91396.0,437.15,Compliant,,77.33,328111.93,79.07,2.62,0.63,,8.12,96.01,40.13,Tier 3
S02427,Supplier_2427,Singapore,Automotive,78.74,2656.0,60.69,96831.89,2082.7,Compliant,None,33.32,327426.73,72.47,4.23,0.98,Yes,25.32,70.66,19.53,Tier 2
S02428,Supplier_2428,Thailand,Chemicals,68.14,1682.59,38.94,25431.66,6869.77,Non-Compliant,ISO 45001,13.23,377519.14,82.56,1.9,0.53,No,10.93,49.41,164.73,Tier 1
S02429,Supplier_2429,China,Chemicals,68.96,3933.38,77.13,26046.72,7336.09,Compliant,ISO 9001,34.22,461568.8,80.22,1.56,0.8,No,28.38,6.76,70.11,Tier 2
S02430,Supplier_2430,Indonesia,Automotive,74.81,2521.47,68.5,18456.74,4760.14,,ISO 9001,23.02,230079.73,98.6,4.21,0.83,No,30.01,63.69,29.81,Tier 1
S02431,Supplier_2431,Malaysia,Textiles,56.07,609.23,100.25,43687.03,5148.71,Compliant,ISO 14001,56.96,473365.02,98.02,3.28,0.95,No,3.3,45.36,97.87,Tier 3
S02432,Supplier_2432,Malaysia,Electronics,47.67,3000.9,54.39,19116.53,7613.46,Non-Compliant,ISO 45001,17.02,260775.63,85.01,3.42,0.29,Yes,40.67,23.58,94.36,Tier 1
S02433,Supplier_2433,Vietnam,Automotive,76.59,1224.85,66.06,67410.76,199.64,Partially Compliant,ISO 9001,77.5,359375.12,77.56,0.31,0.32,Yes,7.26,58.99,72.0,Tier 1
S02434,Supplier_2434,Singapore,Metals,76.51,3030.31,49.83,30761.89,9041.24,Compliant,ISO 45001,81.79,170648.11,69.03,1.45,0.44,No,20.67,68.16,25.59,Tier 3
S02435,Supplier_2435,Thailand,,46.45,1222.36,46.27,45562.09,2930.43,Compliant,ISO 9001,7.51,146090.89,79.55,0.64,0.31,No,9.83,37.87,104.52,Tier 2
S02436,Supplier_2436,China,Automotive,50.25,3717.68,55.03,78575.82,5687.07,Compliant,ISO 14001,66.38,107567.17,89.45,0.66,0.39,No,10.78,48.56,112.66,Tier 2
S02437,Supplier_2437,Malaysia,Electronics,62.6,528.48,95.58,71014.33,3756.55,Partially Compliant,,28.66,219577.34,94.46,3.99,0.69,No,1.17,90.26,23.71,Tier 1
S02438,Supplier_2438,Thailand,FMCG,83.47,377.99,89.39,24932.88,297.4,Compliant,ISO 9001,48.3,183146.19,80.09,3.32,0.35,Yes,14.57,1.82,171.79,Tier 2
S02439,Supplier_2439,China,FMCG,43.03,4714.57,32.65,82711.23,7765.14,,ISO 14001,78.63,236707.46,75.62,4.51,0.91,Yes,23.63,59.98,66.41,Tier 2
S02440,Supplier_2440,Singapore,Automotive,74.12,2714.58,47.94,12467.8,8876.83,Non-Compliant,ISO 14001,20.57,147425.69,91.45,3.97,0.66,Yes,9.15,22.69,103.18,Tier 1
S02441,Supplier_2441,Malaysia,Electronics,82.49,3483.37,95.61,76679.18,7652.61,Compliant,ISO 45001,78.04,63685.3,72.67,4.58,0.68,,27.61,51.26,116.38,Tier 3
S02442,Supplier_2442,Singapore,Chemicals,71.62,N/A,89.17,94284.96,8305.01,Non-Compliant,ISO 45001,20.79,178196.2,73.69,2.81,0.72,No,27.88,94.32,53.48,Tier 2
S02443,Supplier_2443,India,Chemicals,65.55,3725.56,73.13,44476.99,6329.7,Non-Compliant,ISO 45001,47.24,349482.97,71.9,3.27,0.56,,41.86,74.47,112.79,Tier 2
S02444,Supplier_2444,Thailand,Metals,61.33,1165.94,97.27,48133.26,5884.0,Compliant,ISO 45001,49.51,12866.7,102.05,1.0,0.87,Yes,39.76,66.35,37.07,Tier 2
S02445,Supplier_2445,Thailand,Plastics,95.94,4889.88,39.45,44509.24,7008.18,Partially Compliant,ISO 14001,51.11,13920.32,73.74,0.17,0.88,No,38.41,39.05,110.58,Tier 3
S02446,Supplier_2446,India,Textiles,77.39,3682.42,69.69,60850.98,2028.39,Non-Compliant,ISO 14001,10.79,14790.89,88.87,2.07,0.96,Yes,27.53,80.16,153.7,Tier 1
S02447,Supplier_2447,Malaysia,Textiles,46.42,815.05,94.76,80093.9,4385.37,Non-Compliant,None,18.78,151822.28,75.87,1.43,0.36,Yes,36.04,55.54,64.85,Tier 1
S02448,Supplier_2448,Malaysia,Textiles,42.25,736.59,73.53,44201.43,6682.44,Partially Compliant,ISO 45001,42.94,171745.29,88.35,4.47,0.31,No,13.51,59.52,141.61,
S02449,Supplier_2449,Malaysia,Electronics,67.19,2904.92,64.47,51570.77,6404.5,Partially Compliant,ISO 9001,53.52,426664.36,81.41,2.55,0.53,No,5.67,82.53,113.2,Tier 1
S02450,Supplier_2450,Thailand,Plastics,40.11,651.64,78.48,102637.22,2337.82,Non-Compliant,None,80.17,202306.38,78.08,3.01,0.42,Yes,2.87,94.99,139.94,Tier 3
S02451,Supplier_2451,Malaysia,Electronics,45.93,4101.97,100.03,23732.49,399.52,Compliant,None,53.95,138403.5,76.26,4.66,0.55,No,43.32,63.17,126.69,Tier 2
S02452,Supplier_2452,Thailand,Metals,42.93,482.25,79.39,26335.6,9671.6,Non-Compliant,None,26.57,423096.96,75.81,4.79,0.44,Yes,9.51,104.6,45.17,Tier 1
S02453,Supplier_2453,Singapore,Chemicals,81.8,4594.06,96.65,3996.33,9404.49,Non-Compliant,ISO 9001,35.73,435822.83,85.37,2.14,0.41,Yes,41.44,49.13,62.28,Tier 2
S02454,Supplier_2454,Thailand,Automotive,64.93,4858.64,83.81,39765.14,2213.27,Non-Compliant,ISO 9001,12.88,475255.19,73.78,3.79,0.35,,29.09,32.58,133.88,Tier 3
S02455,Supplier_2455,Singapore,FMCG,40.0,2424.61,59.51,27832.99,7407.75,Partially Compliant,ISO 45001,18.3,136150.69,70.12,4.28,0.66,Yes,18.67,86.75,109.38,Tier 2
S02456,Supplier_2456,Malaysia,Metals,54.4,3030.51,73.4,73602.73,2329.97,Partially Compliant,ISO 9001,32.84,308760.8,101.53,3.85,0.74,Yes,42.91,76.79,158.17,Tier 1
S02457,Supplier_2457,India,Textiles,81.52,692.52,75.33,70015.74,8682.49,Partially Compliant,None,84.02,180478.5,94.09,1.18,0.9,No,5.15,75.02,33.11,Tier 2
S02458,Supplier_2458,Vietnam,Metals,59.22,3496.5,71.85,77720.64,8094.0,Compliant,None,88.63,274737.75,81.57,3.15,0.6,Yes,35.12,28.25,147.6,Tier 1
S02459,Supplier_2459,Indonesia,Chemicals,81.81,3245.49,89.05,16901.09,4868.59,Non-Compliant,ISO 14001,75.92,249533.13,90.62,0.65,0.66,Yes,41.7,74.88,13.62,Tier 3
S02460,Supplier_2460,Singapore,Automotive,80.59,3713.34,67.42,88307.2,4672.45,,ISO 45001,68.97,333540.88,78.02,4.74,0.69,Yes,29.06,87.28,72.96,Tier 1
S02461,Supplier_2461,Singapore,Automotive,83.91,4901.81,49.99,8657.37,2669.12,Compliant,ISO 9001,40.8,223076.65,92.58,1.78,0.74,No,26.83,13.77,120.25,Tier 2
S02462,Supplier_2462,Vietnam,Textiles,90.97,683.08,74.85,12300.45,2860.3,Compliant,ISO 45001,21.72,13782.7,72.39,2.42,1.02,No,35.06,58.92,117.17,Tier 2
S02463,Supplier_2463,Indonesia,Electronics,66.54,212.88,56.45,95837.66,8767.6,Partially Compliant,ISO 14001,50.2,111103.6,75.8,3.59,0.43,No,5.48,32.45,8.17,Tier 3
S02464,Supplier_2464,Malaysia,Chemicals,91.08,1615.14,46.54,36520.83,1781.95,Compliant,ISO 45001,78.72,436093.0,70.08,1.63,0.64,,42.11,7.3,178.53,
S02465,Supplier_2465,Vietnam,Textiles,46.7,2763.94,75.41,54788.49,5930.39,Non-Compliant,None,66.6,261969.99,87.64,1.4,0.8,Yes,22.76,96.65,190.21,Tier 3
S02466,Supplier_2466,India,FMCG,47.0,2901.04,83.95,70866.81,3889.97,Non-Compliant,ISO 9001,85.8,157185.98,74.47,2.14,0.53,Yes,42.44,89.49,49.28,Tier 3
S02467,Supplier_2467,Singapore,Automotive,69.72,1389.51,58.69,60536.52,5581.42,Compliant,ISO 45001,8.88,280086.18,96.74,4.19,0.72,Yes,34.61,101.18,85.4,Tier 2
S02468,Supplier_2468,,Automotive,45.89,1459.73,79.63,16351.34,8983.08,Compliant,ISO 9001,18.36,139669.94,80.24,2.38,0.62,Yes,11.7,49.41,20.63,Tier 1
S02469,Supplier_2469,China,Metals,85.33,3787.99,101.34,45356.6,5109.99,Partially Compliant,None,68.87,80005.88,87.42,3.63,0.41,Yes,37.59,5.44,9.14,Tier 3
S02470,Supplier_2470,India,Textiles,61.75,893.45,51.17,70832.72,5670.21,Partially Compliant,ISO 9001,85.55,19498.35,92.21,2.08,0.33,No,25.47,25.09,156.46,Tier 2
S02471,Supplier_2471,Malaysia,Plastics,64.7,661.76,79.7,89043.45,8311.4,Non-Compliant,ISO 14001,60.18,246863.87,77.16,4.26,0.49,No,7.43,81.3,141.26,Tier 2
S02472,Supplier_2472,India,,46.12,2839.82,92.18,55632.52,1709.98,Non-Compliant,ISO 45001,33.89,376562.89,84.96,4.67,1.02,No,16.9,80.33,23.0,Tier 3
S02473,Supplier_2473,Singapore,FMCG,49.94,N/A,73.95,52676.49,8346.17,Partially Compliant,ISO 9001,25.45,189497.1,82.29,3.45,0.66,Yes,48.6,20.97,62.13,Tier 3
S02474,Supplier_2474,China,Textiles,42.45,299.44,58.16,28605.03,7606.56,Non-Compliant,ISO 14001,38.62,416579.17,68.85,1.42,0.48,Yes,0.69,70.54,179.35,Tier 3
S02475,Supplier_2475,Indonesia,Automotive,63.57,1028.39,82.32,66734.48,6808.93,Non-Compliant,ISO 14001,85.83,200590.61,81.45,2.76,0.61,No,36.67,53.21,86.61,Tier 1
S02476,Supplier_2476,India,Electronics,68.92,392.35,35.32,93564.76,10103.92,Non-Compliant,None,63.01,437797.56,78.65,1.39,0.63,Yes,32.43,72.8,138.85,Tier 1
S02477,Supplier_2477,China,FMCG,81.72,1062.53,64.61,38496.55,4281.16,Non-Compliant,ISO 14001,16.45,59919.9,87.28,4.39,0.99,No,10.8,66.3,92.74,Tier 3
S02478,Supplier_2478,Thailand,,74.09,2475.73,N/A,57424.99,8925.05,Partially Compliant,ISO 45001,55.19,382213.02,80.46,1.04,0.86,Yes,0.8,2.53,178.71,Tier 2
S02479,Supplier_2479,Indonesia,Chemicals,91.88,3530.94,37.39,31130.36,9925.95,Partially Compliant,None,48.0,61292.93,86.42,2.64,0.48,No,19.41,74.74,78.26,Tier 3
S02480,Supplier_2480,China,FMCG,72.64,3139.52,49.17,87233.61,2152.89,Non-Compliant,ISO 9001,80.22,76296.32,80.08,2.37,0.99,Yes,5.9,39.6,18.18,Tier 1
S02481,Supplier_2481,Malaysia,Electronics,69.49,538.02,42.45,27947.23,3374.61,Non-Compliant,ISO 9001,19.22,380991.98,87.73,0.4,0.39,No,12.78,66.23,168.71,Tier 2
S02482,Supplier_2482,Indonesia,Automotive,84.77,2413.51,80.53,20625.6,980.93,Partially Compliant,None,27.87,14374.97,88.32,0.13,0.8,Yes,28.56,60.79,100.94,Tier 3
S02483,Supplier_2483,Indonesia,FMCG,62.86,2038.17,104.47,23855.82,9950.47,Partially Compliant,ISO 45001,69.83,195658.73,73.65,1.65,0.72,Yes,10.46,90.87,77.67,Tier 3
S02484,Supplier_2484,China,Textiles,62.67,1188.65,82.26,47629.21,9174.71,Partially Compliant,None,27.28,371839.72,90.53,2.59,0.58,No,40.12,65.54,132.46,Tier 1
S02485,Supplier_2485,Malaysia,Metals,63.27,1904.93,86.16,55542.92,3915.84,,None,54.42,118211.16,93.62,0.35,0.7,Yes,32.14,11.99,192.57,Tier 3
S02486,Supplier_2486,India,Automotive,94.92,1283.48,96.1,85333.87,1931.75,Partially Compliant,ISO 9001,82.51,287558.68,92.87,4.44,0.4,Yes,20.97,63.27,54.78,Tier 3
S02487,Supplier_2487,Malaysia,Textiles,49.73,4017.06,58.92,39141.29,2103.85,Compliant,ISO 14001,81.77,470157.07,89.69,2.86,0.75,Yes,42.54,20.02,187.46,Tier 1
S02488,Supplier_2488,Vietnam,Plastics,42.58,4281.49,78.29,23734.11,1083.16,Non-Compliant,ISO 45001,16.57,441124.68,72.64,4.43,0.41,No,47.04,48.68,177.53,Tier 1
S02489,Supplier_2489,China,Electronics,67.89,422.43,90.54,35641.44,9144.5,Partially Compliant,ISO 9001,56.72,22117.46,87.41,4.03,0.39,No,34.75,37.35,43.39,Tier 2
S02490,Supplier_2490,Vietnam,FMCG,80.13,2559.72,58.12,51025.27,5167.81,Compliant,ISO 9001,54.51,229680.27,69.2,4.47,0.69,Yes,44.76,69.28,18.02,Tier 1
S02491,Supplier_2491,Singapore,Metals,53.4,2853.0,44.95,74122.57,5215.29,,ISO 14001,26.98,34707.51,75.57,3.88,0.43,No,17.68,36.13,23.65,Tier 2
S02492,Supplier_2492,Malaysia,Electronics,93.29,3349.26,77.51,24006.72,1663.23,Compliant,None,68.83,157477.43,78.15,0.66,0.89,No,33.58,4.76,80.4,Tier 2
S02493,Supplier_2493,Thailand,Automotive,81.46,1797.06,56.76,20893.14,3914.47,,ISO 45001,10.86,349630.15,74.94,3.47,0.77,No,4.72,28.23,84.67,Tier 2
S02494,Supplier_2494,Vietnam,FMCG,85.88,3626.83,42.14,100955.09,2532.76,Non-Compliant,ISO 14001,72.97,285788.38,87.0,2.59,0.88,Yes,25.23,52.55,173.22,Tier 1
S02495,Supplier_2495,India,Textiles,79.45,4432.08,55.93,16875.56,7816.64,Non-Compliant,ISO 14001,22.3,498713.27,83.4,4.47,0.92,Yes,39.4,40.65,162.89,Tier 1
S02496,Supplier_2496,Malaysia,FMCG,92.39,2652.81,44.88,44914.66,4686.28,Compliant,None,34.62,182896.37,98.13,1.65,0.83,No,5.83,43.98,134.26,Tier 2
S02497,Supplier_2497,Malaysia,Electronics,52.52,4444.93,51.21,92878.21,6164.37,Non-Compliant,ISO 9001,68.22,116964.66,98.72,3.1,0.75,,23.56,90.97,181.86,Tier 1
S02498,Supplier_2498,Malaysia,Plastics,82.94,331.46,47.34,88175.56,3673.95,Compliant,ISO 45001,77.45,210013.61,86.36,4.31,0.97,No,23.88,66.72,131.85,Tier 2
S02499,Supplier_2499,Vietnam,Electronics,N/A,3817.14,62.64,32147.43,7607.33,Compliant,ISO 14001,61.81,437979.99,79.2,1.02,0.53,Yes,23.4,18.07,17.39,Tier 1
S02500,Supplier_2500,Thailand,Chemicals,75.63,3368.31,101.68,30433.76,6723.17,Compliant,ISO 45001,82.79,3348.78,74.7,0.78,0.59,Yes,8.97,10.32,45.86,
S02501,Supplier_2501,Thailand,Electronics,69.15,528.34,69.31,34729.55,927.97,Non-Compliant,None,5.4,39957.35,86.98,4.45,0.57,Yes,19.77,13.18,13.96,Tier 2
S02502,Supplier_2502,Singapore,Chemicals,67.99,3203.2,69.87,102831.95,7195.03,Compliant,ISO 14001,51.51,478113.14,79.96,1.47,0.33,Yes,30.57,62.49,164.0,Tier 1
S02503,Supplier_2503,China,Electronics,48.8,2448.37,78.85,36013.2,8820.52,Non-Compliant,ISO 9001,82.02,280974.97,89.55,2.61,0.32,No,16.43,24.84,175.51,Tier 3
S02504,Supplier_2504,India,Electronics,54.54,1153.76,92.56,55401.56,4969.33,Compliant,,41.04,171145.53,73.85,1.58,0.34,Yes,37.35,73.47,197.38,Tier 3
S02505,Supplier_2505,Vietnam,Chemicals,65.71,1675.38,58.96,16379.82,7588.77,Non-Compliant,,83.21,35442.24,102.27,3.96,0.82,No,9.62,93.53,100.4,Tier 1
S02506,Supplier_2506,Indonesia,FMCG,42.28,4541.03,69.15,79619.98,6940.69,Compliant,ISO 9001,20.44,279436.24,76.71,4.64,0.38,Yes,11.88,35.48,125.14,Tier 2
S02507,Supplier_2507,Indonesia,Plastics,93.84,3240.94,94.28,92138.98,9634.31,Partially Compliant,ISO 14001,31.73,171811.69,89.5,3.58,0.35,Yes,24.74,88.56,148.75,Tier 3
S02508,Supplier_2508,Thailand,Metals,90.76,368.32,42.77,35149.55,3463.52,Compliant,ISO 14001,20.58,167352.81,76.29,0.57,0.76,No,49.62,59.91,183.1,Tier 1
S02509,Supplier_2509,Thailand,Metals,69.54,4460.42,43.72,31064.26,9027.48,Compliant,None,54.51,175039.86,73.09,4.71,0.47,No,4.39,81.37,147.01,Tier 2
S02510,Supplier_2510,Malaysia,Automotive,51.55,4538.19,70.59,19013.71,5696.49,Non-Compliant,ISO 45001,27.16,457112.0,91.53,1.8,0.56,No,29.22,93.67,124.42,Tier 2
S02511,Supplier_2511,Thailand,Metals,56.81,457.63,70.96,87102.24,1643.56,Compliant,ISO 14001,47.63,261665.53,70.93,3.08,0.75,No,24.87,82.33,24.99,Tier 3
S02512,Supplier_2512,Vietnam,Plastics,45.82,3304.01,38.0,15891.42,8279.76,Partially Compliant,ISO 45001,41.83,241434.85,95.07,1.25,0.91,Yes,22.34,74.75,99.98,Tier 2
S02513,Supplier_2513,China,,47.23,1512.03,57.59,52886.09,1301.78,Compliant,ISO 14001,47.35,260787.7,79.68,2.66,0.93,,45.07,34.53,121.88,Tier 2
S02514,Supplier_2514,Vietnam,Metals,57.61,2375.14,32.8,8184.56,3167.14,Compliant,ISO 45001,19.36,390467.13,86.26,4.0,0.83,No,23.03,96.33,8.33,Tier 1
S02515,Supplier_2515,Malaysia,Automotive,65.92,593.58,100.57,16528.37,5161.18,Non-Compliant,None,43.42,107927.59,99.38,4.72,0.87,Yes,21.2,92.26,208.26,Tier 2
S02516,Supplier_2516,China,Textiles,78.88,2788.28,84.02,94023.85,2502.03,Partially Compliant,ISO 45001,79.87,450662.87,92.45,0.17,0.43,Yes,11.05,63.2,180.3,Tier 1
S02517,Supplier_2517,,Automotive,44.04,3331.01,68.6,11496.45,9580.26,Partially Compliant,ISO 45001,60.4,399103.13,96.06,4.74,0.61,No,38.0,79.41,31.27,Tier 3
S02518,Supplier_2518,China,Plastics,75.76,N/A,82.6,17533.62,5146.16,Partially Compliant,ISO 9001,56.52,468768.32,84.45,2.53,0.67,Yes,18.07,69.35,29.81,Tier 1
S02519,Supplier_2519,Singapore,Plastics,60.94,1146.29,43.75,24691.8,1884.99,Non-Compliant,ISO 45001,33.42,53830.52,76.45,0.51,0.81,Yes,39.7,102.63,95.94,Tier 1
S02520,Supplier_2520,Malaysia,Electronics,87.04,3615.78,41.83,65219.94,4297.02,Partially Compliant,ISO 9001,79.82,463884.67,94.18,0.48,0.36,Yes,41.31,39.97,43.26,
S02521,Supplier_2521,Singapore,Metals,66.08,4853.35,89.24,82699.75,2688.38,Non-Compliant,ISO 45001,39.78,217251.79,81.87,0.65,0.74,No,6.12,7.66,19.28,Tier 1
S02522,Supplier_2522,Indonesia,FMCG,49.41,2552.55,63.12,28049.86,4248.6,Non-Compliant,ISO 9001,90.81,43758.72,70.69,1.85,0.57,Yes,0.54,93.34,152.77,Tier 2
S02523,Supplier_2523,Vietnam,Textiles,80.09,437.7,38.69,96717.79,2449.49,Non-Compliant,ISO 9001,55.06,402955.18,87.37,2.82,0.4,No,12.63,29.41,144.19,Tier 2
S02524,Supplier_2524,Singapore,Plastics,47.62,364.67,61.45,66085.7,3663.63,Compliant,None,77.74,247583.86,76.36,1.15,0.44,Yes,27.14,42.6,97.06,Tier 3
S02525,Supplier_2525,Indonesia,Textiles,59.5,1774.75,36.32,54593.9,1421.27,Partially Compliant,ISO 45001,50.28,316858.35,71.58,3.15,1.02,No,6.24,94.28,125.67,
S02526,Supplier_2526,China,Electronics,90.29,2750.91,100.0,16868.79,9856.56,Non-Compliant,ISO 14001,85.72,19101.48,70.13,3.48,0.87,No,41.83,8.85,118.57,Tier 3
S02527,Supplier_2527,Singapore,Metals,46.36,2359.06,60.38,21974.14,2501.7,Partially Compliant,ISO 45001,48.86,305763.75,72.22,4.38,0.8,No,24.91,57.17,80.45,Tier 3
S02528,Supplier_2528,Thailand,Chemicals,67.56,4571.61,41.95,17390.51,4138.43,Non-Compliant,ISO 9001,85.0,501578.26,76.95,1.21,0.47,Yes,24.45,95.78,30.31,Tier 3
S02529,Supplier_2529,,Plastics,48.52,N/A,42.84,21475.63,8764.77,Partially Compliant,ISO 45001,11.06,491409.41,87.24,2.24,0.48,No,11.43,42.71,116.35,Tier 1
S02530,Supplier_2530,Thailand,Metals,52.67,2509.87,77.79,14769.06,4888.94,Partially Compliant,None,34.97,97577.45,94.41,0.69,0.46,No,48.52,83.43,185.76,Tier 2
S02531,Supplier_2531,Vietnam,Automotive,39.5,444.41,51.8,22656.27,1673.4,Partially Compliant,ISO 9001,41.43,386570.01,94.66,3.62,0.77,Yes,31.9,59.6,33.52,Tier 3
S02532,Supplier_2532,China,Textiles,N/A,3648.19,84.24,2487.33,465.53,Compliant,ISO 14001,34.61,465787.18,88.21,0.96,0.43,Yes,20.94,37.35,39.71,Tier 2
S02533,Supplier_2533,China,Chemicals,46.37,2792.3,38.3,92756.29,7193.7,Non-Compliant,ISO 45001,79.75,470675.42,81.01,4.62,0.6,Yes,9.78,51.34,42.99,Tier 3
S02534,Supplier_2534,,Textiles,42.09,2085.66,74.86,83504.46,4544.8,Compliant,ISO 9001,33.12,294302.99,76.24,3.98,0.77,Yes,22.72,52.93,115.13,Tier 3
S02535,Supplier_2535,Singapore,Plastics,49.86,4300.49,72.04,14422.94,10208.35,Compliant,None,58.25,375247.7,76.75,4.84,0.67,Yes,4.81,36.61,177.29,Tier 3
S02536,Supplier_2536,Thailand,Automotive,88.81,1227.85,74.28,62955.16,9861.3,Non-Compliant,None,44.46,470145.74,92.1,0.69,0.6,No,33.36,61.54,137.71,Tier 2
S02537,Supplier_2537,Singapore,Textiles,70.31,4633.07,65.49,88207.57,2704.89,Partially Compliant,ISO 9001,30.28,464192.4,82.68,3.44,0.91,Yes,36.24,31.13,106.83,Tier 3
S02538,Supplier_2538,China,Electronics,91.46,4006.83,69.9,31473.24,8182.82,Compliant,ISO 9001,62.67,449076.28,69.26,4.31,0.5,Yes,29.66,60.93,101.67,Tier 1
S02539,Supplier_2539,Singapore,Electronics,41.71,4864.74,33.9,75924.43,3932.81,Compliant,ISO 45001,85.3,419480.05,91.45,2.11,0.84,No,5.5,73.69,123.25,Tier 3
S02540,Supplier_2540,Vietnam,Textiles,43.75,1847.48,58.77,50696.97,231.59,Partially Compliant,ISO 45001,11.77,408449.09,89.97,0.72,0.83,Yes,28.71,10.14,178.71,Tier 1
S02541,Supplier_2541,Vietnam,FMCG,76.61,5040.56,73.3,72093.9,7956.84,Partially Compliant,ISO 14001,30.2,478194.62,72.74,2.54,0.58,No,46.35,90.14,156.02,Tier 3
S02542,Supplier_2542,Indonesia,Chemicals,58.78,3656.09,81.46,1859.25,3752.32,Partially Compliant,None,27.23,235564.95,84.95,0.88,0.86,Yes,14.91,14.77,8.89,Tier 2
S02543,Supplier_2543,Singapore,Plastics,51.33,2933.84,39.29,56924.73,155.76,Partially Compliant,ISO 14001,16.65,279386.51,76.95,3.95,0.6,Yes,16.16,24.71,170.6,Tier 3
S02544,Supplier_2544,Thailand,Metals,81.33,4306.92,94.31,17139.52,6167.78,Partially Compliant,ISO 45001,67.5,258473.9,70.34,1.98,0.91,No,25.27,21.05,28.15,Tier 3
S02545,Supplier_2545,China,FMCG,71.6,3149.03,94.64,80590.49,2257.39,Compliant,,21.78,187547.78,93.07,5.07,0.94,Yes,33.09,56.25,192.24,Tier 3
S02546,Supplier_2546,Indonesia,,53.16,2967.51,68.17,33988.67,7328.55,Compliant,ISO 9001,35.08,304495.09,83.28,2.66,0.34,Yes,45.35,69.83,15.06,Tier 3
S02547,Supplier_2547,Singapore,Chemicals,64.48,1788.75,82.2,16710.48,3951.35,Non-Compliant,None,26.33,275742.22,96.98,2.4,0.94,Yes,41.14,35.51,125.63,Tier 3
S02548,Supplier_2548,Thailand,Chemicals,72.54,2267.59,82.97,17801.6,7408.5,Non-Compliant,None,86.4,283374.92,91.71,2.78,0.92,Yes,29.21,59.03,62.82,Tier 2
S02549,Supplier_2549,Singapore,Chemicals,57.03,2644.74,65.09,20619.95,4285.17,Partially Compliant,ISO 9001,49.76,370439.56,79.0,0.44,0.8,Yes,42.84,15.19,110.39,Tier 3
S02550,Supplier_2550,India,Plastics,73.19,3236.51,N/A,91832.5,6124.26,,ISO 9001,54.87,25552.67,97.42,3.67,0.77,No,47.62,76.29,19.31,Tier 3
S02551,Supplier_2551,China,Textiles,62.72,950.99,N/A,59563.93,2309.19,Compliant,ISO 45001,27.75,84901.5,88.21,4.15,0.53,No,21.75,72.52,162.95,Tier 3
S02552,Supplier_2552,Vietnam,Automotive,50.56,2906.0,55.99,8103.57,8643.83,Compliant,ISO 45001,16.98,211484.91,76.66,1.21,0.56,No,19.32,81.72,147.01,Tier 2
S02553,Supplier_2553,India,Chemicals,91.0,3346.83,90.38,43149.16,7714.57,Non-Compliant,ISO 9001,59.14,273383.88,85.12,4.19,0.39,Yes,31.43,24.39,21.53,Tier 2
S02554,Supplier_2554,Thailand,Automotive,43.49,491.94,102.12,12995.88,5161.81,Partially Compliant,ISO 45001,43.76,69788.72,91.23,2.36,0.64,Yes,42.2,35.99,191.46,Tier 1
S02555,Supplier_2555,China,Textiles,69.52,4361.0,85.97,31294.48,3425.88,Partially Compliant,None,48.01,99424.89,89.29,3.52,0.35,Yes,38.84,33.84,189.93,Tier 2
S02556,Supplier_2556,Malaysia,Metals,84.1,3183.46,45.98,47127.73,2970.21,Non-Compliant,,29.65,71228.08,77.27,4.54,0.81,Yes,40.95,46.15,5.47,Tier 3
S02557,Supplier_2557,Indonesia,Metals,85.28,1823.21,63.82,15207.3,6344.27,Compliant,ISO 9001,86.19,100082.08,86.0,3.03,0.93,,15.33,35.43,159.92,Tier 2
S02558,Supplier_2558,Malaysia,Textiles,53.62,367.31,40.29,96488.63,6800.91,Non-Compliant,ISO 14001,92.04,447925.87,83.4,5.01,0.47,No,3.02,64.0,119.79,Tier 1
S02559,Supplier_2559,Vietnam,FMCG,N/A,119.6,71.05,70222.67,2148.86,Compliant,,47.14,241820.15,87.42,0.27,0.41,Yes,22.02,78.28,40.17,Tier 1
S02560,Supplier_2560,China,Automotive,43.56,2537.8,60.7,85073.55,3718.0,Compliant,None,62.31,233585.9,85.32,4.15,0.76,No,14.29,52.64,163.63,Tier 3
S02561,Supplier_2561,China,Metals,67.99,1659.79,77.96,32536.3,2104.89,Partially Compliant,ISO 9001,37.17,429334.02,75.56,3.33,0.33,No,38.27,90.7,34.31,Tier 2
S02562,Supplier_2562,Vietnam,Textiles,68.99,4855.6,73.63,25323.73,2087.21,Compliant,None,55.79,341327.28,93.71,1.66,0.88,Yes,35.48,0.0,71.9,Tier 3
S02563,Supplier_2563,Indonesia,Automotive,49.38,2762.1,50.99,69604.58,4040.53,Non-Compliant,ISO 9001,39.92,146881.39,77.07,1.65,0.48,No,42.24,101.34,98.02,Tier 2
S02564,Supplier_2564,Singapore,Plastics,74.98,4570.36,80.94,3819.66,1776.93,Non-Compliant,ISO 14001,12.18,42288.41,91.75,4.63,0.33,Yes,21.77,21.06,167.33,Tier 3
S02565,Supplier_2565,China,Chemicals,85.82,1429.07,70.97,73251.48,409.84,Partially Compliant,ISO 45001,67.22,170548.96,70.79,4.75,0.68,Yes,3.69,57.26,67.9,Tier 3
S02566,Supplier_2566,Vietnam,Plastics,57.32,2556.78,92.36,43295.71,2831.92,Non-Compliant,None,27.43,296975.94,77.44,2.07,0.35,No,42.19,87.66,102.45,Tier 2
S02567,Supplier_2567,Indonesia,Metals,85.87,2896.18,74.32,63935.22,9520.82,Compliant,None,15.13,480731.86,88.52,1.84,0.48,No,4.37,89.57,73.47,Tier 1
S02568,Supplier_2568,Singapore,Electronics,79.18,629.85,42.58,85975.8,4864.03,Partially Compliant,ISO 14001,41.52,246543.76,85.6,0.97,0.61,Yes,29.06,36.81,168.76,Tier 2
S02569,Supplier_2569,Indonesia,Plastics,40.57,2483.14,95.56,47785.4,411.05,Partially Compliant,ISO 14001,20.2,64923.61,98.44,4.19,0.56,No,8.9,47.28,39.6,Tier 2
S02570,Supplier_2570,Singapore,,56.56,1938.35,31.8,52097.39,3926.97,Partially Compliant,,57.68,228819.89,101.53,3.28,0.73,,24.36,2.24,20.41,Tier 3
S02571,Supplier_2571,Singapore,Plastics,82.9,697.48,31.62,21388.52,9025.27,Partially Compliant,ISO 9001,11.55,73611.15,92.44,1.92,0.91,Yes,20.94,8.36,0.73,Tier 1
S02572,Supplier_2572,Singapore,Plastics,N/A,3152.51,34.46,50394.93,2275.98,Compliant,ISO 45001,18.21,114792.39,89.97,0.5,0.86,Yes,7.28,29.05,145.17,Tier 1
S02573,Supplier_2573,China,Textiles,82.36,112.65,54.73,3379.4,9445.44,Partially Compliant,None,64.79,406614.19,81.92,2.5,0.42,No,32.3,11.33,146.43,Tier 2
S02574,Supplier_2574,Malaysia,Textiles,81.13,1229.41,95.17,70625.43,10128.53,Non-Compliant,ISO 9001,64.36,221334.41,72.76,3.09,0.35,No,40.38,87.14,85.9,Tier 2
S02575,Supplier_2575,Malaysia,,88.07,813.6,52.67,61404.05,2827.76,Partially Compliant,ISO 9001,42.73,25993.73,85.71,0.82,0.43,Yes,5.95,27.89,60.03,Tier 2
S02576,Supplier_2576,Thailand,Textiles,81.53,2726.63,84.26,41766.78,595.86,Partially Compliant,,53.31,249000.2,94.21,0.5,0.83,Yes,46.7,97.65,1.17,Tier 3
S02577,Supplier_2577,Singapore,Metals,89.82,4425.96,81.23,91487.51,3611.18,Compliant,ISO 45001,7.07,206973.22,72.93,3.52,0.73,Yes,0.18,71.76,180.11,Tier 2
S02578,Supplier_2578,China,Metals,68.94,2856.64,47.58,36807.63,4782.55,Partially Compliant,ISO 9001,48.11,12889.34,103.54,0.51,0.62,Yes,4.42,2.16,125.43,Tier 1
S02579,Supplier_2579,China,Textiles,54.15,3567.27,82.62,61140.41,6728.32,,None,52.41,92902.0,75.32,0.93,0.98,Yes,22.91,46.54,90.93,Tier 2
S02580,Supplier_2580,Indonesia,Metals,53.26,4727.11,66.27,30176.62,10015.93,Compliant,ISO 45001,78.46,116999.26,95.89,0.56,0.44,Yes,21.66,99.41,17.8,Tier 3
S02581,Supplier_2581,Vietnam,Textiles,64.47,2167.44,90.11,8448.48,6834.9,Compliant,ISO 9001,51.59,266794.83,73.67,1.21,0.43,No,42.83,83.49,111.52,Tier 3
S02582,Supplier_2582,China,Textiles,64.67,1986.71,90.0,18533.61,1210.43,Compliant,ISO 14001,30.69,77040.06,81.32,4.32,0.6,Yes,48.21,22.57,6.88,Tier 1
S02583,Supplier_2583,Thailand,,54.5,3740.41,76.34,66515.68,4910.33,Partially Compliant,ISO 14001,32.18,445540.85,83.54,2.29,0.41,No,46.97,50.85,44.76,Tier 1
S02584,Supplier_2584,India,Plastics,41.31,3571.7,46.0,73022.93,6832.6,Compliant,ISO 45001,11.52,460866.24,99.41,3.59,0.45,Yes,3.23,43.0,52.46,Tier 2
S02585,Supplier_2585,Malaysia,Chemicals,74.07,4560.23,76.49,87844.38,3935.71,Compliant,ISO 45001,53.08,243670.89,84.85,2.18,0.6,Yes,49.22,98.68,84.49,Tier 1
S02586,Supplier_2586,India,Textiles,47.38,1688.65,30.21,45798.91,8804.68,Non-Compliant,None,11.41,350153.08,90.25,0.43,0.77,Yes,32.37,28.92,150.27,Tier 1
S02587,Supplier_2587,Vietnam,Metals,79.63,332.65,45.61,26017.08,5033.94,Compliant,ISO 14001,48.96,76744.0,92.6,4.81,0.94,No,46.44,43.58,185.28,Tier 1
S02588,Supplier_2588,India,Plastics,94.31,3273.89,50.17,56518.19,5713.6,Partially Compliant,ISO 45001,69.9,374010.47,84.06,3.69,0.97,Yes,48.61,78.49,85.33,Tier 2
S02589,Supplier_2589,India,Plastics,56.75,5101.97,93.25,21873.61,9429.21,Partially Compliant,,57.03,250932.81,89.04,0.96,0.87,Yes,26.84,8.92,68.92,Tier 2
S02590,Supplier_2590,Indonesia,Chemicals,65.91,2450.15,48.61,69917.45,1218.94,Non-Compliant,None,43.02,246173.99,74.84,1.51,0.51,No,15.21,12.02,190.57,
S02591,Supplier_2591,India,Electronics,44.97,4219.07,72.16,44737.01,7880.48,Compliant,ISO 45001,62.36,43243.88,88.83,4.14,0.77,Yes,24.24,22.2,112.91,Tier 2
S02592,Supplier_2592,Vietnam,Chemicals,82.72,3939.92,56.92,44941.49,5519.23,,ISO 14001,67.09,242067.65,74.08,0.26,0.42,No,26.17,52.64,96.67,Tier 3
S02593,Supplier_2593,Singapore,Plastics,41.29,1999.03,82.35,76682.16,8295.64,Non-Compliant,ISO 45001,52.23,475006.87,91.27,4.71,0.57,Yes,47.06,82.17,86.88,Tier 1
S02594,Supplier_2594,Malaysia,Chemicals,63.37,3489.09,41.35,30680.02,4365.42,Non-Compliant,ISO 9001,43.52,415903.43,74.49,2.38,0.74,Yes,8.71,45.26,67.47,Tier 1
S02595,Supplier_2595,China,FMCG,52.04,1861.19,52.93,14172.81,5458.29,Non-Compliant,,26.32,353285.6,81.4,3.73,0.94,Yes,44.48,15.97,64.97,
S02596,Supplier_2596,China,Textiles,89.85,4775.49,73.55,63138.13,9208.38,Non-Compliant,ISO 45001,64.53,461492.94,93.73,4.29,0.96,Yes,44.09,66.36,33.39,Tier 3
S02597,Supplier_2597,India,Plastics,54.19,1176.24,43.21,24360.0,2898.55,Partially Compliant,ISO 14001,84.77,226839.66,71.71,1.57,0.96,No,8.31,73.33,186.65,Tier 2
S02598,Supplier_2598,Vietnam,,53.02,3386.62,45.33,80552.71,4305.51,Compliant,ISO 14001,13.49,347675.39,97.88,0.65,0.65,Yes,11.8,78.91,121.06,Tier 3
S02599,Supplier_2599,Malaysia,Metals,N/A,215.34,73.92,38524.36,4559.45,Compliant,,66.85,486161.19,83.83,4.89,0.79,Yes,21.9,12.16,113.62,Tier 1
S02600,Supplier_2600,Vietnam,Metals,51.34,4173.6,72.04,76724.39,1973.32,Partially Compliant,ISO 45001,73.1,169504.73,90.63,1.44,0.68,,16.36,14.92,11.74,Tier 3
S02601,Supplier_2601,Thailand,Chemicals,75.19,2517.04,90.63,22088.3,5251.86,Partially Compliant,ISO 45001,78.42,201255.36,99.51,3.44,0.57,No,24.68,96.74,102.02,Tier 1
S02602,Supplier_2602,Indonesia,Automotive,61.91,2857.1,46.53,84444.79,3112.2,Non-Compliant,ISO 14001,74.63,462252.64,71.42,1.36,0.52,No,19.61,76.39,100.69,Tier 2
S02603,Supplier_2603,India,Electronics,66.19,2546.69,34.14,80202.79,8293.03,Non-Compliant,None,6.27,39691.51,74.51,1.21,0.61,No,41.94,26.86,8.47,Tier 3
S02604,Supplier_2604,Vietnam,Textiles,85.96,2390.4,75.7,96557.36,2814.75,Compliant,ISO 14001,63.56,18236.2,75.55,1.05,0.53,No,6.38,15.73,94.02,Tier 2
S02605,Supplier_2605,,Textiles,45.42,3454.0,82.47,39488.22,886.31,Compliant,None,49.23,460744.62,73.42,3.55,0.65,Yes,36.7,94.56,48.71,Tier 3
S02606,Supplier_2606,Indonesia,Chemicals,90.27,1869.22,40.38,10331.98,7589.6,Partially Compliant,ISO 45001,64.44,34118.38,70.68,1.47,0.61,No,32.55,92.55,66.52,Tier 2
S02607,Supplier_2607,,FMCG,83.33,1353.96,N/A,51712.89,6358.02,Partially Compliant,ISO 45001,55.35,472572.29,81.45,1.21,0.43,Yes,26.45,51.66,113.55,Tier 2
S02608,Supplier_2608,India,Chemicals,69.23,436.79,51.83,35185.88,7230.2,Compliant,ISO 45001,16.8,261813.12,86.68,0.73,0.41,No,27.64,73.63,177.08,Tier 2
S02609,Supplier_2609,China,Metals,83.82,3354.12,59.19,28151.26,3616.62,Partially Compliant,ISO 14001,20.4,459876.87,83.71,2.84,0.64,Yes,31.7,46.2,128.02,Tier 3
S02610,Supplier_2610,Vietnam,Automotive,52.73,1673.86,85.02,48927.88,7291.78,Non-Compliant,ISO 14001,65.62,266915.96,97.23,4.98,0.39,No,37.0,4.36,205.84,Tier 1
S02611,Supplier_2611,Malaysia,Electronics,91.47,4944.91,88.78,20595.79,679.83,Compliant,None,17.57,372515.93,99.39,3.21,0.57,Yes,47.6,41.5,22.11,Tier 3
S02612,Supplier_2612,,Plastics,98.94,1656.57,100.96,57157.24,2536.6,Compliant,ISO 45001,36.51,455926.8,72.03,4.7,0.65,Yes,3.65,19.7,123.78,Tier 3
S02613,Supplier_2613,Indonesia,Chemicals,38.5,3153.46,57.41,75219.0,9052.16,Non-Compliant,ISO 45001,17.38,94658.06,94.46,0.72,0.46,No,31.93,48.75,80.0,Tier 1
S02614,Supplier_2614,Malaysia,Plastics,47.39,2507.34,96.82,69262.97,7081.78,Compliant,None,73.19,10745.42,87.39,0.76,0.67,Yes,17.68,48.27,38.14,Tier 1
S02615,Supplier_2615,Thailand,Plastics,89.01,3862.88,75.4,71642.43,2744.42,Partially Compliant,None,75.0,89643.67,74.69,2.6,0.99,Yes,21.78,51.78,10.05,Tier 3
S02616,Supplier_2616,Malaysia,Chemicals,50.88,3903.04,66.9,84926.86,1252.39,Compliant,ISO 14001,78.41,515183.33,86.31,2.41,0.93,No,17.97,82.05,122.62,Tier 3
S02617,Supplier_2617,Thailand,Chemicals,90.13,693.81,52.65,38649.73,9243.86,Non-Compliant,ISO 45001,18.89,159364.95,96.58,0.98,1.02,No,8.54,79.57,169.35,Tier 1
S02618,Supplier_2618,India,Electronics,45.5,4724.14,31.08,16381.97,8032.94,Compliant,ISO 45001,24.07,152366.6,96.21,1.58,0.74,No,46.45,2.53,180.1,Tier 1
S02619,Supplier_2619,Indonesia,Chemicals,61.14,3252.66,80.12,12698.84,5015.92,Partially Compliant,ISO 45001,56.1,50465.48,85.22,2.51,0.46,Yes,51.26,57.44,183.38,Tier 1
S02620,Supplier_2620,Indonesia,Metals,61.03,741.38,35.68,25627.13,7217.98,Compliant,ISO 9001,45.15,96390.69,90.64,3.52,0.31,No,1.54,94.15,116.18,Tier 3
S02621,Supplier_2621,Thailand,Textiles,95.08,3732.22,70.84,56931.16,3254.53,Non-Compliant,,48.4,312503.82,82.73,4.64,0.48,No,48.64,32.27,152.58,Tier 3
S02622,Supplier_2622,Indonesia,Plastics,69.05,915.02,87.81,70386.98,7955.66,Partially Compliant,ISO 45001,75.84,51292.29,72.2,3.53,0.31,No,27.35,30.84,191.55,Tier 1
S02623,Supplier_2623,Thailand,Electronics,N/A,551.38,52.73,60639.73,5270.02,Partially Compliant,ISO 45001,51.41,38548.73,103.49,4.35,0.42,No,32.46,61.83,103.41,Tier 1
S02624,Supplier_2624,China,Plastics,82.42,N/A,42.28,28808.74,7155.28,Non-Compliant,None,47.78,128570.7,73.81,3.94,0.95,Yes,23.7,5.81,166.76,Tier 3
S02625,Supplier_2625,Thailand,Plastics,82.04,1196.27,66.0,23722.91,210.03,Compliant,ISO 14001,24.27,251684.42,81.37,2.91,0.35,No,11.54,78.49,81.68,Tier 1
S02626,Supplier_2626,Vietnam,Electronics,41.9,4092.32,87.4,78482.88,4451.84,Compliant,None,7.0,214384.27,101.59,1.71,0.49,,6.42,62.71,183.11,Tier 3
S02627,Supplier_2627,Indonesia,Electronics,52.13,1717.39,33.51,76597.06,10108.24,Compliant,ISO 14001,78.57,298643.86,96.56,4.37,0.88,Yes,29.35,50.54,85.09,Tier 1
S02628,Supplier_2628,Singapore,Textiles,78.45,1422.99,32.61,78205.56,5945.05,Compliant,ISO 9001,79.92,72238.72,75.1,3.72,0.94,No,11.29,73.41,37.85,Tier 1
S02629,Supplier_2629,China,Chemicals,80.41,3500.05,72.22,47786.85,1710.29,Compliant,ISO 45001,18.13,10372.83,96.78,1.71,0.75,,34.59,58.69,67.28,Tier 1
S02630,Supplier_2630,Malaysia,Chemicals,85.2,345.2,39.02,1721.67,10111.95,Compliant,None,50.08,326775.87,84.77,3.21,0.44,Yes,40.14,48.81,39.61,Tier 1
S02631,Supplier_2631,Vietnam,Electronics,79.34,2629.71,98.6,51327.33,6853.62,Compliant,ISO 45001,80.94,230543.79,93.87,2.43,0.92,No,34.01,51.52,90.76,Tier 3
S02632,Supplier_2632,Thailand,Plastics,71.32,1397.0,69.72,54206.6,6650.16,Non-Compliant,ISO 14001,39.76,213892.82,80.7,4.29,0.41,Yes,12.41,36.01,87.7,Tier 1
S02633,Supplier_2633,,FMCG,73.5,3395.51,57.84,94918.44,5334.22,Partially Compliant,ISO 45001,85.32,197814.61,83.76,2.06,0.4,No,40.82,42.06,123.7,Tier 1
S02634,Supplier_2634,Vietnam,Automotive,N/A,2785.35,102.42,101908.16,4494.89,Partially Compliant,None,47.15,171514.05,74.02,1.7,0.66,No,9.92,78.8,178.24,
S02635,Supplier_2635,Indonesia,Textiles,50.64,797.48,74.15,100635.87,3037.24,Compliant,None,38.95,126493.84,73.86,1.36,0.65,Yes,17.01,82.87,187.98,Tier 3
S02636,Supplier_2636,Malaysia,,40.46,1613.67,63.72,97456.22,4177.24,Compliant,ISO 14001,68.5,248826.55,71.68,4.24,0.48,Yes,28.32,27.35,52.72,Tier 3
S02637,Supplier_2637,Singapore,Textiles,61.43,1891.64,46.07,78126.55,1641.18,Non-Compliant,ISO 14001,44.11,464873.51,95.38,2.26,0.7,No,15.63,44.82,164.46,Tier 1
S02638,Supplier_2638,Vietnam,Automotive,60.55,2514.98,33.43,71533.75,7596.03,Non-Compliant,ISO 45001,10.86,523569.64,75.62,1.27,0.6,No,6.93,56.68,189.99,Tier 3
S02639,Supplier_2639,Malaysia,Automotive,63.33,1870.57,72.16,52759.05,5735.03,Partially Compliant,ISO 45001,58.56,374856.73,93.14,0.4,0.5,Yes,35.89,89.8,11.46,Tier 3
S02640,Supplier_2640,India,,62.35,1361.92,89.4,54262.11,3892.89,Partially Compliant,ISO 45001,83.63,257072.65,72.69,4.07,0.79,Yes,24.35,49.78,17.67,Tier 1
S02641,Supplier_2641,China,Metals,94.67,2759.61,37.83,77392.06,956.65,Partially Compliant,ISO 14001,17.46,395082.1,82.13,3.95,0.63,Yes,1.43,71.08,54.86,Tier 1
S02642,Supplier_2642,Singapore,FMCG,90.16,2358.49,93.46,23480.31,7156.57,Compliant,ISO 9001,64.54,332853.95,76.62,1.32,0.44,Yes,25.34,4.09,177.06,Tier 2
S02643,Supplier_2643,Vietnam,Metals,71.19,N/A,91.84,75808.94,2837.81,Partially Compliant,ISO 9001,75.5,287179.75,96.34,4.51,0.48,No,40.15,67.92,36.89,Tier 3
S02644,Supplier_2644,China,Textiles,81.35,3625.97,42.15,80131.55,1602.87,Non-Compliant,ISO 9001,27.52,150996.59,71.67,0.39,0.66,No,45.85,19.31,46.34,Tier 2
S02645,Supplier_2645,,Chemicals,83.35,1459.45,33.7,33090.03,4179.23,Non-Compliant,ISO 9001,29.92,471075.84,70.03,3.52,0.88,Yes,28.29,17.19,118.26,Tier 1
S02646,Supplier_2646,Malaysia,Plastics,61.14,275.65,33.31,86562.5,7259.29,Compliant,ISO 14001,11.41,62102.49,88.87,1.27,0.86,Yes,39.03,42.39,34.07,Tier 3
S02647,Supplier_2647,Vietnam,Metals,79.87,3959.7,76.52,1824.33,859.98,Non-Compliant,None,32.17,169978.8,86.22,3.33,0.83,No,6.4,78.99,62.43,Tier 2
S02648,Supplier_2648,Vietnam,Chemicals,59.58,1081.39,93.67,94649.77,6849.58,Non-Compliant,ISO 45001,93.61,77625.26,88.67,0.27,0.95,No,0.05,13.22,74.88,Tier 3
S02649,Supplier_2649,Malaysia,Plastics,87.0,3982.99,97.06,44982.4,1700.52,Partially Compliant,ISO 9001,59.11,404331.0,88.94,3.46,0.96,No,23.72,27.48,108.11,Tier 2
S02650,Supplier_2650,Vietnam,Metals,73.6,1765.93,43.27,32202.28,9972.68,Compliant,None,32.42,482644.69,90.5,3.32,0.72,No,13.64,43.74,68.02,Tier 1
S02651,Supplier_2651,Malaysia,FMCG,94.23,2838.3,40.51,33186.98,7553.75,Non-Compliant,None,32.4,467791.39,75.36,0.29,0.37,Yes,50.45,3.85,132.91,Tier 3
S02652,Supplier_2652,China,Metals,51.94,4382.36,68.09,71238.55,2379.65,Compliant,None,29.44,360540.96,89.15,4.9,0.5,No,6.01,24.57,9.38,Tier 1
S02653,Supplier_2653,China,Chemicals,72.74,3605.69,45.41,25759.18,2335.19,Partially Compliant,None,63.89,266371.78,75.02,4.84,0.43,Yes,0.18,20.51,31.1,Tier 1
S02654,Supplier_2654,Indonesia,Metals,76.35,3232.62,100.89,67856.19,607.4,Compliant,ISO 14001,30.58,455270.23,97.69,0.43,0.5,No,39.92,21.91,28.38,Tier 2
S02655,Supplier_2655,India,Metals,83.02,2396.29,35.12,53100.43,5938.81,Partially Compliant,ISO 14001,78.85,84522.77,84.82,4.45,0.48,Yes,21.11,1.04,44.81,Tier 3
S02656,Supplier_2656,Indonesia,Chemicals,96.52,3969.97,40.59,43496.28,8939.52,Partially Compliant,,41.89,384528.74,72.78,4.6,0.78,Yes,27.72,88.35,156.12,Tier 1
S02657,Supplier_2657,Singapore,Electronics,46.54,3707.95,52.2,9828.72,6079.21,Compliant,ISO 14001,18.92,89467.38,72.38,2.86,0.88,Yes,2.54,53.85,7.66,Tier 3
S02658,Supplier_2658,China,Electronics,51.09,2832.43,84.14,98894.76,1463.25,Compliant,,79.11,127519.61,87.22,3.36,0.48,Yes,6.24,73.26,159.27,Tier 3
S02659,Supplier_2659,Thailand,Textiles,40.09,704.67,77.37,79436.26,5499.1,Compliant,ISO 9001,66.86,8713.47,93.51,4.19,0.93,No,12.6,19.91,43.18,Tier 3
S02660,Supplier_2660,Vietnam,Metals,82.35,608.03,29.58,92086.51,790.67,Compliant,ISO 45001,32.59,14066.13,82.6,1.22,0.81,Yes,7.77,13.14,151.79,Tier 1
S02661,Supplier_2661,Thailand,,85.09,429.34,44.78,62207.52,3956.76,Partially Compliant,ISO 45001,43.69,71363.59,88.17,3.35,0.9,Yes,47.64,38.79,17.35,Tier 1
S02662,Supplier_2662,Indonesia,Metals,44.46,2249.68,76.07,10950.61,8502.09,Non-Compliant,ISO 45001,14.05,234751.43,81.67,4.51,0.47,Yes,46.98,11.68,77.88,Tier 2
S02663,Supplier_2663,Singapore,Metals,52.77,2929.47,52.37,93322.76,5352.45,,ISO 9001,76.89,212090.47,71.81,0.58,0.49,Yes,25.87,103.5,90.47,Tier 3
S02664,Supplier_2664,Singapore,Metals,72.94,317.52,45.38,19553.02,8776.93,Non-Compliant,ISO 9001,44.01,176854.83,76.65,1.24,0.5,No,0.26,84.88,174.62,Tier 3
S02665,Supplier_2665,Indonesia,Automotive,93.58,395.15,81.25,49111.73,8655.56,Partially Compliant,ISO 9001,55.59,266984.82,80.4,3.8,0.32,Yes,35.02,11.6,133.72,Tier 3
S02666,Supplier_2666,China,FMCG,45.06,312.56,37.28,17292.05,8950.18,Compliant,ISO 9001,22.47,267628.2,74.86,4.25,0.68,Yes,29.16,87.07,64.31,Tier 3
S02667,Supplier_2667,China,Textiles,73.68,1245.09,39.21,71789.87,2523.91,Partially Compliant,ISO 9001,70.13,369116.43,74.29,0.36,0.67,,12.42,49.26,56.51,Tier 3
S02668,Supplier_2668,India,Metals,71.19,2470.05,45.34,59041.53,9388.82,Non-Compliant,None,60.84,380916.53,93.36,3.04,0.78,No,28.21,13.55,54.3,Tier 2
S02669,Supplier_2669,Malaysia,Textiles,40.85,4008.29,66.43,3316.7,3113.93,Compliant,None,38.03,103685.77,75.89,4.72,0.81,,7.52,42.83,42.64,Tier 2
S02670,Supplier_2670,Vietnam,FMCG,63.04,3209.66,44.27,35668.52,1661.31,Non-Compliant,None,10.47,361191.73,81.3,4.14,0.34,No,9.8,77.31,142.51,Tier 1
S02671,Supplier_2671,Indonesia,Chemicals,77.99,2235.99,N/A,44107.35,571.47,Non-Compliant,ISO 14001,87.21,245963.74,76.53,0.71,0.54,Yes,21.1,16.6,51.7,Tier 2
S02672,Supplier_2672,Singapore,Plastics,52.27,2028.85,30.44,59726.9,7847.51,Non-Compliant,None,18.9,188968.88,91.68,3.86,0.91,Yes,38.83,23.73,63.72,Tier 1
S02673,Supplier_2673,Vietnam,FMCG,82.25,N/A,54.47,50753.51,8088.69,Non-Compliant,ISO 45001,57.56,115377.69,75.6,0.71,0.33,Yes,1.27,48.69,161.05,Tier 1
S02674,Supplier_2674,Singapore,Textiles,62.12,3323.26,47.87,93631.43,883.09,Compliant,ISO 14001,58.88,113164.62,101.18,1.3,0.95,Yes,10.84,90.66,4.99,Tier 1
S02675,Supplier_2675,Vietnam,Metals,53.16,1199.04,29.94,27643.75,8299.88,Compliant,ISO 9001,46.04,159144.22,78.41,0.78,0.48,Yes,31.07,93.29,85.88,Tier 3
S02676,Supplier_2676,India,Metals,40.62,3560.18,70.34,32491.91,8189.5,Compliant,ISO 14001,27.84,404748.18,73.34,0.24,0.72,No,24.97,67.09,32.36,Tier 2
S02677,Supplier_2677,China,Electronics,78.59,3517.01,80.84,36094.75,2060.13,Compliant,ISO 9001,68.83,33997.01,104.65,0.52,0.38,No,30.1,89.96,154.74,Tier 2
S02678,Supplier_2678,Indonesia,Textiles,62.59,2644.32,86.25,96036.09,2231.65,Non-Compliant,ISO 9001,7.47,135992.25,68.72,2.33,0.63,No,23.01,76.28,162.18,Tier 2
S02679,Supplier_2679,Vietnam,Chemicals,75.98,595.51,64.65,3240.73,1511.68,Partially Compliant,None,50.37,284011.19,69.21,4.78,0.99,,13.72,44.52,77.16,Tier 3
S02680,Supplier_2680,Malaysia,FMCG,60.79,1658.55,80.83,57468.35,8501.22,Compliant,ISO 14001,74.35,123663.51,100.67,0.13,0.59,No,2.89,84.34,117.53,Tier 3
S02681,Supplier_2681,India,FMCG,84.79,2424.36,67.93,80594.11,2435.29,Non-Compliant,None,59.42,130946.98,94.96,0.44,0.85,No,17.82,45.72,38.06,Tier 1
S02682,Supplier_2682,Thailand,Textiles,45.52,2046.56,62.85,61170.05,5852.38,Non-Compliant,None,75.74,107806.36,89.99,3.86,0.73,No,24.44,5.45,1.89,Tier 2
S02683,Supplier_2683,,Textiles,82.14,3806.12,62.16,86225.72,8485.8,Partially Compliant,ISO 9001,30.16,316737.4,95.12,0.67,0.39,No,7.11,81.25,148.33,Tier 1
S02684,Supplier_2684,Indonesia,Chemicals,86.97,4826.53,38.52,74314.8,2277.84,Non-Compliant,None,24.41,474236.13,87.95,3.9,0.43,Yes,49.05,75.55,95.33,Tier 3
S02685,Supplier_2685,Vietnam,Metals,N/A,3375.01,45.39,64740.32,7856.62,Non-Compliant,,22.05,238996.13,84.54,4.26,0.99,No,15.35,19.73,137.02,Tier 2
S02686,Supplier_2686,,Automotive,50.9,3024.77,77.32,2600.14,2737.96,Compliant,ISO 14001,78.51,123381.57,93.69,3.07,0.32,No,3.06,73.56,155.7,Tier 3
S02687,Supplier_2687,Singapore,Textiles,77.27,2150.1,72.68,79670.18,3375.49,Compliant,None,44.59,232834.84,92.29,1.74,0.5,Yes,16.86,30.21,50.12,Tier 3
S02688,Supplier_2688,Indonesia,Plastics,42.89,390.87,47.1,43211.25,2969.57,Compliant,ISO 9001,16.19,437441.6,69.64,1.54,0.48,No,15.38,93.65,98.07,Tier 2
S02689,Supplier_2689,Vietnam,Metals,88.21,4168.36,65.91,63238.82,9957.5,Compliant,ISO 9001,8.33,220791.39,79.68,2.76,0.33,Yes,22.92,72.69,194.91,Tier 1
S02690,Supplier_2690,Vietnam,Textiles,83.08,3392.1,98.57,65784.88,9500.06,Partially Compliant,None,15.29,243003.86,86.98,4.13,0.51,No,38.63,75.98,4.08,Tier 3
S02691,Supplier_2691,Thailand,Automotive,N/A,261.23,93.04,15270.04,8315.98,,ISO 14001,65.59,1399.65,94.8,1.77,0.62,Yes,14.71,73.36,101.79,Tier 2
S02692,Supplier_2692,Indonesia,FMCG,42.14,1993.8,44.41,31487.59,2656.47,Partially Compliant,None,86.61,9526.02,89.43,0.65,1.01,Yes,10.52,55.73,37.48,Tier 3
S02693,Supplier_2693,,FMCG,93.23,2829.64,97.57,56112.3,5081.39,Non-Compliant,ISO 45001,31.4,16302.49,74.78,2.99,0.75,No,16.63,63.34,30.52,Tier 3
S02694,Supplier_2694,Indonesia,Textiles,51.42,3287.83,30.15,81272.77,8852.0,Non-Compliant,ISO 45001,53.5,70874.96,78.71,2.73,0.84,Yes,2.19,44.83,143.48,Tier 2
S02695,Supplier_2695,Vietnam,Automotive,68.27,3640.72,75.38,42957.94,7072.55,Partially Compliant,None,12.43,246362.61,78.76,0.88,0.91,No,45.54,101.04,119.24,Tier 3
S02696,Supplier_2696,China,FMCG,49.8,1040.18,99.99,69606.74,7514.68,Partially Compliant,ISO 45001,60.44,64447.55,72.69,4.4,0.96,Yes,34.53,28.96,156.06,Tier 2
S02697,Supplier_2697,China,Metals,57.75,2343.92,91.33,78979.55,2410.77,Partially Compliant,ISO 14001,44.09,121457.65,79.31,3.57,0.83,No,7.24,64.43,10.52,Tier 2
S02698,Supplier_2698,Thailand,Plastics,89.96,1867.66,77.64,1434.0,5329.76,Non-Compliant,ISO 14001,21.06,122755.48,73.54,3.26,0.79,Yes,25.88,9.17,166.19,Tier 1
S02699,Supplier_2699,Singapore,Metals,61.89,3275.33,44.42,98970.79,5533.18,,,41.09,485167.5,101.58,3.6,0.95,Yes,50.57,31.69,29.44,Tier 1
S02700,Supplier_2700,Singapore,Chemicals,70.4,4948.8,61.67,64930.18,1505.58,Non-Compliant,None,17.14,449795.72,75.97,1.55,0.72,Yes,7.95,32.32,62.66,Tier 3
S02701,Supplier_2701,Vietnam,Automotive,71.68,2653.57,33.97,3080.29,338.47,Non-Compliant,ISO 14001,60.33,93449.17,90.48,5.12,0.7,Yes,33.19,34.12,63.9,Tier 3
S02702,Supplier_2702,Indonesia,Automotive,83.83,391.87,38.3,28897.01,2874.27,Non-Compliant,None,78.36,26508.12,75.29,1.56,0.33,No,17.54,35.59,126.08,Tier 2
S02703,Supplier_2703,Singapore,FMCG,89.0,3515.08,62.75,24010.97,8192.3,Partially Compliant,ISO 9001,84.33,126033.53,77.33,2.66,0.87,Yes,44.7,88.99,118.37,Tier 2
S02704,Supplier_2704,,Metals,78.63,1225.28,66.85,36280.25,5895.59,Partially Compliant,ISO 9001,69.1,385702.92,72.81,2.32,0.71,Yes,25.27,71.29,8.47,Tier 3
S02705,Supplier_2705,India,,56.39,2224.53,74.42,10216.21,7248.29,Partially Compliant,ISO 9001,51.78,210584.56,84.84,2.39,0.63,Yes,0.12,10.35,189.65,Tier 2
S02706,Supplier_2706,Singapore,,81.6,261.05,41.77,89340.87,1761.69,Non-Compliant,ISO 45001,36.62,21340.92,95.08,4.21,0.42,Yes,23.52,85.59,121.35,
S02707,Supplier_2707,Thailand,Textiles,86.86,4058.42,62.24,94599.82,771.03,Partially Compliant,ISO 9001,70.62,490942.6,71.81,0.62,0.36,No,1.35,61.49,159.43,Tier 1
S02708,Supplier_2708,China,Automotive,80.03,2966.84,49.92,82160.82,7119.03,Non-Compliant,ISO 45001,63.16,59622.59,97.7,3.88,0.66,No,12.63,81.81,85.77,Tier 1
S02709,Supplier_2709,,FMCG,47.85,2232.53,37.12,28027.48,3941.36,Non-Compliant,ISO 45001,61.64,310471.16,96.99,3.05,0.93,Yes,15.94,16.17,50.0,Tier 1
S02710,Supplier_2710,Indonesia,Metals,65.59,2991.19,71.49,42412.97,6177.59,Partially Compliant,ISO 9001,43.43,320522.38,82.1,1.1,0.64,No,7.54,85.66,40.15,Tier 3
S02711,Supplier_2711,India,,58.79,4720.64,88.83,6562.77,9936.82,Compliant,ISO 45001,52.06,112461.05,72.27,3.45,0.49,Yes,27.97,76.44,183.24,Tier 2
S02712,Supplier_2712,India,Automotive,52.96,4264.52,75.18,6541.64,5192.96,Partially Compliant,ISO 9001,33.73,467325.61,77.63,3.71,0.78,No,24.13,60.14,133.67,Tier 1
S02713,Supplier_2713,Singapore,Metals,92.02,4507.12,95.49,65794.38,6729.59,Partially Compliant,None,47.29,350288.85,78.57,4.44,0.85,No,12.32,67.3,127.67,Tier 3
S02714,Supplier_2714,Indonesia,Electronics,70.45,282.49,55.25,11179.01,7389.41,Partially Compliant,,51.36,321433.55,68.3,0.95,0.94,No,21.78,55.79,120.81,Tier 3
S02715,Supplier_2715,,Textiles,85.67,1831.55,33.8,6952.79,9515.52,Compliant,None,29.1,307636.88,85.41,3.33,0.45,Yes,26.41,94.87,33.92,Tier 3
S02716,Supplier_2716,Indonesia,Textiles,77.36,N/A,98.56,27836.97,4441.62,Compliant,ISO 14001,26.43,309676.06,77.48,2.59,0.95,No,28.28,3.12,168.97,
S02717,Supplier_2717,Thailand,Chemicals,74.39,2420.68,89.85,44316.73,7487.14,Non-Compliant,ISO 9001,33.84,234491.54,70.5,1.12,0.94,No,41.03,82.83,13.5,
S02718,Supplier_2718,Singapore,Plastics,61.66,3724.63,62.53,60320.2,4484.39,Compliant,ISO 45001,55.27,86337.6,72.75,4.38,0.54,No,7.37,6.77,178.17,Tier 1
S02719,Supplier_2719,Singapore,Metals,79.97,1137.45,36.72,14878.86,6099.0,Partially Compliant,ISO 14001,6.3,226361.95,97.4,3.77,0.51,No,17.63,9.37,142.99,Tier 1
S02720,Supplier_2720,,Electronics,N/A,1604.08,98.58,60958.97,4517.09,Compliant,ISO 9001,36.49,75044.54,91.05,1.35,0.61,,43.31,11.98,43.73,Tier 3
S02721,Supplier_2721,Vietnam,Electronics,84.43,2371.16,92.4,98000.35,6743.16,Non-Compliant,ISO 45001,15.51,119488.43,80.5,2.2,0.53,No,36.7,40.36,43.63,Tier 1
S02722,Supplier_2722,Singapore,Metals,68.95,N/A,73.54,16770.25,7092.15,Non-Compliant,ISO 45001,60.52,160955.99,95.45,1.54,0.88,No,0.63,79.4,70.1,
S02723,Supplier_2723,Thailand,,64.13,4734.9,85.03,38976.51,5949.52,Non-Compliant,ISO 9001,84.66,339963.64,80.09,0.29,0.86,No,40.38,9.05,159.14,Tier 3
S02724,Supplier_2724,India,Metals,64.49,4194.05,65.22,10842.63,3900.32,Non-Compliant,ISO 14001,48.7,495060.3,73.75,1.13,0.88,No,48.65,76.72,82.46,Tier 2
S02725,Supplier_2725,Singapore,Automotive,63.19,133.57,71.48,62926.64,8289.63,,ISO 45001,75.18,58586.61,68.96,4.32,0.54,Yes,16.6,56.81,7.9,Tier 2
S02726,Supplier_2726,India,Textiles,69.28,3876.0,45.56,2933.5,6272.0,Non-Compliant,ISO 14001,15.08,366330.14,95.38,2.99,0.57,Yes,43.84,17.79,126.11,Tier 1
S02727,Supplier_2727,Singapore,Textiles,94.38,2097.61,71.92,18347.75,9519.83,Compliant,ISO 9001,26.47,137378.24,99.65,0.33,0.46,No,22.53,84.72,61.87,
S02728,Supplier_2728,Thailand,Plastics,50.56,1278.73,49.65,44776.54,7215.53,Compliant,ISO 45001,50.6,94479.8,88.89,0.13,0.91,No,37.81,30.81,45.57,Tier 3
S02729,Supplier_2729,Malaysia,FMCG,83.46,N/A,N/A,42486.64,3230.63,,ISO 14001,12.42,183339.11,72.7,3.16,0.48,Yes,20.78,75.72,41.48,Tier 1
S02730,Supplier_2730,Indonesia,Automotive,77.75,921.83,52.57,32846.04,6316.27,Partially Compliant,ISO 14001,26.01,211366.31,86.75,3.74,0.98,No,41.56,75.67,157.21,Tier 2
S02731,Supplier_2731,Singapore,Plastics,50.89,3611.63,54.25,31602.17,5539.04,Partially Compliant,ISO 45001,78.84,129500.34,70.61,1.11,0.83,Yes,41.86,11.26,158.33,Tier 3
S02732,Supplier_2732,Malaysia,FMCG,59.05,2150.22,100.83,8624.54,677.68,Compliant,ISO 45001,62.03,267382.52,87.33,3.05,0.75,No,30.42,67.39,135.14,Tier 1
S02733,Supplier_2733,India,,86.73,3952.94,89.67,32031.42,8042.14,Partially Compliant,ISO 45001,7.88,158219.3,84.31,4.6,0.55,Yes,19.36,44.22,61.12,Tier 2
S02734,Supplier_2734,Indonesia,Textiles,90.57,567.95,64.85,20927.61,6365.71,Non-Compliant,None,34.34,271315.23,81.52,0.74,0.37,Yes,8.73,47.77,100.58,
S02735,Supplier_2735,Malaysia,FMCG,83.46,3942.25,79.84,91872.9,2149.05,Non-Compliant,ISO 14001,57.66,449790.97,93.46,1.28,0.6,No,42.03,94.21,30.26,Tier 1
S02736,Supplier_2736,Vietnam,Automotive,44.2,827.27,81.23,95837.96,8300.31,Partially Compliant,ISO 9001,77.35,453377.19,73.74,1.93,0.64,No,20.22,40.28,9.08,Tier 1
S02737,Supplier_2737,Singapore,Metals,70.58,4223.96,36.37,7608.8,1522.6,Partially Compliant,ISO 9001,38.6,417321.4,88.4,2.63,0.36,Yes,17.3,1.01,150.55,Tier 3
S02738,Supplier_2738,Singapore,FMCG,65.13,2249.52,84.71,6324.82,9433.67,Compliant,ISO 14001,77.82,472329.63,90.51,3.73,0.89,No,49.6,23.59,194.0,Tier 3
S02739,Supplier_2739,Vietnam,Chemicals,N/A,556.99,50.59,55309.57,1773.97,Partially Compliant,ISO 14001,67.67,130174.88,75.57,3.64,0.76,,27.13,27.06,79.8,Tier 2
S02740,Supplier_2740,Indonesia,Chemicals,89.52,1543.67,73.1,74328.79,9015.76,Partially Compliant,ISO 45001,35.9,283067.74,83.98,0.14,0.33,No,22.27,89.53,33.06,Tier 2
S02741,Supplier_2741,Singapore,Textiles,71.22,1196.17,39.14,61620.31,1553.36,Non-Compliant,None,58.04,332973.49,74.4,2.52,0.48,No,35.54,85.1,172.99,Tier 2
S02742,Supplier_2742,Malaysia,Chemicals,75.42,563.34,73.39,12426.32,1908.47,Non-Compliant,ISO 9001,78.67,296123.88,69.27,1.08,0.57,Yes,2.84,41.83,153.78,Tier 1
S02743,Supplier_2743,India,Textiles,82.24,1198.41,51.04,14011.2,3865.71,Non-Compliant,ISO 14001,12.69,372937.7,88.42,4.4,0.8,No,1.71,37.61,107.66,Tier 3
S02744,Supplier_2744,China,Plastics,83.27,2620.08,36.54,52656.48,3091.41,Compliant,ISO 9001,17.57,393189.54,78.78,2.33,0.95,Yes,41.03,66.92,172.24,Tier 2
S02745,Supplier_2745,China,Automotive,59.98,2270.9,94.36,63365.7,8094.95,Compliant,ISO 14001,13.98,38413.93,92.02,0.81,0.41,No,16.66,12.11,35.3,Tier 1
S02746,Supplier_2746,Malaysia,Electronics,65.34,2230.07,94.05,91956.91,983.13,Partially Compliant,ISO 45001,10.3,185992.45,85.65,1.64,0.49,No,17.26,21.56,10.23,Tier 3
S02747,Supplier_2747,Malaysia,Plastics,69.75,4381.25,35.06,99134.1,5388.8,Non-Compliant,ISO 45001,57.05,171327.17,97.82,2.52,0.57,No,15.84,11.58,52.58,Tier 2
S02748,Supplier_2748,Malaysia,Plastics,63.36,463.98,69.19,84660.02,8888.13,Partially Compliant,ISO 9001,51.26,53626.83,80.11,0.72,0.71,No,16.3,51.57,75.14,Tier 2
S02749,Supplier_2749,Malaysia,Plastics,59.46,3198.57,59.16,66344.73,5766.58,Compliant,ISO 14001,51.95,391448.31,89.21,1.62,0.63,No,4.45,42.07,157.55,Tier 3
S02750,Supplier_2750,Thailand,Automotive,44.73,4089.95,38.4,59364.9,720.1,Non-Compliant,None,86.99,392237.17,99.88,4.01,0.44,Yes,19.78,45.86,78.29,Tier 3
S02751,Supplier_2751,Malaysia,Electronics,94.58,3260.65,42.87,94892.47,9495.31,Partially Compliant,ISO 9001,27.63,247749.78,98.49,1.24,0.93,No,22.88,38.24,19.69,
S02752,Supplier_2752,China,Plastics,62.67,4704.69,97.49,81258.51,5490.54,Non-Compliant,None,20.63,170193.99,69.69,4.49,0.84,No,47.83,50.39,84.64,Tier 3
S02753,Supplier_2753,China,Metals,79.09,2874.8,40.67,27805.12,3928.18,Partially Compliant,None,60.4,260405.08,87.73,2.21,0.95,No,19.53,65.31,124.04,Tier 1
S02754,Supplier_2754,Malaysia,FMCG,81.13,3579.99,83.7,73333.85,703.85,Compliant,ISO 9001,60.78,253603.19,99.49,2.44,0.92,No,46.3,49.27,45.09,Tier 2
S02755,Supplier_2755,Indonesia,Textiles,64.25,334.98,35.85,25587.56,9098.72,Non-Compliant,ISO 9001,31.17,130067.87,94.99,2.8,0.46,Yes,27.74,3.31,100.04,
S02756,Supplier_2756,Indonesia,Chemicals,57.62,2192.53,33.82,79769.17,3079.06,Compliant,ISO 45001,18.97,171354.54,97.29,3.97,0.73,No,15.57,78.85,8.44,Tier 2
S02757,Supplier_2757,Malaysia,Textiles,91.17,3139.0,72.34,86056.33,4391.35,Partially Compliant,ISO 45001,53.23,203791.93,75.58,3.0,0.35,Yes,46.39,69.06,166.76,Tier 2
S02758,Supplier_2758,Malaysia,FMCG,62.87,1051.73,67.47,26344.96,6253.47,Partially Compliant,ISO 45001,28.66,483208.26,103.62,0.68,0.55,Yes,9.37,58.51,162.51,Tier 2
S02759,Supplier_2759,Singapore,FMCG,42.59,4837.93,71.13,83434.49,8637.96,Partially Compliant,ISO 45001,44.91,69119.97,69.3,1.1,0.83,No,4.27,72.83,185.7,Tier 2
S02760,Supplier_2760,Singapore,Textiles,66.23,2072.21,65.86,2063.66,8696.65,Compliant,ISO 14001,74.82,446037.66,92.45,0.31,0.43,No,0.63,47.2,43.7,Tier 1
S02761,Supplier_2761,Thailand,Plastics,42.33,2604.22,58.14,79722.49,8039.32,Non-Compliant,ISO 14001,11.19,440916.32,97.6,4.57,0.3,Yes,46.83,41.43,98.39,Tier 3
S02762,Supplier_2762,,Plastics,62.11,1101.52,85.92,6377.05,3126.02,Partially Compliant,ISO 14001,70.15,22783.1,71.98,2.98,0.87,Yes,32.04,69.03,131.18,Tier 2
S02763,Supplier_2763,China,Automotive,66.86,4124.32,71.12,5129.92,6098.73,Non-Compliant,ISO 45001,38.85,420150.13,98.94,4.23,0.71,Yes,3.59,38.25,121.04,Tier 3
S02764,Supplier_2764,Indonesia,Plastics,85.63,1216.81,83.28,2687.95,4656.23,Partially Compliant,None,51.82,266031.81,75.03,1.68,0.6,No,30.67,0.96,84.39,Tier 2
S02765,Supplier_2765,Singapore,Textiles,69.11,705.53,59.9,37959.92,3186.15,,ISO 45001,72.15,404696.29,101.67,1.75,0.87,No,0.23,5.55,94.24,
S02766,Supplier_2766,India,Chemicals,45.51,1158.34,92.44,12703.77,437.67,Non-Compliant,ISO 9001,64.42,50206.37,84.48,2.72,0.91,No,17.23,101.43,20.29,Tier 2
S02767,Supplier_2767,Singapore,Textiles,86.45,1898.45,81.91,5197.35,6497.84,Partially Compliant,None,85.24,440133.99,76.75,1.17,0.71,No,41.19,51.45,93.92,Tier 1
S02768,Supplier_2768,Singapore,FMCG,56.69,3008.2,45.54,78619.17,721.13,,,47.85,54218.99,90.43,2.14,0.63,No,33.91,5.7,21.43,Tier 1
S02769,Supplier_2769,Indonesia,Textiles,56.5,3480.38,75.62,20629.52,280.61,Partially Compliant,ISO 14001,48.94,465523.05,77.86,2.74,0.9,No,33.48,40.09,37.3,Tier 2
S02770,Supplier_2770,Malaysia,Electronics,70.08,2556.07,31.82,32172.98,830.76,Non-Compliant,ISO 45001,6.25,103975.92,84.64,1.22,0.72,Yes,13.23,39.19,10.42,Tier 3
S02771,Supplier_2771,China,Textiles,61.61,3275.8,46.58,80731.86,4185.26,Non-Compliant,ISO 45001,79.65,434879.27,77.58,3.48,0.89,No,27.5,5.59,81.6,Tier 1
S02772,Supplier_2772,India,Automotive,43.71,3337.67,45.45,65103.75,1414.84,Compliant,ISO 9001,25.49,407358.47,104.89,4.27,0.6,Yes,7.16,49.38,163.86,Tier 3
S02773,Supplier_2773,India,FMCG,82.42,838.62,58.28,6394.88,2526.94,Non-Compliant,None,29.38,223689.13,79.97,0.68,0.45,No,32.15,57.27,154.23,Tier 3
S02774,Supplier_2774,Thailand,Electronics,73.47,1432.81,97.14,58492.22,2496.12,Compliant,None,82.47,438672.71,98.61,1.96,0.86,No,9.3,34.13,146.85,Tier 2
S02775,Supplier_2775,Malaysia,Plastics,42.5,3841.24,93.03,22440.64,3386.05,Compliant,None,47.27,465574.8,75.11,3.58,0.54,Yes,29.86,6.73,77.04,Tier 3
S02776,Supplier_2776,China,,65.72,1283.13,57.44,10617.84,6144.64,Partially Compliant,ISO 14001,75.48,266437.75,77.38,2.14,0.73,No,10.75,5.15,170.79,Tier 1
S02777,Supplier_2777,,Plastics,43.61,4680.77,68.8,5329.15,4341.8,Compliant,ISO 9001,27.41,345788.4,92.14,2.91,0.8,,45.08,89.76,82.47,Tier 1
S02778,Supplier_2778,India,Chemicals,60.99,661.5,48.76,58653.0,6906.09,Compliant,,41.01,67979.88,89.44,4.61,0.88,No,9.36,68.08,37.65,Tier 2
S02779,Supplier_2779,Vietnam,Plastics,94.12,2248.27,61.56,84662.0,6498.91,Partially Compliant,None,41.68,177839.4,73.29,1.51,0.45,No,21.28,13.51,60.54,Tier 1
S02780,Supplier_2780,China,Electronics,94.29,3764.16,73.52,22612.73,5041.05,Partially Compliant,None,6.55,382005.63,88.7,0.5,0.96,Yes,6.9,36.35,172.25,Tier 3
S02781,Supplier_2781,,Electronics,67.06,3755.19,45.34,60832.71,7973.23,Compliant,ISO 9001,6.65,101484.04,85.99,2.51,0.4,Yes,47.4,12.78,21.93,Tier 3
S02782,Supplier_2782,Vietnam,,81.49,1631.06,90.62,50095.49,4983.88,Partially Compliant,None,6.07,428159.79,76.61,0.95,1.0,,1.55,71.03,121.2,Tier 1
S02783,Supplier_2783,China,Textiles,53.24,1716.22,36.91,48150.07,9689.45,Partially Compliant,ISO 45001,74.89,433146.58,85.26,0.59,0.91,No,29.8,73.92,36.44,Tier 2
S02784,Supplier_2784,China,,67.11,N/A,57.58,40915.87,3391.19,Compliant,ISO 14001,35.6,50367.02,84.97,3.24,0.65,Yes,51.87,16.47,170.84,Tier 2
S02785,Supplier_2785,India,Chemicals,48.25,1946.87,78.36,81653.88,8585.85,Compliant,ISO 45001,36.61,121521.19,93.91,1.53,0.39,Yes,5.26,75.74,191.96,Tier 1
S02786,Supplier_2786,China,Chemicals,88.69,3104.12,81.0,97403.92,3221.91,Compliant,None,5.53,424001.64,73.36,0.61,0.51,Yes,45.97,42.11,91.61,Tier 3
S02787,Supplier_2787,Vietnam,FMCG,85.62,1112.11,34.67,79151.85,3324.97,Partially Compliant,ISO 14001,75.8,179728.49,91.66,0.78,0.44,No,48.36,22.56,30.93,
S02788,Supplier_2788,Thailand,Textiles,49.56,195.73,38.92,6417.78,9863.13,Compliant,ISO 9001,79.45,419757.52,77.91,4.07,0.63,No,33.32,11.44,176.83,Tier 1
S02789,Supplier_2789,Vietnam,,66.53,1337.98,94.84,81904.13,7811.69,Non-Compliant,ISO 9001,63.34,61056.51,90.76,1.75,0.71,No,37.46,36.69,186.11,
S02790,Supplier_2790,Indonesia,Textiles,85.81,3204.97,63.48,58268.0,7885.47,Compliant,ISO 45001,7.87,326413.21,71.26,4.6,0.91,Yes,15.72,74.36,101.97,Tier 2
S02791,Supplier_2791,India,Metals,90.89,613.08,71.82,45968.05,5185.76,Compliant,None,44.66,291155.64,98.33,3.84,0.3,No,34.09,19.72,41.59,Tier 2
S02792,Supplier_2792,Malaysia,Electronics,51.61,693.79,49.92,52116.83,8345.05,Compliant,ISO 45001,20.89,165820.72,89.08,3.48,0.63,Yes,26.06,9.17,202.22,Tier 1
S02793,Supplier_2793,Singapore,FMCG,45.12,3382.41,89.3,90832.17,7440.76,Non-Compliant,ISO 45001,82.4,272360.45,88.12,3.08,0.82,No,50.31,36.06,61.22,Tier 3
S02794,Supplier_2794,Singapore,Chemicals,50.9,646.18,83.62,93579.71,1001.96,Compliant,ISO 14001,44.27,379826.36,95.19,0.99,0.99,Yes,17.82,76.47,162.49,Tier 2
S02795,Supplier_2795,India,Automotive,43.96,539.77,80.11,89463.02,1608.4,Non-Compliant,ISO 45001,67.83,363949.03,70.37,3.49,0.9,Yes,42.13,89.62,21.45,Tier 3
S02796,Supplier_2796,Malaysia,,76.96,4695.37,36.65,76102.87,929.96,Non-Compliant,ISO 14001,31.85,226157.18,94.93,1.01,0.72,Yes,19.68,7.25,21.57,
S02797,Supplier_2797,Malaysia,Plastics,80.23,3654.24,40.66,45540.89,9732.62,Compliant,None,76.24,83630.97,90.74,0.9,0.39,Yes,18.71,77.03,150.21,Tier 2
S02798,Supplier_2798,Malaysia,Automotive,45.32,4406.69,51.32,29890.63,4988.1,Non-Compliant,ISO 45001,68.14,470716.57,84.79,2.81,0.36,No,39.62,13.0,186.95,Tier 1
S02799,Supplier_2799,Singapore,Metals,48.74,861.6,56.44,63512.19,1248.0,Partially Compliant,ISO 45001,68.3,1087.45,81.66,0.54,0.71,No,15.11,74.82,128.24,Tier 3
S02800,Supplier_2800,Singapore,Plastics,78.66,1404.6,68.61,67411.1,1603.58,Compliant,ISO 14001,32.95,458765.14,85.87,2.55,0.52,No,30.73,35.09,83.72,
S02801,Supplier_2801,Indonesia,,61.51,725.41,37.05,72122.84,9955.89,Partially Compliant,None,63.27,362232.84,92.77,3.52,0.35,Yes,1.47,72.87,150.38,Tier 1
S02802,Supplier_2802,Thailand,Textiles,74.87,3000.97,80.54,36068.55,9129.67,Compliant,ISO 45001,68.99,437152.48,70.57,1.07,0.68,No,19.11,41.62,113.07,Tier 2
S02803,Supplier_2803,Malaysia,Plastics,N/A,3763.42,54.92,51904.75,1676.67,Partially Compliant,ISO 45001,57.77,307031.71,92.11,2.85,0.46,,23.93,59.86,154.2,Tier 2
S02804,Supplier_2804,China,Electronics,84.66,4649.62,41.08,73474.51,7616.73,Non-Compliant,ISO 14001,58.39,378423.35,84.44,0.81,0.51,,33.91,15.89,134.53,Tier 1
S02805,Supplier_2805,Singapore,Metals,77.86,4018.37,67.33,28656.77,2251.77,Compliant,None,46.89,428422.07,80.43,0.49,0.85,No,49.9,54.81,89.78,Tier 3
S02806,Supplier_2806,India,Chemicals,72.67,1337.39,48.19,6202.23,2946.69,Non-Compliant,ISO 45001,85.52,199555.47,98.83,3.2,0.65,No,35.42,90.84,35.77,Tier 1
S02807,Supplier_2807,India,Textiles,54.04,2326.99,47.09,93611.77,6338.17,Partially Compliant,None,10.24,424709.71,81.78,2.02,0.77,No,17.78,59.5,122.01,Tier 3
S02808,Supplier_2808,Thailand,Plastics,86.26,1553.18,98.4,73644.35,4770.53,Non-Compliant,None,72.96,488544.72,77.96,3.08,0.53,No,15.02,25.98,186.97,Tier 1
S02809,Supplier_2809,Thailand,Chemicals,71.47,606.01,50.29,23188.62,1356.22,Partially Compliant,None,12.78,342487.61,92.5,3.43,0.95,No,12.89,21.23,115.95,Tier 2
S02810,Supplier_2810,India,,94.38,2424.6,88.73,30805.11,9962.81,Non-Compliant,,32.18,233202.47,76.08,2.4,0.57,Yes,1.62,65.05,118.04,Tier 2
S02811,Supplier_2811,India,Electronics,65.72,4204.75,75.04,20224.5,7043.98,Partially Compliant,ISO 9001,10.63,436967.9,93.79,0.67,0.37,No,25.92,54.1,96.74,Tier 2
S02812,Supplier_2812,Thailand,Textiles,86.25,2398.19,N/A,82652.94,226.52,Partially Compliant,,14.11,386295.78,91.8,0.52,0.41,Yes,21.72,16.2,90.51,Tier 3
S02813,Supplier_2813,China,Metals,64.32,1008.5,47.24,42878.01,1623.5,Compliant,ISO 45001,40.97,35269.34,76.31,4.86,0.89,Yes,27.01,38.55,7.14,Tier 3
S02814,Supplier_2814,India,Plastics,76.24,3966.36,30.86,70979.08,5520.89,Partially Compliant,ISO 45001,62.68,91461.54,93.01,5.06,0.62,No,13.5,69.13,135.31,Tier 3
S02815,Supplier_2815,India,FMCG,85.14,4053.64,88.17,25549.98,842.41,Non-Compliant,ISO 9001,28.19,299377.71,84.1,5.14,0.49,Yes,24.73,52.95,23.32,Tier 3
S02816,Supplier_2816,Vietnam,Electronics,63.34,1051.17,61.74,53506.7,4929.62,Partially Compliant,None,86.23,239005.41,81.57,4.51,1.01,No,37.57,91.7,161.71,Tier 3
S02817,Supplier_2817,Vietnam,Chemicals,95.44,2258.36,70.28,70904.77,2405.43,Compliant,ISO 45001,83.84,99892.13,80.48,3.86,0.7,Yes,25.11,69.77,55.18,Tier 2
S02818,Supplier_2818,,Textiles,59.44,2891.59,49.34,11645.84,8363.92,Partially Compliant,ISO 14001,83.92,264329.25,73.84,5.1,0.72,,24.17,51.61,1.4,Tier 3
S02819,Supplier_2819,,Electronics,68.22,4248.06,38.78,87827.68,3036.48,Partially Compliant,None,73.8,255142.62,73.14,2.56,0.55,No,23.3,43.01,9.17,Tier 2
S02820,Supplier_2820,Malaysia,Automotive,88.06,236.41,53.53,6096.44,2377.33,Non-Compliant,None,46.05,351458.51,100.34,2.62,0.94,No,28.21,96.34,116.01,Tier 2
S02821,Supplier_2821,China,Plastics,64.87,503.14,81.59,69404.8,5323.24,Compliant,None,86.36,453256.09,81.86,4.27,0.55,No,47.88,66.86,99.25,Tier 1
S02822,Supplier_2822,Vietnam,FMCG,87.46,2297.45,77.41,53105.23,299.93,Compliant,ISO 45001,85.85,234290.3,82.32,4.27,0.41,Yes,50.96,59.19,115.27,Tier 3
S02823,Supplier_2823,Indonesia,Plastics,56.05,2657.05,74.85,12876.47,3285.81,Partially Compliant,ISO 9001,7.11,64954.87,68.17,2.2,0.73,No,12.54,58.71,121.65,Tier 1
S02824,Supplier_2824,Vietnam,Metals,87.22,4546.97,57.43,54126.28,7730.13,Compliant,ISO 14001,44.04,462846.89,95.8,1.33,0.98,No,11.15,70.08,21.99,Tier 2
S02825,Supplier_2825,Indonesia,Automotive,48.93,4271.45,33.88,42969.0,6055.37,Non-Compliant,ISO 9001,9.23,50241.75,72.32,4.96,0.86,Yes,20.41,81.21,174.53,Tier 1
S02826,Supplier_2826,Vietnam,FMCG,40.34,2387.46,58.64,49426.56,6150.65,Compliant,ISO 14001,59.23,1247.46,78.99,1.9,0.31,,2.35,97.48,168.7,Tier 3
S02827,Supplier_2827,Indonesia,Chemicals,80.43,577.67,65.45,66560.26,7221.72,Compliant,ISO 45001,5.45,26797.32,95.13,1.3,1.0,Yes,15.44,81.85,93.8,Tier 1
S02828,Supplier_2828,China,Plastics,78.11,3514.34,65.69,82171.73,3035.17,Partially Compliant,,88.21,418341.07,85.35,2.08,0.91,Yes,22.21,15.58,69.87,Tier 2
S02829,Supplier_2829,India,Metals,64.72,4981.89,56.77,76657.2,974.33,Compliant,ISO 45001,36.62,77670.55,76.41,2.8,0.39,Yes,6.17,30.77,153.68,Tier 2
S02830,Supplier_2830,,Textiles,52.8,538.41,29.65,55865.14,9658.38,Compliant,ISO 45001,91.16,424951.55,83.0,0.79,0.67,Yes,35.3,14.03,34.7,Tier 1
S02831,Supplier_2831,Thailand,Metals,54.35,1618.9,89.15,20446.88,4856.95,Compliant,,62.74,161383.55,85.34,3.77,0.39,No,7.37,78.33,101.29,Tier 3
S02832,Supplier_2832,Singapore,Automotive,66.13,4011.99,47.93,32015.6,4825.25,Compliant,ISO 14001,33.01,322456.21,81.39,3.49,0.8,No,28.63,25.17,86.7,Tier 3
S02833,Supplier_2833,Indonesia,Metals,80.7,4980.74,35.62,26208.48,1500.57,Non-Compliant,ISO 45001,35.69,67951.82,85.13,3.51,0.59,No,13.42,57.68,57.29,Tier 3
S02834,Supplier_2834,Malaysia,Metals,66.66,947.53,50.66,100486.9,7832.27,Partially Compliant,ISO 14001,50.4,173508.8,98.13,4.25,0.38,No,48.56,3.42,38.87,Tier 1
S02835,Supplier_2835,Thailand,Electronics,70.75,2385.94,86.78,62710.95,124.21,Partially Compliant,ISO 9001,74.74,229800.37,94.89,3.34,0.83,Yes,24.02,68.51,28.98,Tier 2
S02836,Supplier_2836,Singapore,FMCG,75.27,2597.14,61.7,48027.34,9122.21,Compliant,ISO 45001,62.2,5518.49,78.2,1.16,0.33,No,5.24,1.41,140.94,Tier 1
S02837,Supplier_2837,Thailand,Chemicals,52.5,3458.44,85.74,35121.13,9517.04,,ISO 14001,79.14,332669.02,86.57,2.19,0.86,No,46.26,88.84,157.75,Tier 2
S02838,Supplier_2838,,FMCG,92.93,4101.1,42.12,93809.0,4159.4,Non-Compliant,ISO 45001,30.46,52069.65,88.07,4.92,0.72,No,33.8,49.44,133.35,Tier 2
S02839,Supplier_2839,Thailand,Plastics,57.27,1174.1,52.68,61526.54,1495.53,Non-Compliant,,64.43,86045.97,99.1,1.94,0.67,No,7.16,2.61,56.6,Tier 1
S02840,Supplier_2840,China,Automotive,88.7,3715.25,29.85,51023.69,245.25,Non-Compliant,ISO 9001,18.01,287280.87,87.23,1.2,0.61,No,9.11,23.81,108.37,Tier 3
S02841,Supplier_2841,India,Textiles,80.93,2233.61,86.97,38237.7,8335.62,Non-Compliant,ISO 14001,26.73,19658.34,79.77,1.84,0.77,No,39.31,7.47,43.57,Tier 3
S02842,Supplier_2842,China,Electronics,41.24,849.25,54.5,70294.06,1086.06,Non-Compliant,,50.35,60794.13,91.03,0.22,0.89,Yes,33.1,25.69,51.59,Tier 1
S02843,Supplier_2843,Vietnam,Electronics,84.25,1693.81,80.6,76151.66,1380.83,Non-Compliant,ISO 9001,6.56,163088.29,90.25,3.59,0.7,Yes,9.67,42.44,182.24,Tier 2
S02844,Supplier_2844,Thailand,Electronics,87.67,3236.38,59.9,33021.5,7910.07,Compliant,ISO 14001,75.11,247760.73,96.82,2.57,0.37,No,16.14,10.31,39.59,Tier 2
S02845,Supplier_2845,Malaysia,FMCG,N/A,345.35,70.77,63323.33,8478.82,Non-Compliant,ISO 9001,10.89,36322.15,92.79,4.03,0.43,No,39.48,92.17,61.39,
S02846,Supplier_2846,Thailand,FMCG,50.65,4291.88,59.88,54587.31,3509.99,Partially Compliant,ISO 14001,51.38,459843.86,93.6,1.91,0.36,Yes,8.66,100.43,12.06,Tier 1
S02847,Supplier_2847,Singapore,Textiles,66.29,4829.19,74.81,43123.37,6330.01,Compliant,ISO 14001,60.43,142306.78,85.8,2.91,0.52,,25.99,75.52,168.69,Tier 3
S02848,Supplier_2848,China,Plastics,55.8,1407.38,56.67,39780.53,4975.04,Compliant,ISO 9001,31.36,78939.99,69.19,3.63,0.41,Yes,13.69,86.59,34.12,Tier 3
S02849,Supplier_2849,India,FMCG,88.68,3515.92,76.26,85456.5,2989.68,,,91.2,94202.84,83.84,4.82,0.33,Yes,37.69,89.91,24.52,Tier 2
S02850,Supplier_2850,Malaysia,,74.17,3137.65,87.91,13876.02,2457.04,Partially Compliant,ISO 45001,80.12,445947.14,79.14,0.39,0.29,Yes,15.6,77.52,35.29,Tier 2
S02851,Supplier_2851,China,Textiles,54.28,3489.94,38.63,20925.41,654.6,Partially Compliant,ISO 45001,48.71,241268.17,82.36,0.15,0.97,No,37.47,83.36,7.12,Tier 1
S02852,Supplier_2852,Vietnam,Metals,59.55,4045.79,65.96,51535.15,2824.7,Compliant,ISO 9001,14.2,478500.2,85.24,1.35,0.93,No,9.34,26.2,58.05,Tier 2
S02853,Supplier_2853,Singapore,Electronics,51.26,2026.95,32.1,62087.86,1928.13,Partially Compliant,ISO 45001,62.95,129894.23,86.71,0.97,0.86,Yes,24.21,6.31,139.9,Tier 1
S02854,Supplier_2854,India,Chemicals,60.15,2992.32,48.95,63009.32,5299.55,Compliant,ISO 45001,17.19,172933.33,81.67,2.82,0.41,Yes,5.39,79.54,137.96,Tier 3
S02855,Supplier_2855,Thailand,FMCG,72.76,2110.06,94.19,88562.25,6386.37,Non-Compliant,ISO 9001,87.59,46075.61,78.21,3.22,0.38,Yes,3.22,12.0,32.81,Tier 2
S02856,Supplier_2856,China,Automotive,46.26,1742.75,37.6,66972.78,6018.41,Non-Compliant,ISO 14001,32.29,39607.49,86.14,4.28,0.5,No,20.63,72.05,182.59,Tier 3
S02857,Supplier_2857,Singapore,Electronics,47.08,853.36,88.3,39302.8,3953.94,Non-Compliant,ISO 9001,83.2,422160.93,78.83,3.05,0.86,Yes,45.19,61.43,84.47,Tier 2
S02858,Supplier_2858,,Chemicals,41.55,2004.89,37.97,8129.62,4764.99,Non-Compliant,ISO 14001,86.16,109985.67,92.57,4.84,0.34,No,21.75,13.6,6.96,Tier 1
S02859,Supplier_2859,,Plastics,42.14,1100.24,80.46,79815.89,6603.71,Partially Compliant,ISO 45001,78.55,131428.63,71.59,0.98,0.4,Yes,31.02,17.39,142.75,Tier 1
S02860,Supplier_2860,Vietnam,Automotive,61.32,1673.64,99.11,69078.71,9019.85,Compliant,ISO 14001,81.96,222621.1,93.03,1.5,0.79,No,48.07,51.36,26.26,Tier 1
S02861,Supplier_2861,India,Textiles,59.43,335.13,45.0,13744.41,6655.29,Partially Compliant,ISO 9001,75.21,231631.72,93.27,1.54,0.39,Yes,1.11,59.33,61.68,Tier 2
S02862,Supplier_2862,Malaysia,Chemicals,78.69,1187.95,51.26,48960.29,7901.16,Partially Compliant,ISO 45001,46.22,272262.03,100.02,2.22,0.66,No,40.09,64.08,116.34,Tier 3
S02863,Supplier_2863,India,,86.64,2792.21,54.34,55911.53,8659.96,Non-Compliant,ISO 9001,15.41,306258.82,87.88,4.55,0.93,No,18.67,1.72,36.61,Tier 2
S02864,Supplier_2864,China,Plastics,67.84,1386.15,N/A,32047.02,4639.39,Partially Compliant,ISO 45001,42.19,277976.07,76.46,1.64,0.72,No,3.54,30.82,128.88,Tier 1
S02865,Supplier_2865,India,Automotive,59.89,731.68,33.21,10514.14,365.43,Compliant,ISO 14001,53.0,347883.66,97.44,0.24,0.62,No,13.07,41.94,116.98,Tier 3
S02866,Supplier_2866,India,Metals,84.07,2562.37,52.49,52184.6,3570.46,Partially Compliant,ISO 14001,12.56,280167.31,76.32,4.86,0.72,Yes,4.77,71.61,164.58,Tier 1
S02867,Supplier_2867,Singapore,Chemicals,89.62,1732.38,72.04,18602.07,228.22,Compliant,ISO 9001,40.67,18744.45,102.8,4.51,0.78,Yes,28.82,44.02,42.31,Tier 3
S02868,Supplier_2868,Malaysia,Chemicals,66.92,1335.94,85.58,91348.0,3387.07,Compliant,ISO 45001,60.07,328574.04,72.49,2.89,0.87,No,33.9,81.78,69.65,Tier 3
S02869,Supplier_2869,Malaysia,Metals,55.5,3180.72,86.56,1181.9,9523.11,Non-Compliant,ISO 14001,48.39,122907.79,95.29,4.51,0.83,Yes,47.2,14.92,157.39,Tier 2
S02870,Supplier_2870,Malaysia,,58.26,3234.44,38.36,23192.28,3452.2,Compliant,,50.05,137812.05,93.34,4.47,0.89,No,39.91,84.2,47.69,
S02871,Supplier_2871,Singapore,Metals,63.52,717.5,69.03,89357.54,6841.69,Non-Compliant,None,73.17,31796.42,69.47,3.4,0.35,Yes,11.18,19.1,140.52,Tier 1
S02872,Supplier_2872,Malaysia,,91.99,481.89,96.19,80730.65,8457.42,Compliant,ISO 9001,38.33,149170.55,87.98,2.85,0.79,Yes,5.02,23.14,46.58,Tier 2
S02873,Supplier_2873,Thailand,Automotive,67.78,3109.86,31.52,19727.48,5379.49,Compliant,ISO 14001,60.23,386035.09,72.05,2.89,0.46,No,33.39,101.04,147.29,Tier 1
S02874,Supplier_2874,Thailand,Plastics,71.95,589.42,49.94,63479.49,6469.05,Compliant,ISO 14001,10.55,79389.54,93.06,3.73,0.72,Yes,26.92,19.32,66.75,Tier 3
S02875,Supplier_2875,Vietnam,FMCG,43.17,4713.26,43.44,75759.62,7409.54,Partially Compliant,ISO 9001,25.58,286265.95,83.36,4.48,0.38,Yes,12.86,65.48,147.61,Tier 3
S02876,Supplier_2876,Thailand,Chemicals,67.25,4511.63,77.52,40929.38,1807.67,,None,63.59,169450.79,72.66,2.09,0.31,Yes,27.25,102.14,144.16,Tier 1
S02877,Supplier_2877,Singapore,Chemicals,56.56,4534.29,76.29,2117.28,4783.92,Compliant,ISO 9001,16.98,167965.08,99.6,1.19,0.35,No,28.98,52.19,81.37,Tier 1
S02878,Supplier_2878,India,Electronics,93.05,3805.66,54.23,9381.79,4549.88,Partially Compliant,ISO 9001,86.82,509015.47,82.54,2.42,0.36,No,6.89,100.72,62.24,Tier 1
S02879,Supplier_2879,India,FMCG,74.79,4504.77,86.25,34664.62,5846.42,,ISO 45001,65.99,399070.88,73.91,2.65,0.76,No,48.54,59.41,32.99,Tier 2
S02880,Supplier_2880,China,,44.19,1855.0,67.0,36335.93,6214.03,Compliant,ISO 45001,14.53,187134.32,80.85,1.14,0.61,No,29.3,55.43,207.22,Tier 2
S02881,Supplier_2881,China,Chemicals,44.93,4143.35,58.13,91955.12,7815.17,Compliant,ISO 9001,11.41,175985.41,78.84,1.94,0.83,No,44.27,13.83,73.89,Tier 3
S02882,Supplier_2882,Thailand,Chemicals,67.28,1855.56,55.5,46925.79,5751.21,Partially Compliant,ISO 45001,86.65,132905.52,79.64,2.75,0.38,Yes,45.09,1.57,150.8,Tier 3
S02883,Supplier_2883,China,Automotive,45.98,N/A,40.59,37513.85,233.35,Compliant,None,19.72,267937.58,69.65,4.8,0.69,No,4.97,31.2,171.96,Tier 1
S02884,Supplier_2884,China,Plastics,75.62,561.38,82.82,96694.35,845.36,Compliant,ISO 14001,75.84,275317.83,94.93,1.99,0.98,No,24.95,61.46,100.25,Tier 2
S02885,Supplier_2885,Singapore,Plastics,68.54,1967.69,33.68,66261.11,7580.62,,None,62.91,496578.52,90.0,4.48,0.64,Yes,16.51,75.27,0.43,Tier 1
S02886,Supplier_2886,Singapore,Textiles,57.98,1145.34,85.18,57815.89,202.41,Non-Compliant,ISO 9001,48.25,123950.52,78.47,0.14,0.56,Yes,40.55,6.42,164.48,Tier 1
S02887,Supplier_2887,Indonesia,Chemicals,54.54,1181.71,45.77,24171.94,8783.19,Compliant,None,68.91,58875.77,88.15,1.0,0.96,No,25.94,58.92,53.98,Tier 3
S02888,Supplier_2888,Indonesia,Textiles,95.27,4210.38,91.79,74942.28,4309.01,Partially Compliant,ISO 45001,59.84,236037.34,90.1,4.08,0.32,No,33.59,92.41,65.38,Tier 3
S02889,Supplier_2889,China,FMCG,91.72,4123.88,76.97,41992.42,5876.86,Partially Compliant,ISO 45001,68.21,64877.46,86.29,0.48,0.42,Yes,11.56,60.83,115.21,Tier 3
S02890,Supplier_2890,China,FMCG,43.9,3281.66,80.14,31264.82,6384.36,Partially Compliant,,23.99,410783.74,97.25,4.66,0.48,,1.99,51.3,40.16,Tier 3
S02891,Supplier_2891,China,Metals,46.27,3421.84,78.95,22243.52,4792.55,Non-Compliant,ISO 9001,65.39,358529.34,95.68,3.77,0.88,Yes,37.18,101.77,96.93,Tier 2
S02892,Supplier_2892,Indonesia,FMCG,53.32,216.75,92.4,49933.63,4902.35,Compliant,None,11.85,62038.13,76.99,4.49,0.72,No,7.27,17.34,28.78,Tier 3
S02893,Supplier_2893,Singapore,FMCG,75.05,186.04,48.27,4728.9,3831.8,Compliant,ISO 9001,74.05,169665.05,86.28,4.92,0.35,No,6.48,27.06,183.35,Tier 1
S02894,Supplier_2894,Malaysia,Chemicals,52.89,918.76,92.4,20817.32,2861.45,Non-Compliant,ISO 14001,11.04,403981.92,88.31,1.78,0.78,Yes,9.44,90.08,87.84,Tier 2
S02895,Supplier_2895,India,Textiles,61.49,4008.76,64.96,41644.25,7671.07,Compliant,ISO 9001,61.24,371968.96,77.6,3.64,0.79,No,48.0,97.75,155.62,
S02896,Supplier_2896,Thailand,Electronics,83.58,4340.99,63.58,24339.53,8432.23,Non-Compliant,ISO 9001,52.78,282174.07,81.23,1.58,0.75,No,16.23,34.52,197.49,Tier 2
S02897,Supplier_2897,Vietnam,Automotive,52.58,1924.92,53.52,43843.35,2197.19,Compliant,None,89.29,128537.75,92.86,0.98,0.93,Yes,10.91,10.07,164.82,Tier 2
S02898,Supplier_2898,China,Chemicals,47.24,1745.74,34.79,62440.77,7237.28,Partially Compliant,ISO 9001,41.64,215453.46,85.39,1.95,0.7,Yes,24.52,1.84,38.65,Tier 2
S02899,Supplier_2899,Thailand,Plastics,62.42,3624.03,91.18,58191.2,8626.48,Partially Compliant,ISO 45001,87.73,167028.81,69.65,1.56,0.94,Yes,35.2,96.1,25.38,Tier 3
S02900,Supplier_2900,,Metals,45.46,1117.13,80.43,80774.31,6514.62,Partially Compliant,None,77.18,23692.23,72.85,4.18,0.5,Yes,13.68,24.23,19.51,Tier 2
S02901,Supplier_2901,China,FMCG,65.67,4045.34,69.45,61408.9,1321.04,Non-Compliant,ISO 14001,22.43,400148.2,93.5,4.08,0.71,No,17.55,51.31,33.17,Tier 1
S02902,Supplier_2902,Thailand,Automotive,70.94,2733.17,38.72,9966.44,923.11,Non-Compliant,ISO 9001,35.53,168188.25,76.68,2.39,0.87,Yes,40.47,72.25,168.25,Tier 2
S02903,Supplier_2903,,Automotive,61.44,2573.91,N/A,91472.0,2219.25,Compliant,,68.86,382273.38,76.69,3.55,0.93,No,29.93,33.96,25.94,Tier 2
S02904,Supplier_2904,Singapore,Textiles,49.29,4799.68,37.67,64950.2,8144.19,Compliant,,18.62,96297.94,86.15,2.18,0.45,Yes,51.75,101.67,20.1,Tier 2
S02905,Supplier_2905,Malaysia,,86.37,3120.29,45.78,45422.0,7432.03,Non-Compliant,ISO 14001,51.93,251542.2,91.97,3.28,0.72,No,33.81,47.77,181.96,Tier 2
S02906,Supplier_2906,Indonesia,Metals,44.18,3599.43,43.29,75671.24,2060.21,Compliant,ISO 14001,64.13,357288.06,81.16,3.26,0.68,Yes,44.84,15.1,76.36,Tier 2
S02907,Supplier_2907,Thailand,Electronics,75.04,1708.18,70.66,56616.84,190.37,Non-Compliant,None,53.85,100323.03,79.31,0.27,0.32,No,33.03,33.4,43.15,Tier 3
S02908,Supplier_2908,Thailand,Plastics,61.59,4226.01,80.44,92501.79,2185.28,Non-Compliant,ISO 9001,78.73,28799.21,86.78,1.06,0.8,No,35.31,17.46,15.49,Tier 3
S02909,Supplier_2909,Indonesia,Metals,82.66,3451.43,50.52,39805.18,3551.04,Compliant,None,19.12,7495.45,79.65,3.76,0.98,,13.98,93.81,41.17,Tier 3
S02910,Supplier_2910,China,Chemicals,42.23,3822.24,58.38,83559.33,4690.01,Non-Compliant,ISO 9001,59.71,308903.39,93.23,3.84,0.79,Yes,23.51,37.26,146.91,Tier 1
S02911,Supplier_2911,Malaysia,Chemicals,45.38,1415.42,61.52,97380.38,6517.9,Non-Compliant,ISO 14001,10.06,371939.71,72.55,1.16,0.53,No,15.57,71.24,58.22,
S02912,Supplier_2912,,Chemicals,N/A,3343.45,48.54,23844.35,3061.6,Non-Compliant,ISO 9001,65.13,336957.52,86.63,3.47,0.94,No,34.35,91.83,143.58,Tier 2
S02913,Supplier_2913,China,Metals,43.59,3237.0,37.06,69835.3,3603.01,Non-Compliant,ISO 45001,14.67,498735.38,90.23,3.76,0.74,No,5.1,13.53,197.81,Tier 3
S02914,Supplier_2914,Singapore,,56.72,1209.24,48.2,34031.57,8339.09,Compliant,ISO 9001,11.0,60706.42,85.91,1.97,0.47,Yes,12.91,18.08,191.9,Tier 3
S02915,Supplier_2915,Indonesia,,51.88,1551.55,44.03,6814.5,118.46,Compliant,ISO 45001,31.1,486815.28,82.88,0.85,0.4,No,23.1,43.68,38.27,Tier 1
S02916,Supplier_2916,Singapore,Automotive,78.58,2451.4,79.19,34972.25,3257.41,Non-Compliant,ISO 14001,18.99,148601.1,72.9,0.91,0.48,Yes,36.44,59.0,78.12,Tier 2
S02917,Supplier_2917,Vietnam,FMCG,62.46,4484.53,82.7,75368.95,7551.81,Non-Compliant,ISO 45001,73.53,444003.02,99.36,1.04,0.65,Yes,44.64,80.89,87.43,Tier 2
S02918,Supplier_2918,Singapore,FMCG,84.69,1954.24,93.4,67530.45,1638.8,Compliant,ISO 9001,74.83,477869.67,80.65,0.73,0.7,Yes,46.64,92.88,71.88,Tier 1
S02919,Supplier_2919,Indonesia,Chemicals,89.55,3796.95,90.23,1654.99,8081.79,Partially Compliant,None,83.3,259836.32,90.0,4.61,0.49,No,45.63,100.66,146.36,Tier 2
S02920,Supplier_2920,Indonesia,Electronics,95.37,3500.58,82.73,83155.17,1189.57,Partially Compliant,ISO 14001,9.88,180027.46,72.58,3.88,0.88,No,9.98,62.97,105.84,Tier 1
S02921,Supplier_2921,Indonesia,Textiles,74.82,4251.91,52.76,24371.13,3280.46,Compliant,None,35.62,176273.8,88.24,2.85,0.95,Yes,21.78,97.39,200.33,Tier 2
S02922,Supplier_2922,Vietnam,Textiles,56.99,4524.72,68.91,94341.17,7310.51,Non-Compliant,ISO 14001,50.08,243988.8,92.26,2.56,0.46,Yes,39.76,93.46,45.76,Tier 1
S02923,Supplier_2923,Vietnam,Chemicals,42.88,2689.77,65.77,21155.13,8889.9,Compliant,ISO 9001,11.52,35728.52,77.81,2.14,1.0,Yes,29.62,14.38,55.83,Tier 2
S02924,Supplier_2924,India,Textiles,81.89,2895.76,85.27,7523.51,4041.26,Partially Compliant,ISO 45001,40.93,231154.24,93.67,4.18,0.85,No,33.91,91.83,44.26,Tier 1
S02925,Supplier_2925,Indonesia,FMCG,47.97,4766.33,47.35,94240.38,2913.82,Compliant,ISO 14001,36.08,420961.95,84.54,2.34,0.69,Yes,7.03,81.08,50.62,Tier 1
S02926,Supplier_2926,Thailand,FMCG,50.53,1319.57,55.13,77962.18,9706.28,Non-Compliant,ISO 14001,27.66,479124.41,75.97,2.63,0.39,Yes,3.34,73.81,93.54,Tier 2
S02927,Supplier_2927,Thailand,Chemicals,50.65,2829.98,99.74,38864.56,169.28,Partially Compliant,ISO 45001,47.92,292963.95,78.81,2.04,0.88,No,32.73,18.51,51.53,
S02928,Supplier_2928,China,Automotive,51.59,2014.87,99.86,86392.59,1638.78,,ISO 9001,49.71,449797.58,83.41,2.25,0.84,Yes,21.35,28.89,74.56,Tier 3
S02929,Supplier_2929,Malaysia,Plastics,86.44,2692.56,98.14,8990.94,634.97,Partially Compliant,None,39.75,156097.74,82.69,2.25,0.33,No,37.61,69.62,188.86,Tier 1
S02930,Supplier_2930,Malaysia,Electronics,41.3,4742.2,98.9,41351.3,7081.86,Partially Compliant,ISO 14001,43.36,472724.3,95.8,3.65,0.79,No,46.91,69.29,50.99,Tier 2
S02931,Supplier_2931,Indonesia,Metals,46.82,2212.95,39.89,49875.16,3547.13,Non-Compliant,ISO 45001,76.42,351791.45,86.93,3.33,0.57,No,37.49,20.69,25.64,Tier 3
S02932,Supplier_2932,Indonesia,Textiles,70.58,4344.98,46.27,70741.22,492.71,Compliant,ISO 9001,58.46,252564.04,76.89,2.41,0.96,,46.91,66.31,184.04,Tier 3
S02933,Supplier_2933,Vietnam,Chemicals,68.0,1252.98,72.17,27436.71,5753.55,Partially Compliant,ISO 45001,23.56,126682.17,71.68,0.98,0.42,No,21.78,32.74,124.15,Tier 2
S02934,Supplier_2934,Singapore,Metals,87.57,1010.81,79.0,11604.2,963.17,,ISO 14001,13.11,87910.14,90.46,1.79,0.8,No,34.07,20.82,98.97,Tier 3
S02935,Supplier_2935,India,FMCG,86.7,3073.63,90.1,14734.34,9939.01,Compliant,None,78.21,150805.56,72.87,4.46,0.62,No,40.86,31.7,84.01,Tier 1
S02936,Supplier_2936,Malaysia,Automotive,55.22,1232.35,94.65,54943.78,2012.1,Non-Compliant,ISO 45001,43.51,11360.34,83.81,2.75,0.34,Yes,36.18,50.59,144.34,Tier 3
S02937,Supplier_2937,Indonesia,Metals,76.09,5049.01,91.98,44069.07,9219.75,Non-Compliant,ISO 9001,86.34,331200.35,95.67,2.78,0.79,No,21.76,2.16,130.63,Tier 2
S02938,Supplier_2938,Vietnam,Plastics,67.92,3556.06,58.94,14075.84,4400.51,Compliant,ISO 14001,9.28,18565.82,70.8,4.57,0.37,Yes,38.87,75.62,3.34,Tier 1
S02939,Supplier_2939,Indonesia,Automotive,46.82,3811.09,77.54,55865.74,4820.96,Non-Compliant,ISO 45001,29.92,299406.91,99.38,3.1,0.43,,42.3,75.12,133.86,Tier 3
S02940,Supplier_2940,,Plastics,42.81,2729.1,75.07,21866.32,6538.4,Non-Compliant,ISO 14001,47.01,38254.09,81.75,2.68,0.77,Yes,47.28,43.6,11.97,Tier 3
S02941,Supplier_2941,Singapore,Automotive,41.84,3155.78,47.37,3456.34,5974.6,,None,34.16,89994.36,76.85,2.63,0.62,Yes,25.07,59.95,88.41,Tier 1
S02942,Supplier_2942,India,Automotive,55.44,3198.08,64.16,73304.33,2640.11,Compliant,ISO 14001,22.88,92506.34,92.44,3.19,0.72,Yes,22.23,93.8,123.96,Tier 2
S02943,Supplier_2943,Vietnam,Metals,78.85,2379.4,100.6,3717.51,10012.54,Compliant,None,61.93,210787.38,81.55,0.6,1.0,,37.64,37.41,21.92,Tier 1
S02944,Supplier_2944,Singapore,FMCG,76.65,1521.38,65.12,53685.07,955.3,Non-Compliant,ISO 14001,32.47,37542.54,101.2,5.03,0.55,Yes,46.88,97.6,161.41,Tier 1
S02945,Supplier_2945,Singapore,Textiles,71.11,704.6,59.69,12262.48,7022.02,Compliant,ISO 14001,85.58,402261.44,87.8,2.02,0.92,,30.94,56.3,92.4,Tier 1
S02946,Supplier_2946,Indonesia,FMCG,42.06,4829.51,68.88,68490.4,7637.34,Partially Compliant,ISO 14001,29.42,71318.43,82.16,4.81,0.9,No,30.65,20.4,4.54,Tier 2
S02947,Supplier_2947,Singapore,Plastics,87.76,2769.81,94.15,37369.16,3582.98,Non-Compliant,,87.02,169379.59,89.82,3.17,0.69,Yes,24.37,37.77,11.56,Tier 1
S02948,Supplier_2948,Vietnam,Electronics,54.66,172.79,63.2,76354.18,1069.44,Non-Compliant,ISO 9001,51.59,199078.73,73.03,3.23,0.54,No,17.17,54.51,151.49,Tier 2
S02949,Supplier_2949,India,Plastics,80.44,2067.7,40.88,9377.79,7822.85,Non-Compliant,,5.98,417544.41,83.14,4.49,0.81,Yes,29.22,43.49,148.11,Tier 2
S02950,Supplier_2950,Singapore,Textiles,40.45,280.54,47.36,90021.75,8365.33,Non-Compliant,None,60.45,365526.52,80.3,2.76,0.89,No,44.14,67.16,203.57,Tier 2
S02951,Supplier_2951,Indonesia,FMCG,56.33,1654.43,64.13,33644.72,5815.33,Compliant,ISO 45001,71.57,227967.17,75.26,1.44,0.31,No,16.96,20.46,117.98,Tier 1
S02952,Supplier_2952,Indonesia,FMCG,53.05,4046.25,61.34,21144.48,1458.13,Partially Compliant,ISO 14001,14.21,112927.83,86.03,1.73,1.03,No,13.43,39.99,176.2,Tier 2
S02953,Supplier_2953,Indonesia,Metals,48.9,3121.94,85.99,69670.47,1625.66,Non-Compliant,None,71.49,330334.76,75.85,0.82,0.76,Yes,6.35,89.52,78.35,Tier 2
S02954,Supplier_2954,China,Chemicals,88.12,4248.91,30.83,68753.9,2336.43,Compliant,ISO 14001,89.3,169029.66,77.82,2.68,0.67,Yes,21.98,86.72,182.1,Tier 1
S02955,Supplier_2955,Indonesia,Automotive,49.94,2476.36,101.64,80080.38,6059.44,Compliant,,17.37,96575.5,95.05,2.82,0.87,No,40.33,20.37,104.51,Tier 3
S02956,Supplier_2956,India,Textiles,93.65,3098.72,46.2,45905.41,9205.94,Partially Compliant,ISO 45001,10.6,379861.07,74.63,3.28,0.97,No,37.05,100.13,167.77,Tier 3
S02957,Supplier_2957,Indonesia,FMCG,80.14,1044.18,76.21,85259.72,2899.8,Partially Compliant,ISO 45001,76.25,267101.75,76.88,2.57,0.51,Yes,43.02,4.48,55.7,Tier 1
S02958,Supplier_2958,Singapore,Metals,85.21,N/A,54.97,13246.47,7803.62,Compliant,ISO 45001,7.65,122013.44,101.31,3.88,0.49,Yes,26.85,2.21,155.43,Tier 1
S02959,Supplier_2959,China,Chemicals,54.87,3017.81,36.76,39774.54,1590.71,Non-Compliant,ISO 9001,12.23,410656.88,69.5,4.48,0.97,No,20.06,65.29,23.55,Tier 3
S02960,Supplier_2960,Malaysia,,87.59,5015.75,67.01,37745.68,3852.92,Non-Compliant,ISO 9001,65.25,423580.82,92.18,3.86,0.64,Yes,19.34,81.07,182.96,Tier 2
S02961,Supplier_2961,India,Automotive,92.76,2246.98,42.97,65055.34,6971.94,Partially Compliant,ISO 9001,65.34,398440.04,85.91,0.4,0.44,Yes,34.16,50.08,28.31,Tier 3
S02962,Supplier_2962,China,FMCG,52.69,1197.29,58.3,80782.54,7433.88,Non-Compliant,ISO 45001,26.33,27721.61,94.51,4.31,0.77,No,40.81,74.99,129.19,Tier 2
S02963,Supplier_2963,Singapore,Metals,42.35,3077.43,67.77,9571.56,7261.66,Non-Compliant,ISO 14001,81.79,99794.11,86.69,2.91,0.69,No,35.7,85.05,159.7,Tier 1
S02964,Supplier_2964,Indonesia,FMCG,50.25,1913.69,32.13,12351.97,597.49,Compliant,,19.19,81873.07,80.31,2.3,0.74,No,18.56,53.5,119.65,Tier 3
S02965,Supplier_2965,Malaysia,Textiles,57.35,2919.76,86.85,77325.6,3301.7,Non-Compliant,ISO 9001,32.98,447555.81,84.76,1.03,0.48,Yes,19.22,36.47,86.22,Tier 2
S02966,Supplier_2966,India,,41.42,1168.11,37.42,53838.21,5868.24,Partially Compliant,ISO 9001,33.79,76610.9,80.94,1.08,0.52,Yes,12.49,65.56,163.34,Tier 1
S02967,Supplier_2967,Malaysia,Textiles,84.64,756.03,75.47,38874.77,8506.59,Compliant,ISO 14001,90.49,409926.46,77.0,3.94,0.77,Yes,0.14,49.17,167.83,Tier 2
S02968,Supplier_2968,India,,59.43,3659.03,47.58,25226.25,2150.71,Partially Compliant,None,20.01,374133.15,84.2,3.28,0.31,No,11.3,37.91,12.38,Tier 3
S02969,Supplier_2969,Thailand,Plastics,58.42,1320.34,79.66,100103.46,1600.21,Non-Compliant,ISO 45001,72.14,315809.37,91.46,1.02,0.97,Yes,42.54,20.31,206.83,Tier 3
S02970,Supplier_2970,Indonesia,Automotive,55.91,2651.72,80.63,43707.89,2479.98,Non-Compliant,ISO 14001,64.22,19510.88,88.41,2.33,0.66,No,10.56,71.55,182.27,
S02971,Supplier_2971,Indonesia,Chemicals,62.54,2074.31,74.32,12859.36,1532.2,Non-Compliant,None,16.28,42871.34,103.11,3.05,0.86,No,16.01,84.74,42.42,Tier 3
S02972,Supplier_2972,Vietnam,Plastics,69.82,5086.49,76.41,90166.06,10194.03,Partially Compliant,ISO 14001,20.82,429640.19,71.78,1.65,0.52,No,45.88,75.86,6.53,Tier 1
S02973,Supplier_2973,Indonesia,Metals,54.52,3842.2,67.78,90040.9,6155.76,Partially Compliant,None,59.01,14526.96,74.01,0.83,0.75,No,41.66,41.99,75.99,Tier 3
S02974,Supplier_2974,India,Metals,54.01,3853.29,77.27,21268.59,8265.34,Compliant,ISO 14001,14.73,482970.46,74.31,4.85,0.85,Yes,1.46,2.92,77.66,Tier 1
S02975,Supplier_2975,India,Plastics,68.86,365.7,40.27,77162.5,1916.93,Compliant,ISO 45001,6.47,469907.45,92.77,3.15,0.32,No,34.56,1.19,65.49,Tier 2
S02976,Supplier_2976,,FMCG,88.61,3791.12,33.7,81125.83,513.03,,ISO 14001,82.78,507636.31,95.0,2.28,0.98,Yes,13.26,13.34,73.9,Tier 2
S02977,Supplier_2977,Indonesia,Textiles,57.35,943.03,101.41,65574.66,8079.05,Partially Compliant,ISO 14001,41.23,51289.16,90.54,1.87,0.52,Yes,10.65,63.95,40.75,Tier 1
S02978,Supplier_2978,,Chemicals,49.81,1617.55,85.79,9522.92,4202.75,Partially Compliant,ISO 14001,40.75,343464.89,79.87,3.42,0.43,No,24.29,103.68,58.25,Tier 1
S02979,Supplier_2979,Indonesia,Chemicals,81.67,1784.01,38.48,82343.01,8503.36,Non-Compliant,ISO 14001,19.75,368666.88,85.27,2.5,0.59,Yes,50.2,51.79,150.97,Tier 1
S02980,Supplier_2980,India,Metals,66.51,4392.66,100.03,17229.58,558.6,,ISO 14001,11.32,440672.6,92.4,4.98,0.77,Yes,7.43,37.43,48.51,Tier 2
S02981,Supplier_2981,Singapore,Plastics,72.61,4353.56,54.2,74963.08,2334.51,Compliant,,17.96,451209.25,87.9,1.44,1.0,No,27.2,97.2,183.74,Tier 2
S02982,Supplier_2982,Indonesia,Electronics,69.88,2106.2,40.14,96027.96,9063.73,Partially Compliant,ISO 14001,25.44,351043.47,81.72,4.27,0.41,No,12.53,83.0,142.69,Tier 1
S02983,Supplier_2983,Malaysia,FMCG,75.65,398.81,76.22,56472.77,127.61,Partially Compliant,ISO 9001,70.5,392202.52,92.6,0.42,0.81,Yes,22.89,99.25,31.24,Tier 1
S02984,Supplier_2984,Singapore,Chemicals,69.88,432.72,93.61,64082.51,7807.73,Partially Compliant,ISO 9001,21.44,235985.14,69.06,2.8,0.84,Yes,40.05,36.25,75.45,Tier 3
S02985,Supplier_2985,Indonesia,Metals,62.3,2040.37,96.03,35813.73,4301.04,Non-Compliant,ISO 9001,83.51,301556.99,85.55,3.3,0.96,Yes,22.71,23.62,164.29,Tier 3
S02986,Supplier_2986,Indonesia,Electronics,84.23,2224.31,32.56,94634.26,3427.7,Non-Compliant,ISO 14001,64.32,175090.25,84.82,3.84,0.7,Yes,35.28,35.92,100.93,Tier 3
S02987,Supplier_2987,Malaysia,FMCG,91.45,1455.17,57.7,5616.87,4317.1,Compliant,ISO 14001,25.61,351880.73,76.96,0.73,0.45,,26.04,60.89,136.73,Tier 3
S02988,Supplier_2988,China,Metals,81.33,3168.34,42.85,36066.68,8124.75,Partially Compliant,ISO 45001,11.97,422635.21,71.68,2.21,0.65,No,43.59,85.43,131.94,Tier 1
S02989,Supplier_2989,Vietnam,Electronics,67.89,2751.12,31.57,35541.26,1936.27,Compliant,ISO 45001,62.22,321534.69,85.69,3.06,0.55,No,23.2,25.64,153.03,
S02990,Supplier_2990,Indonesia,FMCG,48.07,N/A,99.01,17510.58,8466.9,Non-Compliant,ISO 14001,53.8,61015.32,76.04,2.59,0.88,No,31.6,96.33,70.46,Tier 1
S02991,Supplier_2991,Thailand,Textiles,78.98,2210.83,67.26,29086.18,6522.4,Compliant,ISO 14001,57.62,44313.23,77.53,2.15,0.74,,31.46,17.75,101.07,Tier 2
S02992,Supplier_2992,Vietnam,Electronics,90.36,1088.69,81.11,63170.48,666.52,,ISO 45001,24.6,290569.66,76.08,2.72,0.37,No,48.1,89.11,175.28,Tier 2
S02993,Supplier_2993,India,Textiles,67.74,4919.65,83.21,100015.22,4017.29,Compliant,ISO 9001,51.95,169020.42,88.46,1.88,0.72,,23.05,65.54,159.13,Tier 2
S02994,Supplier_2994,Malaysia,Electronics,92.21,1512.1,78.12,54203.19,9007.75,,ISO 9001,49.82,404327.69,95.88,4.45,0.57,Yes,42.51,27.23,2.52,Tier 3
S02995,Supplier_2995,Indonesia,Textiles,81.19,4729.88,62.48,83404.39,6427.88,Non-Compliant,None,8.36,52298.32,98.76,0.65,0.63,Yes,15.51,35.4,179.83,Tier 2
S02996,Supplier_2996,Malaysia,Automotive,72.69,4172.27,97.16,53905.16,5507.71,Compliant,None,82.72,94759.6,98.06,2.6,0.84,Yes,0.4,81.79,118.37,Tier 1
S02997,Supplier_2997,Vietnam,Electronics,93.73,2223.92,99.98,63423.05,7735.99,Partially Compliant,None,76.64,271591.26,72.96,3.37,0.65,No,26.22,95.46,137.88,Tier 2
S02998,Supplier_2998,Vietnam,Automotive,87.07,536.02,52.69,9790.39,985.06,Partially Compliant,ISO 14001,84.15,439798.52,88.75,4.03,0.64,,43.09,40.96,148.83,Tier 3
S02999,Supplier_2999,Vietnam,Plastics,73.05,4859.77,33.12,26157.63,6596.95,Compliant,ISO 14001,23.24,246750.68,91.82,1.04,0.84,No,22.24,97.08,187.63,Tier 2
S03000,Supplier_3000,Vietnam,Chemicals,84.26,3897.03,46.84,86744.3,7677.04,Non-Compliant,ISO 9001,72.28,450916.84,73.78,1.06,0.53,No,35.46,94.36,49.51,Tier 3
S03001,Supplier_3001,Singapore,Electronics,38.23,385.02,98.4,41065.28,4992.72,Compliant,ISO 9001,72.8,402544.65,81.61,1.95,0.9,Yes,28.89,61.65,163.57,Tier 1
S03002,Supplier_3002,Vietnam,Plastics,62.87,2474.13,29.75,19508.52,7556.41,Compliant,ISO 9001,74.35,476468.0,81.89,0.37,0.78,No,5.35,33.75,37.2,Tier 1
S03003,Supplier_3003,Thailand,Electronics,91.0,2172.95,88.94,34335.38,4633.02,Non-Compliant,ISO 45001,38.36,177329.83,73.35,2.46,0.47,Yes,34.05,58.37,38.02,Tier 2
S03004,Supplier_3004,Thailand,Plastics,63.1,174.69,89.58,44178.09,7529.16,Partially Compliant,,15.3,242389.39,84.18,3.26,0.99,Yes,34.4,77.75,38.73,Tier 1
S03005,Supplier_3005,Thailand,FMCG,67.89,96.15,60.12,11856.06,971.9,Compliant,,52.27,461359.44,72.76,2.78,0.49,No,9.0,28.57,105.89,Tier 2
S03006,Supplier_3006,Vietnam,Chemicals,41.76,2172.22,62.83,92521.93,3476.42,Compliant,ISO 14001,16.16,346812.51,70.6,2.13,0.72,No,12.06,11.78,111.19,Tier 1
S03007,Supplier_3007,Indonesia,Automotive,64.54,814.91,57.23,5990.98,5502.71,Partially Compliant,ISO 45001,70.7,163537.36,76.51,0.67,0.91,,29.46,25.93,14.56,Tier 3
S03008,Supplier_3008,,Automotive,51.66,3332.05,91.25,67915.37,5320.82,Partially Compliant,ISO 14001,60.95,2849.7,96.63,4.76,0.88,Yes,12.78,56.22,150.99,Tier 1
S03009,Supplier_3009,Thailand,Electronics,97.06,2717.81,98.75,71998.6,7788.84,Non-Compliant,ISO 45001,47.73,189511.42,85.69,3.86,0.77,Yes,49.7,14.06,55.26,Tier 2
S03010,Supplier_3010,Vietnam,,99.07,2520.48,87.85,98693.05,4970.26,Non-Compliant,ISO 9001,59.03,386730.13,77.87,0.25,0.37,No,20.53,9.66,68.22,Tier 2
S03011,Supplier_3011,Singapore,FMCG,68.24,3205.58,46.75,5519.79,7049.5,Compliant,None,43.03,402534.04,75.56,3.06,0.53,Yes,15.9,59.26,75.47,
S03012,Supplier_3012,Singapore,FMCG,45.8,222.58,49.52,54762.96,3651.84,Compliant,ISO 9001,14.53,186271.01,82.51,4.22,0.73,Yes,32.58,69.64,57.01,Tier 2
S03013,Supplier_3013,Thailand,Metals,84.54,836.65,90.04,1196.94,1809.34,Non-Compliant,ISO 14001,37.25,307572.88,88.93,1.24,0.37,No,24.42,18.36,170.39,Tier 2
S03014,Supplier_3014,Malaysia,Metals,80.58,1365.09,98.23,53601.74,8060.95,Compliant,ISO 45001,70.37,393451.31,90.05,0.92,0.66,No,7.29,59.84,15.95,Tier 2
S03015,Supplier_3015,Indonesia,Electronics,55.97,1996.47,N/A,10365.85,1340.94,Compliant,ISO 14001,47.42,147932.52,92.04,1.31,0.32,No,31.6,102.19,163.53,Tier 3
S03016,Supplier_3016,Indonesia,FMCG,63.4,3215.92,100.2,64826.84,9309.32,Partially Compliant,ISO 14001,70.35,188619.3,83.96,2.7,0.75,No,20.43,49.64,32.94,Tier 2
S03017,Supplier_3017,Singapore,Automotive,86.88,2572.48,31.44,87960.16,6041.58,Compliant,ISO 9001,87.37,176101.06,80.21,0.75,0.51,Yes,44.11,27.54,69.98,Tier 1
S03018,Supplier_3018,Singapore,Chemicals,81.66,2446.43,47.32,96072.6,5046.53,Partially Compliant,ISO 14001,66.72,290140.43,80.46,1.03,0.55,Yes,22.88,14.25,77.85,Tier 3
S03019,Supplier_3019,India,Textiles,62.89,1008.14,64.9,48226.48,6162.73,Non-Compliant,ISO 45001,37.09,11258.79,90.94,1.45,0.48,Yes,43.05,16.86,176.85,Tier 2
S03020,Supplier_3020,Indonesia,FMCG,71.36,1695.18,51.92,49541.76,5742.93,Partially Compliant,,7.16,301622.48,80.65,3.69,0.86,No,50.29,17.8,133.82,Tier 2
S03021,Supplier_3021,India,FMCG,47.85,1542.28,93.96,64266.31,5642.94,Partially Compliant,ISO 9001,40.53,173141.32,90.59,1.94,0.4,Yes,6.04,21.99,77.24,Tier 3
S03022,Supplier_3022,Vietnam,Electronics,43.47,1353.34,46.18,23616.97,8890.5,Non-Compliant,ISO 14001,52.09,273248.19,71.65,4.1,0.77,No,45.34,25.64,137.38,Tier 3
S03023,Supplier_3023,Vietnam,FMCG,60.63,2017.44,41.05,90518.38,4319.76,Non-Compliant,ISO 14001,66.62,482645.36,83.29,3.75,0.75,Yes,18.72,8.13,19.98,Tier 2
S03024,Supplier_3024,India,Plastics,87.56,2741.27,49.19,85836.54,4004.42,Compliant,ISO 45001,63.63,51420.19,82.85,5.06,0.57,Yes,13.27,38.62,104.12,Tier 2
S03025,Supplier_3025,Singapore,FMCG,73.06,1320.73,63.38,64240.81,5603.2,Partially Compliant,,33.39,73255.71,73.28,3.84,0.68,Yes,43.54,38.57,46.45,Tier 2
S03026,Supplier_3026,Malaysia,Electronics,81.88,214.14,93.21,33892.86,4734.92,Non-Compliant,ISO 45001,50.66,38526.44,98.04,0.79,0.41,Yes,47.83,13.78,38.91,Tier 2
S03027,Supplier_3027,Thailand,Automotive,76.28,2813.44,79.53,22682.88,8867.0,Partially Compliant,ISO 9001,90.93,330887.37,80.37,2.42,0.49,No,47.21,14.14,151.56,Tier 2
S03028,Supplier_3028,Malaysia,Plastics,88.51,1319.07,66.22,60772.86,4585.83,Partially Compliant,ISO 9001,29.71,13874.09,80.81,1.91,0.43,No,42.86,86.71,83.49,Tier 2
S03029,Supplier_3029,Malaysia,Automotive,62.42,N/A,80.33,100247.2,5176.76,Compliant,None,27.59,311785.75,80.56,1.33,0.92,Yes,11.3,5.9,104.2,Tier 2
S03030,Supplier_3030,India,Electronics,60.86,4825.38,70.94,56110.69,5408.36,Compliant,ISO 9001,10.81,27784.9,91.77,0.74,0.64,Yes,48.69,43.21,175.88,Tier 2
S03031,Supplier_3031,Malaysia,Chemicals,57.71,2392.71,75.3,60520.33,6410.86,Compliant,ISO 14001,76.19,374138.05,84.23,1.94,0.58,No,26.45,5.91,70.74,Tier 3
S03032,Supplier_3032,Thailand,FMCG,45.66,3425.1,N/A,22939.57,7089.75,Non-Compliant,ISO 14001,14.03,265284.5,87.73,2.71,0.42,Yes,45.92,22.01,204.44,Tier 2
S03033,Supplier_3033,Thailand,FMCG,43.75,4428.52,69.66,21216.62,7285.05,Non-Compliant,ISO 45001,64.6,230384.18,84.96,2.09,0.79,No,1.84,81.29,45.47,Tier 3
S03034,Supplier_3034,Singapore,Electronics,42.76,4634.74,54.18,26226.75,2555.97,Compliant,ISO 14001,31.25,202247.61,72.99,2.45,0.9,No,46.87,12.31,56.4,Tier 1
S03035,Supplier_3035,Malaysia,Metals,43.14,3244.51,70.07,59083.48,3923.94,Partially Compliant,ISO 9001,6.8,236774.14,70.32,0.23,0.93,No,36.75,45.77,59.97,Tier 3
S03036,Supplier_3036,Indonesia,Chemicals,55.12,3309.06,66.54,2110.5,4964.23,Non-Compliant,None,91.82,127513.25,71.2,4.78,0.31,No,1.85,69.99,155.89,Tier 1
S03037,Supplier_3037,China,FMCG,96.55,N/A,71.31,17167.17,7027.93,Partially Compliant,ISO 45001,11.16,7856.87,96.34,2.35,0.8,Yes,20.09,11.78,16.84,Tier 2
S03038,Supplier_3038,India,Automotive,85.32,4830.2,58.59,77206.69,3083.89,Non-Compliant,ISO 14001,45.64,486505.54,85.39,0.16,0.67,No,50.85,45.2,69.28,Tier 2
S03039,Supplier_3039,Thailand,Electronics,52.26,3548.96,46.38,48209.61,1997.62,Compliant,ISO 45001,13.02,101886.77,77.7,1.4,0.99,Yes,14.46,55.01,178.94,Tier 1
S03040,Supplier_3040,Vietnam,Automotive,N/A,3657.03,63.25,69548.35,6028.49,Partially Compliant,ISO 14001,74.77,269535.74,69.85,0.34,0.87,Yes,48.06,75.35,189.97,Tier 3
S03041,Supplier_3041,Vietnam,Plastics,68.84,1880.71,86.57,90007.35,2470.5,Non-Compliant,ISO 14001,47.59,472294.29,90.16,1.01,0.65,Yes,36.78,70.97,20.16,Tier 2
S03042,Supplier_3042,Malaysia,Chemicals,56.01,246.04,46.88,13256.23,9117.79,Compliant,None,80.02,395045.94,89.05,2.68,0.83,Yes,19.61,48.32,7.75,Tier 2
S03043,Supplier_3043,Indonesia,,84.37,3497.15,30.3,1183.09,7548.84,Non-Compliant,ISO 14001,8.64,419180.43,82.92,3.22,0.34,Yes,10.96,40.55,171.9,Tier 3
S03044,Supplier_3044,Malaysia,Automotive,74.11,378.69,42.61,30227.12,830.56,Partially Compliant,ISO 45001,39.28,4731.71,101.82,2.31,0.55,Yes,5.39,43.68,185.15,Tier 1
S03045,Supplier_3045,Malaysia,Automotive,78.87,3913.93,57.68,65242.19,7251.66,Partially Compliant,ISO 14001,72.82,29216.1,83.93,4.76,0.55,Yes,39.13,30.76,105.97,Tier 3
S03046,Supplier_3046,China,Chemicals,56.0,1621.62,81.1,44270.45,9679.48,Partially Compliant,ISO 14001,58.49,14512.08,97.25,1.88,0.52,No,19.32,70.43,173.53,Tier 3
S03047,Supplier_3047,India,Plastics,77.12,2796.63,38.42,32993.12,4295.67,Non-Compliant,ISO 45001,47.48,276234.32,76.6,3.64,0.6,No,43.33,49.4,180.87,Tier 3
S03048,Supplier_3048,Vietnam,,92.62,2500.69,32.21,57127.21,1665.94,Partially Compliant,None,85.06,242781.78,80.28,2.47,0.58,Yes,25.5,38.39,132.74,Tier 1
S03049,Supplier_3049,Indonesia,FMCG,N/A,2713.02,50.81,49092.82,3593.91,Partially Compliant,ISO 9001,85.09,86614.59,87.24,4.88,0.49,Yes,11.85,74.3,120.41,Tier 2
S03050,Supplier_3050,Singapore,Chemicals,68.28,1997.95,58.94,70062.37,1787.65,,None,47.07,328297.16,79.85,2.02,0.48,Yes,17.07,99.58,138.43,Tier 3
S03051,Supplier_3051,Thailand,Plastics,72.06,1760.5,51.88,43323.38,6065.67,Partially Compliant,ISO 9001,84.34,168591.85,97.35,3.24,0.95,No,44.27,23.03,61.45,Tier 3
S03052,Supplier_3052,Indonesia,Textiles,66.45,2502.88,99.13,97864.95,2723.48,Non-Compliant,ISO 45001,26.04,339205.62,94.36,3.03,0.99,No,43.94,77.52,59.75,Tier 2
S03053,Supplier_3053,Singapore,Automotive,81.4,2665.39,68.61,7650.6,627.82,Partially Compliant,ISO 45001,33.93,487086.14,86.51,4.53,0.8,No,18.69,27.76,122.06,Tier 2
S03054,Supplier_3054,China,Chemicals,67.93,123.49,84.21,33140.45,7860.58,Compliant,ISO 9001,64.65,210156.94,77.58,4.68,0.48,No,11.96,71.23,82.6,Tier 2
S03055,Supplier_3055,India,Metals,41.1,3129.4,43.0,22296.77,9456.16,Compliant,ISO 14001,59.78,395267.04,86.97,4.69,1.01,Yes,16.39,50.34,120.44,Tier 1
S03056,Supplier_3056,Singapore,Plastics,60.22,4327.48,61.54,10264.63,8740.19,Partially Compliant,ISO 14001,48.23,253018.55,72.56,0.31,0.6,No,26.85,21.5,136.59,Tier 3
S03057,Supplier_3057,Malaysia,Textiles,61.5,2170.32,75.57,36670.7,3221.02,Non-Compliant,ISO 45001,67.33,428456.39,93.41,1.9,0.36,Yes,37.98,74.02,131.78,Tier 3
S03058,Supplier_3058,Vietnam,Automotive,88.68,445.28,35.74,26437.41,10338.84,Non-Compliant,None,65.68,346606.44,75.85,3.86,0.53,No,25.04,67.17,57.75,Tier 3
S03059,Supplier_3059,Thailand,Automotive,90.08,707.85,79.12,81180.97,8307.35,Compliant,ISO 9001,89.33,160814.57,72.58,2.24,0.71,Yes,13.04,2.93,104.88,Tier 3
S03060,Supplier_3060,Thailand,Automotive,54.84,1111.09,50.93,48668.58,8545.84,Non-Compliant,ISO 45001,71.61,402512.59,83.48,3.37,0.8,Yes,15.17,32.34,67.02,Tier 2
S03061,Supplier_3061,Thailand,Automotive,87.19,3228.28,50.69,73638.67,1342.12,Non-Compliant,None,61.58,320265.56,89.73,2.51,0.86,No,0.6,66.82,147.49,Tier 1
S03062,Supplier_3062,India,Electronics,52.34,2806.32,101.54,95859.19,7133.4,Non-Compliant,,58.57,205883.52,93.63,2.67,0.68,Yes,36.17,101.47,145.38,Tier 3
S03063,Supplier_3063,India,Metals,68.06,888.42,61.61,53716.55,8533.3,Partially Compliant,,68.17,322733.38,84.98,3.37,0.57,Yes,42.18,4.31,106.5,Tier 1
S03064,Supplier_3064,Indonesia,Plastics,87.82,1201.91,34.88,4464.15,5492.08,Non-Compliant,ISO 45001,83.23,29390.08,73.68,3.15,0.98,Yes,40.46,52.65,186.75,Tier 2
S03065,Supplier_3065,India,Metals,89.44,3223.79,75.27,75212.31,7542.53,Non-Compliant,ISO 14001,83.15,114762.79,79.71,4.51,0.77,Yes,18.74,44.14,179.55,Tier 3
S03066,Supplier_3066,Vietnam,,84.54,1744.81,97.41,2948.43,7306.85,Non-Compliant,None,21.2,377094.57,88.44,2.39,0.75,No,4.82,65.06,15.15,Tier 3
S03067,Supplier_3067,,FMCG,85.93,3985.63,53.45,100747.38,3734.55,Partially Compliant,ISO 14001,5.89,3305.88,92.98,2.46,0.6,Yes,46.16,14.53,82.36,Tier 2
S03068,Supplier_3068,Indonesia,Metals,51.2,683.96,33.16,9196.97,5684.45,Compliant,ISO 14001,50.3,10761.87,83.46,3.49,0.46,No,36.79,37.25,40.13,Tier 2
S03069,Supplier_3069,Indonesia,Electronics,64.63,3298.88,98.88,12295.89,9250.61,Partially Compliant,ISO 14001,74.07,113958.86,81.3,2.56,0.85,Yes,39.02,88.32,28.91,Tier 1
S03070,Supplier_3070,Vietnam,Plastics,88.39,3438.5,53.18,34497.77,9651.89,Non-Compliant,ISO 45001,74.67,506121.73,72.27,2.23,0.37,Yes,6.19,77.54,48.62,
S03071,Supplier_3071,China,Chemicals,62.86,2140.72,44.8,9035.64,7145.16,Partially Compliant,None,82.88,333896.28,101.25,3.79,0.52,Yes,25.47,46.26,78.17,Tier 3
S03072,Supplier_3072,Indonesia,FMCG,93.32,3962.07,68.42,70614.19,2932.56,Partially Compliant,ISO 14001,62.96,362888.96,92.33,3.27,0.89,No,23.38,92.9,96.32,Tier 3
S03073,Supplier_3073,Vietnam,FMCG,63.7,1418.7,60.9,20772.51,6290.99,Partially Compliant,ISO 14001,13.3,399878.3,99.8,1.97,0.84,Yes,32.6,70.19,106.7,Tier 1
S03074,Supplier_3074,Thailand,Metals,84.83,1288.66,59.08,64168.75,2941.64,Partially Compliant,None,23.38,109643.27,88.76,4.53,0.32,No,21.15,4.38,180.26,Tier 1
S03075,Supplier_3075,Indonesia,Textiles,61.81,1686.29,94.58,60634.9,7554.63,Compliant,None,51.05,26432.71,70.75,2.81,0.63,Yes,18.95,14.67,104.37,Tier 1
S03076,Supplier_3076,Indonesia,FMCG,94.21,4822.02,83.26,56844.42,576.68,Partially Compliant,ISO 14001,47.34,359409.58,88.52,3.5,0.56,,9.63,54.01,134.26,Tier 1
S03077,Supplier_3077,Vietnam,Automotive,69.68,1138.94,59.56,87673.43,3053.99,Compliant,ISO 9001,75.77,134976.43,70.79,2.91,0.89,,44.66,40.38,54.05,Tier 2
S03078,Supplier_3078,Singapore,FMCG,71.71,918.76,65.15,95641.99,4784.06,Partially Compliant,ISO 9001,31.66,381428.74,86.45,2.93,0.66,No,50.79,28.14,123.4,Tier 2
S03079,Supplier_3079,Malaysia,Automotive,54.17,3666.76,45.82,49712.01,9479.63,Compliant,ISO 45001,51.62,99333.66,80.68,4.38,0.42,No,20.23,1.43,183.31,Tier 2
S03080,Supplier_3080,India,Textiles,52.27,4998.59,61.86,15670.14,301.24,Compliant,ISO 9001,53.79,344365.9,74.59,2.71,0.9,Yes,4.5,63.22,127.65,Tier 2
S03081,Supplier_3081,China,FMCG,70.52,2727.52,102.8,35510.35,824.21,Non-Compliant,ISO 9001,68.64,52039.64,99.43,4.47,0.45,No,51.96,58.19,75.16,Tier 1
S03082,Supplier_3082,Singapore,FMCG,72.65,N/A,93.84,21637.62,7386.39,Partially Compliant,ISO 14001,72.87,182358.5,92.1,0.39,0.94,Yes,7.82,98.98,142.91,Tier 2
S03083,Supplier_3083,Indonesia,Textiles,65.28,1672.18,41.47,57770.28,3362.18,Non-Compliant,None,27.38,479507.83,99.55,4.24,0.87,No,7.16,17.96,33.29,Tier 1
S03084,Supplier_3084,Indonesia,Metals,69.42,4538.8,83.46,20767.18,966.27,Partially Compliant,ISO 45001,74.77,355396.23,89.81,3.16,1.0,No,43.38,27.86,6.96,Tier 2
S03085,Supplier_3085,China,Automotive,65.14,2204.83,64.04,7401.36,8299.81,Partially Compliant,ISO 9001,7.58,174024.18,76.21,2.65,0.46,No,18.07,90.32,42.56,Tier 1
S03086,Supplier_3086,China,Electronics,43.43,N/A,44.3,28207.37,9575.3,Non-Compliant,None,25.86,60976.83,98.38,2.97,0.43,No,27.17,34.21,111.06,Tier 1
S03087,Supplier_3087,India,Plastics,90.67,1048.48,101.05,38998.8,7723.06,Partially Compliant,ISO 45001,20.14,502204.98,86.65,3.48,0.87,No,3.39,69.13,189.56,Tier 2
S03088,Supplier_3088,,FMCG,92.79,2151.26,51.5,83707.93,8642.89,Non-Compliant,ISO 9001,68.34,24339.3,99.28,0.73,0.75,No,22.49,58.89,189.56,Tier 3
S03089,Supplier_3089,Indonesia,FMCG,71.29,3463.8,47.79,31468.26,7747.86,Compliant,,49.6,190135.76,90.35,0.21,0.74,Yes,46.71,73.44,136.11,Tier 1
S03090,Supplier_3090,Malaysia,Chemicals,68.58,2927.72,93.26,49486.43,1932.54,Partially Compliant,ISO 9001,46.74,161253.67,95.28,1.38,0.58,No,20.09,89.24,2.01,Tier 1
S03091,Supplier_3091,Singapore,Electronics,90.66,3233.93,80.95,80247.98,9206.09,Non-Compliant,ISO 14001,23.15,422874.37,73.75,3.5,0.4,No,43.68,15.98,101.5,Tier 2
S03092,Supplier_3092,China,Textiles,63.31,3559.03,67.99,46986.26,3152.84,Non-Compliant,ISO 9001,86.88,99489.91,72.19,3.26,0.8,Yes,8.73,16.98,65.73,Tier 1
S03093,Supplier_3093,Indonesia,Electronics,48.62,3600.21,88.25,78385.14,2038.09,Partially Compliant,ISO 14001,21.16,214474.41,86.72,3.14,0.43,No,28.37,31.12,37.75,Tier 2
S03094,Supplier_3094,Thailand,Electronics,59.51,2827.39,101.57,97169.17,1207.01,Non-Compliant,None,82.9,84093.69,74.99,0.16,0.6,No,2.87,72.51,8.42,Tier 1
S03095,Supplier_3095,Singapore,Automotive,78.03,4202.02,87.31,67034.07,6105.0,Partially Compliant,,17.03,409398.86,91.53,3.52,0.67,No,33.13,57.05,178.59,Tier 2
S03096,Supplier_3096,Thailand,Electronics,67.55,3346.0,49.35,60376.5,8535.07,Compliant,None,57.75,25791.25,99.43,1.68,0.61,Yes,44.05,35.83,149.85,Tier 2
S03097,Supplier_3097,Indonesia,FMCG,92.42,4591.17,69.25,70497.71,3065.14,Non-Compliant,None,78.8,401810.86,86.92,1.29,0.61,,28.27,40.3,160.88,Tier 3
S03098,Supplier_3098,China,Chemicals,95.03,858.36,85.1,3899.73,1806.72,Partially Compliant,ISO 14001,20.56,46357.93,97.63,4.3,1.04,Yes,44.54,23.12,12.24,Tier 3
S03099,Supplier_3099,,FMCG,75.55,3165.3,46.35,94369.33,1208.75,Compliant,ISO 14001,89.88,148903.85,86.18,2.77,0.56,No,27.03,91.91,117.06,Tier 3
S03100,Supplier_3100,Malaysia,Chemicals,76.72,4498.67,33.21,75288.63,1839.98,Non-Compliant,ISO 9001,35.79,254589.28,88.71,3.61,0.49,No,10.11,64.31,64.9,Tier 1
S03101,Supplier_3101,Vietnam,FMCG,85.06,1275.66,55.96,35363.39,7309.99,Non-Compliant,ISO 45001,51.91,502957.08,72.85,4.02,0.59,No,32.6,13.67,132.25,Tier 1
S03102,Supplier_3102,Indonesia,Electronics,54.94,3759.29,72.36,97471.34,990.31,Compliant,ISO 45001,19.1,475568.94,85.04,3.31,0.55,No,25.68,46.89,134.38,Tier 2
S03103,Supplier_3103,China,Automotive,90.71,3190.85,47.66,43476.77,8418.28,Partially Compliant,None,9.55,15448.31,87.51,4.3,0.43,No,33.19,8.94,198.35,Tier 2
S03104,Supplier_3104,Thailand,,89.58,3190.51,48.54,91205.23,9791.68,Partially Compliant,ISO 9001,79.84,155898.08,74.82,0.37,0.72,No,40.47,16.13,148.09,Tier 2
S03105,Supplier_3105,Malaysia,Electronics,76.65,1003.57,62.1,1743.42,2177.35,Partially Compliant,ISO 14001,40.48,60949.87,74.08,0.58,0.58,Yes,2.86,84.7,34.31,
S03106,Supplier_3106,India,Textiles,89.51,3937.45,56.08,93794.87,192.65,Non-Compliant,ISO 9001,56.63,296161.17,76.6,4.69,0.43,No,46.53,47.95,170.25,Tier 3
S03107,Supplier_3107,India,Electronics,66.89,1601.93,42.69,29113.45,2764.01,Compliant,ISO 9001,60.44,236720.26,94.19,2.98,0.84,Yes,6.18,93.78,179.39,Tier 2
S03108,Supplier_3108,,FMCG,58.77,3936.89,59.76,18735.38,6455.85,Partially Compliant,ISO 9001,67.04,348442.54,74.88,5.18,0.85,No,2.29,88.58,86.74,Tier 1
S03109,Supplier_3109,Malaysia,Chemicals,48.23,1820.46,90.14,35115.47,2633.0,Non-Compliant,ISO 14001,15.15,418916.67,90.23,3.23,0.98,Yes,5.81,76.76,72.17,Tier 3
S03110,Supplier_3110,Thailand,Plastics,96.79,2595.34,66.02,80534.48,1290.68,Partially Compliant,ISO 14001,73.3,284188.19,74.68,3.72,0.9,No,7.95,37.86,116.59,Tier 1
S03111,Supplier_3111,Vietnam,FMCG,86.08,3840.42,90.69,28049.16,8819.21,Compliant,None,62.89,28014.47,91.33,0.57,0.79,Yes,32.41,20.35,42.61,Tier 1
S03112,Supplier_3112,Indonesia,Metals,57.97,3423.11,70.26,4723.73,1262.54,Non-Compliant,ISO 14001,60.25,275013.86,94.62,3.02,0.87,Yes,43.88,73.14,124.77,Tier 1
S03113,Supplier_3113,India,Plastics,44.41,1492.17,66.14,69282.99,541.88,Partially Compliant,ISO 14001,76.87,177258.41,94.47,1.12,0.81,No,42.21,101.6,132.38,Tier 1
S03114,Supplier_3114,China,Chemicals,49.84,4563.28,82.95,49750.79,1979.18,Non-Compliant,ISO 45001,43.18,169022.21,93.61,4.55,0.78,Yes,37.23,61.5,36.85,Tier 2
S03115,Supplier_3115,Malaysia,Electronics,46.04,3131.25,73.67,36898.82,2553.76,Partially Compliant,ISO 14001,80.49,406464.76,72.78,2.69,0.72,No,7.96,48.21,199.54,Tier 2
S03116,Supplier_3116,Malaysia,Electronics,46.12,4134.71,101.85,90621.73,5380.95,Compliant,None,44.7,158083.76,95.31,4.33,0.86,No,21.84,47.95,156.4,Tier 3
S03117,Supplier_3117,China,Textiles,77.82,4456.54,37.36,88767.35,9468.87,Non-Compliant,ISO 45001,28.73,401735.15,73.38,0.29,0.37,No,34.12,23.41,97.99,Tier 3
S03118,Supplier_3118,,Metals,79.73,4960.35,69.48,98317.15,3527.33,Partially Compliant,ISO 45001,15.21,170550.09,98.87,4.16,0.93,Yes,20.34,3.0,136.69,Tier 3
S03119,Supplier_3119,Vietnam,Automotive,47.97,159.57,54.69,42693.85,6665.83,Partially Compliant,ISO 45001,67.75,391054.2,84.86,1.35,0.64,Yes,14.08,51.55,92.15,Tier 3
S03120,Supplier_3120,Malaysia,Textiles,66.4,484.23,64.67,13124.14,7444.66,Compliant,ISO 14001,82.07,225820.2,80.96,1.22,0.41,No,36.81,50.04,160.0,
S03121,Supplier_3121,Malaysia,Automotive,68.26,1489.06,55.42,26466.22,9154.35,Partially Compliant,ISO 14001,86.29,453327.17,94.5,1.27,0.34,No,1.02,82.55,65.16,Tier 2
S03122,Supplier_3122,Malaysia,Plastics,54.96,294.3,92.53,13255.44,1395.74,Non-Compliant,None,38.32,150545.28,82.49,0.44,0.33,No,28.87,21.98,92.24,Tier 3
S03123,Supplier_3123,Malaysia,Metals,69.42,641.58,79.38,49145.94,2962.07,Compliant,ISO 14001,67.63,261208.37,71.77,2.44,0.6,Yes,23.46,44.62,162.24,Tier 1
S03124,Supplier_3124,Singapore,Plastics,62.52,4185.69,67.28,32093.35,2944.5,Compliant,ISO 14001,37.14,454933.91,90.99,2.83,0.74,Yes,4.9,71.78,18.01,Tier 3
S03125,Supplier_3125,Malaysia,Textiles,74.44,128.35,55.41,53300.85,7962.36,Compliant,ISO 9001,43.84,513621.4,84.84,0.82,0.74,,38.68,63.49,74.79,Tier 3
S03126,Supplier_3126,Thailand,,58.11,310.74,97.3,29432.64,2334.19,Compliant,ISO 14001,84.44,441946.68,87.77,2.51,0.79,Yes,33.4,42.81,52.95,Tier 2
S03127,Supplier_3127,Malaysia,Automotive,44.13,4923.12,73.46,65078.84,4492.28,Compliant,,62.61,35757.66,74.33,5.01,0.92,No,9.96,0.27,153.12,Tier 2
S03128,Supplier_3128,Singapore,Metals,44.97,1182.06,95.99,16634.3,891.66,Partially Compliant,ISO 45001,24.36,150464.94,91.49,3.26,0.99,Yes,3.33,1.08,72.87,Tier 2
S03129,Supplier_3129,Singapore,Textiles,77.19,4750.77,46.51,11841.87,9291.76,Partially Compliant,ISO 14001,34.33,35475.8,72.84,0.81,0.61,Yes,20.7,21.04,190.93,Tier 2
S03130,Supplier_3130,Thailand,Textiles,42.02,2823.11,74.34,41640.91,681.79,Compliant,ISO 9001,53.39,197768.62,73.86,1.49,0.86,No,4.75,91.99,0.96,Tier 1
S03131,Supplier_3131,Indonesia,Metals,66.0,4006.73,49.38,55194.65,1173.77,Non-Compliant,ISO 45001,71.45,325882.83,96.38,1.98,0.76,No,33.4,81.11,146.03,Tier 1
S03132,Supplier_3132,China,Automotive,91.69,1798.49,60.65,71343.37,7775.1,Partially Compliant,ISO 9001,43.27,402639.28,94.51,3.68,0.64,,43.22,41.58,44.24,Tier 3
S03133,Supplier_3133,Indonesia,Automotive,51.71,2728.51,83.2,38018.65,2914.79,Compliant,ISO 45001,67.31,201863.46,78.58,4.33,0.6,No,40.7,16.71,93.53,Tier 3
S03134,Supplier_3134,Thailand,Automotive,93.31,1438.04,43.8,59372.29,8534.16,Compliant,ISO 9001,6.14,469336.44,89.08,1.76,0.73,,42.55,86.72,147.21,Tier 1
S03135,Supplier_3135,Indonesia,Electronics,76.25,881.18,68.93,21581.15,7870.67,Non-Compliant,ISO 14001,16.86,218830.99,91.2,2.53,0.37,No,14.46,75.34,6.77,Tier 2
S03136,Supplier_3136,Vietnam,Plastics,62.42,420.36,85.61,97643.62,7041.92,,ISO 9001,12.74,370483.73,98.29,2.99,0.35,No,11.47,77.81,204.93,Tier 1
S03137,Supplier_3137,Singapore,FMCG,92.2,1709.05,46.99,32352.65,362.59,Partially Compliant,ISO 9001,18.87,200204.92,91.36,1.51,0.86,Yes,25.62,21.66,45.76,Tier 1
S03138,Supplier_3138,Singapore,Plastics,80.7,2406.54,91.31,24561.17,7785.77,Partially Compliant,ISO 14001,59.91,40986.76,92.62,2.78,1.03,,23.24,83.1,81.44,Tier 3
S03139,Supplier_3139,Thailand,Automotive,51.82,3801.62,48.13,79450.5,1391.26,Partially Compliant,None,10.01,195214.74,91.52,4.73,0.56,Yes,30.61,65.82,84.45,Tier 2
S03140,Supplier_3140,Indonesia,Automotive,50.38,3670.87,48.36,86205.11,907.1,Non-Compliant,None,20.56,511112.07,73.6,1.18,0.58,No,8.34,72.56,135.64,Tier 2
S03141,Supplier_3141,China,Plastics,57.67,4633.53,61.87,60314.37,8573.83,Non-Compliant,ISO 45001,26.68,218801.79,82.01,4.78,0.75,,3.53,30.95,153.68,Tier 1
S03142,Supplier_3142,Vietnam,Chemicals,84.14,2404.52,29.53,78811.75,293.71,Non-Compliant,ISO 45001,65.5,280986.5,89.12,3.07,0.95,No,2.54,76.03,136.7,Tier 2
S03143,Supplier_3143,Malaysia,Chemicals,50.68,1532.94,77.5,46196.82,6584.29,Partially Compliant,ISO 45001,24.5,517595.91,77.52,2.24,0.33,Yes,12.8,1.7,169.57,Tier 2
S03144,Supplier_3144,Vietnam,FMCG,95.76,1741.55,67.55,95669.88,8655.15,Partially Compliant,ISO 45001,36.72,469040.49,96.88,1.71,0.56,Yes,1.96,22.45,121.07,Tier 2
S03145,Supplier_3145,Singapore,FMCG,39.94,1314.11,56.35,39756.22,4443.53,Partially Compliant,ISO 45001,83.29,257266.7,81.79,0.3,0.86,Yes,44.55,8.72,3.21,Tier 1
S03146,Supplier_3146,China,,55.87,3814.27,43.86,11633.5,8131.36,Partially Compliant,ISO 14001,13.01,163443.44,82.73,2.26,0.3,Yes,43.03,16.01,35.07,Tier 2
S03147,Supplier_3147,China,Chemicals,87.64,3509.74,37.23,55617.7,7459.39,Compliant,None,51.37,70243.22,95.02,2.24,0.47,No,1.97,47.51,38.51,Tier 1
S03148,Supplier_3148,Indonesia,Chemicals,53.28,2885.04,66.27,61529.57,6950.56,,ISO 14001,85.63,419561.9,93.26,2.46,0.98,,21.31,28.22,53.25,Tier 3
S03149,Supplier_3149,Singapore,Electronics,55.16,2792.95,53.91,51539.81,2614.8,Partially Compliant,None,34.98,249198.82,82.86,1.54,0.87,No,34.34,58.1,134.61,Tier 3
S03150,Supplier_3150,Singapore,FMCG,68.7,3374.07,68.71,91304.35,6212.2,Partially Compliant,None,59.04,494622.19,94.82,1.73,0.95,No,39.11,63.27,119.47,Tier 3
S03151,Supplier_3151,Malaysia,Metals,63.67,2329.38,49.41,13785.13,1462.63,Partially Compliant,ISO 14001,49.27,491075.97,79.11,1.2,1.0,No,16.12,29.02,133.72,Tier 3
S03152,Supplier_3152,China,Plastics,60.24,208.49,43.78,3754.42,455.96,,None,42.56,485637.59,86.2,3.14,0.86,Yes,4.37,41.94,90.31,Tier 3
S03153,Supplier_3153,Vietnam,Electronics,75.58,662.59,93.82,24852.83,3254.26,Compliant,ISO 45001,58.01,146101.18,92.65,1.45,0.76,Yes,16.87,24.28,202.05,Tier 1
S03154,Supplier_3154,Vietnam,FMCG,54.18,1521.69,56.34,12460.41,9238.93,Compliant,,29.7,95779.74,70.91,3.09,0.48,No,32.58,86.46,23.43,Tier 2
S03155,Supplier_3155,Thailand,Textiles,59.76,1447.44,43.78,4991.0,1720.28,Compliant,ISO 9001,8.07,298953.24,84.73,2.12,0.87,Yes,1.79,54.78,137.85,Tier 3
S03156,Supplier_3156,Vietnam,Automotive,77.67,686.59,77.33,93741.67,4108.78,Partially Compliant,None,76.76,183383.03,98.07,3.64,0.98,No,44.41,42.53,65.07,Tier 2
S03157,Supplier_3157,China,Textiles,40.91,4821.46,80.66,26425.1,9715.46,Compliant,ISO 14001,32.03,448199.37,83.66,4.17,0.49,No,36.83,78.7,127.1,Tier 3
S03158,Supplier_3158,China,Electronics,50.67,4467.32,39.47,60437.22,8373.67,Partially Compliant,None,8.2,294517.22,80.12,2.11,0.34,Yes,15.59,82.24,90.22,Tier 1
S03159,Supplier_3159,India,Metals,65.09,2927.04,52.67,78099.87,6910.78,Partially Compliant,None,15.48,120591.18,92.71,3.34,0.41,No,34.23,103.63,111.51,Tier 2
S03160,Supplier_3160,Singapore,Electronics,53.84,3517.56,39.9,1545.69,8697.34,Partially Compliant,None,92.95,336799.02,83.25,2.23,0.57,No,13.78,25.14,59.5,Tier 1
S03161,Supplier_3161,China,Plastics,92.25,935.15,92.43,12645.63,9050.66,Compliant,None,32.14,199653.37,94.18,4.6,0.86,No,7.31,36.4,135.67,Tier 1
S03162,Supplier_3162,,Automotive,95.27,1627.97,40.32,18137.47,2783.77,,ISO 45001,26.88,213808.66,73.46,4.86,0.34,No,44.5,19.54,28.71,Tier 1
S03163,Supplier_3163,Indonesia,Automotive,87.44,4284.19,86.75,47881.71,2874.9,Compliant,ISO 14001,64.8,53230.13,75.37,4.38,0.51,Yes,25.48,97.98,47.23,Tier 3
S03164,Supplier_3164,Malaysia,Textiles,48.36,1779.71,39.55,18783.96,7799.94,Partially Compliant,None,24.95,333808.86,76.49,4.6,0.43,Yes,16.33,19.8,103.48,Tier 2
S03165,Supplier_3165,Malaysia,Textiles,82.33,1143.33,79.55,61945.18,1999.91,Compliant,ISO 9001,43.57,200962.31,75.83,2.37,0.5,Yes,46.63,34.83,14.09,Tier 3
S03166,Supplier_3166,Indonesia,FMCG,50.97,2625.38,63.19,39126.06,4417.84,Partially Compliant,ISO 45001,7.35,372815.62,93.07,3.14,0.95,Yes,42.05,6.21,177.16,Tier 2
S03167,Supplier_3167,Singapore,Textiles,84.52,1476.48,49.59,24434.88,9620.45,Compliant,None,79.99,178960.81,84.05,4.9,0.34,,9.06,37.29,190.25,Tier 2
S03168,Supplier_3168,Thailand,Electronics,79.13,2735.75,45.46,93362.79,530.6,Compliant,ISO 9001,23.37,353174.34,73.44,0.77,0.56,No,26.29,41.26,173.74,Tier 2
S03169,Supplier_3169,Thailand,Electronics,58.07,4158.73,65.06,95351.75,8844.34,Partially Compliant,None,79.21,253023.04,90.91,4.91,0.71,Yes,42.88,77.65,62.14,Tier 2
S03170,Supplier_3170,India,Metals,69.05,3146.37,48.95,16869.1,5719.93,Partially Compliant,ISO 9001,85.77,193345.92,97.94,4.15,0.41,Yes,29.8,33.54,60.21,Tier 2
S03171,Supplier_3171,Vietnam,Chemicals,41.01,N/A,54.96,48387.9,7139.39,Compliant,ISO 14001,17.64,152595.75,94.25,0.92,0.48,No,14.21,77.22,155.66,Tier 1
S03172,Supplier_3172,Singapore,Plastics,83.35,4392.54,31.89,34121.33,5700.89,Partially Compliant,ISO 45001,71.92,376244.58,82.21,2.72,0.61,No,10.29,49.45,113.27,Tier 2
S03173,Supplier_3173,China,FMCG,59.11,1325.18,37.44,44537.86,2512.53,Non-Compliant,None,20.17,333323.5,85.37,4.13,0.69,No,46.7,50.28,54.95,Tier 2
S03174,Supplier_3174,Thailand,Chemicals,56.9,1103.93,78.7,9551.97,2255.8,Non-Compliant,ISO 14001,27.34,395130.21,95.36,0.93,0.98,Yes,1.57,24.88,190.7,Tier 1
S03175,Supplier_3175,Vietnam,Textiles,68.27,4453.64,41.75,95140.43,9390.01,Compliant,ISO 45001,27.22,487177.06,97.4,2.48,0.33,No,14.48,51.88,26.71,Tier 1
S03176,Supplier_3176,Thailand,Plastics,45.54,3027.98,44.01,19151.96,5782.13,Compliant,ISO 9001,80.04,294030.66,95.87,2.49,0.86,Yes,26.29,44.21,134.1,Tier 2
S03177,Supplier_3177,Singapore,Automotive,42.38,2040.2,75.26,51809.05,2766.14,,ISO 14001,23.93,279218.41,88.73,1.76,0.63,Yes,32.5,4.85,89.85,Tier 2
S03178,Supplier_3178,Malaysia,Electronics,71.64,4585.73,81.63,82601.83,7599.79,Partially Compliant,ISO 9001,69.69,57934.39,99.72,0.31,0.81,Yes,33.89,79.78,76.8,Tier 1
S03179,Supplier_3179,China,,43.55,657.82,63.58,15479.23,10025.21,Compliant,ISO 9001,31.42,251559.91,97.43,3.21,0.72,Yes,46.84,7.05,84.73,Tier 1
S03180,Supplier_3180,Indonesia,Plastics,61.25,1852.21,42.0,85032.07,9956.4,Non-Compliant,ISO 14001,25.76,167732.71,90.64,1.27,0.48,No,6.98,45.61,28.98,Tier 3
S03181,Supplier_3181,Malaysia,,58.43,2211.75,75.84,61688.62,5804.03,Non-Compliant,None,7.11,312899.24,69.93,2.42,0.55,Yes,1.73,77.74,78.96,Tier 1
S03182,Supplier_3182,Thailand,Chemicals,86.07,3772.2,77.76,65060.44,6365.06,Partially Compliant,None,27.61,412648.75,81.36,2.84,0.63,Yes,46.58,37.28,167.07,Tier 1
S03183,Supplier_3183,Thailand,Automotive,40.48,1776.23,54.83,61652.94,392.32,,None,48.4,290307.05,100.58,4.72,0.32,Yes,16.09,33.81,162.15,Tier 1
S03184,Supplier_3184,Vietnam,Textiles,74.13,4150.05,60.06,66408.56,3023.97,Non-Compliant,ISO 14001,17.02,46345.87,92.91,4.03,0.87,Yes,39.41,76.09,34.94,Tier 3
S03185,Supplier_3185,China,Chemicals,60.93,1695.27,36.26,57148.62,1457.37,Non-Compliant,ISO 9001,5.32,389538.53,77.14,3.22,0.39,Yes,3.78,59.53,69.68,Tier 1
S03186,Supplier_3186,Thailand,Automotive,74.2,480.58,32.27,74788.49,2919.7,Non-Compliant,ISO 14001,32.19,161574.48,92.04,4.04,0.66,Yes,1.79,38.02,79.05,Tier 1
S03187,Supplier_3187,Thailand,Plastics,62.23,2225.04,102.93,6761.05,4801.7,Compliant,ISO 45001,59.33,94436.0,74.31,1.33,0.4,Yes,47.9,7.21,191.1,Tier 2
S03188,Supplier_3188,Indonesia,Chemicals,43.52,974.2,76.99,43170.39,7369.78,Compliant,ISO 45001,45.26,370210.51,98.77,1.33,0.61,No,45.93,88.77,0.63,Tier 1
S03189,Supplier_3189,Thailand,Automotive,48.42,3926.35,70.65,96611.7,4856.12,Partially Compliant,ISO 9001,10.44,111173.14,82.01,3.91,0.57,Yes,11.29,59.87,149.68,Tier 3
S03190,Supplier_3190,China,FMCG,72.21,4689.58,42.79,95077.34,1980.71,Compliant,ISO 14001,13.97,446889.18,94.4,2.14,0.38,No,30.64,64.86,102.23,Tier 1
S03191,Supplier_3191,Malaysia,Metals,44.47,1191.56,43.15,65667.45,1025.52,Partially Compliant,None,76.4,112432.49,84.5,3.45,0.57,Yes,32.61,75.27,68.67,Tier 1
S03192,Supplier_3192,Vietnam,Electronics,69.07,2701.56,84.55,15913.64,2852.16,Non-Compliant,None,43.26,251238.51,73.21,3.49,0.43,No,31.1,10.65,0.63,Tier 1
S03193,Supplier_3193,Indonesia,Chemicals,85.43,N/A,37.96,89776.44,4108.7,Non-Compliant,ISO 45001,45.58,139436.87,97.5,3.11,0.35,No,10.82,91.09,114.54,Tier 3
S03194,Supplier_3194,Singapore,Electronics,42.97,2132.38,66.93,34467.93,4993.69,Partially Compliant,None,15.78,37630.24,88.7,2.58,0.67,No,42.24,32.06,38.41,Tier 3
S03195,Supplier_3195,Singapore,FMCG,56.14,4635.38,63.93,84575.78,2338.99,Partially Compliant,None,74.15,267210.98,77.08,2.8,0.51,Yes,51.44,77.12,21.65,Tier 2
S03196,Supplier_3196,Thailand,Automotive,52.8,5097.86,63.98,31053.97,7986.87,Non-Compliant,ISO 14001,6.01,170156.28,83.41,0.75,0.93,No,13.23,57.17,175.18,Tier 2
S03197,Supplier_3197,Thailand,Automotive,71.51,2225.57,98.53,89781.81,4517.94,Partially Compliant,ISO 9001,64.51,450710.66,89.9,3.2,0.79,No,29.23,45.15,55.86,Tier 2
S03198,Supplier_3198,Indonesia,FMCG,62.61,3293.22,83.7,81742.32,8615.46,Non-Compliant,ISO 9001,83.58,21716.93,88.61,3.8,0.32,Yes,2.97,23.85,30.46,Tier 3
S03199,Supplier_3199,Singapore,Metals,68.35,1763.75,62.66,24456.41,3068.53,Non-Compliant,ISO 14001,83.88,4883.73,93.17,4.6,0.68,Yes,31.56,98.59,159.77,Tier 2
S03200,Supplier_3200,Vietnam,Plastics,44.42,3239.27,66.94,70448.23,3410.17,Non-Compliant,ISO 45001,5.97,412649.67,98.45,1.79,1.0,No,46.36,76.65,99.11,Tier 3
S03201,Supplier_3201,Singapore,Plastics,74.14,2403.89,59.59,52032.98,5983.21,Compliant,ISO 45001,53.05,339026.17,88.33,4.87,0.54,No,4.89,3.8,39.89,Tier 2
S03202,Supplier_3202,China,Plastics,63.38,2524.81,30.72,19888.54,7797.78,Non-Compliant,None,8.76,392910.08,98.29,2.45,0.71,Yes,25.89,1.96,120.39,Tier 2
S03203,Supplier_3203,China,Metals,91.86,2859.31,42.16,12703.16,9406.85,Compliant,None,22.47,26612.1,95.75,0.36,0.39,No,25.75,17.35,85.6,Tier 2
S03204,Supplier_3204,China,Metals,51.53,3272.12,41.86,22587.99,4828.3,Partially Compliant,None,13.16,495515.67,91.33,1.33,0.37,Yes,6.69,88.84,106.08,Tier 3
S03205,Supplier_3205,Singapore,Chemicals,69.99,3070.97,82.36,14805.27,3081.59,Compliant,ISO 9001,82.49,499985.04,87.75,3.97,0.91,Yes,37.51,15.86,40.59,Tier 1
S03206,Supplier_3206,India,Textiles,58.61,2795.1,61.42,28936.0,8013.63,Compliant,ISO 9001,73.1,70794.61,100.42,1.61,0.64,Yes,0.77,96.2,46.92,Tier 1
S03207,Supplier_3207,Singapore,Textiles,81.15,4764.93,48.57,67420.99,10000.71,Non-Compliant,None,9.7,355878.56,88.51,2.58,0.67,Yes,17.9,102.55,201.17,Tier 1
S03208,Supplier_3208,Malaysia,Metals,70.32,1955.82,54.68,97729.06,8213.36,Compliant,ISO 14001,65.96,419906.37,95.28,5.17,0.32,Yes,49.08,55.04,135.67,
S03209,Supplier_3209,Vietnam,Electronics,94.22,591.83,40.85,61841.7,4871.7,Non-Compliant,ISO 45001,57.22,375979.1,98.64,0.41,0.54,No,20.11,95.33,80.79,Tier 3
S03210,Supplier_3210,India,Metals,78.83,2252.9,31.89,19474.33,8217.68,Compliant,ISO 45001,43.8,355126.81,85.54,0.77,0.34,Yes,22.52,11.19,174.77,Tier 2
S03211,Supplier_3211,Indonesia,Electronics,74.99,N/A,100.2,1812.2,1626.47,Non-Compliant,ISO 45001,70.74,172743.46,96.35,0.68,0.83,No,1.0,59.93,40.1,Tier 2
S03212,Supplier_3212,Indonesia,Metals,54.63,1346.49,52.94,53299.7,1419.22,Partially Compliant,ISO 14001,71.02,390410.02,91.99,1.75,0.9,No,41.45,37.12,166.13,Tier 3
S03213,Supplier_3213,Malaysia,,69.94,4073.96,92.73,38761.16,8790.15,Partially Compliant,None,87.45,469309.05,72.96,0.81,0.82,No,46.07,8.41,174.73,Tier 3
S03214,Supplier_3214,Thailand,Automotive,55.36,2051.06,80.65,71121.35,8343.53,Partially Compliant,ISO 14001,26.09,342863.85,94.17,1.04,0.77,Yes,50.08,16.71,117.28,Tier 2
S03215,Supplier_3215,Malaysia,Metals,65.04,671.2,32.48,6208.72,7789.78,Compliant,ISO 14001,74.02,273731.57,97.23,3.45,0.91,No,5.61,3.74,66.7,Tier 1
S03216,Supplier_3216,Indonesia,Metals,57.2,2017.13,101.31,14731.22,7133.72,Partially Compliant,ISO 14001,11.23,103259.07,90.63,3.86,0.99,No,0.99,72.83,107.52,Tier 2
S03217,Supplier_3217,Indonesia,Automotive,82.3,1347.49,61.24,64530.81,1231.1,Compliant,ISO 9001,6.76,79844.14,81.47,4.48,0.35,Yes,40.45,71.45,154.25,Tier 1
S03218,Supplier_3218,,Textiles,57.45,4444.5,70.51,95188.48,8876.03,Partially Compliant,ISO 14001,27.6,283716.2,85.02,3.25,0.84,No,30.75,62.05,174.82,Tier 1
S03219,Supplier_3219,Malaysia,Automotive,79.85,4102.41,67.86,29736.47,6801.58,Non-Compliant,None,20.75,112249.57,92.71,2.35,0.85,Yes,27.95,82.74,140.99,Tier 3
S03220,Supplier_3220,Singapore,FMCG,76.72,3098.61,43.03,85651.28,7641.5,Compliant,ISO 14001,43.65,352033.82,93.66,1.13,0.32,No,45.45,69.56,63.61,Tier 2
S03221,Supplier_3221,China,Metals,60.2,4363.53,35.65,29187.31,4257.97,Partially Compliant,ISO 45001,37.31,167233.81,91.49,4.46,0.48,Yes,22.75,44.78,0.08,Tier 1
S03222,Supplier_3222,Malaysia,FMCG,49.56,1757.63,57.57,17810.1,3093.11,Non-Compliant,ISO 45001,52.51,371149.19,88.68,1.28,0.65,,15.12,28.94,133.76,Tier 2
S03223,Supplier_3223,Vietnam,Electronics,47.1,5026.51,92.15,80373.62,2796.4,Non-Compliant,ISO 14001,19.82,173229.91,78.84,3.31,0.58,No,20.63,42.01,182.96,Tier 2
S03224,Supplier_3224,,Plastics,88.52,3127.84,70.05,25834.39,218.73,Compliant,ISO 14001,12.52,474357.54,97.0,0.4,0.81,Yes,48.46,69.99,98.53,Tier 3
S03225,Supplier_3225,India,Chemicals,89.05,714.64,47.79,79554.66,7918.55,,ISO 14001,43.36,344915.4,86.61,2.71,0.35,Yes,20.11,18.11,111.84,Tier 3
S03226,Supplier_3226,China,Automotive,83.61,2158.3,N/A,27557.98,6414.92,Non-Compliant,ISO 9001,47.46,225451.09,72.23,4.89,0.55,No,4.69,19.18,17.72,Tier 3
S03227,Supplier_3227,India,Chemicals,42.36,4491.15,36.46,53327.43,9035.68,Compliant,ISO 14001,17.55,252965.16,69.85,2.3,0.49,Yes,37.94,6.58,67.12,Tier 2
S03228,Supplier_3228,China,FMCG,46.27,3720.93,82.47,21404.15,7847.44,Partially Compliant,ISO 9001,51.02,208294.46,88.93,3.66,0.42,Yes,1.24,28.44,5.36,Tier 2
S03229,Supplier_3229,China,Electronics,79.07,521.36,45.18,25101.63,1432.29,Compliant,None,39.77,137378.17,78.89,1.78,0.75,Yes,3.46,75.86,13.86,Tier 1
S03230,Supplier_3230,Singapore,FMCG,54.45,843.38,65.03,86671.05,7873.46,Non-Compliant,ISO 9001,10.23,452947.8,94.79,1.25,0.61,Yes,4.21,73.73,85.76,Tier 1
S03231,Supplier_3231,China,Plastics,43.81,2317.0,59.82,75730.17,3950.13,Compliant,ISO 14001,8.81,302377.74,83.05,2.73,0.87,No,30.54,87.15,62.21,Tier 2
S03232,Supplier_3232,China,Chemicals,50.3,4807.56,41.08,29747.02,532.37,Compliant,None,15.83,407318.73,79.31,3.67,0.94,Yes,32.62,88.52,174.21,Tier 3
S03233,Supplier_3233,Thailand,Textiles,50.09,1327.31,45.86,67297.61,7826.85,Partially Compliant,ISO 9001,92.6,301632.99,92.35,2.63,0.63,,23.23,56.18,123.8,
S03234,Supplier_3234,India,Metals,64.28,922.03,45.79,74993.46,2007.44,Non-Compliant,,8.69,340121.26,96.21,4.23,0.91,Yes,18.13,0.21,175.04,Tier 1
S03235,Supplier_3235,Vietnam,Electronics,N/A,1531.43,84.08,55497.59,7985.36,Non-Compliant,ISO 45001,56.22,33572.88,94.03,2.21,0.68,No,48.56,23.83,135.49,Tier 3
S03236,Supplier_3236,Indonesia,Textiles,59.23,4431.64,51.87,84450.01,1457.85,Compliant,ISO 9001,70.15,60528.29,74.61,4.69,0.38,Yes,31.9,14.52,192.96,Tier 1
S03237,Supplier_3237,Thailand,Plastics,54.99,1982.55,90.19,26100.56,6495.69,Compliant,None,41.29,402664.2,76.44,2.48,0.74,No,1.56,67.33,177.35,Tier 3
S03238,Supplier_3238,India,FMCG,82.14,3670.97,51.62,58474.09,8153.78,Non-Compliant,ISO 9001,62.49,330333.79,78.26,1.8,0.4,Yes,8.12,48.06,14.05,Tier 1
S03239,Supplier_3239,Malaysia,Electronics,43.76,3391.78,54.59,4595.17,9034.23,Non-Compliant,ISO 9001,69.08,126810.11,81.78,1.25,0.49,No,8.71,14.95,102.18,Tier 2
S03240,Supplier_3240,Malaysia,Plastics,63.61,2591.82,97.51,95871.53,4327.09,Non-Compliant,ISO 14001,75.72,54679.07,78.76,0.84,0.67,No,20.72,98.94,155.99,Tier 1
S03241,Supplier_3241,China,Chemicals,62.24,4950.92,93.43,44179.55,9067.35,Non-Compliant,ISO 45001,8.44,478583.67,90.3,2.32,0.49,Yes,14.43,51.04,150.61,Tier 3
S03242,Supplier_3242,Singapore,FMCG,41.87,586.57,67.55,27741.98,5943.62,Partially Compliant,ISO 45001,51.81,417316.88,77.69,2.29,0.45,No,22.56,8.38,190.97,Tier 2
S03243,Supplier_3243,Malaysia,,61.92,2948.28,81.1,14254.9,8369.54,Compliant,ISO 45001,86.49,360770.2,99.93,0.95,0.4,Yes,48.31,47.01,151.3,
S03244,Supplier_3244,Thailand,Metals,93.24,4746.6,75.82,18872.15,4924.88,Non-Compliant,,55.2,440167.93,98.36,3.0,0.6,No,37.21,97.12,158.48,Tier 3
S03245,Supplier_3245,China,Metals,92.41,2387.61,60.56,30522.25,9691.21,Partially Compliant,ISO 45001,51.34,370477.83,89.28,1.11,0.46,Yes,26.64,88.07,85.98,Tier 1
S03246,Supplier_3246,Singapore,Chemicals,40.3,2637.37,47.98,57719.82,4754.13,Partially Compliant,ISO 14001,48.2,14840.81,91.25,0.78,0.36,No,20.94,39.01,91.32,Tier 1
S03247,Supplier_3247,Vietnam,FMCG,60.6,480.11,91.95,71004.76,8177.41,Compliant,ISO 45001,74.42,372235.49,98.93,3.2,0.94,Yes,22.61,14.41,140.56,Tier 3
S03248,Supplier_3248,Malaysia,Textiles,45.03,4431.97,67.35,34963.42,5603.84,Non-Compliant,ISO 45001,25.01,24930.24,100.39,0.37,0.66,No,7.2,58.16,180.08,Tier 3
S03249,Supplier_3249,Indonesia,Metals,56.39,1896.01,57.89,74145.31,6605.35,Partially Compliant,ISO 45001,45.95,101030.38,74.21,4.87,0.3,Yes,45.81,12.07,131.13,Tier 2
S03250,Supplier_3250,China,Chemicals,58.46,4281.18,79.57,28428.17,1921.78,Non-Compliant,ISO 9001,46.9,471726.66,79.46,2.11,0.8,,42.17,62.49,37.34,Tier 1
S03251,Supplier_3251,Vietnam,Automotive,57.82,2048.32,84.26,36123.6,4701.27,Non-Compliant,ISO 9001,44.43,183825.77,72.96,0.81,0.95,Yes,43.17,78.23,106.57,Tier 2
S03252,Supplier_3252,India,Metals,73.13,2113.22,67.38,28352.84,7206.14,Compliant,ISO 14001,88.04,478589.2,79.72,3.82,0.97,No,41.94,17.66,103.08,Tier 3
S03253,Supplier_3253,Malaysia,,52.45,4023.83,45.73,40560.21,2555.08,,ISO 14001,30.0,298132.54,85.26,1.16,0.29,No,33.49,1.41,95.05,Tier 3
S03254,Supplier_3254,China,FMCG,71.48,2621.63,54.44,47173.18,4896.27,Compliant,ISO 9001,78.18,402864.87,89.92,3.78,1.03,No,3.79,73.93,58.34,Tier 3
S03255,Supplier_3255,Indonesia,Metals,49.83,1790.54,67.77,92063.65,6560.38,Partially Compliant,ISO 14001,32.38,289516.13,81.62,0.24,0.36,No,31.74,21.0,118.46,Tier 1
S03256,Supplier_3256,Malaysia,Automotive,87.86,235.61,44.28,28830.85,6408.48,Partially Compliant,None,24.2,71027.81,87.4,1.46,0.72,Yes,45.01,42.79,90.34,Tier 3
S03257,Supplier_3257,Vietnam,Automotive,74.32,1514.1,51.69,17183.74,8390.0,Non-Compliant,ISO 14001,52.23,479406.63,88.86,4.29,0.56,No,10.5,44.16,182.94,Tier 1
S03258,Supplier_3258,India,FMCG,88.4,812.47,98.4,46149.07,5870.47,Non-Compliant,ISO 9001,90.39,487459.49,97.82,1.84,0.5,No,48.63,0.52,95.24,Tier 1
S03259,Supplier_3259,China,Automotive,69.26,3417.43,94.79,86292.54,2965.03,Compliant,ISO 45001,80.66,490218.4,95.58,3.8,0.69,No,24.01,21.02,17.28,Tier 3
S03260,Supplier_3260,China,Plastics,76.49,4466.13,42.6,75488.94,5299.54,Partially Compliant,ISO 14001,54.26,98820.31,82.91,0.65,0.67,Yes,22.04,22.71,125.94,Tier 1
S03261,Supplier_3261,China,FMCG,51.2,237.48,85.68,75328.67,1004.74,,ISO 9001,39.78,125720.26,77.57,0.8,0.78,,4.05,94.82,56.84,Tier 3
S03262,Supplier_3262,Singapore,FMCG,86.36,2909.82,96.71,47618.38,363.98,Compliant,ISO 14001,84.02,196706.32,95.62,1.66,0.78,No,36.21,54.6,43.31,Tier 2
S03263,Supplier_3263,India,Electronics,71.43,707.06,47.87,71788.23,9213.13,Partially Compliant,None,47.69,170029.1,80.94,0.58,0.64,Yes,26.42,57.16,49.25,Tier 1
S03264,Supplier_3264,,,65.31,4753.64,37.62,2242.84,5926.51,Partially Compliant,,89.93,30969.22,78.69,1.99,0.75,,34.59,13.11,49.83,Tier 2
S03265,Supplier_3265,Singapore,FMCG,48.09,832.55,87.28,77937.6,5101.11,Partially Compliant,ISO 45001,74.71,154440.95,88.76,2.84,0.38,Yes,14.54,35.34,47.44,Tier 2
S03266,Supplier_3266,Thailand,,82.32,310.74,64.14,28583.27,499.57,Non-Compliant,ISO 45001,73.68,453386.07,82.46,0.71,0.31,,41.24,14.21,181.75,Tier 1
S03267,Supplier_3267,India,Metals,55.45,3900.01,33.85,6136.53,2919.17,Non-Compliant,ISO 14001,42.63,359565.37,77.08,0.89,0.8,No,13.46,74.13,41.8,Tier 3
S03268,Supplier_3268,China,Automotive,63.52,2442.2,67.17,20260.8,4291.63,Partially Compliant,None,5.13,260061.52,88.7,4.5,0.66,Yes,48.97,85.85,47.26,Tier 3
S03269,Supplier_3269,India,Metals,73.98,2053.75,66.91,83122.66,2103.61,Compliant,ISO 9001,87.42,471475.02,90.54,3.14,0.9,No,32.31,24.26,2.7,Tier 3
S03270,Supplier_3270,Thailand,Chemicals,76.04,1203.02,36.42,37959.61,9550.0,Non-Compliant,ISO 14001,80.65,36645.12,93.67,2.57,0.96,,40.88,57.3,73.12,Tier 1
S03271,Supplier_3271,Malaysia,Electronics,41.24,3847.27,42.24,9671.63,6309.63,Partially Compliant,ISO 14001,44.57,249551.22,87.92,2.75,0.69,No,18.76,34.21,153.94,Tier 1
S03272,Supplier_3272,,Plastics,82.1,4518.66,80.17,47788.59,6494.1,Partially Compliant,ISO 14001,64.33,474228.82,95.98,2.22,0.31,No,48.7,55.54,112.92,Tier 2
S03273,Supplier_3273,Indonesia,Metals,75.96,2612.99,32.77,94652.24,6760.01,Compliant,None,65.73,136581.3,83.24,2.04,0.45,No,9.04,1.22,120.43,Tier 3
S03274,Supplier_3274,Malaysia,FMCG,90.34,4771.12,92.15,65483.32,8360.45,Partially Compliant,None,26.45,407135.96,70.91,0.67,0.47,Yes,5.24,45.94,80.09,Tier 3
S03275,Supplier_3275,Malaysia,Metals,64.27,4020.92,44.57,50328.88,5190.05,Partially Compliant,ISO 14001,67.94,52244.23,93.22,0.5,0.46,No,39.38,35.89,187.6,Tier 2
S03276,Supplier_3276,Singapore,Plastics,48.22,3953.37,80.99,71624.09,10193.29,Compliant,ISO 9001,38.94,49191.89,83.22,5.1,0.63,Yes,4.18,0.86,130.56,Tier 3
S03277,Supplier_3277,India,FMCG,50.81,204.93,65.7,2867.81,3272.89,Non-Compliant,ISO 14001,5.43,102176.7,99.83,3.21,0.87,No,40.9,67.22,67.81,Tier 3
S03278,Supplier_3278,Vietnam,Metals,90.56,3377.95,47.94,26184.63,4590.01,Non-Compliant,ISO 14001,60.49,52366.62,95.31,1.22,0.88,No,13.03,52.57,21.95,Tier 3
S03279,Supplier_3279,Vietnam,Automotive,75.44,4455.76,93.37,23053.33,399.52,Partially Compliant,None,61.83,340823.29,75.94,2.91,0.9,Yes,47.22,9.08,93.92,Tier 1
S03280,Supplier_3280,India,,85.94,210.09,40.48,97431.78,4461.59,Non-Compliant,ISO 45001,65.54,64823.48,79.29,4.22,0.83,Yes,34.61,80.38,109.92,Tier 2
S03281,Supplier_3281,Thailand,Metals,41.07,1034.46,46.31,91063.15,1864.06,,ISO 9001,79.47,290076.75,91.81,4.8,0.91,Yes,10.89,79.2,124.02,Tier 2
S03282,Supplier_3282,China,Metals,81.16,3279.03,56.88,3629.46,6958.93,Compliant,ISO 45001,21.36,195860.45,73.56,3.77,0.42,Yes,9.21,81.73,75.95,Tier 3
S03283,Supplier_3283,China,FMCG,93.32,2406.91,37.08,88380.77,2144.11,,ISO 9001,68.15,91553.34,79.91,4.76,0.86,No,10.64,60.73,162.11,Tier 2
S03284,Supplier_3284,Thailand,Metals,69.56,3902.89,32.29,56119.43,8968.36,Compliant,ISO 9001,8.75,400772.42,89.87,1.89,0.35,No,25.86,9.2,139.86,Tier 2
S03285,Supplier_3285,Vietnam,Chemicals,92.9,2606.02,96.65,2916.51,5105.42,Compliant,ISO 45001,75.47,173680.29,94.69,1.64,0.88,No,49.32,58.12,120.17,Tier 3
S03286,Supplier_3286,Singapore,Electronics,56.02,262.5,61.12,69006.13,7977.88,Partially Compliant,ISO 9001,48.4,337430.35,90.17,2.48,0.73,Yes,33.22,52.25,129.87,Tier 3
S03287,Supplier_3287,India,Plastics,91.46,3775.07,85.63,23394.07,3736.42,Partially Compliant,ISO 45001,70.45,319596.28,92.59,3.87,0.68,Yes,41.02,41.87,164.47,Tier 2
S03288,Supplier_3288,Singapore,,48.02,4750.43,40.96,65864.57,7128.27,Compliant,None,48.44,149233.1,100.9,1.57,0.49,No,48.48,7.68,53.62,Tier 1
S03289,Supplier_3289,Indonesia,Metals,83.01,4498.65,51.32,93894.33,8757.1,Partially Compliant,ISO 45001,21.89,321932.33,86.17,4.53,0.47,No,46.48,89.61,137.85,Tier 3
S03290,Supplier_3290,India,Chemicals,42.67,3822.67,61.04,20788.83,8218.5,Partially Compliant,ISO 9001,50.66,116147.29,83.11,0.44,1.0,Yes,23.86,23.49,174.26,Tier 2
S03291,Supplier_3291,Singapore,Plastics,78.76,N/A,48.07,46948.52,3777.78,Compliant,,43.96,69819.98,89.58,4.54,0.46,No,43.0,20.96,84.8,Tier 2
S03292,Supplier_3292,China,FMCG,79.1,1363.74,96.37,96723.95,7877.81,Partially Compliant,ISO 14001,58.2,131248.43,86.57,1.75,0.9,No,29.86,77.38,150.23,
S03293,Supplier_3293,China,Electronics,62.7,4250.81,86.46,38393.17,2504.76,Partially Compliant,None,28.62,445052.83,98.52,1.58,0.75,No,45.82,5.77,54.45,Tier 3
S03294,Supplier_3294,Malaysia,FMCG,47.84,3615.1,93.69,90490.36,3358.05,Non-Compliant,ISO 9001,58.11,6084.48,76.13,4.54,0.74,,27.5,92.15,182.39,Tier 2
S03295,Supplier_3295,China,FMCG,41.81,4339.12,95.4,81032.08,7841.07,Partially Compliant,None,24.45,369014.33,94.56,2.43,0.93,No,28.08,50.84,186.42,Tier 1
S03296,Supplier_3296,Indonesia,Plastics,62.75,4340.27,59.94,58049.8,221.61,Non-Compliant,None,35.23,428254.04,85.3,0.1,0.42,Yes,40.79,3.83,7.86,Tier 3
S03297,Supplier_3297,China,Plastics,75.44,3795.74,58.82,68135.93,5011.63,Partially Compliant,None,71.78,241505.27,83.12,2.26,0.46,Yes,51.57,99.86,173.7,Tier 3
S03298,Supplier_3298,China,Metals,72.47,137.71,95.68,48409.85,1563.73,Partially Compliant,None,76.31,289807.65,87.79,5.05,0.3,No,36.28,53.48,94.32,Tier 1
S03299,Supplier_3299,Thailand,,50.55,2490.28,72.98,17448.64,824.63,Partially Compliant,ISO 9001,48.43,7948.77,97.21,2.01,0.99,No,8.2,82.62,102.96,Tier 3
S03300,Supplier_3300,Malaysia,Electronics,77.34,4536.48,88.08,59509.75,951.86,Non-Compliant,ISO 14001,65.76,63730.01,92.38,4.98,0.59,No,4.64,66.42,139.87,Tier 3
S03301,Supplier_3301,China,FMCG,N/A,4672.19,97.81,84979.46,7041.17,Partially Compliant,ISO 14001,17.95,346934.75,88.95,1.86,0.53,Yes,37.25,55.34,101.79,Tier 2
S03302,Supplier_3302,Singapore,FMCG,81.22,4939.86,43.01,77153.64,3971.81,Partially Compliant,ISO 9001,64.06,262482.6,86.75,2.38,0.5,Yes,9.89,81.62,78.66,Tier 3
S03303,Supplier_3303,Malaysia,Metals,52.1,3999.22,82.89,65467.08,6003.77,Partially Compliant,ISO 9001,5.95,12420.13,98.62,4.75,0.53,No,20.84,41.2,138.61,Tier 2
S03304,Supplier_3304,Malaysia,Metals,76.74,2865.9,80.88,26628.48,5673.96,,None,54.99,308959.17,76.58,1.66,0.4,Yes,3.98,77.39,182.2,Tier 2
S03305,Supplier_3305,China,,51.18,1577.6,73.68,49962.37,494.08,,None,31.59,307697.09,90.47,2.86,0.83,No,17.69,61.12,204.65,Tier 1
S03306,Supplier_3306,Indonesia,Metals,59.19,3489.92,36.03,71915.04,1027.47,Compliant,ISO 14001,10.25,233119.3,97.91,1.59,0.97,No,34.78,13.0,29.93,Tier 3
S03307,Supplier_3307,Indonesia,Automotive,50.38,2719.27,78.68,30109.35,6038.85,Compliant,ISO 14001,49.27,44321.18,78.18,0.88,0.44,No,27.28,66.5,36.75,Tier 2
S03308,Supplier_3308,Vietnam,Chemicals,70.32,486.29,76.45,60710.64,6997.92,Partially Compliant,ISO 14001,79.78,332919.63,92.72,4.44,0.68,No,37.8,64.14,132.3,Tier 3
S03309,Supplier_3309,Indonesia,Automotive,49.13,3437.09,102.88,37808.43,6287.19,Compliant,ISO 14001,11.59,137679.81,85.57,2.09,0.73,Yes,23.38,70.06,34.81,Tier 2
S03310,Supplier_3310,India,Metals,44.63,3854.55,75.62,1893.07,202.66,Partially Compliant,ISO 14001,32.12,493929.5,93.91,0.59,0.66,No,17.78,97.38,119.11,Tier 3
S03311,Supplier_3311,Malaysia,Textiles,74.23,4064.88,50.18,7077.08,7272.32,Compliant,ISO 45001,83.82,295943.79,82.1,3.08,0.98,No,26.27,82.15,103.78,Tier 3
S03312,Supplier_3312,Singapore,Plastics,65.82,4013.44,73.03,89131.21,2776.64,Partially Compliant,ISO 14001,82.43,320035.32,76.87,1.39,0.81,No,10.64,89.75,28.31,Tier 1
S03313,Supplier_3313,Malaysia,,67.07,2016.3,59.05,79689.69,8782.82,Compliant,ISO 45001,91.8,407607.73,91.91,3.29,0.93,No,44.49,5.89,25.68,Tier 2
S03314,Supplier_3314,,FMCG,68.61,4482.51,51.48,51713.28,9693.27,Non-Compliant,None,43.14,380982.98,71.59,0.62,0.83,No,17.04,57.62,124.38,Tier 2
S03315,Supplier_3315,Vietnam,Electronics,69.54,213.27,86.43,72421.35,5174.57,Non-Compliant,ISO 45001,57.32,100980.59,94.8,1.84,0.6,No,16.46,86.73,20.74,Tier 3
S03316,Supplier_3316,Singapore,Electronics,48.51,1472.65,36.63,44208.67,4661.46,Compliant,ISO 14001,32.27,279904.62,74.37,0.17,0.89,Yes,50.32,76.12,115.16,Tier 1
S03317,Supplier_3317,India,Automotive,64.2,3240.72,92.99,28600.53,860.41,Partially Compliant,ISO 14001,15.11,274733.57,94.06,0.94,0.86,No,25.74,95.04,121.4,Tier 3
S03318,Supplier_3318,,FMCG,61.85,4928.72,64.54,90777.18,1673.72,Partially Compliant,ISO 45001,80.99,447530.84,76.86,2.29,0.4,Yes,39.72,24.28,83.94,Tier 2
S03319,Supplier_3319,Indonesia,Metals,81.86,3164.05,91.39,36851.5,3115.47,Compliant,ISO 45001,70.94,277178.14,78.4,4.11,0.83,No,31.17,27.5,163.81,Tier 3
S03320,Supplier_3320,Vietnam,FMCG,61.08,1861.53,92.42,80280.31,5235.85,,ISO 9001,5.06,410410.54,82.13,0.38,0.76,Yes,5.93,6.64,131.67,Tier 1
S03321,Supplier_3321,India,FMCG,74.07,2572.29,91.4,60417.03,7641.09,Compliant,ISO 9001,67.6,75068.07,77.23,1.37,0.81,Yes,38.24,94.91,52.11,Tier 1
S03322,Supplier_3322,Vietnam,Electronics,86.44,4991.85,78.57,46210.2,4818.08,Non-Compliant,None,89.68,115760.15,88.7,2.23,0.95,Yes,46.45,32.93,148.56,Tier 3
S03323,Supplier_3323,Thailand,Metals,70.62,618.82,42.32,81519.27,6538.35,Partially Compliant,ISO 14001,35.12,89146.0,95.95,0.78,0.73,No,10.21,74.16,7.74,Tier 3
S03324,Supplier_3324,Vietnam,Textiles,90.79,4317.87,41.4,22825.24,6311.81,Compliant,ISO 14001,57.74,342913.22,95.45,1.84,0.31,Yes,2.95,80.89,124.63,Tier 3
S03325,Supplier_3325,China,Automotive,46.9,1482.74,62.04,64274.76,4490.09,Compliant,ISO 14001,12.21,492767.77,95.31,3.03,0.44,,20.46,96.19,153.82,Tier 2
S03326,Supplier_3326,Malaysia,Electronics,39.68,3384.0,65.6,8555.39,1346.62,Non-Compliant,ISO 45001,60.88,72531.97,98.03,0.21,0.34,No,39.38,2.67,132.4,Tier 2
S03327,Supplier_3327,China,Automotive,64.48,1129.38,86.06,81799.45,3296.2,Non-Compliant,ISO 45001,21.75,249058.95,91.84,0.59,0.76,Yes,38.29,88.84,161.72,Tier 1
S03328,Supplier_3328,Vietnam,Chemicals,88.03,3308.22,N/A,84794.46,9576.91,Non-Compliant,ISO 14001,75.97,8749.53,91.02,4.35,0.7,No,28.63,6.25,193.86,Tier 1
S03329,Supplier_3329,Singapore,Electronics,67.58,3639.33,52.27,74438.77,9273.96,Non-Compliant,ISO 14001,43.81,206885.42,71.54,0.33,0.55,Yes,8.07,11.22,148.79,Tier 3
S03330,Supplier_3330,Singapore,Chemicals,49.39,4322.5,65.8,61243.14,3560.94,Compliant,ISO 45001,35.66,509089.06,79.81,4.53,0.78,No,35.2,7.85,148.01,Tier 3
S03331,Supplier_3331,Vietnam,Electronics,78.61,4773.5,47.28,17900.41,2323.91,Compliant,ISO 9001,67.7,181446.67,87.65,4.01,0.83,No,3.66,67.37,46.98,Tier 1
S03332,Supplier_3332,China,Electronics,89.06,3091.21,84.69,74551.0,561.61,Non-Compliant,ISO 45001,62.61,394584.0,91.41,2.35,0.47,No,17.97,89.28,20.19,Tier 1
S03333,Supplier_3333,Indonesia,Chemicals,50.82,2147.5,48.49,67065.57,5614.6,Non-Compliant,ISO 14001,51.42,335437.49,79.88,2.43,0.94,,11.06,64.46,114.36,Tier 1
S03334,Supplier_3334,Indonesia,Electronics,77.51,4530.33,38.39,4004.05,9060.19,Partially Compliant,ISO 9001,90.59,97517.24,76.62,0.52,0.6,Yes,41.5,8.71,167.13,Tier 1
S03335,Supplier_3335,Malaysia,Plastics,78.31,2441.08,86.86,98528.92,8777.21,Compliant,,60.66,120967.04,87.46,0.11,0.87,No,36.31,46.28,59.85,Tier 1
S03336,Supplier_3336,Singapore,Automotive,70.94,130.86,41.99,21144.3,6741.24,Non-Compliant,None,85.31,397092.47,89.17,0.24,0.69,Yes,11.24,64.74,126.6,Tier 3
S03337,Supplier_3337,Singapore,FMCG,97.32,4911.68,48.28,2720.71,1419.14,Partially Compliant,ISO 45001,10.55,404762.34,82.21,4.88,0.31,Yes,14.6,83.23,9.33,Tier 3
S03338,Supplier_3338,Indonesia,Plastics,73.22,4614.21,81.01,33218.41,3485.88,Non-Compliant,ISO 14001,80.81,156472.38,78.03,0.68,0.67,Yes,33.87,15.42,39.34,Tier 1
S03339,Supplier_3339,China,Plastics,72.83,3276.63,31.34,81935.0,5532.17,Partially Compliant,None,83.91,43752.36,83.01,4.45,0.43,Yes,30.95,36.0,69.54,
S03340,Supplier_3340,China,Textiles,41.15,3885.27,60.54,9198.39,2020.55,Non-Compliant,ISO 9001,64.0,264825.8,71.27,2.48,0.68,,11.61,7.9,155.77,Tier 3
S03341,Supplier_3341,China,Automotive,92.33,573.12,48.3,50605.4,168.15,Compliant,ISO 9001,59.4,263931.46,82.46,4.7,0.66,Yes,12.73,30.41,12.41,Tier 2
S03342,Supplier_3342,Vietnam,Metals,46.34,1496.09,76.89,71141.89,4251.47,Compliant,ISO 45001,64.94,488881.33,80.7,4.46,0.5,Yes,12.36,60.84,188.69,Tier 2
S03343,Supplier_3343,Indonesia,Plastics,53.38,3393.22,44.78,17887.65,9765.48,Compliant,ISO 45001,57.11,20433.64,81.15,1.17,0.37,Yes,48.99,93.69,104.71,Tier 3
S03344,Supplier_3344,Malaysia,Electronics,56.77,4906.85,72.23,95826.27,4214.41,Partially Compliant,ISO 45001,74.09,165497.68,77.49,1.11,0.71,Yes,20.53,1.4,156.83,Tier 2
S03345,Supplier_3345,Singapore,Plastics,69.9,2452.54,51.04,43061.46,3972.28,Compliant,ISO 9001,61.15,192982.06,69.76,4.91,0.86,No,3.73,6.41,182.31,Tier 2
S03346,Supplier_3346,China,Electronics,78.01,2798.24,42.13,23344.77,9664.79,Non-Compliant,ISO 14001,11.28,243464.09,92.23,2.2,0.93,Yes,17.75,70.52,205.11,Tier 3
S03347,Supplier_3347,India,Metals,80.32,4041.32,83.46,70419.82,6743.01,Non-Compliant,None,24.39,394217.16,92.26,3.01,1.03,No,32.47,50.94,83.5,Tier 2
S03348,Supplier_3348,Thailand,,84.4,899.73,47.09,80823.67,6110.25,Non-Compliant,ISO 45001,49.77,77198.0,81.24,1.09,0.56,No,3.88,78.02,3.6,Tier 1
S03349,Supplier_3349,Indonesia,Automotive,77.43,458.99,34.09,91747.48,2063.43,Compliant,ISO 9001,62.3,14958.1,88.82,1.03,0.78,No,3.76,69.48,84.39,Tier 1
S03350,Supplier_3350,India,FMCG,73.46,367.51,33.9,20049.31,2244.07,Partially Compliant,None,62.43,417733.38,101.42,2.75,0.42,No,20.99,67.45,53.01,Tier 1
S03351,Supplier_3351,India,Chemicals,82.98,1288.97,46.39,7236.34,9279.83,Compliant,ISO 9001,72.6,79009.9,66.95,2.96,0.67,No,9.97,23.99,89.95,Tier 2
S03352,Supplier_3352,India,,48.55,3236.52,83.13,33356.04,3185.66,Partially Compliant,ISO 45001,42.19,253836.74,70.24,1.79,0.41,No,37.15,63.18,35.0,Tier 1
S03353,Supplier_3353,China,Textiles,77.25,191.28,65.26,33055.16,3988.57,,ISO 9001,57.64,10880.37,85.74,0.41,0.62,Yes,23.42,67.94,52.44,Tier 1
S03354,Supplier_3354,China,FMCG,94.93,1591.72,60.5,80057.52,3839.07,Partially Compliant,ISO 45001,79.79,407164.59,93.54,1.6,0.44,Yes,23.99,11.77,52.34,Tier 2
S03355,Supplier_3355,Thailand,Metals,73.19,2320.37,44.19,1647.16,6390.23,Partially Compliant,ISO 9001,68.6,327170.68,97.33,0.32,0.63,Yes,18.85,94.22,20.9,Tier 1
S03356,Supplier_3356,China,Chemicals,79.39,3257.21,85.33,87116.66,7288.59,Compliant,ISO 45001,58.97,293819.68,76.53,4.16,0.55,No,39.38,67.61,78.96,Tier 3
S03357,Supplier_3357,India,Plastics,69.92,2629.58,56.8,102115.06,361.74,Non-Compliant,ISO 14001,28.69,106053.46,75.77,0.9,0.56,No,4.76,89.85,80.69,Tier 1
S03358,Supplier_3358,Indonesia,Metals,96.51,1174.99,49.68,85811.57,6205.89,Non-Compliant,ISO 9001,50.15,18303.54,92.41,4.27,0.63,No,10.09,39.43,30.18,Tier 3
S03359,Supplier_3359,Malaysia,Plastics,52.98,789.1,95.11,50419.3,4044.02,Non-Compliant,None,30.1,390383.12,73.05,3.43,0.77,No,45.81,59.23,15.66,Tier 2
S03360,Supplier_3360,India,FMCG,56.04,2198.74,73.51,15872.34,5395.39,,ISO 45001,30.57,195937.26,94.77,2.93,0.92,No,27.91,42.85,192.23,Tier 2
S03361,Supplier_3361,China,FMCG,56.56,4801.62,77.26,34690.28,7529.23,Compliant,,37.26,100622.61,86.75,3.06,0.95,Yes,46.84,4.36,180.65,Tier 1
S03362,Supplier_3362,Thailand,Electronics,76.08,900.25,71.89,89972.45,8489.33,,None,84.04,153836.39,87.85,2.97,1.0,Yes,38.17,29.32,53.49,Tier 2
S03363,Supplier_3363,India,Chemicals,82.99,4084.47,46.62,77437.5,2628.5,Non-Compliant,ISO 9001,28.97,401093.58,86.04,2.26,0.39,No,20.74,19.84,171.56,Tier 3
S03364,Supplier_3364,China,Electronics,39.88,2368.73,60.11,54929.49,5144.51,Compliant,None,23.95,269013.59,98.95,0.49,0.33,,1.81,75.15,106.26,Tier 3
S03365,Supplier_3365,Malaysia,Automotive,83.69,3192.97,87.86,101635.49,6602.2,,None,43.21,100856.88,76.09,3.99,0.74,Yes,20.01,65.78,176.33,Tier 2
S03366,Supplier_3366,China,Textiles,68.59,2951.4,95.37,79055.46,4669.59,Partially Compliant,ISO 45001,17.89,45710.42,87.72,5.09,0.43,Yes,48.16,73.1,70.72,Tier 1
S03367,Supplier_3367,Indonesia,FMCG,54.79,2844.96,64.66,16371.38,4753.77,Partially Compliant,ISO 45001,39.49,373199.95,71.3,1.07,0.51,No,22.14,87.47,184.54,Tier 2
S03368,Supplier_3368,Thailand,Plastics,90.89,3147.72,84.3,23531.06,9048.87,Compliant,None,81.57,319679.05,89.58,1.64,0.73,No,36.29,6.93,71.2,Tier 2
S03369,Supplier_3369,China,Metals,67.83,4917.59,34.21,13473.77,6170.75,Compliant,ISO 14001,37.07,23596.93,97.18,2.26,0.6,No,14.46,63.45,21.35,Tier 2
S03370,Supplier_3370,Malaysia,Metals,86.14,2000.96,N/A,9292.95,4159.46,Partially Compliant,ISO 45001,42.93,380655.59,97.5,2.63,0.71,Yes,47.11,97.53,130.74,Tier 3
S03371,Supplier_3371,Thailand,Chemicals,71.2,3169.4,59.84,13833.37,1736.26,Non-Compliant,ISO 9001,85.97,78017.08,103.39,1.59,0.56,Yes,23.86,42.79,159.75,Tier 1
S03372,Supplier_3372,Malaysia,Chemicals,86.86,2447.97,31.69,34516.18,3946.81,Compliant,None,23.71,484940.14,71.13,3.2,0.79,Yes,38.5,69.29,52.92,Tier 2
S03373,Supplier_3373,Malaysia,Metals,52.13,2616.48,78.62,84711.08,3160.28,Partially Compliant,ISO 14001,16.93,76117.33,81.99,4.7,0.33,No,15.92,36.14,50.79,Tier 2
S03374,Supplier_3374,China,FMCG,82.98,2420.95,45.48,100347.7,1156.19,Compliant,ISO 45001,22.5,392619.98,86.03,1.66,0.6,No,51.4,70.08,54.84,Tier 3
S03375,Supplier_3375,Malaysia,Chemicals,81.05,1472.55,76.69,6166.36,8224.91,Non-Compliant,ISO 14001,38.89,29268.12,90.14,2.5,0.6,No,8.62,42.12,111.85,Tier 3
S03376,Supplier_3376,Thailand,Electronics,85.39,2216.26,38.86,89592.23,7009.72,Partially Compliant,ISO 9001,71.43,370080.93,76.71,2.84,0.77,Yes,23.46,40.78,74.96,Tier 2
S03377,Supplier_3377,China,Metals,50.49,1763.9,53.75,30731.61,5389.82,Partially Compliant,ISO 14001,87.93,225510.27,73.94,2.03,0.39,No,24.53,4.74,176.2,Tier 1
S03378,Supplier_3378,India,Electronics,78.54,3351.4,47.17,80797.3,2640.27,Non-Compliant,None,75.33,504999.88,75.09,3.02,0.58,Yes,40.19,30.79,9.14,Tier 1
S03379,Supplier_3379,Vietnam,Plastics,66.03,3282.83,41.1,91354.09,9499.2,Partially Compliant,ISO 14001,5.57,117719.39,94.51,0.13,0.54,No,1.1,29.87,125.48,Tier 1
S03380,Supplier_3380,Thailand,Textiles,68.6,3781.17,44.63,29633.61,7417.06,Partially Compliant,ISO 9001,49.71,147641.02,78.43,3.61,0.67,Yes,5.46,102.16,17.41,Tier 1
S03381,Supplier_3381,Singapore,Automotive,45.26,2868.19,59.8,81693.12,10288.73,Partially Compliant,ISO 9001,10.21,88035.55,90.56,2.5,0.66,Yes,34.34,43.98,106.27,
S03382,Supplier_3382,Singapore,Automotive,49.88,4532.35,40.88,16554.81,6070.73,Compliant,ISO 9001,62.8,333997.92,102.0,2.61,0.32,No,17.48,79.31,155.86,Tier 1
S03383,Supplier_3383,,Electronics,81.8,1711.49,88.75,19428.56,3598.35,Partially Compliant,ISO 14001,13.44,165919.65,95.14,0.79,0.87,Yes,46.68,37.46,162.98,Tier 1
S03384,Supplier_3384,China,Textiles,67.22,908.9,36.01,86596.77,8505.36,Compliant,None,63.1,300855.9,87.07,1.75,0.59,Yes,18.95,50.22,114.35,Tier 2
S03385,Supplier_3385,,Automotive,82.31,2909.74,92.69,16314.09,5650.45,Compliant,ISO 14001,34.04,73114.11,80.36,2.63,0.55,No,23.96,60.39,78.28,Tier 2
S03386,Supplier_3386,Indonesia,Electronics,90.51,1752.59,90.54,61659.02,8626.13,Non-Compliant,ISO 45001,39.1,290603.79,82.99,3.11,0.69,Yes,11.52,19.61,31.65,Tier 3
S03387,Supplier_3387,Vietnam,Chemicals,77.39,4766.3,55.29,22923.12,1436.01,Partially Compliant,,13.4,339624.31,79.64,2.23,0.37,No,20.98,20.72,140.57,Tier 1
S03388,Supplier_3388,Malaysia,Plastics,69.4,883.96,78.99,72007.44,1375.2,Non-Compliant,None,10.46,318213.18,93.36,2.38,0.49,No,39.87,91.31,52.73,Tier 2
S03389,Supplier_3389,,Chemicals,78.74,2857.43,N/A,27156.18,4006.74,Non-Compliant,ISO 14001,20.22,250230.48,102.46,1.43,0.36,Yes,49.46,57.01,24.8,Tier 3
S03390,Supplier_3390,Singapore,Electronics,61.75,1802.49,49.7,93212.88,7189.79,Non-Compliant,ISO 14001,35.76,356799.96,86.97,4.23,0.47,No,45.41,100.81,168.06,Tier 1
S03391,Supplier_3391,Thailand,Chemicals,60.97,3040.84,39.49,49923.02,6074.8,Non-Compliant,ISO 45001,15.25,49276.14,84.32,0.11,0.91,Yes,14.23,63.62,104.82,Tier 3
S03392,Supplier_3392,Thailand,Plastics,44.04,3456.66,70.44,30584.85,6421.9,Compliant,ISO 9001,39.23,275605.36,97.57,4.46,0.8,No,21.59,50.63,38.55,Tier 3
S03393,Supplier_3393,Singapore,Electronics,67.78,2752.98,34.28,30631.17,4315.44,Partially Compliant,ISO 45001,83.9,6598.48,96.61,3.63,0.62,Yes,47.94,35.32,108.99,Tier 2
S03394,Supplier_3394,Indonesia,Chemicals,60.63,1671.1,61.75,87055.17,2092.64,Non-Compliant,ISO 14001,89.63,367257.31,100.7,0.99,0.79,Yes,2.09,73.92,115.1,Tier 2
S03395,Supplier_3395,Malaysia,Textiles,92.32,854.67,68.9,28855.92,8921.2,Compliant,ISO 45001,75.45,175252.18,95.97,0.87,0.34,No,5.55,70.97,143.18,Tier 3
S03396,Supplier_3396,Indonesia,Chemicals,N/A,3598.19,N/A,37347.46,9753.85,Non-Compliant,,11.7,337194.28,84.17,1.19,0.51,No,1.58,91.01,55.64,Tier 2
S03397,Supplier_3397,Thailand,Metals,95.23,550.31,45.9,11142.41,6141.75,Partially Compliant,ISO 9001,56.12,385761.5,88.85,0.3,0.5,No,38.04,62.85,10.48,Tier 3
S03398,Supplier_3398,Indonesia,Textiles,56.41,801.19,70.97,86228.91,4549.22,Partially Compliant,ISO 9001,11.26,158213.57,76.91,1.29,0.59,Yes,28.52,24.76,67.97,
S03399,Supplier_3399,Indonesia,Chemicals,46.3,2258.33,59.94,82483.89,743.3,Compliant,,53.68,45514.91,90.92,0.75,0.96,No,48.53,2.82,16.67,Tier 2
S03400,Supplier_3400,India,Automotive,44.22,4802.6,28.91,68971.72,2018.19,Compliant,ISO 9001,22.32,293320.02,81.52,1.84,0.56,Yes,14.15,23.17,104.61,Tier 2
S03401,Supplier_3401,China,Electronics,71.14,4058.01,36.58,43697.68,7731.3,Compliant,None,11.06,416592.09,91.27,1.57,0.65,No,2.49,4.37,71.99,Tier 3
S03402,Supplier_3402,India,Textiles,88.04,4937.39,62.07,88105.62,576.34,Compliant,ISO 9001,22.29,144237.77,98.78,2.12,0.29,Yes,33.47,17.34,47.54,Tier 2
S03403,Supplier_3403,Vietnam,Textiles,92.68,4583.61,71.8,55240.62,6210.6,Partially Compliant,ISO 9001,27.59,369471.48,74.24,4.6,0.59,Yes,38.99,87.09,90.05,Tier 2
S03404,Supplier_3404,Malaysia,Chemicals,67.04,945.23,36.72,46815.22,6848.4,Partially Compliant,None,89.33,173625.01,94.98,4.08,0.61,Yes,38.4,42.1,75.83,Tier 2
S03405,Supplier_3405,Vietnam,Electronics,76.36,398.81,81.91,52341.46,7583.87,Partially Compliant,ISO 14001,26.88,66842.52,77.85,4.3,0.72,Yes,32.59,80.21,0.93,Tier 3
S03406,Supplier_3406,Singapore,Metals,78.95,2861.64,75.78,65006.77,2690.64,,ISO 45001,89.42,240630.78,99.96,1.61,0.4,No,29.19,29.19,69.57,Tier 1
S03407,Supplier_3407,Singapore,,88.68,3824.18,86.39,3090.56,9767.98,Non-Compliant,ISO 9001,88.49,4479.97,69.56,3.35,0.48,No,7.04,37.11,111.26,Tier 2
S03408,Supplier_3408,Thailand,Automotive,68.65,3858.78,59.37,53418.19,378.1,Compliant,ISO 45001,79.92,359830.57,76.2,3.38,0.96,No,41.79,82.64,117.61,Tier 2
S03409,Supplier_3409,Vietnam,Textiles,55.71,3178.68,56.49,55705.47,1801.24,Compliant,ISO 9001,58.08,196550.42,90.81,1.73,0.44,No,47.14,67.69,143.66,Tier 2
S03410,Supplier_3410,,Automotive,70.88,1360.54,30.54,36112.74,8134.07,Non-Compliant,ISO 9001,24.31,275466.79,74.78,4.44,0.79,Yes,6.73,49.27,139.78,Tier 2
S03411,Supplier_3411,Vietnam,Chemicals,51.5,1475.63,32.02,95747.64,4024.97,Non-Compliant,None,9.53,504905.7,78.08,3.68,0.71,No,18.86,86.52,193.62,Tier 1
S03412,Supplier_3412,Thailand,Electronics,49.28,4378.24,81.91,76829.61,3225.79,Compliant,ISO 14001,78.96,472884.46,103.94,0.99,0.72,No,36.5,47.63,40.67,
S03413,Supplier_3413,,Textiles,65.24,3897.17,35.7,77571.24,8535.37,Compliant,ISO 9001,11.26,383737.27,85.29,4.49,0.34,Yes,37.76,73.9,2.33,
S03414,Supplier_3414,Malaysia,FMCG,68.92,693.84,91.09,66858.48,2985.67,Compliant,,14.0,22387.42,95.54,1.33,0.98,Yes,4.3,78.57,151.74,Tier 3
S03415,Supplier_3415,Malaysia,Chemicals,46.1,4812.12,60.45,23784.62,449.1,Compliant,None,19.46,108860.36,101.12,3.77,0.7,No,3.69,67.48,2.55,Tier 2
S03416,Supplier_3416,Singapore,,69.11,4714.76,74.64,9432.24,5145.15,Compliant,None,58.82,371782.04,78.17,0.47,0.5,No,31.5,41.22,100.95,Tier 1
S03417,Supplier_3417,Malaysia,Metals,73.96,2006.5,42.59,83746.75,1152.35,Partially Compliant,ISO 45001,41.95,496926.53,88.26,4.24,0.41,,48.07,80.14,9.96,Tier 1
S03418,Supplier_3418,India,Electronics,76.79,3875.49,99.53,36902.17,6035.87,,ISO 14001,33.92,316329.67,72.56,3.35,0.74,Yes,24.19,3.08,141.4,Tier 1
S03419,Supplier_3419,China,FMCG,73.84,886.98,98.45,8308.56,256.24,Partially Compliant,ISO 45001,84.62,279041.37,85.27,0.21,0.83,No,40.55,33.13,40.3,Tier 2
S03420,Supplier_3420,,Textiles,43.54,3991.25,96.85,37324.33,3161.03,Non-Compliant,ISO 45001,39.68,461106.68,86.15,3.77,0.77,No,1.07,12.85,25.7,Tier 1
S03421,Supplier_3421,Singapore,Automotive,92.99,1189.67,90.45,46776.76,9126.37,Compliant,None,48.9,351937.83,95.08,3.07,0.43,No,25.51,42.05,94.45,Tier 1
S03422,Supplier_3422,Vietnam,Electronics,87.45,4400.5,84.45,56860.6,9558.87,Partially Compliant,ISO 45001,10.33,136720.22,90.41,3.35,0.61,Yes,26.3,57.13,109.82,Tier 1
S03423,Supplier_3423,China,Automotive,76.18,3532.38,31.98,3748.08,994.7,,ISO 9001,54.43,203002.7,100.96,4.75,0.44,No,39.77,88.16,83.19,
S03424,Supplier_3424,,,85.72,4376.22,49.89,65513.56,7453.52,Partially Compliant,ISO 14001,41.95,416571.29,82.04,1.8,0.32,No,51.62,41.3,183.51,Tier 3
S03425,Supplier_3425,India,Metals,57.31,1491.0,100.26,65699.24,3018.07,Partially Compliant,ISO 9001,57.84,195636.21,90.85,1.22,0.72,Yes,17.01,79.79,27.23,Tier 1
S03426,Supplier_3426,Malaysia,Electronics,85.02,2405.87,97.77,75417.97,10035.44,Partially Compliant,ISO 9001,88.75,133286.47,104.36,3.43,0.39,Yes,14.48,5.19,51.16,Tier 1
S03427,Supplier_3427,Indonesia,Electronics,82.0,2179.34,56.03,60093.98,6534.31,Compliant,ISO 45001,87.36,43651.4,73.35,0.38,0.71,No,31.53,99.47,53.29,Tier 1
S03428,Supplier_3428,Vietnam,Electronics,82.74,1112.01,42.94,42541.33,8486.52,Non-Compliant,None,18.93,448679.43,95.08,3.97,0.61,Yes,15.02,34.79,200.57,Tier 2
S03429,Supplier_3429,Thailand,FMCG,74.19,3991.12,72.23,29310.86,10242.98,Non-Compliant,None,21.1,37850.3,98.42,3.23,0.93,No,23.25,5.35,147.11,Tier 1
S03430,Supplier_3430,Vietnam,Electronics,83.64,1726.66,55.21,75759.05,6577.03,Non-Compliant,ISO 14001,36.27,455691.0,78.97,1.1,0.38,No,38.92,19.87,187.52,Tier 1
S03431,Supplier_3431,India,FMCG,63.32,3885.64,58.4,22833.5,6249.05,Compliant,ISO 14001,36.48,463314.82,78.43,0.35,0.48,Yes,23.67,90.59,170.95,Tier 3
S03432,Supplier_3432,India,Textiles,54.39,1209.89,86.45,101907.71,2977.62,Partially Compliant,ISO 45001,78.67,486514.32,86.52,0.36,0.74,No,24.3,49.59,116.31,Tier 3
S03433,Supplier_3433,Malaysia,Chemicals,61.64,4164.11,54.38,85599.67,3492.78,Non-Compliant,ISO 14001,5.22,339844.41,94.04,4.58,0.39,No,26.11,96.42,127.5,Tier 3
S03434,Supplier_3434,India,Metals,83.0,3369.29,82.67,82791.27,7712.19,Partially Compliant,ISO 14001,24.38,465801.75,96.26,1.89,0.73,Yes,42.79,21.52,109.68,Tier 2
S03435,Supplier_3435,Vietnam,Textiles,N/A,3062.85,38.04,15455.74,222.51,Compliant,ISO 9001,29.15,170744.14,85.67,2.61,0.94,Yes,27.05,86.21,18.81,
S03436,Supplier_3436,Indonesia,Metals,79.95,1948.69,97.99,29392.96,5588.97,Partially Compliant,ISO 14001,73.44,212561.44,83.52,2.9,0.6,Yes,0.78,80.15,98.91,Tier 1
S03437,Supplier_3437,Thailand,Textiles,42.32,N/A,48.52,96228.38,9777.19,Compliant,ISO 14001,19.38,390878.53,82.8,0.94,0.72,Yes,1.55,71.66,196.43,Tier 3
S03438,Supplier_3438,Singapore,,69.49,342.75,30.94,78698.99,6781.67,Non-Compliant,ISO 14001,22.0,5663.13,86.43,0.91,0.35,No,10.14,62.82,86.76,Tier 3
S03439,Supplier_3439,Singapore,Automotive,44.72,3284.84,63.2,39924.03,3456.95,Non-Compliant,ISO 9001,56.53,315193.02,93.17,4.4,0.74,Yes,44.16,63.4,43.53,Tier 3
S03440,Supplier_3440,Vietnam,Electronics,51.21,3328.32,89.58,11551.95,6075.53,Non-Compliant,ISO 9001,35.33,258854.97,94.25,0.1,0.64,No,5.08,51.89,118.22,Tier 2
S03441,Supplier_3441,Thailand,FMCG,69.84,719.39,29.49,93556.33,1438.01,Non-Compliant,ISO 9001,79.33,120478.38,84.73,5.1,0.52,No,8.36,55.8,89.82,Tier 3
S03442,Supplier_3442,India,Plastics,81.64,2981.96,61.15,40323.84,5994.11,,ISO 14001,56.59,126247.19,79.32,2.47,0.44,No,10.71,19.22,125.04,Tier 1
S03443,Supplier_3443,Malaysia,Automotive,69.16,3263.34,97.8,67756.46,7929.53,Partially Compliant,ISO 9001,65.93,187312.13,75.17,2.36,0.82,Yes,33.64,37.54,57.68,Tier 3
S03444,Supplier_3444,Indonesia,Electronics,94.06,1284.44,72.79,81447.54,2554.67,Compliant,ISO 14001,21.08,497306.27,71.74,4.6,0.43,Yes,37.27,61.86,58.24,Tier 3
S03445,Supplier_3445,Vietnam,Metals,52.51,2652.02,82.31,80304.11,4860.24,Partially Compliant,None,78.85,401065.4,80.96,2.8,0.3,No,23.58,48.96,139.53,Tier 1
S03446,Supplier_3446,India,Automotive,73.79,2465.6,92.74,2616.61,149.38,Non-Compliant,ISO 9001,31.94,425982.88,93.62,4.68,0.65,No,23.6,40.22,43.82,Tier 1
S03447,Supplier_3447,India,Plastics,41.76,2218.79,67.01,33915.01,9237.06,Non-Compliant,ISO 14001,85.38,140574.18,85.9,4.29,0.85,Yes,47.62,83.51,109.02,Tier 3
S03448,Supplier_3448,Singapore,Automotive,80.0,261.68,59.32,42967.13,6825.13,Compliant,ISO 14001,77.95,370005.53,71.38,3.72,0.42,No,45.61,65.43,176.97,Tier 3
S03449,Supplier_3449,Singapore,Textiles,43.18,512.28,80.51,93091.02,3237.46,Compliant,ISO 14001,50.3,406271.25,98.9,2.77,0.35,,2.4,64.37,154.87,Tier 3
S03450,Supplier_3450,Indonesia,Plastics,94.76,1766.79,69.75,82569.98,586.47,Non-Compliant,ISO 45001,62.36,157297.96,81.48,2.14,0.94,Yes,3.35,67.12,39.81,Tier 3
S03451,Supplier_3451,Vietnam,Plastics,53.79,3637.73,95.12,22868.79,4553.65,Compliant,ISO 45001,49.55,70385.89,91.3,3.02,0.42,Yes,4.39,47.86,105.95,Tier 3
S03452,Supplier_3452,Malaysia,Electronics,63.77,1298.78,42.55,86500.09,1189.11,Non-Compliant,None,52.84,118627.15,85.05,4.28,0.75,No,0.11,55.25,84.31,Tier 2
S03453,Supplier_3453,Singapore,Chemicals,81.14,1738.77,99.43,61618.19,2210.35,Compliant,,46.61,4451.34,68.9,2.37,0.55,Yes,25.87,19.04,101.97,Tier 1
S03454,Supplier_3454,Malaysia,Electronics,57.34,1736.63,50.26,49101.5,9187.87,Partially Compliant,,63.22,276659.13,72.54,0.13,0.66,Yes,26.21,48.12,40.93,Tier 2
S03455,Supplier_3455,Vietnam,Automotive,85.24,4494.58,54.93,71904.32,1857.95,Compliant,ISO 45001,16.42,80358.29,68.23,2.68,0.47,No,30.66,77.71,184.14,Tier 3
S03456,Supplier_3456,Singapore,Automotive,93.92,4307.4,71.06,31604.43,500.83,Partially Compliant,ISO 45001,20.5,32538.05,71.81,3.15,0.8,No,48.51,83.02,178.98,Tier 2
S03457,Supplier_3457,China,Electronics,89.04,2933.96,71.16,78208.02,3877.58,Non-Compliant,None,67.27,50292.29,75.27,0.31,0.77,No,44.74,68.89,103.5,Tier 3
S03458,Supplier_3458,Thailand,Plastics,42.19,2910.97,79.15,98134.09,7465.6,,ISO 14001,18.1,302300.96,88.46,0.14,0.86,Yes,38.03,83.25,98.33,Tier 2
S03459,Supplier_3459,Thailand,Chemicals,63.69,2691.01,48.54,22534.7,1130.66,Non-Compliant,ISO 45001,16.9,458618.23,81.55,4.83,0.75,No,31.6,33.22,36.97,Tier 3
S03460,Supplier_3460,China,Automotive,95.66,4172.92,32.29,49843.27,10004.16,Partially Compliant,ISO 14001,29.15,444417.72,92.72,3.07,0.7,Yes,31.83,41.72,116.77,Tier 3
S03461,Supplier_3461,Indonesia,Automotive,73.81,3991.95,69.1,38715.29,8634.67,Partially Compliant,ISO 45001,20.63,63849.61,69.01,3.07,0.82,No,24.6,80.8,5.93,Tier 1
S03462,Supplier_3462,Singapore,Automotive,82.21,1401.7,49.23,49986.32,2327.59,Compliant,ISO 14001,64.94,34253.57,87.41,4.07,0.45,Yes,38.2,45.75,134.37,Tier 2
S03463,Supplier_3463,Vietnam,Textiles,66.07,2494.78,69.17,47611.95,2168.95,Compliant,ISO 45001,62.52,344721.33,75.1,5.1,0.68,No,24.56,87.8,112.97,Tier 3
S03464,Supplier_3464,Vietnam,Plastics,48.04,1925.17,97.89,82626.8,7089.11,Non-Compliant,None,46.69,314034.13,100.83,5.17,0.89,No,34.01,96.3,129.47,
S03465,Supplier_3465,Indonesia,Plastics,44.76,1426.18,72.34,7937.62,1003.33,Non-Compliant,None,66.95,45053.86,70.78,1.02,0.53,No,18.77,47.22,140.24,Tier 2
S03466,Supplier_3466,Indonesia,Plastics,72.82,4083.97,53.09,50338.25,677.09,,ISO 9001,87.16,101940.73,87.51,2.45,0.82,No,50.8,82.0,54.23,Tier 2
S03467,Supplier_3467,Vietnam,Textiles,46.76,2739.61,83.43,75547.5,822.31,Partially Compliant,ISO 45001,37.13,50217.63,86.56,2.77,0.96,No,19.57,21.29,166.65,Tier 1
S03468,Supplier_3468,Thailand,Chemicals,48.94,528.34,92.88,80924.91,8100.49,Compliant,ISO 45001,39.83,356817.72,73.42,3.78,0.75,Yes,27.81,87.5,88.05,
S03469,Supplier_3469,Thailand,Metals,52.3,3820.79,68.83,29186.25,9083.04,Partially Compliant,,8.52,490041.64,98.47,4.14,0.95,No,5.39,9.36,83.31,Tier 1
S03470,Supplier_3470,China,,88.29,2510.99,72.07,18634.26,2025.8,Compliant,None,72.75,378128.43,98.57,4.27,0.61,No,41.65,42.13,22.41,
S03471,Supplier_3471,,Plastics,76.39,894.54,59.64,71115.86,5121.06,Partially Compliant,ISO 9001,21.46,458330.06,96.19,3.38,0.64,No,41.38,45.92,42.12,Tier 1
S03472,Supplier_3472,Malaysia,FMCG,59.96,781.65,36.3,69158.36,6478.11,Compliant,ISO 9001,52.72,258324.07,81.03,1.25,0.53,Yes,26.81,21.52,97.46,
S03473,Supplier_3473,Vietnam,Plastics,48.34,1178.46,32.44,15383.05,536.45,Compliant,ISO 14001,30.5,86298.63,76.92,1.54,0.78,No,10.65,85.48,183.79,Tier 2
S03474,Supplier_3474,China,Plastics,91.73,3019.89,55.53,74355.06,4435.01,Partially Compliant,ISO 14001,80.21,144106.95,87.99,2.67,0.76,No,40.52,72.84,190.71,Tier 1
S03475,Supplier_3475,Singapore,Automotive,43.67,307.43,69.01,63198.98,3263.78,Partially Compliant,ISO 14001,56.2,326937.19,88.93,1.97,1.02,No,32.29,51.88,150.44,Tier 1
S03476,Supplier_3476,Vietnam,FMCG,88.84,103.17,86.5,14232.44,644.94,Non-Compliant,ISO 14001,78.17,33628.52,86.55,0.68,0.79,No,29.41,55.38,13.1,
S03477,Supplier_3477,Indonesia,Automotive,78.96,2772.12,70.51,40562.96,1411.16,Non-Compliant,ISO 45001,78.63,25100.4,92.87,0.56,0.38,Yes,24.88,54.59,115.49,Tier 1
S03478,Supplier_3478,Singapore,FMCG,93.53,1280.34,37.2,44598.54,9513.74,Non-Compliant,None,63.25,115145.78,93.13,2.38,0.36,Yes,41.7,88.68,117.58,Tier 1
S03479,Supplier_3479,Thailand,Electronics,47.49,2609.72,72.97,63569.89,10139.27,Compliant,ISO 14001,38.46,86078.57,69.84,1.57,0.83,Yes,42.48,33.58,147.16,Tier 1
S03480,Supplier_3480,Singapore,Textiles,92.59,2257.69,48.93,34855.16,112.05,Partially Compliant,None,38.12,18786.01,91.14,1.31,0.75,No,3.17,12.73,40.32,Tier 1
S03481,Supplier_3481,Thailand,,75.39,4886.85,70.22,16956.97,8385.91,Compliant,ISO 9001,71.79,304329.93,83.7,1.45,0.94,Yes,46.36,53.32,119.64,Tier 2
S03482,Supplier_3482,India,Metals,82.0,734.84,45.28,33939.01,5515.61,Partially Compliant,,63.69,177136.94,79.68,2.48,0.35,Yes,19.15,8.95,99.65,Tier 2
S03483,Supplier_3483,Indonesia,Metals,87.09,1664.75,87.18,95423.44,3821.33,Non-Compliant,ISO 45001,57.0,178519.06,83.33,4.04,0.93,Yes,46.99,93.26,59.87,Tier 3
S03484,Supplier_3484,India,Metals,67.55,4851.89,82.19,8421.37,6422.0,Non-Compliant,ISO 45001,6.92,306709.79,82.85,1.4,0.94,Yes,31.3,20.22,179.13,Tier 1
S03485,Supplier_3485,China,Automotive,80.7,1059.91,77.01,31752.85,8021.51,Compliant,ISO 14001,87.09,354385.0,87.29,2.21,0.93,,35.77,91.12,159.31,Tier 2
S03486,Supplier_3486,Thailand,Plastics,57.91,3723.55,47.64,74525.4,3312.58,Compliant,ISO 9001,79.06,415037.78,97.99,2.08,0.87,Yes,12.06,42.66,186.52,Tier 3
S03487,Supplier_3487,India,Metals,81.74,3058.58,67.92,8055.24,8904.58,Compliant,ISO 45001,69.17,29434.47,91.31,4.77,0.54,Yes,38.72,15.76,197.63,Tier 1
S03488,Supplier_3488,Vietnam,FMCG,49.83,3372.67,104.12,3337.47,5866.79,Compliant,None,43.21,158097.01,88.61,1.08,0.9,No,29.47,21.62,183.56,
S03489,Supplier_3489,,Chemicals,55.59,3728.43,67.73,49024.16,1443.16,Partially Compliant,ISO 9001,11.79,208090.09,96.01,1.42,0.33,Yes,28.43,5.42,163.57,Tier 2
S03490,Supplier_3490,India,FMCG,46.18,1865.91,60.25,49335.42,8125.06,Non-Compliant,None,33.4,479776.15,103.48,4.7,0.55,Yes,1.96,68.43,179.92,Tier 2
S03491,Supplier_3491,Singapore,Electronics,82.3,202.47,52.69,94691.68,6511.58,Non-Compliant,None,14.5,75807.8,77.64,0.7,0.97,Yes,6.01,44.91,201.56,Tier 1
S03492,Supplier_3492,Indonesia,FMCG,95.72,343.53,36.15,33888.51,1616.14,Partially Compliant,ISO 45001,11.45,200551.51,100.12,3.46,0.53,Yes,50.6,34.13,178.67,Tier 1
S03493,Supplier_3493,Malaysia,Textiles,53.44,614.4,64.46,85224.52,1960.6,Partially Compliant,ISO 14001,41.83,124095.85,77.62,0.57,0.8,Yes,3.45,42.19,72.4,Tier 2
S03494,Supplier_3494,Vietnam,FMCG,55.08,3114.3,97.55,66283.26,9088.77,Partially Compliant,ISO 45001,82.04,142081.86,77.32,4.99,0.63,Yes,30.38,58.07,180.83,Tier 1
S03495,Supplier_3495,Vietnam,Chemicals,93.1,3732.83,45.58,19552.69,6040.86,Non-Compliant,None,74.02,250342.41,93.03,4.19,0.94,Yes,38.81,25.87,10.43,Tier 1
S03496,Supplier_3496,Vietnam,Metals,43.75,3182.71,78.86,55798.28,9099.49,Compliant,,21.44,309545.06,98.2,2.83,0.76,No,20.58,95.03,20.65,
S03497,Supplier_3497,Indonesia,Electronics,67.3,4403.85,88.51,80283.47,2423.68,Compliant,ISO 45001,84.31,313917.52,92.11,4.16,0.35,Yes,31.02,94.3,171.57,Tier 1
S03498,Supplier_3498,China,Plastics,59.65,1920.92,46.79,94604.73,7826.43,Partially Compliant,None,6.12,46275.37,72.77,2.76,0.88,No,47.07,53.95,8.55,Tier 2
S03499,Supplier_3499,India,Metals,70.6,2541.1,36.55,72363.78,2780.23,Partially Compliant,None,61.24,447843.45,75.77,1.83,0.69,No,11.87,97.97,143.1,Tier 3
S03500,Supplier_3500,China,Metals,75.83,1281.82,95.89,71341.31,4590.07,Compliant,ISO 45001,85.51,277760.86,88.52,2.52,0.67,No,37.26,86.76,152.06,Tier 2
S03501,Supplier_3501,Thailand,FMCG,86.22,4131.28,43.88,62547.22,4421.94,Compliant,ISO 45001,76.94,315237.98,97.48,0.3,0.68,Yes,11.14,49.64,166.7,Tier 3
S03502,Supplier_3502,China,Metals,88.45,4475.23,75.14,79902.26,4817.98,Compliant,ISO 14001,18.58,51991.22,96.86,2.51,0.34,Yes,47.77,10.51,135.77,Tier 2
S03503,Supplier_3503,Singapore,Electronics,92.43,2495.05,78.57,71737.01,9249.73,Compliant,None,39.02,121006.62,74.89,0.84,0.39,No,27.59,34.43,16.69,Tier 2
S03504,Supplier_3504,,Electronics,63.35,4634.0,76.62,62994.44,4502.74,Non-Compliant,ISO 45001,62.54,399943.98,77.28,1.01,0.5,No,27.52,86.76,177.13,Tier 2
S03505,Supplier_3505,Vietnam,Textiles,93.27,4713.17,65.44,29256.64,2046.75,Compliant,None,83.04,168321.1,90.5,1.58,0.66,Yes,21.03,68.89,110.02,Tier 1
S03506,Supplier_3506,Singapore,Automotive,93.76,985.73,N/A,31951.21,1222.29,Non-Compliant,ISO 9001,32.29,363381.48,75.4,3.38,0.88,Yes,29.21,6.32,53.96,Tier 1
S03507,Supplier_3507,Vietnam,,70.69,2512.22,45.23,5161.74,120.06,Non-Compliant,ISO 14001,11.08,156062.26,91.07,2.13,0.89,Yes,5.43,1.09,78.9,
S03508,Supplier_3508,Vietnam,Plastics,N/A,4585.81,59.04,9684.52,7549.99,Non-Compliant,ISO 45001,16.06,29723.27,74.22,1.9,0.47,No,7.88,95.83,8.94,Tier 2
S03509,Supplier_3509,Thailand,FMCG,55.23,3708.48,75.32,45988.38,5148.63,Compliant,ISO 14001,8.97,119172.12,89.59,4.46,0.76,No,48.98,16.12,70.81,Tier 3
S03510,Supplier_3510,Vietnam,Plastics,80.76,877.34,71.3,13997.54,7881.34,Compliant,ISO 9001,68.31,49155.14,91.59,2.1,0.51,Yes,2.42,93.24,105.6,Tier 3
S03511,Supplier_3511,Thailand,Electronics,54.57,2211.7,87.91,4148.04,8882.75,Partially Compliant,ISO 45001,18.59,446045.7,79.72,4.68,0.67,No,32.73,32.14,7.44,Tier 1
S03512,Supplier_3512,Thailand,Plastics,62.64,1512.8,56.27,6150.02,1181.11,Partially Compliant,ISO 14001,51.98,44422.39,77.95,0.19,0.57,Yes,12.24,71.8,23.97,Tier 3
S03513,Supplier_3513,Singapore,Metals,81.89,243.93,79.02,50614.55,1843.62,Non-Compliant,ISO 14001,64.62,214673.96,73.3,3.19,0.97,No,51.86,23.26,197.71,Tier 2
S03514,Supplier_3514,Vietnam,Chemicals,89.59,3920.0,53.45,29927.75,4776.09,Non-Compliant,ISO 14001,31.1,91412.7,83.98,4.56,0.93,Yes,17.09,54.59,90.0,Tier 1
S03515,Supplier_3515,India,FMCG,75.04,5050.08,95.03,80801.58,6504.57,Non-Compliant,ISO 9001,20.46,96137.97,91.06,4.21,0.65,No,3.66,45.96,103.35,Tier 2
S03516,Supplier_3516,Singapore,FMCG,68.02,4097.66,41.72,15210.5,3461.62,Partially Compliant,,15.91,448089.25,98.96,4.37,0.35,Yes,4.61,36.84,99.01,Tier 2
S03517,Supplier_3517,India,Automotive,60.68,2042.38,89.26,12903.28,1391.36,Compliant,ISO 45001,13.94,226634.13,86.52,1.69,0.49,Yes,47.45,19.16,106.75,Tier 1
S03518,Supplier_3518,Singapore,Metals,68.81,620.84,85.28,49262.0,7488.97,Compliant,ISO 14001,35.61,354275.1,79.28,1.6,0.78,No,4.16,11.06,116.17,Tier 2
S03519,Supplier_3519,Thailand,FMCG,44.14,2204.69,77.28,26770.43,1044.25,Partially Compliant,None,18.79,486463.64,83.02,1.8,0.96,Yes,42.0,95.33,14.46,Tier 2
S03520,Supplier_3520,Indonesia,FMCG,94.58,1644.72,32.32,34027.22,3098.91,Compliant,ISO 14001,26.97,372110.41,81.89,4.69,0.61,No,0.46,86.59,27.47,Tier 3
S03521,Supplier_3521,Indonesia,Plastics,68.19,1470.98,91.9,11553.06,1051.59,Non-Compliant,ISO 14001,7.51,206682.03,96.64,3.5,0.99,Yes,37.13,6.8,58.6,Tier 2
S03522,Supplier_3522,Vietnam,Electronics,52.97,2774.05,88.79,67571.95,6243.97,Non-Compliant,ISO 9001,64.43,329305.03,80.85,1.15,0.48,Yes,34.12,23.23,102.6,Tier 1
S03523,Supplier_3523,India,Textiles,44.99,3745.83,43.42,92904.17,949.01,Compliant,ISO 9001,12.56,39209.54,73.64,1.54,0.9,No,13.99,80.29,16.63,Tier 3
S03524,Supplier_3524,India,Automotive,74.35,277.5,50.03,23695.24,9788.43,,None,82.99,351667.73,85.79,4.39,0.37,No,26.5,57.58,183.88,Tier 3
S03525,Supplier_3525,Vietnam,Automotive,66.44,4049.98,78.12,94251.07,7674.32,Non-Compliant,None,25.81,400859.62,90.92,2.3,0.64,No,44.74,28.9,76.89,Tier 2
S03526,Supplier_3526,Vietnam,,68.58,2914.2,34.6,80165.88,3122.31,Non-Compliant,ISO 45001,61.39,176111.28,70.8,4.55,0.82,Yes,25.44,78.81,44.28,Tier 2
S03527,Supplier_3527,China,FMCG,48.81,1956.56,95.79,28406.74,2908.21,Compliant,None,8.81,220797.1,82.13,4.64,0.94,No,5.38,9.02,172.91,Tier 1
S03528,Supplier_3528,Vietnam,Plastics,65.4,3603.37,88.61,14918.43,8588.74,Partially Compliant,ISO 9001,64.09,160702.08,74.05,2.4,0.59,Yes,46.5,16.04,129.11,Tier 3
S03529,Supplier_3529,Indonesia,Electronics,68.67,1001.69,92.11,35513.25,4362.06,Non-Compliant,ISO 9001,18.52,487996.41,73.1,4.81,0.5,Yes,44.43,0.65,1.82,Tier 1
S03530,Supplier_3530,India,FMCG,76.22,2344.84,95.25,46692.49,4488.63,Non-Compliant,ISO 9001,73.16,102122.89,93.62,4.6,0.88,Yes,41.89,100.74,203.54,Tier 2
S03531,Supplier_3531,Thailand,Electronics,53.24,2421.19,87.87,55331.67,8492.93,Non-Compliant,None,58.29,306574.9,89.23,0.9,0.56,No,49.34,8.78,75.67,Tier 2
S03532,Supplier_3532,China,,85.04,1918.53,72.24,26170.92,3440.31,Partially Compliant,ISO 14001,72.44,419590.26,84.03,1.76,0.66,Yes,21.2,41.83,187.96,Tier 3
S03533,Supplier_3533,Thailand,Chemicals,N/A,1563.29,92.04,79106.2,4354.52,Non-Compliant,ISO 14001,60.33,358089.7,95.09,3.77,0.54,No,20.94,79.77,197.02,Tier 3
S03534,Supplier_3534,China,Electronics,73.24,3104.66,41.0,65529.75,4170.64,Partially Compliant,None,38.95,466378.8,91.88,2.79,0.51,No,7.61,40.29,44.68,Tier 1
S03535,Supplier_3535,Vietnam,Electronics,83.96,3664.93,29.99,6788.03,1898.65,Compliant,ISO 9001,48.34,194197.06,88.97,3.06,0.34,Yes,11.59,71.31,74.24,Tier 1
S03536,Supplier_3536,Vietnam,Textiles,N/A,4014.66,49.54,2007.38,208.41,,ISO 45001,45.83,145075.25,88.98,0.62,0.61,No,25.19,49.46,197.41,Tier 3
S03537,Supplier_3537,Thailand,Automotive,72.53,2548.66,64.94,49393.33,1753.45,Compliant,ISO 9001,42.68,333775.88,75.0,3.17,0.97,No,40.6,36.53,9.4,Tier 1
S03538,Supplier_3538,Malaysia,Metals,69.48,1170.59,64.41,56855.43,836.98,Partially Compliant,ISO 14001,77.71,211554.43,87.71,3.95,0.63,Yes,15.11,76.59,27.75,Tier 3
S03539,Supplier_3539,Indonesia,Plastics,47.28,3012.77,38.82,36382.82,5480.88,Non-Compliant,None,15.91,337935.85,74.89,1.07,0.93,Yes,50.44,97.53,132.51,Tier 1
S03540,Supplier_3540,Thailand,Electronics,84.02,2263.31,81.47,98716.97,3370.18,Compliant,ISO 45001,34.93,190272.32,103.71,1.78,0.33,No,35.78,21.54,68.38,Tier 1
S03541,Supplier_3541,Thailand,Electronics,66.11,5022.62,51.51,80836.55,3804.38,Compliant,ISO 14001,59.4,267003.08,98.27,0.86,0.9,Yes,20.73,74.59,54.84,Tier 3
S03542,Supplier_3542,Indonesia,FMCG,47.51,1476.7,89.12,42707.85,3395.24,Partially Compliant,ISO 45001,70.83,122954.05,97.63,5.04,0.68,No,37.14,97.5,175.98,Tier 3
S03543,Supplier_3543,Malaysia,Plastics,73.27,366.67,70.74,35751.64,9011.54,Non-Compliant,ISO 9001,13.65,474946.27,80.11,2.57,0.97,No,5.71,57.39,154.31,Tier 1
S03544,Supplier_3544,China,Textiles,81.66,3750.01,40.14,16456.52,10028.43,Non-Compliant,ISO 45001,26.96,191830.98,81.28,0.77,0.38,Yes,41.2,65.73,88.84,Tier 1
S03545,Supplier_3545,Vietnam,FMCG,N/A,1423.19,32.15,37745.1,6941.66,Partially Compliant,ISO 14001,72.13,83393.79,68.46,3.13,0.76,Yes,41.88,73.45,26.23,Tier 3
S03546,Supplier_3546,Indonesia,FMCG,45.75,4253.48,37.25,81472.44,2378.9,Partially Compliant,ISO 9001,59.31,318879.82,84.59,2.43,0.32,No,8.61,16.89,3.26,Tier 3
S03547,Supplier_3547,Singapore,FMCG,91.07,4444.57,54.76,55217.19,3531.59,Partially Compliant,,49.92,95461.7,84.33,4.12,0.62,No,13.98,49.13,174.39,Tier 3
S03548,Supplier_3548,Malaysia,Electronics,91.17,692.02,72.72,19331.29,1107.24,Non-Compliant,ISO 14001,71.74,427582.3,95.04,0.18,0.38,No,43.91,15.39,15.56,Tier 2
S03549,Supplier_3549,Thailand,FMCG,78.91,2233.8,N/A,53371.49,5321.22,Compliant,ISO 14001,55.05,452185.88,87.11,1.95,0.63,Yes,37.27,11.89,102.02,Tier 3
S03550,Supplier_3550,India,Plastics,55.66,4171.78,90.29,71741.38,3490.95,Partially Compliant,None,45.82,259372.9,74.75,4.79,0.66,No,10.93,41.82,40.81,Tier 3
S03551,Supplier_3551,India,Metals,88.73,386.56,49.6,81939.62,7444.37,Compliant,ISO 45001,64.38,471579.64,87.11,1.74,0.91,Yes,10.59,29.49,13.5,Tier 3
S03552,Supplier_3552,Indonesia,FMCG,73.7,1267.53,96.88,12720.28,5213.75,Compliant,None,86.1,176893.24,72.8,2.53,0.31,,6.46,64.58,125.41,Tier 2
S03553,Supplier_3553,Vietnam,Plastics,45.34,3292.2,31.9,25721.94,8454.64,Compliant,ISO 9001,52.37,183856.21,95.48,1.27,0.61,Yes,8.3,33.66,10.1,Tier 2
S03554,Supplier_3554,India,Automotive,83.26,2621.35,85.42,1821.71,9347.91,Partially Compliant,ISO 9001,43.09,176197.88,86.66,0.35,0.8,Yes,0.26,87.29,167.24,Tier 1
S03555,Supplier_3555,India,Electronics,82.81,3819.55,91.36,59372.17,2650.5,Non-Compliant,ISO 45001,29.37,308862.09,69.67,0.1,0.76,No,38.8,33.19,56.49,Tier 3
S03556,Supplier_3556,Malaysia,Chemicals,N/A,4921.6,86.39,3780.62,1913.51,Non-Compliant,,27.57,239850.79,87.01,3.68,0.52,No,43.77,87.5,72.96,Tier 3
S03557,Supplier_3557,China,Chemicals,66.04,5061.49,50.53,34740.79,4004.9,Non-Compliant,ISO 45001,66.32,417113.56,76.81,2.09,0.3,No,12.04,101.2,11.84,Tier 2
S03558,Supplier_3558,Indonesia,Metals,75.03,4625.23,44.49,83003.07,5488.82,,ISO 14001,22.65,356530.88,77.24,0.72,0.98,Yes,41.96,76.98,168.73,Tier 3
S03559,Supplier_3559,Singapore,Metals,43.66,4488.44,86.55,29895.18,7326.36,Partially Compliant,ISO 14001,15.6,404279.83,78.93,0.18,0.8,Yes,39.79,73.07,118.91,
S03560,Supplier_3560,Thailand,FMCG,68.34,4680.17,36.17,67485.97,9744.06,Compliant,ISO 9001,39.05,454141.44,80.9,2.57,0.38,,15.62,76.63,135.08,Tier 3
S03561,Supplier_3561,Indonesia,Plastics,52.31,2020.97,76.04,35010.6,5269.42,Non-Compliant,None,76.93,189307.25,85.78,4.15,0.58,Yes,40.07,45.47,37.11,Tier 2
S03562,Supplier_3562,China,Metals,50.82,1782.8,92.06,41710.42,2679.1,Non-Compliant,ISO 45001,28.21,348515.95,71.87,3.88,0.9,No,43.61,67.67,124.75,Tier 3
S03563,Supplier_3563,Malaysia,FMCG,67.13,1238.44,56.73,10829.03,1483.52,Compliant,None,28.36,430302.67,69.47,3.1,0.53,Yes,22.55,44.75,171.21,Tier 2
S03564,Supplier_3564,Vietnam,Chemicals,47.26,2900.27,91.28,11341.81,2848.02,Compliant,ISO 14001,48.67,439001.7,94.7,2.24,0.58,Yes,49.07,83.46,22.65,Tier 2
S03565,Supplier_3565,Indonesia,FMCG,64.48,4760.72,97.71,12005.12,4433.62,Non-Compliant,None,27.2,224187.18,86.04,1.21,0.44,,27.99,91.93,160.85,Tier 3
S03566,Supplier_3566,China,Electronics,80.08,3985.23,51.15,37474.15,9108.92,Non-Compliant,ISO 9001,54.09,30068.02,95.41,3.92,0.3,No,18.94,35.9,22.48,
S03567,Supplier_3567,Malaysia,Automotive,71.99,4085.65,71.73,80654.94,5544.7,Compliant,None,44.1,265057.61,83.84,0.56,0.95,No,36.85,53.54,29.53,Tier 1
S03568,Supplier_3568,Malaysia,Electronics,98.62,1176.51,34.97,28418.53,3391.07,Compliant,ISO 14001,22.47,304103.61,93.18,4.79,0.65,Yes,34.4,81.27,17.45,Tier 1
S03569,Supplier_3569,Malaysia,FMCG,72.39,3558.06,67.96,40243.16,3498.23,Compliant,ISO 9001,63.48,483812.14,66.84,4.08,0.73,Yes,34.78,79.01,200.14,Tier 3
S03570,Supplier_3570,India,Electronics,85.94,2360.28,70.6,15126.28,1275.25,Compliant,ISO 9001,38.9,327385.58,80.04,1.25,0.32,Yes,49.99,32.96,76.27,Tier 1
S03571,Supplier_3571,India,Plastics,82.09,2715.78,40.64,8422.08,7595.06,Partially Compliant,ISO 9001,9.6,102468.23,75.11,2.21,0.94,Yes,29.23,87.98,89.48,Tier 1
S03572,Supplier_3572,Thailand,Electronics,73.8,2317.7,65.36,32943.79,1863.13,Partially Compliant,ISO 45001,34.85,125908.76,84.14,1.81,0.88,No,7.8,33.01,194.04,Tier 1
S03573,Supplier_3573,Malaysia,Electronics,88.18,2774.72,69.31,17682.98,365.77,Partially Compliant,ISO 45001,15.01,173794.5,86.45,4.23,0.5,Yes,20.53,71.27,200.79,Tier 2
S03574,Supplier_3574,Vietnam,Textiles,78.18,4863.76,57.28,34017.78,3692.06,Partially Compliant,ISO 14001,29.22,422461.44,75.54,4.41,0.31,Yes,44.93,16.43,185.66,Tier 3
S03575,Supplier_3575,Malaysia,Metals,58.29,4455.2,92.03,63461.49,10045.45,Compliant,None,20.84,385025.09,88.93,0.69,0.38,No,28.68,83.91,54.89,Tier 2
S03576,Supplier_3576,India,FMCG,67.52,3035.5,54.08,87391.16,5184.76,Partially Compliant,ISO 45001,77.96,314704.44,76.35,3.72,0.87,No,20.66,62.93,146.73,
S03577,Supplier_3577,China,Electronics,95.9,758.99,84.77,56032.34,289.57,Partially Compliant,,14.28,31671.21,92.54,2.99,0.34,No,39.06,2.35,0.93,Tier 3
S03578,Supplier_3578,Indonesia,Electronics,81.87,2099.92,58.9,65697.6,6851.86,Compliant,ISO 14001,31.93,186383.77,89.11,2.4,0.58,No,39.6,65.9,105.28,Tier 1
S03579,Supplier_3579,Malaysia,FMCG,86.72,2867.14,77.45,79053.1,8456.66,Compliant,ISO 45001,12.1,392578.47,73.23,4.08,0.65,No,20.44,29.04,122.39,Tier 3
S03580,Supplier_3580,Malaysia,Metals,76.72,4693.02,34.82,12181.07,3927.23,,None,46.72,271015.75,85.97,0.58,0.3,Yes,32.12,93.58,136.57,Tier 3
S03581,Supplier_3581,China,Electronics,71.12,2068.22,45.9,98988.67,9914.25,Partially Compliant,None,62.81,312043.87,72.89,0.24,0.58,Yes,5.66,91.58,113.98,
S03582,Supplier_3582,Indonesia,FMCG,75.41,1559.69,84.97,25687.1,8290.92,Partially Compliant,ISO 45001,77.67,470084.22,79.88,2.15,0.61,No,29.04,62.35,35.06,Tier 1
S03583,Supplier_3583,Singapore,Metals,93.62,4283.66,31.17,15218.94,3203.93,,None,21.24,114646.03,87.74,3.86,0.95,No,15.41,75.07,145.13,Tier 1
S03584,Supplier_3584,India,Automotive,80.33,3900.85,98.26,68139.52,3362.04,Non-Compliant,ISO 45001,87.03,421431.33,94.86,3.81,0.67,No,49.96,66.07,32.9,Tier 3
S03585,Supplier_3585,Malaysia,FMCG,83.82,2277.3,93.41,38407.41,5398.21,Partially Compliant,ISO 14001,86.41,415640.37,80.98,4.49,1.03,No,18.79,15.44,131.16,Tier 1
S03586,Supplier_3586,China,Plastics,61.85,2368.6,43.06,62192.54,3129.26,Partially Compliant,ISO 45001,76.18,10491.59,76.69,0.84,0.42,Yes,17.87,87.09,61.64,Tier 1
S03587,Supplier_3587,Thailand,Chemicals,38.98,1141.21,66.81,5210.75,1425.31,Compliant,ISO 45001,23.3,20525.79,70.7,2.32,0.5,No,34.68,60.91,103.19,Tier 1
S03588,Supplier_3588,Singapore,Metals,41.11,3865.94,88.2,63961.96,6230.46,Compliant,None,11.32,229116.11,73.63,0.3,0.92,No,42.53,83.06,24.25,Tier 2
S03589,Supplier_3589,Singapore,Electronics,62.22,4652.12,78.64,30424.73,3991.35,,ISO 14001,78.13,16968.11,72.84,3.77,0.32,No,18.82,51.7,99.52,Tier 1
S03590,Supplier_3590,India,Textiles,84.62,513.91,89.68,76065.92,1279.1,Compliant,ISO 9001,59.19,242907.13,83.37,2.02,0.65,No,47.71,74.32,195.63,Tier 1
S03591,Supplier_3591,Singapore,Plastics,94.97,5031.4,33.88,84224.72,5553.57,Non-Compliant,None,50.84,48194.45,78.12,2.27,0.92,Yes,13.34,101.6,185.47,Tier 3
S03592,Supplier_3592,Vietnam,,64.11,399.05,92.41,74149.05,9266.13,Non-Compliant,None,77.88,238085.67,70.03,1.49,0.79,No,29.16,20.86,119.2,Tier 3
S03593,Supplier_3593,Vietnam,Textiles,50.73,463.22,45.96,11349.13,9225.31,Non-Compliant,,43.78,17535.08,72.11,0.57,0.47,Yes,24.54,38.57,40.94,Tier 3
S03594,Supplier_3594,Singapore,Plastics,65.58,1520.5,82.13,11282.09,3602.25,Partially Compliant,ISO 45001,40.04,358536.25,98.6,0.48,0.42,Yes,43.21,33.97,163.59,Tier 3
S03595,Supplier_3595,Singapore,Textiles,38.83,2403.63,47.43,87927.07,8263.48,Non-Compliant,ISO 9001,24.12,265833.33,87.6,0.78,0.34,Yes,47.3,66.22,111.98,Tier 1
S03596,Supplier_3596,Indonesia,Automotive,51.46,1547.86,32.15,35962.45,4863.21,Non-Compliant,ISO 14001,45.73,135468.01,80.33,1.75,0.46,Yes,30.32,60.37,165.36,Tier 3
S03597,Supplier_3597,Malaysia,Metals,59.13,4599.28,57.72,75584.93,2778.12,Compliant,ISO 9001,79.17,7321.86,89.64,0.35,0.36,Yes,35.26,14.99,102.09,
S03598,Supplier_3598,Indonesia,Automotive,47.72,2901.94,52.18,8545.75,623.38,Partially Compliant,ISO 45001,32.36,86363.79,72.2,3.54,0.71,No,20.37,48.98,16.53,Tier 2
S03599,Supplier_3599,Thailand,FMCG,45.83,3749.09,N/A,61544.57,1380.03,Compliant,ISO 9001,61.42,133555.55,86.39,2.44,0.89,Yes,32.91,17.72,151.11,Tier 2
S03600,Supplier_3600,India,Textiles,46.71,2286.96,59.48,32037.01,9688.0,Non-Compliant,ISO 9001,45.84,368587.42,75.86,3.17,0.52,No,47.73,10.18,35.15,Tier 3
S03601,Supplier_3601,Vietnam,Textiles,72.76,2001.92,39.67,18979.01,1529.39,Compliant,ISO 14001,47.59,33762.63,81.44,0.88,0.9,Yes,33.55,82.28,36.23,Tier 1
S03602,Supplier_3602,Indonesia,Textiles,62.27,3556.19,90.05,2513.18,7939.13,Compliant,ISO 45001,41.43,27016.17,93.26,2.42,0.52,Yes,38.35,48.43,132.56,Tier 3
S03603,Supplier_3603,India,Textiles,45.51,157.16,56.58,6466.86,7927.22,Partially Compliant,None,14.55,400351.95,81.79,4.47,0.52,Yes,2.76,98.18,152.67,Tier 3
S03604,Supplier_3604,Malaysia,Metals,68.08,4428.2,81.58,21886.51,6700.6,,ISO 14001,60.06,461587.09,91.36,1.85,1.0,No,19.32,85.13,5.5,Tier 3
S03605,Supplier_3605,Thailand,Electronics,83.41,3062.76,74.68,73185.81,4344.33,Compliant,None,44.59,286154.56,80.12,0.74,0.64,Yes,18.92,20.07,167.87,Tier 1
S03606,Supplier_3606,Thailand,Textiles,78.4,425.46,101.03,62632.86,7389.53,Partially Compliant,ISO 9001,22.18,46894.87,79.32,0.35,0.33,Yes,24.53,69.21,30.44,
S03607,Supplier_3607,Malaysia,Automotive,71.1,2443.7,47.95,41867.18,8278.22,Non-Compliant,None,43.98,333184.82,99.09,2.41,0.82,,0.65,31.66,95.45,Tier 2
S03608,Supplier_3608,Malaysia,Metals,77.28,917.4,59.74,12634.25,6398.93,Compliant,ISO 14001,43.62,3295.04,96.71,1.57,0.76,Yes,18.89,39.52,25.95,Tier 1
S03609,Supplier_3609,China,Chemicals,49.0,N/A,41.75,11694.13,4844.86,Compliant,ISO 45001,22.63,454524.28,74.01,1.69,0.62,No,22.88,29.33,185.68,Tier 1
S03610,Supplier_3610,Malaysia,Automotive,72.7,2749.88,39.0,51217.61,354.02,Compliant,None,44.64,339913.85,86.88,1.45,0.66,No,28.17,97.1,91.8,Tier 2
S03611,Supplier_3611,Vietnam,FMCG,41.85,1160.49,N/A,60526.88,8229.51,,ISO 14001,18.64,411332.21,89.52,0.13,0.85,Yes,26.09,50.48,147.43,Tier 1
S03612,Supplier_3612,China,Plastics,91.65,3045.6,79.65,48018.35,3576.36,Non-Compliant,None,8.03,205081.26,73.35,2.08,0.35,Yes,22.38,93.64,119.84,Tier 2
S03613,Supplier_3613,China,Automotive,90.04,298.02,43.21,28446.05,2214.89,Compliant,ISO 9001,68.17,75075.07,86.74,0.74,0.83,No,37.86,74.84,157.23,Tier 3
S03614,Supplier_3614,Vietnam,Chemicals,73.38,1618.95,59.27,18852.76,4084.8,Non-Compliant,ISO 14001,31.75,372558.99,76.81,1.39,0.47,Yes,20.54,62.58,163.74,Tier 3
S03615,Supplier_3615,Vietnam,Metals,66.09,4239.31,68.26,89379.81,9581.94,Non-Compliant,ISO 45001,78.06,458724.09,82.41,2.21,0.72,Yes,2.73,49.2,120.78,Tier 3
S03616,Supplier_3616,Vietnam,Plastics,72.86,397.7,76.46,21522.5,4405.26,Non-Compliant,ISO 9001,58.34,107452.38,90.93,3.65,0.85,No,20.37,88.89,77.99,Tier 2
S03617,Supplier_3617,China,Plastics,82.17,217.81,54.31,49284.83,4568.31,Non-Compliant,ISO 45001,18.45,339385.66,83.41,1.69,0.62,No,45.99,40.37,51.6,Tier 1
S03618,Supplier_3618,China,Automotive,83.74,1664.44,85.04,77068.94,3866.03,Compliant,ISO 45001,60.51,121703.27,90.31,0.54,0.64,Yes,1.05,5.67,7.52,Tier 1
S03619,Supplier_3619,Malaysia,,51.37,4655.93,42.84,83049.26,6932.0,Compliant,ISO 45001,45.92,218587.41,87.98,3.76,0.59,No,0.39,23.48,18.68,Tier 1
S03620,Supplier_3620,Thailand,Plastics,86.44,2467.35,97.1,38835.08,4998.92,Compliant,ISO 14001,83.54,287922.14,68.52,1.65,0.88,No,13.35,29.91,72.54,Tier 3
S03621,Supplier_3621,Malaysia,Electronics,44.5,104.63,90.58,2137.63,5030.94,Non-Compliant,ISO 14001,15.51,183759.49,72.42,4.81,0.7,No,19.7,65.53,71.46,Tier 3
S03622,Supplier_3622,Malaysia,Electronics,55.62,523.63,99.03,26795.72,9260.47,Partially Compliant,None,63.9,329354.49,89.74,1.5,0.59,No,38.13,63.84,29.04,Tier 3
S03623,Supplier_3623,China,Metals,68.54,748.91,53.2,29655.77,1073.32,Compliant,ISO 9001,27.16,9627.63,73.49,0.12,0.94,No,46.76,42.71,189.29,Tier 1
S03624,Supplier_3624,Singapore,FMCG,41.67,4816.45,75.74,97050.75,557.78,Partially Compliant,ISO 45001,6.21,95520.31,86.78,2.5,0.54,No,43.67,47.08,104.82,Tier 3
S03625,Supplier_3625,China,,89.05,2238.38,96.84,42440.4,1307.67,Partially Compliant,ISO 45001,18.41,277658.65,69.27,2.7,0.71,Yes,46.99,69.77,172.61,Tier 1
S03626,Supplier_3626,China,FMCG,50.41,262.62,70.73,72703.44,3206.26,Partially Compliant,ISO 14001,60.52,28343.02,73.22,3.6,0.55,No,16.48,27.85,81.33,Tier 3
S03627,Supplier_3627,,FMCG,62.42,480.82,73.99,10447.24,5044.04,Non-Compliant,ISO 14001,34.14,422657.37,83.87,5.03,0.92,Yes,3.14,87.74,47.35,Tier 2
S03628,Supplier_3628,Malaysia,FMCG,73.12,920.4,92.59,70367.29,9861.61,Compliant,ISO 45001,59.89,44171.13,91.68,4.02,0.39,No,2.06,90.8,106.77,Tier 1
S03629,Supplier_3629,India,Chemicals,43.21,939.01,35.02,58123.53,2747.54,Partially Compliant,ISO 14001,42.29,386649.16,85.71,4.77,0.82,Yes,41.89,54.74,179.4,
S03630,Supplier_3630,Singapore,FMCG,86.67,2933.54,62.73,32638.32,4404.54,Partially Compliant,ISO 14001,56.89,443586.98,82.5,1.87,0.72,Yes,45.31,51.5,95.05,Tier 3
S03631,Supplier_3631,Indonesia,Chemicals,80.91,2008.42,64.29,86967.33,8387.37,Non-Compliant,,21.89,163104.27,81.69,1.92,0.47,No,42.06,29.93,13.18,Tier 1
S03632,Supplier_3632,Indonesia,Electronics,80.42,3804.6,52.1,96030.17,4875.19,,ISO 14001,16.39,318075.12,98.25,2.92,0.7,,47.59,15.05,167.51,Tier 2
S03633,Supplier_3633,India,,86.54,1822.77,42.95,38040.17,782.13,Non-Compliant,ISO 9001,54.67,426485.3,73.47,1.77,0.56,Yes,49.34,62.92,153.11,Tier 2
S03634,Supplier_3634,Singapore,Metals,56.37,3091.71,73.31,2862.29,3262.33,Non-Compliant,,91.71,233787.67,99.8,0.87,0.75,No,35.8,26.41,54.1,Tier 3
S03635,Supplier_3635,Malaysia,Automotive,57.12,1553.43,43.27,70741.67,9492.1,Non-Compliant,ISO 14001,14.18,57721.19,93.87,2.25,0.65,Yes,4.2,76.48,9.28,
S03636,Supplier_3636,Vietnam,Chemicals,69.47,1171.27,31.83,75390.92,8489.63,Non-Compliant,ISO 45001,73.27,166099.45,89.96,2.35,0.71,No,28.79,24.82,111.06,Tier 2
S03637,Supplier_3637,China,Metals,67.83,4705.86,93.57,60416.11,5010.35,Partially Compliant,ISO 45001,80.77,223808.34,93.54,1.52,0.77,No,34.5,6.96,140.45,Tier 1
S03638,Supplier_3638,,Chemicals,53.14,1530.07,53.52,76141.3,6656.29,Compliant,None,39.35,136209.3,73.0,4.2,0.72,No,32.31,51.15,64.33,Tier 3
S03639,Supplier_3639,China,Chemicals,70.05,1634.59,91.03,25507.44,6368.49,Non-Compliant,ISO 9001,6.45,438243.6,93.76,4.02,0.61,No,37.51,10.6,201.72,Tier 2
S03640,Supplier_3640,Thailand,Automotive,45.36,4418.77,71.31,62736.0,767.01,Non-Compliant,,45.8,463643.88,77.42,4.01,0.36,No,33.24,43.7,102.25,Tier 2
S03641,Supplier_3641,China,Plastics,60.03,3867.13,89.0,50399.23,6320.59,Partially Compliant,ISO 9001,26.17,6665.83,88.86,2.93,0.37,No,22.39,101.06,57.28,Tier 1
S03642,Supplier_3642,Vietnam,Chemicals,63.35,4080.65,N/A,37999.71,7080.52,Partially Compliant,None,83.07,63450.61,97.04,1.77,0.54,No,23.72,26.22,146.55,Tier 1
S03643,Supplier_3643,China,Chemicals,57.84,305.53,80.59,22709.96,2146.8,Compliant,ISO 45001,27.8,112482.6,98.87,4.25,0.82,,28.76,31.12,188.1,Tier 3
S03644,Supplier_3644,Thailand,Electronics,72.32,510.33,93.9,86610.73,5942.67,Compliant,ISO 9001,60.73,507523.34,70.29,1.25,0.97,Yes,17.47,44.07,170.52,
S03645,Supplier_3645,Indonesia,FMCG,N/A,4215.65,86.24,30540.42,6821.85,Compliant,ISO 14001,55.98,23444.11,87.22,1.51,0.91,No,13.81,6.26,12.08,Tier 1
S03646,Supplier_3646,Thailand,Electronics,66.57,2905.34,53.65,36185.69,3556.95,Compliant,None,53.99,392004.04,69.07,4.6,0.92,Yes,33.79,50.49,192.55,Tier 1
S03647,Supplier_3647,China,Plastics,55.44,5043.65,42.98,27463.29,8198.39,Partially Compliant,ISO 45001,53.66,444105.02,84.02,4.89,0.36,Yes,34.66,26.75,28.85,Tier 2
S03648,Supplier_3648,Singapore,Textiles,71.63,1493.05,93.21,10980.46,2244.88,Compliant,ISO 14001,67.13,12533.68,96.38,3.13,0.86,Yes,40.33,49.6,145.62,
S03649,Supplier_3649,Malaysia,Textiles,90.93,3629.41,73.46,91954.31,7869.08,Partially Compliant,ISO 45001,84.81,12034.75,77.63,3.01,0.84,Yes,17.67,20.56,51.99,Tier 2
S03650,Supplier_3650,Singapore,Plastics,74.94,4109.03,76.19,17354.95,2287.82,,None,68.27,273659.21,75.79,2.69,0.32,Yes,13.67,17.49,134.09,Tier 3
S03651,Supplier_3651,Thailand,Electronics,64.13,640.13,74.29,92387.81,744.98,Non-Compliant,ISO 9001,41.46,237517.12,86.61,0.61,0.78,Yes,35.06,43.39,104.43,Tier 2
S03652,Supplier_3652,Thailand,Automotive,41.63,4757.71,70.17,71854.52,2242.48,,ISO 45001,86.76,101409.56,97.76,2.75,0.75,No,37.72,26.9,106.25,Tier 2
S03653,Supplier_3653,India,FMCG,81.85,5017.33,66.67,39956.41,9894.44,Compliant,ISO 45001,16.77,301990.42,90.15,0.13,0.98,Yes,16.43,19.65,134.73,Tier 1
S03654,Supplier_3654,Vietnam,Chemicals,50.78,4709.68,56.98,86705.76,7292.45,Compliant,ISO 9001,44.97,211799.71,102.55,1.45,0.98,Yes,44.15,73.9,73.65,Tier 3
S03655,Supplier_3655,,Automotive,39.19,4645.77,83.23,99212.34,2445.87,Non-Compliant,ISO 14001,87.99,27896.43,84.75,4.02,0.89,Yes,19.83,64.89,69.78,Tier 3
S03656,Supplier_3656,Thailand,Textiles,72.81,3338.68,94.86,3915.04,2604.18,Partially Compliant,ISO 9001,33.8,176270.74,98.37,4.95,0.69,No,22.42,37.92,8.54,Tier 1
S03657,Supplier_3657,Thailand,Electronics,82.79,720.68,53.49,68671.39,6657.73,Non-Compliant,ISO 9001,15.28,469003.46,93.54,3.27,0.55,No,10.96,60.23,86.69,Tier 1
S03658,Supplier_3658,Indonesia,Metals,69.55,207.09,62.8,40487.14,8004.37,Partially Compliant,ISO 45001,50.71,177404.25,83.39,3.55,0.83,No,39.23,21.55,136.74,Tier 3
S03659,Supplier_3659,India,Metals,68.16,4682.22,79.29,67624.08,2484.43,Partially Compliant,None,71.5,275288.45,76.89,3.85,0.83,No,3.74,11.32,176.77,Tier 3
S03660,Supplier_3660,Vietnam,FMCG,88.5,1676.95,N/A,64058.4,7731.15,Non-Compliant,None,54.57,406532.95,85.42,4.22,0.88,No,10.26,45.52,87.5,Tier 1
S03661,Supplier_3661,Singapore,Metals,58.14,2403.79,86.35,40513.93,2173.67,Non-Compliant,ISO 45001,52.95,7060.24,95.48,2.5,0.35,No,18.56,90.37,64.02,Tier 3
S03662,Supplier_3662,Thailand,Textiles,70.27,4362.52,52.39,56265.64,1464.03,Compliant,ISO 45001,80.92,185556.08,102.57,3.19,0.9,No,0.24,50.71,6.08,Tier 3
S03663,Supplier_3663,Singapore,,69.79,3450.61,83.28,87232.37,5822.87,Partially Compliant,None,79.96,113570.38,85.35,2.94,0.78,No,22.51,89.71,158.03,Tier 2
S03664,Supplier_3664,,Chemicals,68.63,2631.0,80.24,101218.33,8938.56,Compliant,ISO 45001,47.04,233651.83,73.47,1.65,0.75,Yes,48.55,2.24,103.98,Tier 3
S03665,Supplier_3665,Singapore,Automotive,81.32,909.64,38.45,13350.0,1565.22,Non-Compliant,ISO 14001,73.38,464735.25,89.97,0.28,0.63,Yes,26.64,28.44,88.73,Tier 3
S03666,Supplier_3666,Vietnam,Automotive,81.2,445.57,76.86,94434.45,3379.67,Compliant,ISO 45001,77.26,185079.92,67.55,4.62,0.44,Yes,21.07,39.97,87.74,
S03667,Supplier_3667,Indonesia,Textiles,51.35,4793.03,81.92,39512.52,7198.26,Partially Compliant,ISO 9001,75.84,417426.68,97.02,2.91,0.46,Yes,19.32,38.54,153.1,Tier 2
S03668,Supplier_3668,Vietnam,Plastics,53.53,N/A,68.24,40076.77,8179.87,Partially Compliant,ISO 45001,79.43,155314.71,77.57,2.13,0.66,No,11.39,85.85,151.14,Tier 2
S03669,Supplier_3669,,Metals,39.45,3482.41,37.09,92402.61,7678.24,Non-Compliant,ISO 45001,85.78,467912.35,96.56,4.24,0.83,Yes,4.45,77.72,128.57,Tier 1
S03670,Supplier_3670,Thailand,Metals,48.51,2551.1,81.9,48515.1,1469.4,Non-Compliant,ISO 45001,75.72,374750.5,86.05,2.65,0.97,No,34.26,31.25,178.05,Tier 1
S03671,Supplier_3671,Vietnam,Plastics,81.83,2756.48,31.66,81599.15,1255.1,Compliant,None,85.39,2158.42,95.87,0.43,0.86,No,14.9,92.91,113.48,
S03672,Supplier_3672,,Textiles,81.55,2591.27,45.44,8166.03,7381.19,Compliant,None,81.83,232880.8,70.63,2.64,0.33,,4.17,35.39,47.15,Tier 2
S03673,Supplier_3673,Malaysia,Textiles,65.46,N/A,95.83,16358.98,8210.02,Partially Compliant,ISO 9001,5.4,182710.28,95.75,3.45,0.44,No,4.99,75.51,155.19,Tier 3
S03674,Supplier_3674,Singapore,FMCG,65.45,1693.25,90.03,29500.73,9043.08,Partially Compliant,,78.67,178620.2,74.65,2.98,0.63,No,15.14,52.61,154.97,Tier 2
S03675,Supplier_3675,Malaysia,Plastics,71.98,1357.13,90.75,96040.35,5132.76,Compliant,ISO 14001,20.59,170074.76,86.11,1.58,0.5,No,13.29,4.29,58.24,Tier 2
S03676,Supplier_3676,Thailand,Textiles,84.79,1479.26,55.36,14321.95,8895.62,Non-Compliant,None,45.31,348677.92,82.21,0.73,0.44,No,35.43,28.51,186.2,Tier 3
S03677,Supplier_3677,Singapore,FMCG,73.45,3651.82,92.07,57536.28,6801.17,Non-Compliant,ISO 9001,69.09,235354.0,86.3,2.4,0.91,Yes,8.02,56.78,191.23,Tier 3
S03678,Supplier_3678,Malaysia,Metals,54.16,929.67,90.08,16427.65,1058.48,Compliant,ISO 14001,83.21,439559.03,70.22,4.23,0.4,Yes,44.15,19.24,107.11,Tier 1
S03679,Supplier_3679,Thailand,Metals,53.89,3230.44,62.19,99359.58,1410.06,Partially Compliant,None,16.41,174797.03,75.18,4.79,0.3,,31.68,93.71,121.74,Tier 3
S03680,Supplier_3680,Thailand,Plastics,85.46,394.16,31.03,85987.62,4448.19,Compliant,,27.06,397140.26,84.9,0.46,0.67,No,28.01,77.92,123.55,Tier 1
S03681,Supplier_3681,Vietnam,,N/A,1910.07,48.55,72126.53,7478.45,Partially Compliant,ISO 45001,64.08,18508.48,85.51,4.68,0.76,No,6.07,89.77,9.97,Tier 2
S03682,Supplier_3682,Singapore,Chemicals,87.7,306.73,85.06,54204.43,4507.84,,None,56.86,397315.07,90.86,2.74,0.35,,29.35,37.0,141.44,Tier 2
S03683,Supplier_3683,Indonesia,Chemicals,87.63,4900.86,90.2,70438.33,4439.42,Non-Compliant,ISO 9001,31.99,80946.01,97.32,3.14,0.75,No,35.6,2.19,110.36,Tier 2
S03684,Supplier_3684,Indonesia,Electronics,83.93,2804.34,95.31,24340.8,2472.7,Partially Compliant,ISO 45001,48.81,102323.98,98.76,5.08,0.46,Yes,31.74,60.34,151.32,Tier 1
S03685,Supplier_3685,Singapore,Textiles,73.67,3204.35,37.8,33387.75,597.18,Compliant,ISO 45001,48.21,358110.86,77.8,3.84,0.6,No,44.5,94.33,76.74,Tier 2
S03686,Supplier_3686,China,FMCG,50.31,1498.21,92.14,41875.0,363.6,Non-Compliant,ISO 45001,25.1,408188.62,83.98,3.86,0.36,No,27.99,58.52,42.83,Tier 1
S03687,Supplier_3687,Thailand,Automotive,41.13,795.37,82.15,9734.02,4538.89,Non-Compliant,ISO 9001,87.12,30320.97,79.88,4.42,0.53,Yes,21.17,10.74,47.65,Tier 2
S03688,Supplier_3688,China,Electronics,56.5,255.43,48.35,62593.78,10465.71,Non-Compliant,None,70.41,508082.17,88.0,3.3,0.55,Yes,42.3,4.77,112.94,Tier 3
S03689,Supplier_3689,Thailand,Textiles,59.63,461.62,50.29,62514.82,5281.72,Compliant,ISO 45001,12.86,445142.57,81.47,3.03,1.0,Yes,30.81,1.74,167.93,Tier 1
S03690,Supplier_3690,,FMCG,90.71,4179.23,49.46,5331.81,9525.65,Non-Compliant,ISO 45001,45.53,119302.56,77.15,3.26,0.83,No,48.83,47.23,83.68,Tier 3
S03691,Supplier_3691,India,Chemicals,81.7,4240.37,29.76,77508.43,1814.24,Partially Compliant,ISO 9001,80.29,397848.84,83.55,2.81,0.8,Yes,2.28,50.78,37.45,Tier 1
S03692,Supplier_3692,Vietnam,Automotive,52.16,2528.37,61.98,3953.23,2369.66,Non-Compliant,ISO 9001,77.05,200876.9,83.29,3.06,0.54,Yes,2.25,38.38,116.34,Tier 2
S03693,Supplier_3693,Singapore,FMCG,60.87,4412.67,75.24,78526.03,5488.4,Partially Compliant,ISO 9001,71.8,470290.75,95.41,2.46,0.69,,26.44,85.4,25.45,Tier 1
S03694,Supplier_3694,Vietnam,,74.06,3517.81,52.77,82158.76,1519.25,Non-Compliant,None,28.29,404037.81,93.87,0.38,0.77,Yes,47.48,101.88,16.2,Tier 2
S03695,Supplier_3695,Malaysia,FMCG,80.67,2202.39,55.81,75370.1,8958.1,Compliant,None,31.19,303072.2,70.11,0.76,0.78,Yes,17.83,11.01,184.36,Tier 3
S03696,Supplier_3696,,Plastics,84.43,2292.81,70.53,41402.41,5366.06,Compliant,ISO 45001,19.84,118437.84,75.94,2.76,0.66,Yes,0.6,50.7,123.99,Tier 1
S03697,Supplier_3697,India,Automotive,90.83,4385.54,30.17,69674.93,7204.14,Compliant,None,25.29,150967.93,71.99,4.01,0.31,No,19.44,12.69,73.76,
S03698,Supplier_3698,Indonesia,Electronics,65.45,1590.03,N/A,5363.34,2641.66,Compliant,,67.19,212922.31,100.88,4.65,1.0,Yes,41.57,56.54,17.39,Tier 3
S03699,Supplier_3699,Vietnam,Metals,N/A,200.25,61.12,35934.69,9834.28,,ISO 14001,32.84,376695.84,89.77,2.41,0.45,No,33.67,68.78,185.74,Tier 1
S03700,Supplier_3700,Thailand,Metals,51.21,1697.59,36.69,12810.76,4579.7,Compliant,ISO 14001,10.41,212815.07,102.32,3.21,0.52,No,25.67,25.98,177.58,Tier 1
S03701,Supplier_3701,Singapore,Automotive,80.71,4560.34,51.64,57645.98,9030.32,Non-Compliant,ISO 45001,39.73,26881.13,83.09,2.53,0.32,No,47.36,66.32,75.13,Tier 1
S03702,Supplier_3702,China,Plastics,44.77,2781.2,45.54,79352.38,3947.44,Non-Compliant,ISO 14001,80.44,33516.47,83.21,0.8,0.84,Yes,35.79,11.65,81.69,Tier 2
S03703,Supplier_3703,Vietnam,Metals,84.03,2649.8,32.27,14610.98,7404.41,Partially Compliant,ISO 45001,34.91,149488.17,75.84,0.55,0.91,,8.69,71.37,141.5,Tier 2
S03704,Supplier_3704,Malaysia,FMCG,56.0,2768.23,99.84,51476.98,6144.91,Non-Compliant,ISO 45001,42.5,352186.13,80.91,4.55,0.36,No,20.69,3.04,88.14,Tier 2
S03705,Supplier_3705,Indonesia,Automotive,N/A,248.65,52.23,93236.29,7052.7,Partially Compliant,ISO 9001,77.9,387771.17,83.64,3.54,0.65,No,14.64,60.18,161.36,Tier 3
S03706,Supplier_3706,Singapore,Metals,52.6,2772.79,61.88,30843.8,6075.73,Partially Compliant,ISO 14001,92.37,146636.8,95.88,3.56,0.53,No,41.81,17.28,75.42,Tier 1
S03707,Supplier_3707,China,FMCG,47.62,3095.21,102.82,79255.05,6481.79,Partially Compliant,ISO 45001,61.0,30588.82,92.99,3.83,1.0,No,26.73,5.04,142.82,Tier 2
S03708,Supplier_3708,Singapore,Textiles,46.07,3753.27,56.68,35872.6,3985.6,Compliant,ISO 14001,50.25,156891.06,75.19,2.92,0.92,,50.05,80.12,55.03,Tier 3
S03709,Supplier_3709,India,Metals,68.46,3934.35,96.49,86467.92,7067.36,Non-Compliant,ISO 14001,31.21,182426.22,93.58,0.43,0.86,No,41.37,68.78,84.23,Tier 3
S03710,Supplier_3710,China,Textiles,70.32,2004.74,64.9,41278.29,6792.12,Non-Compliant,ISO 14001,19.83,393088.37,102.83,3.15,0.95,No,49.43,43.57,31.7,Tier 3
S03711,Supplier_3711,,Electronics,87.79,888.24,N/A,40335.72,3844.14,Compliant,None,47.68,326045.51,96.63,2.75,0.45,No,29.68,12.02,161.28,Tier 3
S03712,Supplier_3712,Singapore,Textiles,58.93,1677.41,44.24,99482.96,4103.77,Non-Compliant,ISO 45001,59.04,196994.41,99.93,4.23,0.91,No,6.28,11.84,50.4,Tier 2
S03713,Supplier_3713,Malaysia,Electronics,57.53,2690.94,32.59,101312.93,2010.34,Non-Compliant,None,20.92,193726.13,93.16,0.34,0.85,No,36.95,87.07,188.67,Tier 3
S03714,Supplier_3714,Vietnam,Plastics,45.84,3384.47,63.24,13334.83,9065.01,Compliant,ISO 14001,84.58,58724.81,94.48,2.69,0.81,Yes,28.26,67.87,186.73,Tier 3
S03715,Supplier_3715,Singapore,Automotive,92.36,3711.96,30.38,17022.13,7535.02,Non-Compliant,ISO 9001,16.31,385676.32,75.28,0.75,0.9,Yes,28.72,53.66,10.08,Tier 3
S03716,Supplier_3716,Indonesia,Textiles,95.3,1579.93,47.73,64131.78,4157.68,Non-Compliant,None,70.4,73817.07,94.17,4.78,0.47,Yes,17.92,1.05,131.69,Tier 3
S03717,Supplier_3717,Singapore,Textiles,69.58,783.66,47.64,22652.75,650.96,Non-Compliant,ISO 9001,17.43,253467.54,84.86,2.2,0.39,Yes,39.9,85.03,129.77,Tier 2
S03718,Supplier_3718,India,Plastics,44.41,382.81,65.78,89675.98,3282.2,Non-Compliant,None,63.63,125118.91,92.31,1.35,0.92,No,44.11,27.26,139.55,Tier 2
S03719,Supplier_3719,China,Metals,63.0,4365.43,61.42,86508.52,5067.73,Compliant,ISO 45001,10.52,69132.71,76.01,3.06,0.45,Yes,20.57,10.35,107.72,Tier 3
S03720,Supplier_3720,Malaysia,Textiles,66.92,3380.07,71.46,9432.69,10100.8,Compliant,ISO 14001,26.16,440102.87,97.91,0.87,0.31,Yes,5.38,81.78,28.18,Tier 2
S03721,Supplier_3721,Indonesia,Textiles,70.76,3582.35,38.09,40317.97,10129.52,Compliant,ISO 45001,20.76,218679.2,77.0,0.35,0.64,Yes,37.27,72.87,49.52,Tier 3
S03722,Supplier_3722,Indonesia,Textiles,86.15,4996.11,40.7,54135.87,9390.48,Non-Compliant,ISO 9001,84.33,156122.1,83.66,2.12,0.88,No,36.34,3.95,189.86,Tier 3
S03723,Supplier_3723,Indonesia,Electronics,50.57,3018.93,66.53,64232.95,4898.4,Partially Compliant,ISO 14001,29.67,361467.45,96.08,2.8,0.8,No,9.96,77.58,100.85,
S03724,Supplier_3724,Thailand,Chemicals,47.74,4429.44,84.39,22044.92,6578.79,Non-Compliant,None,47.9,239794.2,83.75,0.75,1.01,Yes,46.18,70.71,35.29,Tier 1
S03725,Supplier_3725,Malaysia,Electronics,57.22,140.77,66.8,95231.78,4934.97,Partially Compliant,ISO 45001,84.87,208354.42,74.19,2.86,0.44,No,14.62,68.32,30.72,Tier 1
S03726,Supplier_3726,Vietnam,Chemicals,90.81,625.11,83.71,17599.07,4901.9,Compliant,None,30.58,434161.51,87.59,2.45,0.43,,28.54,43.99,195.87,Tier 1
S03727,Supplier_3727,India,Automotive,66.95,4209.64,89.48,84055.73,7204.05,Compliant,ISO 45001,47.64,65927.55,80.09,3.18,0.46,Yes,42.11,74.87,94.3,Tier 3
S03728,Supplier_3728,Vietnam,Plastics,57.68,954.81,85.92,14199.41,9373.13,Non-Compliant,None,47.56,326134.56,73.26,3.49,0.66,No,36.06,35.82,40.82,Tier 2
S03729,Supplier_3729,Malaysia,Plastics,91.06,2573.95,53.35,40368.36,1409.1,Partially Compliant,ISO 45001,37.08,77252.47,85.03,2.58,0.54,No,37.56,31.73,115.69,Tier 1
S03730,Supplier_3730,Singapore,Textiles,43.08,1942.69,100.09,15347.02,9824.58,Partially Compliant,ISO 9001,63.29,433346.76,99.11,4.85,0.71,Yes,7.8,30.39,99.06,Tier 1
S03731,Supplier_3731,Thailand,Automotive,46.72,1592.44,67.48,47851.37,7873.59,Non-Compliant,ISO 45001,72.83,304584.26,89.5,3.96,0.59,No,14.07,40.61,82.93,Tier 1
S03732,Supplier_3732,Vietnam,Electronics,70.79,1617.47,89.02,92602.57,9664.41,Partially Compliant,ISO 45001,41.28,18025.79,96.78,4.05,0.77,Yes,21.01,55.77,135.54,Tier 2
S03733,Supplier_3733,Thailand,Plastics,66.28,3218.51,41.32,3305.87,9001.43,Partially Compliant,ISO 45001,10.61,389652.55,97.72,4.74,0.69,Yes,10.2,39.85,87.11,Tier 3
S03734,Supplier_3734,India,Textiles,60.16,658.16,32.58,25272.8,7838.1,Non-Compliant,ISO 9001,16.23,309291.8,74.03,3.32,0.55,Yes,24.95,98.28,86.29,Tier 1
S03735,Supplier_3735,China,Textiles,92.95,3368.55,84.76,28120.1,3855.69,Compliant,ISO 9001,63.54,181468.84,94.47,2.91,0.91,No,5.8,29.75,139.91,Tier 1
S03736,Supplier_3736,Thailand,Chemicals,81.38,4431.99,99.53,60818.82,7259.98,Compliant,None,91.94,392425.52,74.59,3.89,0.39,No,27.83,71.7,133.63,Tier 2
S03737,Supplier_3737,China,Chemicals,65.39,1116.2,91.35,38549.45,5708.47,Partially Compliant,ISO 45001,30.49,66947.01,79.86,1.13,0.88,Yes,25.39,84.86,101.81,Tier 3
S03738,Supplier_3738,Singapore,Textiles,56.03,128.89,67.62,93817.52,7107.92,Compliant,,38.35,9288.31,78.33,3.04,0.86,No,20.27,65.03,108.87,Tier 3
S03739,Supplier_3739,Singapore,FMCG,62.13,2064.65,88.47,61021.58,7321.81,Partially Compliant,ISO 45001,39.19,76252.63,80.47,2.69,0.66,No,15.22,53.97,18.97,Tier 2
S03740,Supplier_3740,Vietnam,Automotive,75.21,3903.5,59.14,66341.57,8168.1,Compliant,ISO 14001,48.72,125967.25,77.04,2.47,0.96,Yes,22.49,57.56,70.47,Tier 1
S03741,Supplier_3741,Vietnam,Metals,75.36,615.12,77.94,24069.99,6173.22,,ISO 14001,10.56,123654.81,80.65,4.69,0.62,Yes,45.92,55.83,111.93,Tier 1
S03742,Supplier_3742,India,Automotive,75.74,1758.87,78.66,29105.89,6516.37,Partially Compliant,None,55.18,407105.46,78.45,1.45,0.63,No,25.41,0.33,107.04,Tier 1
S03743,Supplier_3743,Vietnam,FMCG,85.99,4006.12,77.07,12929.45,8824.75,Non-Compliant,ISO 14001,23.49,345228.34,69.07,1.22,0.75,Yes,20.53,28.05,4.09,Tier 2
S03744,Supplier_3744,Thailand,FMCG,65.14,3034.0,N/A,70220.4,5337.4,Partially Compliant,None,81.27,167641.1,104.04,1.61,0.29,No,21.93,3.96,45.77,Tier 1
S03745,Supplier_3745,,Metals,90.52,2721.25,33.74,11724.22,4563.19,Compliant,None,24.3,471345.04,85.55,0.67,1.03,No,25.74,73.07,52.5,Tier 2
S03746,Supplier_3746,China,Textiles,86.65,2729.51,89.5,2877.52,6260.5,Non-Compliant,ISO 45001,31.67,179153.32,76.51,3.12,1.01,Yes,46.08,88.17,9.04,Tier 1
S03747,Supplier_3747,Singapore,Electronics,86.66,1224.44,98.76,27683.01,8469.65,Partially Compliant,ISO 14001,85.38,199385.97,83.49,2.0,0.62,Yes,31.23,20.2,5.85,Tier 2
S03748,Supplier_3748,Vietnam,Metals,54.7,750.24,34.15,82981.69,2937.09,Non-Compliant,ISO 45001,57.69,163675.87,85.96,2.48,0.54,No,11.49,1.98,111.08,Tier 3
S03749,Supplier_3749,Vietnam,Electronics,67.09,2085.5,48.76,89021.65,1781.38,Partially Compliant,ISO 45001,18.69,369783.72,73.91,3.26,0.39,Yes,18.88,39.96,121.75,Tier 2
S03750,Supplier_3750,Indonesia,Plastics,69.25,5118.11,63.88,10454.28,7850.97,Partially Compliant,ISO 14001,34.85,367912.82,92.4,1.25,0.46,No,44.49,35.07,85.61,Tier 3
S03751,Supplier_3751,Vietnam,FMCG,52.03,4688.8,65.04,6002.98,2042.4,Compliant,ISO 14001,14.18,411406.11,90.82,3.81,0.73,Yes,46.85,81.02,164.5,Tier 3
S03752,Supplier_3752,Thailand,Metals,86.8,4390.62,51.34,68177.79,4832.6,Partially Compliant,ISO 14001,25.42,60394.39,86.85,3.25,0.65,No,2.65,46.14,108.71,Tier 2
S03753,Supplier_3753,Singapore,Chemicals,74.86,160.26,46.25,52829.78,3486.63,Non-Compliant,ISO 9001,87.5,63687.57,90.75,4.65,0.97,,31.81,90.84,59.04,Tier 1
S03754,Supplier_3754,China,Metals,69.12,2493.39,81.7,82801.51,4208.92,Partially Compliant,ISO 9001,65.34,86937.27,75.9,2.12,0.75,Yes,33.02,44.22,131.86,Tier 2
S03755,Supplier_3755,Indonesia,Automotive,51.25,2821.98,33.07,97495.97,4186.21,Non-Compliant,ISO 14001,17.04,47118.22,73.69,3.28,0.88,No,24.88,17.98,2.46,Tier 2
S03756,Supplier_3756,India,Automotive,47.23,1921.75,77.05,28103.43,5913.73,,ISO 9001,59.88,246226.86,89.85,4.96,0.47,Yes,39.72,40.47,167.04,Tier 2
S03757,Supplier_3757,Vietnam,Textiles,44.34,1834.64,99.73,58442.41,322.96,Partially Compliant,ISO 9001,57.34,337235.47,97.44,3.1,0.7,Yes,33.3,60.89,25.96,Tier 3
S03758,Supplier_3758,Singapore,Metals,80.23,337.05,58.81,43034.53,8141.2,Compliant,ISO 45001,66.65,303257.7,86.84,2.19,0.38,No,13.97,73.08,181.27,Tier 1
S03759,Supplier_3759,India,Electronics,81.0,1451.53,39.57,91273.99,9296.33,Non-Compliant,ISO 9001,66.59,338073.29,95.48,1.89,0.88,Yes,49.08,53.5,164.66,
S03760,Supplier_3760,Indonesia,Electronics,91.1,565.6,66.86,25198.35,5457.42,Compliant,ISO 9001,60.89,41119.46,83.65,3.95,0.7,No,35.62,1.3,46.36,Tier 3
S03761,Supplier_3761,Indonesia,,71.55,2174.71,45.78,96673.26,1416.78,Partially Compliant,ISO 14001,15.9,383242.17,93.21,0.64,0.56,,23.79,81.29,137.29,Tier 3
S03762,Supplier_3762,China,FMCG,N/A,1172.67,51.95,93976.89,8194.47,Partially Compliant,ISO 14001,71.07,99147.45,87.43,1.71,0.51,Yes,14.95,66.72,61.71,Tier 3
S03763,Supplier_3763,Singapore,Plastics,50.46,793.03,42.44,88044.22,164.51,Partially Compliant,None,36.86,278814.65,83.48,1.39,0.73,No,45.86,93.69,35.4,Tier 1
S03764,Supplier_3764,India,Plastics,82.94,3043.72,33.76,36504.41,1629.9,Non-Compliant,None,42.04,153523.8,79.48,0.13,0.51,No,26.92,87.85,205.76,Tier 2
S03765,Supplier_3765,Indonesia,Automotive,88.69,2190.39,33.36,64306.28,7435.36,Partially Compliant,ISO 14001,21.36,159573.37,87.47,2.94,0.38,Yes,7.87,60.21,42.44,Tier 3
S03766,Supplier_3766,China,FMCG,74.58,1153.99,37.33,96232.02,6093.65,Non-Compliant,ISO 14001,52.47,315357.04,81.38,0.31,0.63,Yes,6.41,40.91,165.35,Tier 2
S03767,Supplier_3767,Indonesia,Metals,68.42,4710.37,55.83,77044.04,1097.98,Non-Compliant,ISO 14001,77.83,93947.53,80.8,1.05,0.35,No,28.65,41.06,128.76,Tier 3
S03768,Supplier_3768,India,Automotive,94.79,4271.97,43.9,8749.17,575.67,Partially Compliant,ISO 45001,40.12,291229.73,94.92,0.2,0.7,No,44.46,35.89,146.93,Tier 1
S03769,Supplier_3769,Singapore,Automotive,49.28,4616.94,73.6,73876.65,9344.6,Compliant,ISO 45001,79.58,46913.18,77.05,3.82,0.49,No,21.95,48.52,102.15,Tier 2
S03770,Supplier_3770,Malaysia,Plastics,90.88,1953.38,51.16,64681.98,6589.3,Compliant,None,62.76,252844.9,80.65,4.36,0.67,No,8.95,94.4,156.79,Tier 1
S03771,Supplier_3771,Thailand,Plastics,70.44,3698.9,83.04,72402.01,2780.58,Compliant,None,22.53,456655.7,91.86,0.15,0.83,No,30.24,100.95,178.81,Tier 3
S03772,Supplier_3772,Singapore,Chemicals,74.41,2455.66,64.42,67266.0,6712.68,Partially Compliant,ISO 14001,26.96,343443.42,95.08,4.77,0.61,Yes,46.09,82.97,125.8,Tier 1
S03773,Supplier_3773,Malaysia,Textiles,66.46,242.22,33.18,23142.04,5552.95,Non-Compliant,ISO 45001,78.43,17657.28,82.0,1.08,0.35,Yes,28.11,16.82,125.65,Tier 1
S03774,Supplier_3774,Vietnam,Automotive,83.54,1806.03,49.85,35239.83,3637.01,Partially Compliant,ISO 14001,9.83,290279.3,97.96,4.98,0.56,No,7.02,81.32,170.3,Tier 1
S03775,Supplier_3775,China,Textiles,87.54,2895.19,100.37,5571.96,2619.98,Non-Compliant,ISO 14001,42.9,26644.86,89.51,2.86,0.91,Yes,20.44,76.37,65.09,Tier 1
S03776,Supplier_3776,Thailand,Metals,60.18,3517.75,72.39,34819.03,3166.84,Compliant,ISO 14001,32.45,27441.0,86.45,1.05,0.9,Yes,34.32,4.83,139.87,Tier 2
S03777,Supplier_3777,Thailand,Electronics,63.08,3687.82,81.79,96391.99,9764.69,Partially Compliant,ISO 14001,66.23,226482.45,79.75,4.42,0.31,Yes,43.38,27.99,57.94,Tier 2
S03778,Supplier_3778,Thailand,Textiles,88.42,3465.57,34.4,28143.99,2631.28,Non-Compliant,ISO 9001,54.91,470861.19,90.9,2.5,0.6,Yes,5.42,93.12,14.44,Tier 2
S03779,Supplier_3779,Indonesia,Metals,57.48,3685.24,48.48,90535.94,8443.35,Compliant,None,68.01,113048.62,88.76,3.57,0.8,No,7.16,10.03,159.6,Tier 3
S03780,Supplier_3780,Indonesia,Textiles,81.58,2285.3,59.57,82824.03,6775.64,Partially Compliant,,41.57,352950.39,70.09,3.73,0.75,No,9.03,80.75,176.86,Tier 1
S03781,Supplier_3781,China,Metals,76.13,270.52,41.67,65701.67,8004.72,Partially Compliant,,38.32,122677.34,94.36,3.67,0.97,No,45.64,96.84,53.3,Tier 2
S03782,Supplier_3782,India,Metals,67.54,3228.91,75.33,20393.12,1808.52,Compliant,ISO 9001,90.42,8401.17,94.08,2.01,0.89,Yes,16.95,3.18,113.2,Tier 1
S03783,Supplier_3783,,Chemicals,80.94,1919.97,N/A,98242.33,8389.83,Compliant,ISO 9001,41.75,196942.91,91.32,1.16,0.58,Yes,36.1,46.76,134.93,Tier 2
S03784,Supplier_3784,Indonesia,Plastics,79.43,2674.12,98.54,24807.32,3008.2,Non-Compliant,,38.3,166690.58,84.18,1.13,0.94,No,4.0,93.49,141.28,Tier 3
S03785,Supplier_3785,India,Plastics,85.45,2239.82,81.74,48737.56,2696.57,Non-Compliant,None,29.84,36874.61,74.25,3.64,0.51,No,47.45,20.84,166.12,Tier 1
S03786,Supplier_3786,China,FMCG,95.45,2541.15,90.74,92211.6,9527.25,Non-Compliant,ISO 14001,21.31,435137.87,72.0,1.42,0.48,,38.11,84.16,58.87,Tier 2
S03787,Supplier_3787,Indonesia,Automotive,69.16,1187.08,63.54,75169.69,4596.79,Partially Compliant,ISO 9001,81.74,69609.22,96.49,3.21,0.96,Yes,14.82,89.26,5.56,Tier 2
S03788,Supplier_3788,Thailand,Metals,67.13,3420.24,93.93,55181.1,5214.74,Compliant,ISO 45001,57.32,424745.33,75.41,0.94,0.64,No,34.77,59.35,108.3,Tier 3
S03789,Supplier_3789,Indonesia,Textiles,39.68,4795.05,85.47,21177.75,2522.15,Non-Compliant,None,64.96,122022.29,84.91,1.37,0.39,No,10.43,26.2,109.9,Tier 3
S03790,Supplier_3790,Vietnam,Chemicals,44.7,2578.83,51.65,69930.52,1844.14,Partially Compliant,None,71.57,346476.23,72.62,0.58,0.6,Yes,15.11,37.53,66.39,Tier 3
S03791,Supplier_3791,India,Metals,66.68,4564.09,92.17,3845.47,8399.86,Non-Compliant,ISO 9001,75.03,369071.13,75.31,5.18,0.78,No,11.05,12.36,55.33,Tier 1
S03792,Supplier_3792,Malaysia,Metals,46.87,1103.57,50.87,75542.49,393.88,Compliant,ISO 9001,89.15,435315.03,70.23,4.12,0.7,No,16.38,33.96,127.25,Tier 2
S03793,Supplier_3793,Singapore,Electronics,56.3,1679.28,35.13,23760.38,5737.11,Partially Compliant,ISO 45001,10.76,323318.16,69.53,1.74,0.42,No,20.9,34.51,178.41,Tier 3
S03794,Supplier_3794,Singapore,Metals,76.33,4212.07,65.77,9375.18,6153.41,Partially Compliant,ISO 45001,71.98,507997.57,71.1,0.19,0.35,Yes,33.77,15.18,2.66,Tier 2
S03795,Supplier_3795,,Metals,60.78,4763.58,90.93,1809.69,3348.29,Compliant,ISO 9001,65.38,72690.87,73.79,2.9,0.5,No,39.07,58.73,48.49,Tier 2
S03796,Supplier_3796,Indonesia,FMCG,56.54,4815.74,67.93,87314.42,2347.18,Partially Compliant,ISO 9001,26.6,356780.62,74.35,4.74,0.55,No,13.33,62.27,7.15,Tier 1
S03797,Supplier_3797,India,Metals,50.82,1615.04,55.58,75948.26,4781.98,Non-Compliant,None,29.12,168937.34,70.68,2.42,0.6,No,33.17,99.57,52.27,Tier 3
S03798,Supplier_3798,China,Automotive,84.76,3704.71,89.45,96856.18,1122.26,Compliant,None,53.97,107103.45,93.88,2.23,0.34,No,48.15,26.57,13.11,Tier 2
S03799,Supplier_3799,Thailand,FMCG,48.12,478.04,63.79,86608.73,3968.26,Compliant,,7.8,465062.8,87.37,4.29,0.96,No,27.9,8.55,191.82,Tier 1
S03800,Supplier_3800,Malaysia,Chemicals,88.49,4762.85,67.23,80109.51,2479.06,Partially Compliant,ISO 14001,48.75,70905.04,69.04,4.39,0.77,Yes,6.23,32.36,55.87,Tier 3
S03801,Supplier_3801,India,FMCG,58.92,1143.82,37.32,22587.61,612.95,Partially Compliant,ISO 14001,39.65,286635.16,80.77,2.08,0.6,Yes,27.05,1.8,48.63,Tier 1
S03802,Supplier_3802,Singapore,Electronics,46.86,1288.01,75.07,70682.76,3781.28,Compliant,ISO 9001,18.1,142450.11,87.67,2.26,0.35,No,2.74,18.06,63.57,Tier 2
S03803,Supplier_3803,Indonesia,Metals,40.59,4381.15,32.85,85512.17,8071.95,Compliant,ISO 14001,31.97,258877.3,80.65,1.6,0.64,Yes,10.51,51.71,41.2,Tier 3
S03804,Supplier_3804,Indonesia,FMCG,44.01,2865.93,82.3,30905.97,3960.66,Non-Compliant,None,42.67,238019.31,92.89,4.47,0.88,Yes,41.62,23.5,60.44,Tier 3
S03805,Supplier_3805,Malaysia,Electronics,62.84,1464.43,55.53,57510.44,6326.53,,None,14.65,367974.18,89.33,2.0,0.76,Yes,37.06,82.14,120.17,Tier 2
S03806,Supplier_3806,Malaysia,Chemicals,41.91,3726.46,65.64,27438.96,9239.0,Compliant,None,22.59,249814.18,76.29,0.29,0.82,No,7.35,37.55,80.26,Tier 2
S03807,Supplier_3807,Thailand,FMCG,80.54,2374.68,89.59,90348.44,3309.74,Compliant,None,50.47,136742.39,78.2,2.06,0.7,No,2.88,83.76,52.68,Tier 2
S03808,Supplier_3808,Thailand,Electronics,78.3,1533.43,64.08,32879.58,5040.6,Compliant,ISO 9001,33.48,189377.38,75.95,1.82,0.63,Yes,38.65,33.81,44.69,Tier 3
S03809,Supplier_3809,Vietnam,,63.68,1003.47,70.89,88466.78,3845.3,Partially Compliant,ISO 9001,33.01,265359.63,72.42,3.27,0.34,,15.64,12.7,92.45,
S03810,Supplier_3810,Singapore,FMCG,88.68,269.83,70.88,54088.44,9424.75,,ISO 45001,70.1,129398.38,74.47,2.61,0.59,Yes,30.93,65.07,79.87,Tier 3
S03811,Supplier_3811,Indonesia,Chemicals,42.26,3344.64,72.25,70629.66,4575.23,Partially Compliant,ISO 9001,28.15,339785.7,79.14,3.86,0.7,No,1.54,61.93,6.67,Tier 3
S03812,Supplier_3812,Indonesia,Textiles,96.72,450.63,49.52,36151.96,7046.29,Non-Compliant,ISO 9001,90.42,345269.55,89.25,0.96,0.62,Yes,43.46,4.67,141.25,Tier 3
S03813,Supplier_3813,Singapore,Textiles,66.42,2838.38,64.47,26849.09,1905.71,Partially Compliant,ISO 45001,29.93,372796.69,95.16,3.85,0.55,No,5.85,24.67,48.37,Tier 2
S03814,Supplier_3814,Indonesia,Textiles,75.89,2193.86,31.25,16944.5,8537.02,Partially Compliant,None,44.14,167739.67,96.49,1.0,0.72,No,29.74,74.09,166.59,Tier 3
S03815,Supplier_3815,India,Chemicals,77.68,142.16,42.87,2051.93,292.87,Partially Compliant,ISO 45001,48.21,136872.33,98.35,2.19,0.53,,47.22,61.59,32.97,Tier 1
S03816,Supplier_3816,India,Automotive,81.02,767.92,48.14,103310.47,7101.23,Non-Compliant,None,40.17,166896.29,95.53,1.94,0.86,Yes,27.34,48.82,147.65,Tier 2
S03817,Supplier_3817,India,Plastics,66.32,4740.05,89.08,72886.62,6874.62,Compliant,None,52.57,438597.97,72.84,2.47,0.92,Yes,25.34,81.51,135.77,Tier 3
S03818,Supplier_3818,China,FMCG,64.79,2745.46,42.8,41414.93,110.33,Partially Compliant,,59.63,150084.19,94.42,4.54,0.69,No,36.47,45.59,184.11,Tier 1
S03819,Supplier_3819,Indonesia,Metals,39.56,323.88,54.93,35924.78,3796.52,Compliant,ISO 45001,53.36,293732.86,77.12,2.7,0.49,Yes,39.76,64.87,50.7,Tier 3
S03820,Supplier_3820,Thailand,Plastics,69.03,N/A,45.13,61673.13,8388.11,Compliant,None,9.67,342689.59,93.02,0.59,0.33,No,15.24,1.18,72.47,Tier 1
S03821,Supplier_3821,China,Chemicals,55.46,1903.34,46.96,74152.49,4688.02,Non-Compliant,ISO 14001,35.03,407843.91,74.67,3.28,0.74,Yes,21.92,76.7,148.66,Tier 3
S03822,Supplier_3822,Singapore,Automotive,56.64,3730.74,66.79,24662.8,4892.05,Partially Compliant,ISO 14001,57.77,47093.37,92.18,3.36,0.4,No,31.57,90.73,38.61,Tier 3
S03823,Supplier_3823,Vietnam,Electronics,95.99,657.42,51.92,11432.87,3021.37,Compliant,ISO 45001,63.95,122481.54,95.91,2.27,0.59,No,36.22,10.88,23.49,Tier 3
S03824,Supplier_3824,Thailand,Chemicals,45.29,1908.52,50.26,6910.8,228.93,Compliant,None,19.66,273829.14,81.32,4.24,0.57,,15.25,82.86,74.97,Tier 3
S03825,Supplier_3825,India,Automotive,62.04,2504.23,64.36,64549.48,5829.7,Compliant,ISO 14001,73.55,245448.8,82.46,2.54,0.66,No,15.18,33.08,106.46,Tier 1
S03826,Supplier_3826,Singapore,Electronics,55.15,2505.3,47.05,20868.31,5270.5,Partially Compliant,ISO 9001,58.33,122812.76,87.62,3.21,0.8,No,43.5,62.3,38.55,Tier 3
S03827,Supplier_3827,China,Plastics,73.62,2303.88,32.03,69110.49,6029.4,Partially Compliant,ISO 45001,10.33,213205.78,95.86,3.22,0.34,Yes,31.97,8.73,18.91,Tier 1
S03828,Supplier_3828,Thailand,Automotive,51.65,367.74,56.08,26240.99,8934.04,Compliant,None,73.4,64468.83,72.1,2.46,0.94,Yes,15.84,53.67,75.95,Tier 1
S03829,Supplier_3829,China,Plastics,45.19,1857.5,43.23,71043.16,370.69,Non-Compliant,ISO 14001,50.24,500219.63,97.4,2.72,0.95,Yes,22.78,15.9,194.19,Tier 1
S03830,Supplier_3830,Thailand,Plastics,46.3,4718.5,50.68,34561.83,2413.31,Partially Compliant,ISO 14001,19.37,451873.1,70.74,3.62,0.67,Yes,1.32,27.05,42.72,Tier 2
S03831,Supplier_3831,Vietnam,Metals,66.65,1538.77,100.84,29480.41,8619.59,Compliant,None,79.58,308415.41,82.84,3.08,0.95,Yes,13.99,72.81,72.25,Tier 1
S03832,Supplier_3832,China,Textiles,98.12,1865.89,75.6,100069.07,3393.31,,ISO 45001,63.79,473975.66,71.44,2.07,0.96,Yes,18.14,73.93,16.56,Tier 3
S03833,Supplier_3833,Vietnam,Plastics,72.93,1280.46,100.32,76484.04,10221.17,Partially Compliant,ISO 14001,86.23,63412.42,85.9,0.71,0.89,Yes,44.93,7.74,194.65,Tier 1
S03834,Supplier_3834,India,Plastics,68.04,346.14,35.52,1005.69,5918.11,Non-Compliant,ISO 14001,69.89,29500.44,83.39,0.43,0.48,Yes,51.25,61.18,30.79,Tier 1
S03835,Supplier_3835,Thailand,Automotive,68.77,1087.23,77.87,54551.1,7915.57,,ISO 9001,40.95,510815.12,88.83,1.05,0.93,Yes,32.49,60.02,114.42,Tier 2
S03836,Supplier_3836,Thailand,,41.9,3557.8,79.15,19197.17,1862.87,Compliant,ISO 9001,27.78,137641.9,99.36,0.68,0.77,No,6.15,51.84,150.62,
S03837,Supplier_3837,China,Chemicals,76.14,3660.32,96.64,88590.53,5867.81,,ISO 9001,72.64,302348.24,81.67,4.38,0.58,No,19.45,2.34,49.02,Tier 1
S03838,Supplier_3838,Malaysia,FMCG,71.85,N/A,71.96,11939.77,5730.27,Compliant,,82.91,294640.65,71.8,3.52,0.76,Yes,43.06,16.95,158.33,
S03839,Supplier_3839,Indonesia,Electronics,74.32,912.79,97.88,74229.85,6354.03,Non-Compliant,ISO 9001,53.65,147989.29,101.38,3.17,0.43,Yes,39.74,46.22,129.4,Tier 2
S03840,Supplier_3840,China,,72.83,1909.24,72.52,20271.37,8341.64,,ISO 9001,6.54,22467.41,85.01,4.14,0.63,Yes,21.65,31.88,114.96,Tier 1
S03841,Supplier_3841,Vietnam,Chemicals,69.74,1072.67,92.4,34795.2,3227.38,Partially Compliant,ISO 14001,56.0,104889.87,86.88,1.2,0.65,No,24.4,74.43,59.21,Tier 1
S03842,Supplier_3842,,Metals,75.81,2706.13,97.43,5321.13,5721.7,Partially Compliant,None,24.25,263836.3,100.5,3.7,0.34,No,29.26,94.46,163.56,Tier 2
S03843,Supplier_3843,China,Metals,75.92,1928.38,30.51,19103.03,7061.85,Compliant,None,26.28,128369.01,81.38,0.86,0.62,No,48.53,37.06,159.22,Tier 1
S03844,Supplier_3844,India,Metals,50.34,3485.85,59.4,98851.69,5828.82,Partially Compliant,ISO 45001,19.31,299523.41,93.72,2.63,0.77,No,15.16,24.47,195.19,Tier 3
S03845,Supplier_3845,China,,80.79,1278.1,76.8,10731.45,3140.53,Partially Compliant,ISO 14001,22.19,307216.37,88.02,3.88,0.31,,45.36,88.9,154.96,Tier 3
S03846,Supplier_3846,Thailand,Chemicals,54.33,3762.96,91.63,91631.3,7554.63,Partially Compliant,None,26.69,262352.17,87.77,2.12,0.71,No,47.6,41.75,13.56,Tier 1
S03847,Supplier_3847,Vietnam,Chemicals,88.57,2928.55,77.58,25077.09,6517.09,Compliant,ISO 9001,42.26,182989.46,72.29,3.98,0.86,No,12.65,64.13,94.1,Tier 2
S03848,Supplier_3848,Singapore,Automotive,43.9,1560.43,84.49,60518.71,671.7,Compliant,ISO 14001,65.8,83903.59,97.85,0.18,0.51,Yes,4.06,81.81,135.74,Tier 2
S03849,Supplier_3849,Vietnam,Plastics,48.25,4737.73,89.8,57378.96,887.66,Partially Compliant,ISO 9001,9.42,62641.15,74.03,0.25,0.92,No,9.46,99.85,55.2,Tier 2
S03850,Supplier_3850,Vietnam,,78.12,235.95,41.53,80869.84,6183.61,Non-Compliant,ISO 9001,11.81,102757.84,75.11,4.41,0.98,Yes,27.93,32.84,32.5,Tier 2
S03851,Supplier_3851,Thailand,FMCG,79.94,2399.32,31.82,90356.43,5126.8,Partially Compliant,None,23.38,48122.78,80.88,3.89,0.32,No,37.54,5.21,68.72,Tier 1
S03852,Supplier_3852,Malaysia,Metals,62.63,3978.24,86.62,66149.44,7361.78,Compliant,None,78.7,438389.43,85.9,2.07,0.34,No,42.85,73.86,199.16,Tier 1
S03853,Supplier_3853,Malaysia,,65.93,3623.31,81.67,97535.0,6338.28,Non-Compliant,ISO 45001,40.4,374752.47,92.12,2.39,0.69,No,36.48,61.17,13.01,Tier 1
S03854,Supplier_3854,India,Automotive,76.57,1036.72,77.08,88261.46,1924.08,Non-Compliant,ISO 9001,81.18,155591.24,99.03,2.47,0.47,Yes,28.58,72.71,86.05,Tier 1
S03855,Supplier_3855,Vietnam,Metals,84.87,2651.54,65.24,101463.04,7763.66,Non-Compliant,None,83.13,437216.04,87.09,2.58,0.31,No,41.82,16.09,80.48,Tier 2
S03856,Supplier_3856,Vietnam,Automotive,48.85,3312.4,87.58,92241.7,3606.59,Partially Compliant,ISO 14001,62.44,240845.63,69.18,3.98,0.33,No,31.88,76.52,20.5,Tier 3
S03857,Supplier_3857,Vietnam,Electronics,87.89,793.85,63.35,41879.42,6182.66,Non-Compliant,ISO 45001,47.21,394979.5,79.02,2.52,0.78,No,27.95,9.06,50.84,Tier 2
S03858,Supplier_3858,India,Plastics,55.07,2863.59,75.74,14245.44,5467.81,Compliant,ISO 45001,53.92,256593.58,70.12,2.75,0.97,No,29.04,17.2,41.57,Tier 1
S03859,Supplier_3859,Thailand,Chemicals,57.84,4076.19,61.82,96802.79,6333.88,Partially Compliant,ISO 9001,83.34,140013.01,77.31,3.42,0.63,No,37.81,21.44,101.39,Tier 1
S03860,Supplier_3860,China,Plastics,53.94,580.72,31.59,33609.99,8750.65,Non-Compliant,ISO 14001,38.01,196861.51,78.58,1.28,0.51,Yes,43.7,57.69,66.68,Tier 1
S03861,Supplier_3861,Vietnam,Metals,87.8,2720.01,59.29,77254.55,6240.14,Compliant,ISO 9001,47.96,273448.56,68.0,0.64,0.9,No,11.91,72.37,122.78,Tier 1
S03862,Supplier_3862,India,Electronics,51.97,2034.41,46.61,95121.87,911.16,Partially Compliant,None,67.7,153362.1,87.65,4.07,0.32,Yes,9.07,0.18,12.4,Tier 2
S03863,Supplier_3863,Thailand,Automotive,84.28,3890.14,31.43,26315.17,3329.41,Non-Compliant,ISO 45001,66.74,34341.39,92.24,4.34,0.88,Yes,38.01,5.81,100.71,Tier 2
S03864,Supplier_3864,China,Chemicals,47.36,1405.52,78.91,33753.78,4819.76,Non-Compliant,ISO 45001,51.15,167215.69,76.45,2.83,0.88,Yes,41.49,88.19,173.59,Tier 3
S03865,Supplier_3865,India,,70.58,N/A,66.14,81886.95,1716.61,Compliant,ISO 45001,53.45,2605.09,88.87,4.07,0.88,Yes,38.4,60.13,159.28,Tier 1
S03866,Supplier_3866,Thailand,Textiles,67.07,1030.21,72.26,60530.0,298.25,Compliant,ISO 45001,81.33,484548.12,71.04,4.94,0.42,No,49.83,72.6,4.47,Tier 3
S03867,Supplier_3867,China,FMCG,49.82,3983.7,61.84,23955.03,2410.6,Non-Compliant,ISO 45001,13.85,244633.51,79.79,2.35,0.53,No,14.55,45.58,173.75,Tier 3
S03868,Supplier_3868,Malaysia,Chemicals,75.68,3991.82,89.74,84145.75,1802.09,Partially Compliant,ISO 45001,36.94,490436.87,86.32,0.98,0.45,No,45.19,9.57,6.78,Tier 2
S03869,Supplier_3869,China,Plastics,76.99,1707.5,35.09,88819.01,4325.89,Partially Compliant,None,24.02,38100.57,80.36,0.74,0.37,No,27.2,14.35,195.14,Tier 1
S03870,Supplier_3870,Thailand,FMCG,57.2,2193.09,53.42,64538.06,7589.98,Compliant,ISO 45001,16.11,215585.62,80.91,0.35,0.54,Yes,15.53,26.05,91.6,Tier 2
S03871,Supplier_3871,China,Automotive,59.61,4576.85,71.77,50700.62,1219.66,Compliant,ISO 9001,70.66,158833.34,91.14,3.99,0.61,Yes,30.88,20.59,142.32,Tier 2
S03872,Supplier_3872,Thailand,FMCG,79.42,4556.09,61.15,14845.67,3286.66,Non-Compliant,ISO 9001,20.49,393296.46,81.6,0.29,0.41,Yes,31.97,84.42,193.2,Tier 2
S03873,Supplier_3873,Malaysia,Metals,56.8,476.53,52.12,54614.23,1112.4,Compliant,ISO 14001,33.85,176957.91,85.63,4.1,0.59,Yes,44.4,2.95,80.0,Tier 2
S03874,Supplier_3874,Singapore,,92.04,838.63,63.74,60039.38,5744.6,Compliant,ISO 9001,21.52,51660.83,84.09,0.37,0.51,Yes,36.58,91.54,147.17,Tier 1
S03875,Supplier_3875,,Chemicals,46.35,4338.09,48.83,81227.82,3607.31,Partially Compliant,ISO 45001,83.37,299435.2,73.84,4.49,0.69,Yes,15.94,2.32,68.82,Tier 3
S03876,Supplier_3876,Thailand,Electronics,78.96,588.23,55.63,93602.2,7906.35,Partially Compliant,ISO 9001,28.97,306553.49,85.65,2.68,0.65,No,11.58,79.52,111.97,Tier 1
S03877,Supplier_3877,Indonesia,Electronics,71.0,4261.77,59.21,89044.43,3687.46,Non-Compliant,ISO 14001,56.21,455458.29,78.42,3.3,0.48,No,31.9,68.47,171.99,Tier 1
S03878,Supplier_3878,Malaysia,Chemicals,45.69,1024.76,39.34,55496.3,5794.41,Compliant,ISO 9001,26.1,172858.83,98.17,4.48,0.65,Yes,13.91,95.25,128.52,Tier 2
S03879,Supplier_3879,Indonesia,FMCG,80.76,1640.84,61.56,42375.86,380.4,Compliant,None,28.48,207482.54,90.67,4.41,0.78,Yes,43.59,36.32,169.98,Tier 1
S03880,Supplier_3880,Singapore,Plastics,45.02,4153.55,60.61,22230.34,8464.8,Non-Compliant,,37.98,72993.03,70.93,1.7,0.45,No,4.71,47.3,143.0,
S03881,Supplier_3881,Thailand,Textiles,77.6,3216.39,38.54,83830.71,3357.77,Compliant,ISO 45001,60.2,57573.21,101.95,4.33,0.45,No,12.57,62.21,165.5,Tier 3
S03882,Supplier_3882,Malaysia,Metals,59.79,1743.18,86.36,28982.83,720.35,Compliant,ISO 9001,89.7,45987.03,77.86,1.22,0.54,Yes,23.02,43.5,36.84,Tier 1
S03883,Supplier_3883,Indonesia,,48.45,3951.4,75.99,53453.64,8684.26,Compliant,ISO 9001,83.7,228827.71,73.62,2.54,0.31,No,4.22,79.37,169.22,Tier 2
S03884,Supplier_3884,Indonesia,Electronics,42.22,1834.16,93.53,81414.74,8079.43,Partially Compliant,ISO 45001,73.1,140896.41,75.85,1.29,0.95,Yes,31.13,34.31,4.14,Tier 1
S03885,Supplier_3885,Malaysia,Electronics,64.02,101.46,88.05,70249.35,8289.77,Compliant,None,39.58,377875.93,75.27,0.13,0.34,Yes,7.47,91.92,91.39,Tier 2
S03886,Supplier_3886,Vietnam,Plastics,81.56,3158.56,29.66,82456.12,4749.24,Non-Compliant,None,42.48,213962.02,88.72,2.89,0.38,No,49.3,48.88,136.04,Tier 3
S03887,Supplier_3887,Indonesia,Textiles,53.96,2303.59,57.45,36005.63,1787.43,Compliant,None,15.0,432806.81,84.3,2.79,0.63,Yes,41.47,4.49,173.65,Tier 3
S03888,Supplier_3888,Indonesia,FMCG,95.49,2539.43,57.68,91267.48,7448.63,Non-Compliant,None,65.35,68065.26,96.6,4.78,0.57,No,36.29,68.63,14.86,Tier 2
S03889,Supplier_3889,Indonesia,FMCG,81.69,918.7,54.82,61657.28,7546.74,Partially Compliant,ISO 45001,46.56,38538.66,81.39,4.89,0.45,Yes,34.36,20.5,91.2,Tier 2
S03890,Supplier_3890,China,Electronics,60.94,2804.47,85.73,45982.26,9159.69,Non-Compliant,ISO 45001,27.25,381246.14,70.17,2.29,0.37,Yes,6.01,98.13,168.88,Tier 3
S03891,Supplier_3891,Vietnam,Textiles,44.59,3255.03,36.62,85370.5,8692.24,Non-Compliant,ISO 9001,32.88,395630.58,76.71,0.52,0.72,Yes,37.12,2.41,94.73,Tier 1
S03892,Supplier_3892,Singapore,Automotive,60.53,4246.53,61.44,98737.65,7526.69,Partially Compliant,ISO 45001,19.55,186273.87,96.33,1.61,0.83,Yes,20.06,39.54,46.84,Tier 3
S03893,Supplier_3893,Vietnam,Electronics,51.84,N/A,46.32,20287.69,1690.9,Partially Compliant,ISO 14001,16.68,311817.23,76.62,0.77,0.5,Yes,12.99,28.62,134.71,Tier 2
S03894,Supplier_3894,Malaysia,Plastics,46.76,379.57,53.87,88409.48,185.75,Compliant,None,65.8,209339.12,94.12,1.62,0.84,Yes,8.72,10.96,118.95,Tier 3
S03895,Supplier_3895,Malaysia,,52.15,3799.94,57.2,32710.05,313.37,Compliant,ISO 14001,32.64,401547.47,92.15,0.51,0.81,No,8.26,39.99,158.2,Tier 2
S03896,Supplier_3896,Malaysia,Plastics,89.11,3128.41,82.12,51341.05,4231.79,Compliant,ISO 9001,64.04,88764.59,95.58,4.49,0.77,No,47.85,78.41,9.95,Tier 1
S03897,Supplier_3897,Thailand,Automotive,62.95,1027.67,80.32,9770.5,7894.27,Compliant,None,67.45,342117.49,89.48,4.48,1.0,No,36.92,93.76,115.43,Tier 2
S03898,Supplier_3898,Thailand,Plastics,85.75,3596.64,94.46,29499.22,6961.36,Compliant,ISO 9001,28.83,162792.19,82.19,4.74,0.76,Yes,20.93,11.89,201.87,Tier 3
S03899,Supplier_3899,Indonesia,Chemicals,65.37,4327.85,39.71,11445.78,4366.37,Non-Compliant,None,25.52,212487.63,86.55,3.11,0.5,No,28.62,69.38,53.34,Tier 2
S03900,Supplier_3900,China,Automotive,59.09,4266.68,64.24,73360.4,6696.64,Partially Compliant,None,55.96,488699.66,81.25,4.97,0.34,Yes,17.11,64.4,148.58,Tier 3
S03901,Supplier_3901,Malaysia,FMCG,97.57,541.99,38.38,61340.38,2305.52,Compliant,ISO 9001,26.23,212768.4,82.72,3.58,0.72,,45.31,10.38,151.25,Tier 3
S03902,Supplier_3902,Thailand,Automotive,53.13,953.08,96.78,101475.17,9894.28,Compliant,ISO 9001,17.52,228201.56,93.5,1.58,0.63,No,27.34,57.09,137.2,Tier 2
S03903,Supplier_3903,Indonesia,Chemicals,92.28,1996.07,56.4,76363.12,1740.47,Non-Compliant,ISO 9001,78.59,269637.73,76.42,0.49,0.5,No,14.73,49.28,193.53,Tier 1
S03904,Supplier_3904,Vietnam,Chemicals,52.52,1620.66,79.66,2779.14,4928.1,Partially Compliant,ISO 9001,23.86,400127.18,99.11,2.77,0.74,Yes,17.07,59.99,69.99,Tier 1
S03905,Supplier_3905,Thailand,Metals,54.35,1466.0,38.96,15696.1,4827.08,Non-Compliant,None,31.91,348194.19,73.53,2.87,0.43,Yes,40.13,80.65,189.43,Tier 2
S03906,Supplier_3906,Singapore,Automotive,85.38,2482.19,N/A,41510.54,10037.9,Partially Compliant,ISO 45001,11.66,415462.14,85.25,0.24,0.31,Yes,40.45,100.66,137.2,Tier 3
S03907,Supplier_3907,Vietnam,Textiles,42.54,4463.6,96.15,8702.58,8941.99,Partially Compliant,,43.82,334110.46,76.47,4.0,0.9,Yes,34.37,5.17,165.28,Tier 1
S03908,Supplier_3908,Malaysia,Textiles,70.62,2189.97,77.94,92121.47,272.49,Non-Compliant,None,84.39,3725.07,95.55,1.07,1.0,Yes,9.32,24.0,132.34,Tier 3
S03909,Supplier_3909,Vietnam,FMCG,66.78,1443.53,74.97,33577.59,5336.88,Compliant,None,6.72,245308.5,76.14,2.42,0.46,Yes,47.32,93.04,87.9,Tier 2
S03910,Supplier_3910,India,Plastics,84.34,3463.03,38.55,31703.37,9191.38,Non-Compliant,ISO 9001,6.06,303445.59,79.55,2.64,0.45,Yes,38.83,81.91,178.32,Tier 2
S03911,Supplier_3911,,Electronics,82.7,N/A,30.73,75714.26,3024.54,Compliant,None,61.18,332056.13,90.42,0.48,0.66,Yes,9.09,86.82,170.09,Tier 3
S03912,Supplier_3912,Vietnam,Metals,76.69,899.45,67.41,89805.21,5697.59,Partially Compliant,ISO 9001,64.68,110130.4,87.44,1.4,0.62,No,0.79,7.84,24.72,Tier 1
S03913,Supplier_3913,,FMCG,47.3,3271.16,35.85,72562.87,9042.15,Partially Compliant,None,68.43,142316.8,78.77,3.73,0.77,No,9.74,44.96,113.58,Tier 1
S03914,Supplier_3914,Vietnam,Automotive,50.3,3814.43,74.08,66591.38,9514.99,Compliant,ISO 45001,65.43,252820.91,78.94,3.86,0.39,No,34.31,88.04,2.89,Tier 3
S03915,Supplier_3915,Vietnam,FMCG,60.62,450.26,31.94,65262.28,1962.28,Non-Compliant,None,24.78,387064.79,72.73,2.68,0.64,Yes,22.16,78.85,131.7,Tier 1
S03916,Supplier_3916,Singapore,Electronics,51.2,540.78,81.29,98305.44,8569.22,Compliant,ISO 9001,72.13,214066.94,87.56,0.83,0.73,No,36.49,74.43,17.37,Tier 1
S03917,Supplier_3917,Malaysia,Textiles,40.43,2447.38,57.9,4693.69,8328.38,Non-Compliant,ISO 9001,69.46,37104.13,93.38,4.82,0.52,Yes,2.2,88.53,86.17,Tier 3
S03918,Supplier_3918,Indonesia,FMCG,61.88,4468.48,91.0,96066.19,8354.44,Compliant,None,18.68,180944.58,76.77,4.76,0.58,No,39.55,67.78,148.71,Tier 2
S03919,Supplier_3919,Vietnam,Electronics,42.65,214.69,54.37,69881.09,4666.14,Compliant,ISO 45001,52.22,236967.32,77.09,3.09,0.93,Yes,35.7,52.81,11.38,Tier 3
S03920,Supplier_3920,China,Automotive,85.15,3315.76,53.31,3323.8,2213.12,Non-Compliant,ISO 45001,59.58,277715.2,74.96,2.48,0.69,No,25.27,63.29,10.55,Tier 2
S03921,Supplier_3921,China,Chemicals,83.06,4192.21,33.88,103659.33,3511.62,Non-Compliant,None,39.42,307024.6,71.46,1.64,0.61,Yes,7.09,79.09,152.97,Tier 3
S03922,Supplier_3922,Singapore,,91.68,1872.89,88.93,94531.26,7395.51,Compliant,None,14.16,61714.8,94.47,0.33,0.37,No,9.44,66.5,131.19,Tier 3
S03923,Supplier_3923,Malaysia,Automotive,92.13,841.97,32.8,84501.79,10393.73,Partially Compliant,ISO 9001,34.08,104828.29,75.19,5.05,0.49,Yes,40.88,97.97,145.3,Tier 1
S03924,Supplier_3924,Thailand,Plastics,64.97,197.97,66.68,3864.17,9266.02,Partially Compliant,ISO 14001,43.16,386663.95,81.17,2.01,0.3,Yes,16.58,46.27,22.57,
S03925,Supplier_3925,Thailand,Chemicals,61.61,3654.23,74.32,23141.57,4103.68,Partially Compliant,ISO 45001,16.22,258465.21,82.51,4.84,0.34,No,24.51,71.3,146.23,Tier 2
S03926,Supplier_3926,,Chemicals,85.04,3234.36,86.77,63973.52,252.1,Compliant,ISO 9001,29.93,218883.95,84.36,0.28,0.86,Yes,4.94,41.8,5.31,Tier 2
S03927,Supplier_3927,Thailand,Metals,73.47,3500.33,72.4,20033.73,5648.72,Non-Compliant,ISO 45001,72.38,498550.16,98.18,1.77,0.7,Yes,33.28,37.9,78.4,Tier 3
S03928,Supplier_3928,China,Metals,47.19,5023.7,66.48,72437.33,5591.76,Non-Compliant,None,38.29,291867.76,84.58,3.57,0.67,Yes,22.27,34.83,153.81,Tier 1
S03929,Supplier_3929,Malaysia,Plastics,71.74,4070.99,40.11,41981.72,6886.78,Compliant,ISO 9001,80.86,172884.91,102.73,3.3,0.35,No,47.05,48.64,190.99,Tier 1
S03930,Supplier_3930,Vietnam,Electronics,62.67,2802.83,94.39,17291.5,5141.31,Partially Compliant,ISO 9001,9.32,48055.53,69.53,2.85,0.43,No,3.75,82.56,93.86,Tier 2
S03931,Supplier_3931,India,Electronics,88.78,940.41,53.33,38785.12,329.77,Partially Compliant,None,66.37,223088.21,86.76,1.9,0.64,Yes,30.1,77.72,38.29,Tier 3
S03932,Supplier_3932,India,Automotive,54.13,4082.43,75.3,68324.9,1585.38,Partially Compliant,ISO 45001,64.42,472553.09,95.45,2.69,0.58,No,24.61,6.11,84.63,Tier 1
S03933,Supplier_3933,Thailand,Plastics,79.91,2143.66,33.65,1500.46,8596.57,Non-Compliant,ISO 9001,89.42,86853.87,94.86,1.53,0.81,No,0.08,98.68,51.16,Tier 3
S03934,Supplier_3934,India,Electronics,43.59,1689.65,91.63,44608.9,4127.85,Compliant,ISO 45001,16.13,195097.42,82.38,2.2,0.77,No,47.37,26.53,51.94,Tier 3
S03935,Supplier_3935,Indonesia,Electronics,67.64,2586.99,67.88,85877.92,975.76,Partially Compliant,ISO 45001,43.46,60698.25,86.23,2.22,1.02,No,7.99,96.33,163.03,Tier 2
S03936,Supplier_3936,Vietnam,Chemicals,44.41,633.87,90.4,10251.68,4617.39,Compliant,None,82.66,351429.97,84.62,0.38,0.8,No,44.51,11.82,69.7,Tier 3
S03937,Supplier_3937,Vietnam,Automotive,90.37,1996.08,76.76,76994.84,4732.27,Compliant,ISO 45001,59.48,176575.59,88.87,0.14,0.51,Yes,4.5,11.17,90.42,Tier 1
S03938,Supplier_3938,Singapore,Chemicals,80.86,4296.67,53.74,56922.38,9069.55,Non-Compliant,ISO 45001,9.65,366729.35,88.33,2.46,0.64,No,12.62,38.28,36.53,Tier 2
S03939,Supplier_3939,Indonesia,Textiles,51.8,5005.54,31.27,31951.59,680.17,Non-Compliant,ISO 14001,67.98,410108.06,77.74,4.53,0.7,No,38.39,99.7,59.15,Tier 2
S03940,Supplier_3940,Singapore,Metals,66.47,924.01,65.74,74462.75,3578.87,Non-Compliant,ISO 9001,32.05,158405.76,80.14,2.9,0.88,Yes,50.98,68.95,138.24,Tier 1
S03941,Supplier_3941,Thailand,Plastics,57.74,1224.88,57.72,36857.94,2639.36,Compliant,ISO 45001,24.14,191235.42,78.91,0.49,0.67,No,14.85,41.27,135.33,Tier 3
S03942,Supplier_3942,Indonesia,Automotive,67.51,4827.78,60.71,53724.88,867.34,Non-Compliant,ISO 45001,85.59,300574.25,103.84,3.97,0.88,Yes,2.67,91.68,83.94,Tier 1
S03943,Supplier_3943,China,Plastics,50.58,1409.28,34.99,60717.21,6616.58,Partially Compliant,ISO 45001,24.22,287485.12,85.26,2.78,0.86,No,44.88,99.16,85.12,Tier 2
S03944,Supplier_3944,Singapore,Metals,57.64,430.1,49.79,2654.31,4843.57,Compliant,ISO 14001,85.76,100531.58,80.44,3.05,0.48,No,44.81,22.8,44.23,Tier 2
S03945,Supplier_3945,Vietnam,Plastics,85.18,553.83,46.72,71759.9,9231.79,Non-Compliant,None,23.78,428853.02,73.69,5.11,0.31,Yes,5.4,14.28,180.82,Tier 2
S03946,Supplier_3946,,Textiles,60.64,3660.59,44.62,34188.78,2581.88,Partially Compliant,ISO 14001,82.64,274818.12,102.2,3.12,0.93,Yes,47.63,54.23,94.91,Tier 1
S03947,Supplier_3947,Indonesia,Plastics,92.92,385.42,97.62,81984.58,6214.37,Non-Compliant,None,19.32,312561.86,76.07,4.12,0.8,Yes,11.57,93.33,78.93,Tier 2
S03948,Supplier_3948,Thailand,Electronics,49.03,1452.21,32.7,33471.18,6989.11,Partially Compliant,None,22.75,380240.47,102.9,3.15,0.42,Yes,35.2,4.51,62.32,Tier 1
S03949,Supplier_3949,Malaysia,Plastics,47.47,1838.46,73.14,69507.27,2779.21,Non-Compliant,,20.25,2104.44,82.89,0.12,0.44,No,27.97,36.91,26.81,Tier 3
S03950,Supplier_3950,Malaysia,Metals,67.63,3332.05,33.83,43786.29,2084.43,Non-Compliant,None,12.19,217041.36,91.82,1.42,0.61,No,36.42,2.59,145.7,
S03951,Supplier_3951,,FMCG,42.62,2386.17,95.72,91213.72,6387.5,Partially Compliant,,6.12,195425.69,93.9,4.47,0.35,,21.04,71.01,32.98,Tier 1
S03952,Supplier_3952,Thailand,Metals,85.38,847.66,59.3,37693.25,6917.17,Non-Compliant,ISO 14001,63.16,424786.68,92.81,1.03,0.7,Yes,36.13,11.07,108.35,Tier 3
S03953,Supplier_3953,Singapore,,68.96,821.61,38.98,71361.93,450.31,Non-Compliant,ISO 14001,85.83,413764.09,94.2,2.5,0.42,Yes,13.53,10.05,105.0,Tier 2
S03954,Supplier_3954,Indonesia,Automotive,61.27,609.84,90.3,8075.73,6134.84,,None,17.08,407853.4,94.62,0.49,0.81,Yes,29.01,75.48,28.33,Tier 2
S03955,Supplier_3955,China,Plastics,71.55,2943.78,96.47,32444.95,8868.18,Compliant,None,91.95,160440.01,77.17,2.31,0.74,No,49.4,4.56,97.21,Tier 2
S03956,Supplier_3956,Malaysia,Textiles,46.9,3939.83,55.95,49491.24,778.21,Compliant,ISO 9001,76.3,416472.09,96.94,2.99,0.7,No,19.1,22.41,149.27,Tier 3
S03957,Supplier_3957,China,Electronics,76.63,2957.67,70.82,27168.42,6389.6,Compliant,ISO 9001,73.09,439627.85,79.46,1.4,0.83,No,12.76,104.28,63.87,Tier 1
S03958,Supplier_3958,India,Electronics,44.52,4229.05,77.0,41103.52,2364.98,Compliant,ISO 14001,76.75,309704.72,77.62,3.82,0.43,No,48.19,58.67,121.32,Tier 3
S03959,Supplier_3959,Vietnam,FMCG,62.23,2938.41,59.25,73245.65,4834.35,Compliant,ISO 45001,41.64,198107.55,83.62,3.46,0.53,No,23.95,51.72,128.45,Tier 2
S03960,Supplier_3960,,Metals,56.9,3617.24,31.88,64729.82,4318.64,Non-Compliant,ISO 14001,58.71,98138.79,90.47,2.99,0.88,Yes,36.2,58.6,178.82,Tier 2
S03961,Supplier_3961,China,Automotive,44.92,1102.64,37.73,18481.13,1638.81,Compliant,ISO 9001,70.95,48884.27,97.3,0.19,0.63,No,21.29,76.77,64.26,Tier 1
S03962,Supplier_3962,Thailand,Metals,71.97,4228.37,82.33,22512.33,1707.77,Non-Compliant,None,15.8,280693.88,95.3,3.07,0.6,Yes,27.75,64.51,83.52,Tier 3
S03963,Supplier_3963,,FMCG,61.92,4762.3,99.22,11058.26,1844.75,Partially Compliant,ISO 9001,36.7,434465.26,75.09,1.41,0.4,Yes,12.75,38.3,84.23,Tier 3
S03964,Supplier_3964,China,,46.94,2115.81,56.13,89648.23,952.91,Compliant,ISO 14001,23.62,434516.61,95.72,3.22,0.98,No,48.15,72.5,89.65,Tier 3
S03965,Supplier_3965,,Textiles,63.94,4558.47,88.53,7346.87,6566.03,Compliant,ISO 45001,42.96,15550.17,92.27,1.6,0.78,No,42.14,93.75,145.1,Tier 3
S03966,Supplier_3966,China,Plastics,81.66,2331.6,43.99,6836.96,501.64,Compliant,None,27.77,350184.19,99.24,3.7,0.62,No,31.17,17.29,120.16,Tier 1
S03967,Supplier_3967,Thailand,Textiles,68.82,2749.07,93.72,32976.79,3909.36,Non-Compliant,ISO 9001,44.28,347200.51,76.07,2.17,0.59,No,32.21,37.2,170.94,Tier 1
S03968,Supplier_3968,,Plastics,88.71,1639.2,85.39,34828.66,3433.46,Compliant,None,89.04,15139.86,77.53,2.95,0.41,No,29.81,32.38,81.99,Tier 3
S03969,Supplier_3969,India,Chemicals,75.85,4370.46,68.23,12535.76,1752.24,Non-Compliant,ISO 9001,68.95,401362.62,91.14,1.24,0.34,No,25.09,68.48,152.44,Tier 1
S03970,Supplier_3970,Malaysia,Chemicals,96.57,3713.35,42.18,35915.03,4043.19,Compliant,ISO 9001,37.23,176592.33,90.49,4.2,0.42,No,18.16,76.97,140.21,Tier 1
S03971,Supplier_3971,India,Textiles,74.48,968.8,30.34,46932.75,5486.78,Partially Compliant,ISO 9001,66.49,398430.23,67.07,1.14,0.36,No,39.39,71.59,167.2,Tier 3
S03972,Supplier_3972,Vietnam,Chemicals,74.55,3520.01,88.0,58908.01,9512.41,Compliant,None,42.42,291332.34,81.3,1.65,0.3,No,48.29,25.58,167.6,Tier 1
S03973,Supplier_3973,China,Metals,60.49,303.88,53.77,60908.72,4501.58,Partially Compliant,None,60.44,205091.94,88.05,2.81,0.97,Yes,17.56,68.31,193.49,Tier 1
S03974,Supplier_3974,India,Automotive,62.85,3596.62,48.92,78922.37,422.02,Partially Compliant,ISO 45001,77.59,384049.09,74.63,1.31,0.82,Yes,17.99,90.33,189.53,Tier 2
S03975,Supplier_3975,India,Metals,62.04,2414.95,56.12,49048.47,4266.3,,ISO 45001,19.14,87992.58,71.41,0.64,0.82,No,33.32,20.25,152.81,Tier 1
S03976,Supplier_3976,China,Electronics,82.11,1766.46,43.73,76454.67,7912.06,,ISO 9001,34.55,9684.07,76.15,3.98,0.48,Yes,47.2,76.04,58.98,Tier 1
S03977,Supplier_3977,Singapore,Electronics,43.15,2557.52,40.25,93837.05,1849.47,Non-Compliant,ISO 45001,26.26,124907.74,84.74,0.48,0.73,No,26.35,24.81,94.62,Tier 1
S03978,Supplier_3978,Vietnam,Metals,90.93,3827.5,63.35,27826.12,6573.08,Partially Compliant,ISO 14001,51.5,371940.37,85.27,4.45,0.43,No,22.23,6.16,8.85,Tier 3
S03979,Supplier_3979,China,Plastics,60.31,2876.75,31.77,70737.05,5393.03,Partially Compliant,ISO 14001,81.91,338564.67,78.75,1.21,0.93,No,21.47,36.58,64.34,Tier 3
S03980,Supplier_3980,Vietnam,Automotive,46.25,2119.46,65.9,70881.17,7569.49,Partially Compliant,ISO 14001,20.6,86403.02,85.17,3.08,0.88,No,47.3,54.76,43.77,Tier 3
S03981,Supplier_3981,India,Metals,50.89,3177.91,71.04,51977.97,8271.24,Partially Compliant,ISO 45001,60.71,469098.73,73.99,0.22,0.88,No,46.74,3.68,131.64,Tier 3
S03982,Supplier_3982,Thailand,Chemicals,62.96,170.53,95.97,5624.56,8467.63,Compliant,ISO 14001,42.56,397133.21,76.79,0.38,0.69,No,29.97,44.52,129.69,Tier 2
S03983,Supplier_3983,Singapore,Automotive,71.72,2332.26,53.36,87503.8,8559.05,Compliant,ISO 9001,23.9,339340.37,95.83,4.64,0.83,Yes,37.3,3.15,166.23,Tier 2
S03984,Supplier_3984,Vietnam,Chemicals,85.48,2939.47,67.31,26221.94,4850.17,Non-Compliant,ISO 14001,45.96,57902.52,84.59,1.71,0.52,Yes,44.61,61.33,148.4,Tier 2
S03985,Supplier_3985,Malaysia,,61.4,3456.25,68.63,1092.7,7568.65,Compliant,,16.43,233364.02,83.72,2.21,0.61,Yes,3.89,36.81,38.7,Tier 3
S03986,Supplier_3986,Singapore,FMCG,43.22,2768.14,N/A,35487.38,1020.37,Non-Compliant,ISO 45001,43.38,206805.33,95.46,2.96,0.73,Yes,47.28,40.92,102.32,Tier 2
S03987,Supplier_3987,China,Plastics,44.56,3949.76,87.1,27784.64,3884.12,Non-Compliant,None,86.9,279255.31,87.49,3.0,0.59,Yes,26.34,42.36,125.94,Tier 2
S03988,Supplier_3988,Vietnam,Chemicals,67.55,1186.29,84.17,93142.17,6753.48,Compliant,ISO 14001,31.88,38944.05,95.04,3.1,0.55,Yes,29.36,26.89,124.71,Tier 1
S03989,Supplier_3989,Indonesia,Metals,67.47,4488.4,80.26,49413.56,8670.51,Partially Compliant,None,78.74,441803.83,77.41,2.74,0.53,Yes,14.82,34.98,26.05,Tier 2
S03990,Supplier_3990,Indonesia,Textiles,66.05,1711.73,61.92,91858.83,991.01,Non-Compliant,ISO 45001,80.23,270704.06,85.83,2.22,0.42,No,34.44,96.6,168.27,Tier 1
S03991,Supplier_3991,Malaysia,Automotive,63.11,3137.51,59.13,31807.42,5949.8,Compliant,ISO 45001,13.23,300845.13,92.74,2.13,0.87,No,34.96,24.17,91.9,Tier 2
S03992,Supplier_3992,Malaysia,Metals,77.31,3902.14,56.41,16319.43,8642.72,Compliant,ISO 14001,51.79,406445.29,79.38,4.03,0.51,Yes,30.39,59.18,111.7,Tier 3
S03993,Supplier_3993,Indonesia,Textiles,80.45,968.64,39.05,35622.25,3639.28,Compliant,ISO 45001,22.44,121563.53,86.01,2.49,0.72,Yes,10.7,16.08,13.24,Tier 2
S03994,Supplier_3994,Vietnam,Automotive,67.24,2968.07,30.48,25027.61,8704.14,Partially Compliant,ISO 45001,32.33,139384.28,87.81,2.41,0.72,No,22.33,69.43,195.24,Tier 3
S03995,Supplier_3995,India,Plastics,75.28,2413.03,59.72,29800.31,4471.18,Non-Compliant,ISO 45001,40.28,374844.27,83.68,2.12,0.8,Yes,3.31,16.06,159.58,Tier 2
S03996,Supplier_3996,Singapore,Automotive,58.38,1637.73,56.17,65307.49,2486.44,Compliant,ISO 45001,77.99,145197.04,92.23,1.34,0.71,Yes,22.12,19.35,193.9,Tier 1
S03997,Supplier_3997,Indonesia,Automotive,41.19,1108.67,40.34,17959.65,1344.44,Compliant,ISO 9001,73.03,245477.75,73.63,1.06,0.67,Yes,2.16,56.14,106.04,Tier 3
S03998,Supplier_3998,Indonesia,FMCG,81.01,4179.76,79.85,25558.64,4437.67,Partially Compliant,ISO 14001,17.33,277762.55,70.93,1.72,0.74,No,29.91,4.79,196.6,Tier 2
S03999,Supplier_3999,Indonesia,Metals,83.68,3981.8,77.58,8514.41,2505.06,Non-Compliant,ISO 14001,68.58,249222.98,84.74,3.56,1.01,No,22.61,77.87,68.79,Tier 1
S04000,Supplier_4000,China,Chemicals,80.57,258.51,79.73,9501.85,10353.74,Non-Compliant,None,7.83,189978.67,80.16,4.56,0.54,Yes,4.54,62.59,128.67,Tier 3
S04001,Supplier_4001,Singapore,FMCG,74.78,3665.47,49.7,68380.74,6673.39,Compliant,,15.32,118102.17,77.94,1.7,0.95,No,19.07,45.42,105.73,Tier 1
S04002,Supplier_4002,Indonesia,Plastics,67.38,3371.15,54.42,29086.98,9981.64,,ISO 45001,9.76,369942.89,85.79,4.49,0.93,No,17.27,52.52,202.19,Tier 1
S04003,Supplier_4003,Thailand,Textiles,86.19,1786.59,60.15,72463.54,2925.5,Non-Compliant,None,34.69,500072.23,76.33,4.77,0.55,No,29.69,92.7,11.27,Tier 2
S04004,Supplier_4004,Indonesia,Textiles,61.35,2171.44,62.04,31070.46,8106.21,Non-Compliant,ISO 14001,73.56,407305.61,80.6,0.72,0.79,Yes,42.98,16.17,124.19,Tier 3
S04005,Supplier_4005,Vietnam,Automotive,69.51,1614.94,91.6,93794.33,9244.76,,ISO 14001,8.57,390790.2,71.11,1.51,0.49,,28.22,69.46,165.78,Tier 2
S04006,Supplier_4006,Malaysia,Plastics,80.26,1923.47,59.57,68444.68,3237.11,Partially Compliant,ISO 9001,57.04,293470.79,96.19,1.58,0.67,Yes,24.94,59.2,33.19,Tier 2
S04007,Supplier_4007,India,Plastics,87.39,3666.22,69.67,45878.74,3273.42,Partially Compliant,ISO 14001,57.2,430077.67,71.42,3.43,0.71,Yes,5.65,91.04,38.14,Tier 3
S04008,Supplier_4008,Indonesia,Metals,53.38,4327.02,80.61,63879.88,5796.33,Partially Compliant,ISO 14001,65.15,56401.29,68.7,0.95,0.47,No,11.38,75.87,76.85,Tier 3
S04009,Supplier_4009,India,Textiles,71.6,2387.92,55.94,35768.73,4283.84,Non-Compliant,None,13.21,175908.7,69.03,1.67,0.68,No,26.66,18.11,96.84,
S04010,Supplier_4010,Indonesia,FMCG,55.59,4516.27,32.46,22493.39,135.78,Non-Compliant,ISO 45001,80.36,116111.38,70.0,1.89,0.3,No,43.09,12.45,117.17,Tier 2
S04011,Supplier_4011,,Chemicals,64.66,2368.75,48.65,77335.61,7321.55,Non-Compliant,ISO 45001,77.23,230545.38,87.55,0.31,0.54,No,49.25,78.35,165.88,Tier 3
S04012,Supplier_4012,Indonesia,FMCG,82.96,1852.95,55.19,37329.64,4476.67,Non-Compliant,ISO 14001,88.94,478365.03,86.49,2.31,0.53,Yes,43.41,38.99,42.92,Tier 1
S04013,Supplier_4013,Thailand,Chemicals,81.02,4669.05,65.32,72448.0,98.83,Partially Compliant,,18.27,398451.36,98.44,1.11,0.39,Yes,48.46,35.12,73.0,Tier 2
S04014,Supplier_4014,China,Textiles,66.68,1270.16,71.86,73715.2,8252.64,Non-Compliant,ISO 45001,34.54,11658.16,95.76,3.66,0.5,No,26.92,49.08,6.78,Tier 2
S04015,Supplier_4015,China,Textiles,88.19,1905.01,46.44,87379.18,2812.82,Compliant,ISO 14001,64.13,365086.79,94.52,1.77,0.84,No,11.74,54.2,184.06,Tier 3
S04016,Supplier_4016,China,FMCG,68.78,5131.63,81.31,17465.86,5381.88,Compliant,ISO 14001,8.35,321244.92,94.02,1.31,0.89,Yes,13.79,29.22,42.75,Tier 2
S04017,Supplier_4017,Malaysia,Chemicals,76.59,2352.06,37.56,51761.05,6292.1,Non-Compliant,None,26.85,378507.6,76.06,4.27,1.01,No,47.35,98.75,62.93,Tier 2
S04018,Supplier_4018,Thailand,FMCG,88.33,3478.77,72.8,94165.67,10350.36,,,31.51,157777.48,90.21,1.59,0.48,No,8.8,28.7,172.42,Tier 2
S04019,Supplier_4019,Thailand,,66.91,3235.79,95.52,23559.11,5431.35,Non-Compliant,ISO 14001,18.53,362412.6,92.46,1.67,0.42,Yes,32.55,58.19,62.73,Tier 3
S04020,Supplier_4020,India,Automotive,81.84,2565.22,34.1,40645.82,5714.35,Compliant,ISO 14001,86.43,369610.5,77.32,3.01,0.95,Yes,0.99,15.71,120.64,Tier 3
S04021,Supplier_4021,Singapore,Chemicals,72.77,217.94,88.82,21441.24,3225.5,Compliant,ISO 45001,85.69,255635.94,98.55,4.68,0.63,No,46.6,63.48,104.04,Tier 3
S04022,Supplier_4022,Vietnam,Electronics,61.85,2153.29,59.36,86226.75,6510.23,Compliant,ISO 45001,37.73,44369.49,86.04,2.89,0.54,Yes,25.0,71.05,37.94,Tier 1
S04023,Supplier_4023,Singapore,FMCG,87.95,3241.64,46.37,79504.91,2500.74,Compliant,ISO 9001,45.98,147039.93,84.34,3.07,0.86,No,45.14,85.88,139.14,Tier 2
S04024,Supplier_4024,Indonesia,Automotive,83.58,1451.58,95.39,90168.09,4393.69,Non-Compliant,None,66.73,117828.65,100.49,4.97,0.82,Yes,49.24,3.3,60.68,Tier 2
S04025,Supplier_4025,India,Metals,43.5,939.21,95.64,66045.48,3087.2,Partially Compliant,ISO 9001,14.61,264531.91,88.73,0.15,0.86,No,14.9,12.3,70.76,Tier 1
S04026,Supplier_4026,China,Electronics,49.62,1270.58,59.71,76075.3,3120.83,Partially Compliant,,28.87,471743.62,89.76,0.93,0.48,Yes,26.47,99.92,114.64,Tier 1
S04027,Supplier_4027,Singapore,Automotive,87.06,1320.76,56.46,14204.86,8893.05,Non-Compliant,ISO 45001,76.98,304019.38,85.39,0.41,0.62,Yes,3.33,47.16,102.23,Tier 1
S04028,Supplier_4028,Malaysia,Electronics,48.01,3569.48,78.63,72462.3,8524.37,Partially Compliant,ISO 9001,69.22,201034.86,76.7,1.7,0.79,No,0.65,40.43,167.11,Tier 1
S04029,Supplier_4029,Vietnam,Plastics,88.24,3154.04,31.83,23633.6,4518.95,Partially Compliant,ISO 45001,80.42,151661.52,81.69,4.52,0.88,,15.51,82.17,51.88,Tier 3
S04030,Supplier_4030,Indonesia,Plastics,62.38,573.53,92.84,26781.33,5839.18,Compliant,None,39.49,101033.02,92.94,3.93,0.35,No,20.85,88.23,26.95,Tier 1
S04031,Supplier_4031,Indonesia,Automotive,46.27,1619.89,64.12,86030.1,1861.26,,None,72.47,35469.45,69.55,1.07,0.97,Yes,15.28,83.81,4.78,Tier 3
S04032,Supplier_4032,Thailand,FMCG,92.18,2697.78,60.08,34819.71,3711.77,Non-Compliant,ISO 14001,63.0,349779.13,78.12,3.47,0.57,No,50.51,36.0,51.93,Tier 2
S04033,Supplier_4033,India,Chemicals,74.0,3936.13,65.81,47470.23,6149.46,Compliant,None,78.99,56880.12,87.55,2.22,0.87,No,24.9,41.42,54.86,Tier 2
S04034,Supplier_4034,Indonesia,Plastics,52.0,584.62,37.94,92790.22,660.05,Compliant,ISO 45001,34.53,473950.91,91.56,1.27,0.89,No,5.09,58.24,9.0,Tier 3
S04035,Supplier_4035,Singapore,FMCG,78.77,3054.45,51.16,36069.37,5930.54,Non-Compliant,None,67.3,217556.35,82.61,4.95,0.68,No,28.89,58.17,33.07,Tier 3
S04036,Supplier_4036,Vietnam,FMCG,89.45,1417.21,63.8,48423.67,8299.34,Partially Compliant,ISO 9001,33.4,501187.03,72.37,3.32,0.57,Yes,27.15,67.95,77.67,Tier 1
S04037,Supplier_4037,Malaysia,Metals,91.02,4769.94,63.39,90171.68,5859.34,Non-Compliant,ISO 14001,10.05,114634.66,96.81,4.4,0.7,No,43.55,19.04,172.58,Tier 2
S04038,Supplier_4038,Singapore,Textiles,45.01,3836.11,54.43,72007.44,2235.8,Partially Compliant,,42.63,210764.67,86.6,0.63,0.63,No,24.43,44.08,155.64,Tier 3
S04039,Supplier_4039,China,Plastics,72.53,432.73,46.72,80138.73,4930.59,Non-Compliant,None,76.79,444559.74,78.5,3.49,0.39,Yes,6.52,58.01,76.65,Tier 3
S04040,Supplier_4040,China,Plastics,43.87,554.53,33.58,51878.93,9181.33,Non-Compliant,ISO 45001,91.47,475227.23,77.53,2.71,0.49,No,25.71,20.35,58.32,Tier 1
S04041,Supplier_4041,Malaysia,FMCG,57.86,1238.84,79.49,80565.14,901.44,Non-Compliant,ISO 14001,58.12,182859.89,70.5,0.29,0.36,Yes,49.51,22.72,108.72,Tier 3
S04042,Supplier_4042,India,Plastics,80.69,1516.18,92.43,17055.4,2309.18,Compliant,ISO 14001,54.88,80927.74,76.4,1.8,0.49,No,7.46,68.52,36.23,Tier 3
S04043,Supplier_4043,Singapore,FMCG,84.98,1163.23,95.0,32483.39,9391.65,Partially Compliant,None,69.02,508868.18,76.32,2.94,0.73,No,33.84,83.33,0.32,Tier 1
S04044,Supplier_4044,China,Textiles,59.73,668.38,96.74,45411.33,7902.12,Partially Compliant,ISO 9001,35.42,32840.67,99.07,5.01,0.35,Yes,18.04,88.45,98.02,Tier 2
S04045,Supplier_4045,Thailand,Electronics,58.13,4293.49,85.47,93753.9,9034.97,Non-Compliant,None,74.42,50669.48,93.75,4.05,0.59,No,25.98,2.71,121.79,Tier 3
S04046,Supplier_4046,Malaysia,,94.1,417.79,N/A,60258.66,5350.35,Non-Compliant,None,66.82,378710.21,94.8,3.94,0.63,No,36.25,87.5,10.76,Tier 3
S04047,Supplier_4047,China,FMCG,46.34,4147.91,68.59,39411.21,9597.63,Partially Compliant,ISO 9001,24.87,142596.9,100.36,1.79,0.38,Yes,2.25,30.48,29.44,Tier 1
S04048,Supplier_4048,Indonesia,Chemicals,70.32,867.87,58.99,17826.7,5103.87,Compliant,None,6.81,419855.92,88.22,4.85,0.34,,16.7,88.22,32.96,Tier 3
S04049,Supplier_4049,Vietnam,Automotive,43.84,1403.35,72.03,78034.18,4106.68,Partially Compliant,ISO 9001,34.87,262327.25,83.47,3.9,0.88,Yes,31.39,15.77,11.34,Tier 2
S04050,Supplier_4050,Singapore,Electronics,52.48,2884.26,87.21,35342.76,495.48,Partially Compliant,None,82.84,245668.61,86.17,3.66,0.95,Yes,44.7,51.85,126.39,Tier 2
S04051,Supplier_4051,Malaysia,Metals,44.56,791.49,73.89,54495.96,7116.51,Non-Compliant,None,59.1,384455.02,77.54,0.45,0.54,Yes,29.86,21.0,186.15,Tier 3
S04052,Supplier_4052,China,Metals,45.4,2043.18,40.72,66874.73,2643.48,Partially Compliant,ISO 9001,39.19,23684.31,83.32,2.19,0.45,No,5.76,53.86,78.86,Tier 3
S04053,Supplier_4053,Singapore,,61.63,610.78,30.97,96829.86,8868.51,Compliant,ISO 9001,64.52,437562.7,100.16,4.81,0.47,Yes,33.74,89.83,165.12,Tier 3
S04054,Supplier_4054,Singapore,Metals,45.29,2217.79,84.82,96518.72,3476.21,Partially Compliant,ISO 14001,7.41,146636.27,93.26,3.13,0.95,No,9.04,8.86,55.83,Tier 1
S04055,Supplier_4055,Malaysia,Textiles,60.83,1180.07,35.83,5382.91,6194.48,Compliant,ISO 45001,56.05,303463.79,75.91,4.45,0.4,Yes,37.13,13.48,39.11,Tier 3
S04056,Supplier_4056,,Automotive,65.02,4179.84,50.2,84419.58,3802.52,Non-Compliant,ISO 14001,19.43,381110.16,87.01,3.3,0.33,No,19.49,18.94,50.31,Tier 1
S04057,Supplier_4057,Thailand,Textiles,42.64,3591.2,47.71,82408.86,6195.15,Partially Compliant,ISO 9001,27.44,200633.68,95.98,3.82,0.8,Yes,15.49,82.76,50.57,Tier 1
S04058,Supplier_4058,,FMCG,51.46,2838.95,91.98,41519.48,4229.23,Compliant,ISO 9001,22.05,414915.54,90.95,3.93,0.71,No,52.34,85.68,46.41,Tier 1
S04059,Supplier_4059,Malaysia,Electronics,65.94,1475.94,86.06,19332.76,2643.11,Non-Compliant,None,80.3,119775.26,79.5,2.71,0.43,No,4.35,32.57,148.74,Tier 2
S04060,Supplier_4060,Malaysia,Metals,82.35,3499.07,55.33,71604.69,4656.39,Non-Compliant,None,52.74,183425.45,80.78,0.56,0.47,No,39.5,0.81,48.13,Tier 3
S04061,Supplier_4061,Thailand,FMCG,92.11,2263.68,68.13,92601.07,538.68,Compliant,ISO 9001,18.21,403456.83,88.55,3.95,0.87,No,3.74,85.67,145.44,Tier 2
S04062,Supplier_4062,China,Chemicals,82.87,3519.0,35.69,76123.93,4983.43,Non-Compliant,ISO 9001,61.96,333198.83,86.04,2.74,0.37,Yes,8.19,61.03,84.13,Tier 1
S04063,Supplier_4063,Indonesia,Textiles,58.19,3016.73,60.68,53275.35,1512.35,,ISO 9001,30.31,433257.81,90.15,1.85,0.57,Yes,42.71,101.96,51.34,Tier 2
S04064,Supplier_4064,China,Plastics,81.62,136.36,38.83,4031.96,780.44,Compliant,ISO 45001,66.42,264637.41,85.96,1.94,0.73,Yes,13.91,2.41,113.76,Tier 1
S04065,Supplier_4065,Thailand,Textiles,67.17,702.57,88.67,89755.93,8784.06,Non-Compliant,None,51.72,213689.38,70.43,4.05,0.79,Yes,30.99,102.43,71.54,Tier 1
S04066,Supplier_4066,Indonesia,Textiles,66.77,1719.91,67.78,28338.74,7583.65,Non-Compliant,None,89.61,359836.64,103.35,4.48,0.88,No,22.59,90.4,94.38,Tier 1
S04067,Supplier_4067,Malaysia,Electronics,62.6,2560.32,96.47,84556.04,3270.87,Non-Compliant,ISO 14001,61.71,179229.5,83.59,2.85,0.89,,18.57,62.68,92.4,Tier 3
S04068,Supplier_4068,India,Automotive,61.68,2034.32,81.5,7607.83,6637.59,Non-Compliant,None,63.82,303090.42,88.71,1.28,0.35,Yes,44.59,49.6,127.79,Tier 3
S04069,Supplier_4069,Indonesia,,91.46,3024.74,63.8,21349.24,5368.71,Partially Compliant,None,47.91,426598.65,95.84,1.41,0.67,No,28.27,83.41,34.01,Tier 3
S04070,Supplier_4070,Malaysia,Chemicals,54.6,589.43,54.89,36359.81,4955.83,Non-Compliant,ISO 9001,59.01,349491.53,75.2,3.87,0.34,No,8.9,52.33,90.25,
S04071,Supplier_4071,Indonesia,Textiles,57.66,210.66,73.39,46777.31,4989.22,Compliant,ISO 9001,33.86,244294.1,79.27,4.42,0.89,No,9.71,14.55,53.03,Tier 3
S04072,Supplier_4072,Vietnam,Textiles,78.41,2122.06,80.98,44630.56,4299.46,Non-Compliant,None,27.0,74986.21,96.97,1.5,0.38,No,35.19,9.43,188.3,Tier 3
S04073,Supplier_4073,India,Textiles,42.37,3795.56,84.93,24379.3,1447.98,Compliant,ISO 45001,65.83,470314.03,101.92,2.99,0.79,Yes,26.94,90.39,95.86,Tier 2
S04074,Supplier_4074,Vietnam,Textiles,78.3,4625.21,99.97,13116.12,9541.03,Non-Compliant,None,28.36,44017.25,90.83,4.57,0.82,Yes,43.77,81.36,187.99,Tier 1
S04075,Supplier_4075,Thailand,Chemicals,75.82,246.21,68.59,21453.26,539.13,Non-Compliant,,28.05,219660.51,67.52,2.59,0.96,Yes,11.5,59.23,64.81,Tier 1
S04076,Supplier_4076,Indonesia,Chemicals,83.55,1600.86,76.99,47818.35,548.86,Compliant,None,6.57,148930.57,84.17,0.7,0.57,Yes,8.01,88.75,180.23,Tier 1
S04077,Supplier_4077,China,Chemicals,61.66,1527.02,37.53,61917.78,560.06,Compliant,ISO 14001,38.06,103767.23,85.44,3.36,0.72,No,37.18,77.88,200.37,Tier 3
S04078,Supplier_4078,India,FMCG,57.15,2388.67,31.7,8644.85,8764.95,Compliant,ISO 14001,53.14,120775.4,73.45,2.9,0.71,Yes,11.83,50.99,2.12,Tier 3
S04079,Supplier_4079,Vietnam,Electronics,75.4,624.36,62.72,41969.32,3622.72,Partially Compliant,ISO 9001,93.48,408390.33,93.04,3.89,0.34,Yes,1.35,34.43,184.97,Tier 1
S04080,Supplier_4080,Malaysia,Metals,58.97,1216.0,59.59,64616.03,6650.37,Partially Compliant,ISO 45001,28.6,146646.64,80.18,4.1,0.79,No,44.74,50.11,182.8,Tier 2
S04081,Supplier_4081,Singapore,Metals,78.68,2624.32,91.26,92828.07,794.41,Non-Compliant,ISO 9001,37.4,463800.5,81.02,0.94,0.78,Yes,0.75,25.09,184.61,Tier 2
S04082,Supplier_4082,China,Plastics,87.05,1433.26,85.12,26653.53,3742.43,Compliant,ISO 14001,36.71,453992.34,69.86,1.88,0.75,Yes,46.15,92.68,76.58,Tier 2
S04083,Supplier_4083,Malaysia,FMCG,77.05,4038.6,72.97,1619.49,2808.48,Compliant,ISO 9001,52.02,310923.82,74.01,3.5,0.56,No,44.22,36.31,17.98,Tier 3
S04084,Supplier_4084,Singapore,Metals,94.75,3264.02,N/A,4386.75,7187.87,Non-Compliant,ISO 14001,17.87,210750.36,69.62,4.53,0.98,No,38.79,2.56,117.25,Tier 2
S04085,Supplier_4085,Indonesia,FMCG,50.09,4037.37,50.23,24618.77,5000.11,Compliant,None,74.25,410624.58,94.35,1.05,0.55,No,44.47,13.96,110.03,Tier 2
S04086,Supplier_4086,Vietnam,Metals,81.47,1607.93,36.0,50258.32,6233.62,Non-Compliant,ISO 9001,59.65,293689.63,94.22,1.84,0.61,No,43.18,57.29,22.87,Tier 2
S04087,Supplier_4087,Malaysia,FMCG,47.75,4982.16,70.16,7905.45,6084.21,Compliant,ISO 45001,39.07,398413.93,74.61,1.59,0.62,No,0.22,97.49,77.97,Tier 3
S04088,Supplier_4088,Indonesia,Plastics,92.16,1272.7,70.52,27531.94,2630.06,Compliant,None,68.25,310052.41,73.48,0.18,0.77,Yes,38.92,30.37,188.18,Tier 3
S04089,Supplier_4089,Vietnam,Electronics,54.52,4111.5,94.45,40639.73,6241.81,Partially Compliant,ISO 45001,22.23,50697.59,91.29,4.39,0.89,No,34.38,37.39,75.72,Tier 2
S04090,Supplier_4090,,Metals,75.01,969.8,94.35,18965.45,5982.48,Non-Compliant,None,77.61,282464.76,95.09,2.11,0.71,No,15.36,60.96,173.4,Tier 2
S04091,Supplier_4091,India,FMCG,84.78,2203.24,75.54,57673.35,9360.28,,None,55.02,35425.9,88.52,3.96,0.65,Yes,0.59,2.82,148.15,Tier 2
S04092,Supplier_4092,Thailand,FMCG,40.86,4356.17,80.13,90363.13,1291.24,Partially Compliant,ISO 9001,83.73,398685.11,77.99,1.75,0.33,Yes,10.25,14.19,37.53,Tier 2
S04093,Supplier_4093,Malaysia,Plastics,53.58,1091.2,71.41,28933.47,3492.84,Partially Compliant,ISO 9001,63.23,223318.4,90.62,2.23,0.79,No,44.78,102.03,14.45,Tier 3
S04094,Supplier_4094,Singapore,Automotive,44.73,3968.96,42.06,65640.88,1568.09,Non-Compliant,ISO 45001,57.96,130965.13,76.68,4.86,0.73,Yes,27.85,32.43,107.62,Tier 2
S04095,Supplier_4095,Malaysia,Chemicals,51.06,2641.93,90.37,85441.1,4360.18,Compliant,ISO 9001,78.03,428867.53,85.4,1.91,0.32,Yes,27.09,54.95,21.93,Tier 3
S04096,Supplier_4096,Thailand,Textiles,61.27,570.1,N/A,86602.39,9191.35,Compliant,ISO 9001,63.17,447166.95,79.78,0.92,0.92,No,19.03,101.5,33.25,Tier 1
S04097,Supplier_4097,,FMCG,51.04,4756.93,85.24,75810.36,798.12,Partially Compliant,ISO 45001,35.52,113155.51,76.45,1.33,0.71,No,29.24,86.55,185.75,Tier 1
S04098,Supplier_4098,Vietnam,Electronics,72.04,2590.27,40.05,48361.27,775.29,Compliant,ISO 14001,67.19,391763.27,76.63,0.95,0.98,No,6.19,22.37,154.03,Tier 1
S04099,Supplier_4099,Thailand,Metals,84.4,2765.84,53.02,61381.74,6463.45,Non-Compliant,ISO 14001,17.67,408276.46,69.31,2.05,0.94,Yes,14.39,17.28,115.27,Tier 2
S04100,Supplier_4100,,Plastics,76.5,3032.8,84.05,77507.82,5961.59,Partially Compliant,ISO 45001,11.25,145597.03,86.99,4.67,0.53,No,8.22,10.48,166.84,
S04101,Supplier_4101,Malaysia,Plastics,90.08,2013.05,94.73,60335.26,8092.85,Compliant,ISO 9001,30.2,298090.64,79.53,0.77,0.42,Yes,38.41,15.15,59.95,Tier 2
S04102,Supplier_4102,India,Textiles,97.48,158.0,67.68,86040.95,5766.76,Compliant,ISO 9001,34.82,46747.19,81.63,0.92,0.95,Yes,27.11,59.2,129.47,Tier 1
S04103,Supplier_4103,Vietnam,Textiles,41.68,1414.9,89.7,80357.19,4633.38,Partially Compliant,,26.4,404711.22,77.68,4.18,0.64,Yes,9.01,86.72,32.8,Tier 3
S04104,Supplier_4104,Vietnam,Chemicals,73.04,1333.06,99.04,81695.0,7463.82,Partially Compliant,ISO 45001,42.58,104007.02,76.76,1.71,0.39,No,17.38,7.54,84.68,Tier 1
S04105,Supplier_4105,China,Textiles,72.28,900.38,72.76,64157.43,3019.0,Non-Compliant,None,55.39,129481.71,73.87,2.67,0.92,,16.29,12.66,100.85,Tier 1
S04106,Supplier_4106,India,Plastics,53.79,1601.82,90.23,72789.75,6368.21,Compliant,ISO 45001,9.98,507940.01,76.15,4.8,0.39,Yes,0.45,65.57,177.83,Tier 1
S04107,Supplier_4107,Malaysia,Metals,43.28,668.99,77.53,70001.96,3856.25,Non-Compliant,ISO 9001,37.63,41147.6,79.25,2.32,0.91,,7.82,15.15,95.1,Tier 2
S04108,Supplier_4108,Thailand,FMCG,76.52,284.79,53.13,70998.83,3451.76,Compliant,ISO 9001,83.12,274733.29,92.35,0.72,0.59,Yes,31.97,90.06,180.16,Tier 1
S04109,Supplier_4109,Indonesia,Electronics,70.44,1149.55,84.72,29474.94,5355.92,Non-Compliant,ISO 9001,29.26,355992.2,83.8,3.76,0.79,No,10.77,92.78,121.28,Tier 1
S04110,Supplier_4110,China,Plastics,46.38,784.21,90.4,83116.56,9493.3,,None,84.65,380502.69,81.41,3.71,0.96,Yes,25.9,36.98,192.53,Tier 1
S04111,Supplier_4111,China,Metals,61.28,2897.09,55.28,89287.88,4596.95,Partially Compliant,ISO 45001,87.1,453445.42,90.68,0.11,0.54,No,11.2,77.71,34.34,Tier 1
S04112,Supplier_4112,Malaysia,Plastics,88.77,2013.31,76.74,27093.0,5618.18,Partially Compliant,ISO 9001,53.43,477121.77,73.93,2.71,0.82,No,35.63,76.53,9.66,Tier 1
S04113,Supplier_4113,India,Metals,49.4,1291.12,84.58,30686.41,8510.68,Partially Compliant,ISO 14001,32.63,327393.66,74.06,4.25,0.97,No,27.07,10.94,89.82,Tier 2
S04114,Supplier_4114,China,FMCG,82.57,3022.85,95.23,68399.13,6995.5,Non-Compliant,ISO 45001,34.71,90394.11,87.3,4.47,0.96,No,3.98,86.96,189.08,Tier 2
S04115,Supplier_4115,India,Textiles,80.9,859.7,87.71,29512.65,1761.03,Compliant,ISO 9001,32.31,509723.07,83.9,0.4,0.99,No,37.73,73.55,11.42,Tier 3
S04116,Supplier_4116,China,Automotive,51.04,1131.99,32.27,19870.38,6858.47,Partially Compliant,None,58.11,281143.55,70.36,1.86,0.9,No,10.14,12.5,85.4,Tier 3
S04117,Supplier_4117,Vietnam,FMCG,79.3,2319.18,55.28,7040.94,10393.38,Compliant,ISO 45001,5.19,481105.72,89.49,4.95,0.98,Yes,39.6,55.27,92.02,Tier 1
S04118,Supplier_4118,Indonesia,FMCG,46.75,3791.03,35.62,33548.07,5781.4,Non-Compliant,ISO 45001,77.91,253885.19,76.76,1.28,0.55,,6.28,18.63,198.79,Tier 3
S04119,Supplier_4119,Malaysia,Chemicals,54.6,4689.98,32.21,52011.51,1738.89,Compliant,ISO 14001,60.1,470547.29,87.72,4.53,0.34,No,32.68,2.41,104.02,Tier 2
S04120,Supplier_4120,India,Metals,47.23,3836.81,70.58,20542.16,4653.36,Non-Compliant,None,40.82,248431.94,76.3,0.84,0.48,No,7.98,82.51,57.59,Tier 2
S04121,Supplier_4121,India,FMCG,71.57,4154.98,52.26,93462.94,8312.24,Partially Compliant,None,81.19,461761.32,74.77,3.32,0.73,No,2.35,25.04,28.22,Tier 2
S04122,Supplier_4122,Vietnam,Plastics,39.48,1904.28,44.9,12286.4,5057.34,Compliant,None,12.01,450230.92,74.23,3.84,0.75,No,38.82,91.18,91.81,Tier 1
S04123,Supplier_4123,Thailand,Chemicals,56.87,5207.62,84.5,41211.87,1604.77,Non-Compliant,None,52.24,452311.16,82.38,2.87,0.83,Yes,37.65,83.9,140.72,Tier 1
S04124,Supplier_4124,Singapore,Plastics,45.69,1043.42,88.35,45345.23,5421.49,Partially Compliant,ISO 45001,80.19,282674.61,76.87,0.38,0.85,Yes,22.23,29.85,133.42,Tier 2
S04125,Supplier_4125,Vietnam,Plastics,45.25,2629.89,91.88,90977.58,3498.27,Partially Compliant,,72.64,197668.3,78.46,4.84,0.45,No,3.96,53.96,29.22,Tier 3
S04126,Supplier_4126,Indonesia,Metals,47.33,967.24,61.5,68309.91,3085.81,Partially Compliant,,24.22,5796.64,89.0,4.32,0.65,No,31.52,73.24,36.16,Tier 1
S04127,Supplier_4127,Malaysia,Plastics,76.64,2231.62,71.29,6251.34,1853.23,Partially Compliant,ISO 45001,9.94,399668.14,79.86,0.19,0.61,Yes,0.09,86.05,13.1,Tier 3
S04128,Supplier_4128,Singapore,Chemicals,82.27,1125.77,72.93,10159.22,4329.31,Partially Compliant,ISO 45001,18.07,235268.91,78.1,2.86,0.86,Yes,48.41,11.81,193.26,Tier 2
S04129,Supplier_4129,Indonesia,Electronics,47.03,2560.68,87.51,76675.92,7631.04,Partially Compliant,ISO 9001,29.07,421958.99,99.24,4.69,0.84,Yes,44.11,54.48,177.1,Tier 2
S04130,Supplier_4130,,FMCG,80.53,2251.87,101.36,62564.92,2889.25,Partially Compliant,ISO 14001,48.7,31284.23,76.34,2.07,0.61,No,26.51,1.42,118.42,Tier 2
S04131,Supplier_4131,Indonesia,Metals,61.22,1627.88,48.01,1047.86,3770.37,Partially Compliant,ISO 14001,35.15,213794.68,77.49,3.85,0.66,Yes,49.71,84.64,41.22,Tier 1
S04132,Supplier_4132,Vietnam,Plastics,46.36,4325.24,87.6,69227.41,9145.88,Partially Compliant,ISO 45001,87.68,330979.39,86.44,1.14,0.54,Yes,46.04,18.24,107.49,Tier 2
S04133,Supplier_4133,Malaysia,Electronics,72.19,3751.51,75.38,86605.91,2120.36,Partially Compliant,ISO 14001,28.98,279821.4,92.87,2.56,0.81,No,11.72,62.58,41.92,
S04134,Supplier_4134,China,Metals,76.32,2373.94,80.42,1745.33,8258.6,Non-Compliant,ISO 9001,12.41,222498.34,78.05,3.85,0.83,No,8.08,53.53,147.12,Tier 3
S04135,Supplier_4135,India,Chemicals,45.57,3633.59,64.36,3033.9,6047.26,Partially Compliant,ISO 45001,66.35,264891.3,79.29,0.78,0.97,Yes,43.97,93.33,113.35,Tier 1
S04136,Supplier_4136,,Textiles,48.13,1463.99,98.99,34714.34,7957.75,Non-Compliant,ISO 14001,80.05,339367.31,79.84,2.55,0.95,Yes,27.05,73.39,103.11,Tier 1
S04137,Supplier_4137,India,Metals,76.71,3334.22,35.81,77228.66,5848.43,Partially Compliant,ISO 45001,33.58,141835.03,86.21,2.61,0.41,No,39.8,64.3,187.8,Tier 3
S04138,Supplier_4138,Indonesia,Chemicals,79.01,3104.0,35.21,36321.87,1684.45,,ISO 14001,25.21,343908.57,81.89,4.84,0.78,Yes,28.57,91.7,144.41,
S04139,Supplier_4139,Thailand,FMCG,47.46,3142.88,85.69,57466.03,9723.86,Compliant,ISO 14001,88.07,377176.44,79.87,0.74,0.62,Yes,13.08,81.56,44.04,Tier 3
S04140,Supplier_4140,Malaysia,Automotive,43.29,667.95,77.08,101599.35,7800.02,Non-Compliant,ISO 9001,48.47,85013.1,101.24,4.24,0.81,Yes,34.19,19.64,144.84,Tier 1
S04141,Supplier_4141,Singapore,Electronics,90.21,2223.4,41.02,28536.24,1569.71,Compliant,None,17.45,427265.58,94.14,2.34,0.73,No,16.59,77.93,102.18,Tier 1
S04142,Supplier_4142,Vietnam,Metals,44.71,1830.14,34.2,45690.86,7169.58,Non-Compliant,None,49.12,289484.01,88.18,1.1,0.8,Yes,22.76,13.0,104.35,Tier 3
S04143,Supplier_4143,Singapore,FMCG,87.57,573.72,89.75,32518.31,8117.59,,None,80.1,103590.44,77.89,0.51,0.42,Yes,17.04,78.98,151.77,Tier 2
S04144,Supplier_4144,Thailand,Textiles,44.59,3227.66,52.79,5837.13,6609.43,Partially Compliant,ISO 45001,34.44,468164.44,82.16,0.33,0.97,No,10.99,50.08,200.67,Tier 2
S04145,Supplier_4145,China,Metals,82.42,4058.7,96.38,35541.08,9134.15,Partially Compliant,None,14.49,73720.42,72.35,0.93,0.41,No,50.2,4.22,155.97,Tier 1
S04146,Supplier_4146,Singapore,Automotive,N/A,2956.92,33.68,48649.84,2163.52,Non-Compliant,None,53.07,238741.14,79.89,0.65,0.5,Yes,18.95,82.59,74.16,Tier 2
S04147,Supplier_4147,Thailand,Electronics,60.22,3776.06,49.9,24337.09,2318.59,Partially Compliant,ISO 14001,37.77,124340.52,71.08,4.59,0.43,Yes,48.15,5.51,78.2,Tier 1
S04148,Supplier_4148,Malaysia,FMCG,87.27,2732.34,55.39,8417.56,8043.75,Partially Compliant,ISO 14001,66.05,329112.7,68.52,3.65,0.45,Yes,42.82,38.65,42.83,Tier 3
S04149,Supplier_4149,India,Metals,45.24,1327.42,68.05,39483.72,6395.09,Compliant,ISO 14001,90.38,129171.3,92.76,0.3,0.32,Yes,49.61,21.81,126.75,Tier 3
S04150,Supplier_4150,Vietnam,Chemicals,49.31,797.4,89.79,32953.74,6565.49,Partially Compliant,ISO 45001,34.98,87711.88,92.91,2.79,0.44,No,21.56,43.09,61.13,Tier 1
S04151,Supplier_4151,Indonesia,Chemicals,72.64,3567.59,87.97,8987.34,7937.37,Compliant,ISO 45001,79.03,72885.58,85.8,4.6,0.36,No,19.34,21.48,43.66,Tier 2
S04152,Supplier_4152,,Chemicals,51.22,1683.57,42.05,24360.61,698.17,Non-Compliant,ISO 9001,60.97,224333.55,75.5,1.95,0.81,No,14.58,58.61,173.75,Tier 3
S04153,Supplier_4153,Singapore,Plastics,64.06,4343.26,64.74,40965.72,5700.56,Non-Compliant,ISO 45001,76.27,299223.66,80.67,4.96,0.84,No,11.29,45.82,165.05,Tier 1
S04154,Supplier_4154,Indonesia,Automotive,69.26,2009.32,87.14,62699.07,6019.59,Partially Compliant,ISO 9001,82.25,230843.49,94.05,4.51,0.37,Yes,24.22,11.73,14.23,Tier 2
S04155,Supplier_4155,India,Textiles,64.95,3604.87,92.32,19136.17,1982.42,Compliant,ISO 9001,76.85,483297.46,81.47,0.23,0.53,No,32.88,94.17,91.79,Tier 1
S04156,Supplier_4156,,Chemicals,62.14,190.11,44.04,93643.72,4013.08,Partially Compliant,None,77.52,15957.98,98.33,1.75,0.97,Yes,43.85,53.39,204.6,Tier 2
S04157,Supplier_4157,India,Electronics,63.86,2946.83,86.76,7652.35,6830.83,Non-Compliant,,75.17,52434.7,81.11,0.87,0.88,No,26.66,33.31,56.87,Tier 1
S04158,Supplier_4158,Thailand,Electronics,94.11,3746.76,36.56,41067.45,6793.13,Compliant,None,80.36,496582.89,77.85,4.81,0.98,No,18.63,72.53,5.0,Tier 3
S04159,Supplier_4159,Singapore,FMCG,45.21,3422.05,59.86,83577.95,6752.33,Non-Compliant,ISO 9001,6.73,219023.2,84.65,2.41,0.78,No,6.74,18.36,55.49,Tier 2
S04160,Supplier_4160,Malaysia,Textiles,75.56,1331.51,31.44,26508.66,7623.02,Partially Compliant,ISO 14001,60.62,75405.06,79.2,0.71,1.0,Yes,16.09,63.66,65.24,Tier 3
S04161,Supplier_4161,Malaysia,Chemicals,54.07,3886.71,59.14,12876.63,1255.32,Compliant,ISO 45001,34.74,418720.01,72.71,2.77,1.02,No,23.24,61.2,76.43,Tier 3
S04162,Supplier_4162,Thailand,Plastics,80.72,1877.06,89.73,24213.15,1293.81,Compliant,ISO 14001,66.51,472430.09,81.74,0.19,0.58,No,8.89,8.38,15.41,
S04163,Supplier_4163,Thailand,Textiles,53.09,5002.23,61.35,74001.95,2343.91,Compliant,ISO 45001,46.34,171132.06,71.9,3.47,0.63,No,8.34,19.98,45.72,Tier 3
S04164,Supplier_4164,Singapore,Textiles,70.5,4549.92,87.88,75178.62,4947.73,Partially Compliant,,88.25,225178.54,86.32,1.6,0.65,,21.39,41.67,77.28,Tier 1
S04165,Supplier_4165,China,Plastics,46.55,1710.95,57.23,24559.35,6611.72,Compliant,None,59.06,3501.74,81.22,3.09,0.67,Yes,13.38,31.84,199.52,Tier 3
S04166,Supplier_4166,Indonesia,Electronics,82.86,4353.52,102.21,54387.05,8807.01,Non-Compliant,ISO 45001,48.78,10792.22,70.68,2.68,0.9,Yes,36.75,80.74,104.9,Tier 3
S04167,Supplier_4167,Malaysia,Automotive,59.6,2476.31,103.56,3472.65,2127.94,Partially Compliant,ISO 45001,34.74,42318.73,75.58,1.13,0.76,,2.57,85.64,175.75,Tier 3
S04168,Supplier_4168,Malaysia,Metals,64.19,729.26,77.67,86040.67,1963.76,Compliant,ISO 45001,27.98,157490.16,84.63,2.09,0.82,Yes,23.85,9.51,119.69,Tier 1
S04169,Supplier_4169,Vietnam,Plastics,79.84,2631.52,100.35,14661.91,8202.76,Partially Compliant,ISO 14001,83.22,471273.55,87.43,3.17,0.85,No,1.14,15.64,187.66,Tier 1
S04170,Supplier_4170,Malaysia,FMCG,61.4,1579.94,46.8,31179.49,4699.45,Compliant,,30.98,366519.69,80.54,3.05,0.82,No,32.95,42.4,52.21,Tier 1
S04171,Supplier_4171,China,Chemicals,73.48,206.92,36.49,82351.35,3031.85,Partially Compliant,ISO 9001,29.22,427398.35,89.1,0.56,0.81,Yes,37.72,87.55,136.35,Tier 1
S04172,Supplier_4172,Indonesia,Automotive,86.82,2264.64,68.31,50918.02,3535.66,Non-Compliant,ISO 9001,30.86,30346.52,91.95,1.03,0.67,Yes,44.66,63.19,94.42,Tier 1
S04173,Supplier_4173,Thailand,,70.19,3211.88,52.89,81400.07,4806.79,Compliant,ISO 9001,78.46,176248.0,78.24,4.45,0.7,Yes,26.77,93.62,121.87,Tier 2
S04174,Supplier_4174,Thailand,Metals,83.58,1447.99,72.51,23742.74,9062.78,Non-Compliant,ISO 45001,9.51,442993.28,81.02,2.49,0.62,No,35.17,65.17,90.63,
S04175,Supplier_4175,Indonesia,Plastics,90.44,176.59,62.38,77949.11,6827.14,Compliant,ISO 45001,23.4,271616.13,83.2,1.59,0.64,No,39.73,80.4,147.22,Tier 2
S04176,Supplier_4176,India,Metals,56.85,4795.93,35.58,40397.14,7744.8,Non-Compliant,,61.79,348565.39,73.61,2.68,0.5,,20.14,42.63,64.71,Tier 1
S04177,Supplier_4177,India,Chemicals,85.99,2629.97,64.91,16731.12,7382.83,Non-Compliant,None,47.4,105979.43,92.68,3.08,0.4,No,4.69,10.39,21.32,Tier 2
S04178,Supplier_4178,Malaysia,Plastics,44.03,4059.79,66.65,80418.76,9343.21,Non-Compliant,ISO 45001,49.26,282223.99,85.82,4.64,0.73,No,17.19,31.0,57.94,Tier 1
S04179,Supplier_4179,Indonesia,Chemicals,47.97,1275.88,94.1,44770.25,4419.12,Non-Compliant,ISO 45001,72.62,206690.31,94.19,4.69,0.87,Yes,34.42,99.94,18.06,Tier 1
S04180,Supplier_4180,Vietnam,,46.76,914.59,33.87,17730.24,4799.39,Compliant,ISO 9001,75.95,141366.05,76.46,2.93,0.37,No,41.58,66.66,193.92,Tier 1
S04181,Supplier_4181,Malaysia,FMCG,41.2,3091.99,35.5,2378.74,1208.41,Partially Compliant,ISO 14001,67.11,481490.85,92.92,3.51,0.55,No,46.61,46.69,204.85,Tier 1
S04182,Supplier_4182,China,Metals,57.39,4647.51,60.58,40581.51,8493.04,Compliant,ISO 45001,67.21,511627.45,97.21,2.11,0.63,Yes,17.04,52.84,50.94,Tier 3
S04183,Supplier_4183,Malaysia,Chemicals,55.84,130.27,48.75,98004.62,8725.77,Non-Compliant,ISO 14001,53.06,360554.74,86.26,1.24,0.66,Yes,8.29,19.07,11.77,Tier 1
S04184,Supplier_4184,China,Textiles,90.14,2582.65,93.07,76806.38,3439.53,Partially Compliant,ISO 14001,66.39,3304.32,92.07,3.1,0.85,No,21.63,19.48,190.2,Tier 1
S04185,Supplier_4185,Singapore,Electronics,60.35,401.38,82.7,25631.18,5964.59,Compliant,ISO 9001,69.17,395432.33,77.91,3.31,1.02,Yes,44.85,87.74,65.31,Tier 2
S04186,Supplier_4186,Singapore,Electronics,77.22,1475.02,42.3,1331.3,8632.1,Non-Compliant,None,23.07,87246.97,78.53,0.25,0.61,Yes,27.48,40.72,120.42,Tier 2
S04187,Supplier_4187,Vietnam,FMCG,78.33,1169.75,48.26,14662.13,7686.6,,ISO 9001,90.58,279761.45,89.0,1.56,0.82,No,17.46,6.79,200.02,Tier 3
S04188,Supplier_4188,Singapore,,53.9,1795.35,33.88,54248.91,1740.17,Partially Compliant,ISO 45001,52.58,423880.86,77.4,3.38,0.96,,27.19,60.36,159.19,
S04189,Supplier_4189,Vietnam,Chemicals,86.47,5107.75,69.16,31044.25,5714.24,Partially Compliant,ISO 9001,79.61,68072.06,68.63,3.5,0.95,Yes,32.3,92.53,198.98,Tier 2
S04190,Supplier_4190,Singapore,Electronics,77.57,3055.33,81.03,79677.62,7738.14,Compliant,ISO 45001,82.09,65976.85,76.82,3.83,0.56,No,27.25,21.63,76.25,Tier 3
S04191,Supplier_4191,India,Electronics,41.99,4885.46,83.25,71094.03,1262.26,Non-Compliant,ISO 45001,7.44,214215.18,75.23,2.99,0.71,No,4.84,1.97,169.2,Tier 2
S04192,Supplier_4192,Malaysia,,93.2,2386.15,52.52,22998.06,6838.42,Non-Compliant,,81.58,4452.49,79.77,1.18,0.53,Yes,45.53,50.93,196.33,Tier 2
S04193,Supplier_4193,Singapore,Chemicals,62.4,2993.79,46.81,95749.8,9718.04,Partially Compliant,ISO 14001,30.71,208141.48,92.69,2.92,1.0,Yes,24.15,1.7,105.56,Tier 2
S04194,Supplier_4194,Malaysia,Automotive,65.5,3375.62,31.43,28244.75,7117.17,Compliant,None,22.43,475027.37,90.94,0.57,0.9,Yes,6.44,7.54,133.64,Tier 3
S04195,Supplier_4195,Malaysia,Textiles,82.36,1714.83,57.9,25051.43,1706.69,Compliant,None,46.23,414639.26,95.07,0.1,0.47,Yes,41.4,50.95,205.85,Tier 2
S04196,Supplier_4196,China,Automotive,51.32,1235.99,29.98,5228.13,6833.75,Non-Compliant,ISO 45001,40.82,311085.49,74.6,4.74,0.87,Yes,26.13,64.56,122.71,Tier 3
S04197,Supplier_4197,,Automotive,52.09,4325.39,30.59,55103.61,6928.84,Compliant,None,57.12,461334.24,100.85,2.94,0.42,No,38.7,65.1,172.52,
S04198,Supplier_4198,Singapore,Automotive,46.79,501.62,32.82,55093.11,8219.01,Compliant,ISO 9001,48.86,87192.19,75.91,3.91,0.4,Yes,48.9,8.49,177.81,Tier 2
S04199,Supplier_4199,Singapore,FMCG,59.76,2963.71,79.98,86131.14,1644.72,Partially Compliant,None,45.15,247517.86,93.86,0.89,0.74,No,0.77,84.01,162.14,Tier 1
S04200,Supplier_4200,China,FMCG,N/A,778.16,60.63,52818.15,5566.65,Non-Compliant,ISO 9001,9.99,235669.63,74.99,0.56,0.58,Yes,33.18,48.42,37.99,Tier 1
S04201,Supplier_4201,Indonesia,Plastics,84.49,2261.92,32.94,40150.82,9412.31,Partially Compliant,,52.75,154746.0,81.45,1.89,0.62,No,4.29,80.76,154.53,Tier 2
S04202,Supplier_4202,India,Metals,95.08,1512.0,35.56,69432.59,2999.08,Compliant,ISO 14001,31.43,428015.55,89.21,2.89,0.88,Yes,34.24,40.71,33.23,Tier 3
S04203,Supplier_4203,China,Chemicals,41.11,2139.42,94.39,73736.74,608.85,Non-Compliant,None,19.87,28365.9,73.52,2.77,0.73,Yes,45.0,88.11,66.9,Tier 1
S04204,Supplier_4204,Malaysia,FMCG,91.6,4375.11,87.99,92151.28,5596.99,Compliant,ISO 45001,31.53,213056.09,90.82,4.79,0.58,Yes,30.95,8.64,81.33,Tier 2
S04205,Supplier_4205,Indonesia,Metals,59.72,1287.94,49.24,85190.29,8613.31,Non-Compliant,ISO 14001,71.78,135668.36,91.35,4.41,0.79,Yes,33.46,45.58,21.49,Tier 2
S04206,Supplier_4206,Vietnam,Chemicals,70.05,4023.78,57.76,100135.34,8599.54,Non-Compliant,None,31.11,278409.69,92.09,2.86,0.75,No,5.22,91.63,149.23,Tier 2
S04207,Supplier_4207,China,FMCG,96.71,4965.63,64.34,71325.15,6013.44,Compliant,None,7.78,58780.27,86.99,1.56,0.58,Yes,21.75,25.69,94.08,Tier 3
S04208,Supplier_4208,China,Metals,91.24,1429.39,31.35,49911.09,10161.0,Compliant,,63.9,287553.67,99.89,2.84,0.62,Yes,4.1,26.52,8.8,Tier 3
S04209,Supplier_4209,Malaysia,FMCG,53.67,1501.52,73.09,2971.33,6058.35,,ISO 14001,48.85,234201.61,85.56,3.98,0.87,Yes,26.73,36.19,5.32,Tier 3
S04210,Supplier_4210,China,Chemicals,82.64,N/A,62.97,24097.82,2623.31,Non-Compliant,None,36.79,276366.51,94.33,3.98,0.33,Yes,23.44,10.4,23.85,Tier 1
S04211,Supplier_4211,Singapore,Textiles,68.46,4090.65,91.07,28302.8,9465.77,Compliant,ISO 14001,62.93,95247.11,79.71,5.16,0.36,Yes,16.73,93.58,107.57,Tier 2
S04212,Supplier_4212,India,Chemicals,74.22,1798.94,52.44,7520.88,6420.35,Non-Compliant,ISO 45001,83.29,272385.32,88.89,4.43,0.32,No,33.95,92.48,135.74,Tier 2
S04213,Supplier_4213,India,FMCG,N/A,3340.31,31.81,9129.41,8093.16,Compliant,ISO 14001,82.24,444953.26,85.62,3.41,0.73,Yes,16.73,12.02,181.02,Tier 1
S04214,Supplier_4214,Indonesia,Plastics,72.0,1716.01,100.21,3072.27,1384.96,,ISO 9001,47.2,50856.41,75.21,0.63,0.52,No,31.67,29.55,51.86,Tier 3
S04215,Supplier_4215,Malaysia,,58.4,2051.32,85.58,94792.4,1748.66,Non-Compliant,ISO 9001,80.97,35421.33,79.85,3.38,0.98,Yes,2.82,97.78,150.59,Tier 1
S04216,Supplier_4216,Malaysia,Textiles,94.04,884.86,40.44,25700.69,1500.89,Partially Compliant,ISO 14001,55.95,76653.66,90.83,4.63,0.69,Yes,22.15,39.0,41.14,Tier 2
S04217,Supplier_4217,,Automotive,41.13,2272.89,74.69,91373.85,8290.58,Non-Compliant,ISO 45001,80.06,203637.74,72.91,1.38,0.63,No,29.94,41.5,151.59,Tier 2
S04218,Supplier_4218,Indonesia,Metals,76.73,3044.69,80.35,63833.02,383.07,Compliant,None,61.99,253907.88,86.17,2.47,0.62,Yes,5.3,77.88,127.87,Tier 2
S04219,Supplier_4219,India,Textiles,60.97,603.65,84.83,94161.31,6522.33,Non-Compliant,ISO 45001,59.11,345389.23,75.51,1.07,0.65,Yes,29.19,45.41,78.61,Tier 3
S04220,Supplier_4220,Singapore,FMCG,66.71,2175.06,81.36,80497.0,3288.36,Compliant,None,36.95,487682.83,69.37,1.7,0.6,No,29.26,45.55,191.47,Tier 3
S04221,Supplier_4221,China,FMCG,61.21,4217.89,75.58,86568.83,2408.84,Partially Compliant,ISO 45001,84.85,397985.05,89.24,3.99,1.0,Yes,46.95,72.6,46.67,Tier 1
S04222,Supplier_4222,India,Electronics,N/A,3431.85,46.94,99401.96,2462.44,Non-Compliant,ISO 45001,88.7,391201.7,68.68,2.3,0.62,No,9.8,73.43,114.84,Tier 1
S04223,Supplier_4223,Indonesia,Textiles,76.64,4694.99,N/A,37432.55,8403.1,Compliant,ISO 14001,10.55,316103.1,92.28,0.81,0.46,No,14.55,3.34,44.58,Tier 1
S04224,Supplier_4224,Singapore,Metals,57.76,4356.85,61.6,68067.2,3137.6,Partially Compliant,None,56.55,284669.7,85.64,1.12,0.77,No,41.97,66.57,84.49,Tier 3
S04225,Supplier_4225,Malaysia,Electronics,50.32,2566.01,40.18,79914.15,5995.55,Non-Compliant,ISO 14001,47.46,185998.7,72.26,2.76,0.3,No,26.62,27.6,29.3,Tier 1
S04226,Supplier_4226,Malaysia,Automotive,48.93,1880.97,68.01,89045.68,4100.78,Partially Compliant,ISO 14001,32.71,360721.99,77.12,1.1,0.67,No,14.14,17.01,125.79,Tier 3
S04227,Supplier_4227,Thailand,Plastics,73.16,2883.6,74.49,16695.65,360.69,Non-Compliant,,64.38,218964.53,92.91,3.28,0.36,No,46.36,39.59,143.52,Tier 3
S04228,Supplier_4228,Indonesia,Plastics,85.14,2429.57,86.22,25555.28,9113.58,Non-Compliant,ISO 9001,52.55,285224.95,73.31,2.54,0.7,No,9.95,30.08,70.82,Tier 2
S04229,Supplier_4229,India,Automotive,53.24,497.0,68.81,31646.09,5778.28,Compliant,ISO 45001,63.68,442666.04,95.35,2.14,0.52,Yes,38.23,18.23,62.25,Tier 2
S04230,Supplier_4230,Indonesia,FMCG,65.78,3019.85,80.51,21712.28,1131.69,Non-Compliant,ISO 9001,90.28,137182.35,87.22,2.27,0.55,,38.14,85.37,157.52,Tier 3
S04231,Supplier_4231,China,Chemicals,48.49,2127.64,56.5,90582.94,4663.5,Non-Compliant,ISO 14001,18.04,384221.96,87.51,1.37,0.58,Yes,12.23,91.78,27.96,Tier 3
S04232,Supplier_4232,Thailand,Textiles,71.24,498.4,76.22,97529.71,6561.27,Compliant,ISO 14001,73.93,88166.33,90.58,0.73,0.93,Yes,19.67,80.4,112.7,Tier 1
S04233,Supplier_4233,Singapore,Plastics,62.45,4375.22,40.46,9060.63,802.84,Partially Compliant,ISO 9001,29.3,286856.11,86.4,3.56,0.72,Yes,12.4,80.66,46.74,Tier 1
S04234,Supplier_4234,China,Automotive,68.47,2291.03,68.18,8125.86,106.83,Non-Compliant,ISO 45001,6.43,439169.67,96.0,3.25,0.67,Yes,36.83,73.22,6.36,Tier 3
S04235,Supplier_4235,,FMCG,58.95,3988.38,98.35,36155.48,1413.06,Non-Compliant,ISO 45001,13.7,495416.59,85.48,1.14,0.7,Yes,3.01,34.13,25.28,Tier 2
S04236,Supplier_4236,China,Metals,70.81,2651.37,88.26,94390.1,588.02,,None,10.01,422838.49,91.96,4.76,0.56,No,9.84,99.88,82.08,Tier 1
S04237,Supplier_4237,Singapore,,63.57,3614.0,48.41,33878.49,389.71,Compliant,ISO 14001,10.43,154799.75,70.36,0.27,0.83,No,47.45,14.37,147.19,Tier 1
S04238,Supplier_4238,Vietnam,FMCG,90.48,2265.64,97.85,18349.32,6615.08,Compliant,None,24.1,269584.97,95.47,4.11,0.94,Yes,38.37,43.96,2.92,Tier 3
S04239,Supplier_4239,Thailand,FMCG,69.45,2413.04,43.08,42803.86,5696.05,Partially Compliant,None,34.98,264837.51,76.89,0.44,0.61,Yes,5.84,98.5,120.72,Tier 1
S04240,Supplier_4240,Indonesia,FMCG,73.98,2949.73,66.66,62489.74,2290.23,Partially Compliant,,55.12,327928.8,84.68,3.69,0.37,Yes,31.88,85.21,83.37,Tier 2
S04241,Supplier_4241,Vietnam,Electronics,64.86,437.73,42.39,74674.59,3502.46,Compliant,None,80.65,471423.49,87.07,3.05,0.63,No,18.43,76.8,172.45,Tier 3
S04242,Supplier_4242,Thailand,Chemicals,90.71,826.5,85.03,78343.74,2215.01,Partially Compliant,ISO 45001,39.2,461085.99,91.5,2.17,0.88,Yes,21.48,99.62,24.96,Tier 1
S04243,Supplier_4243,Thailand,Chemicals,69.29,3826.53,92.59,42079.15,1115.93,Non-Compliant,None,53.65,259584.77,68.24,2.16,0.49,Yes,4.89,35.51,65.74,Tier 1
S04244,Supplier_4244,China,Textiles,49.19,985.94,53.43,38703.81,3686.2,Partially Compliant,None,54.13,320672.54,74.5,3.34,0.78,No,43.53,2.1,152.87,Tier 1
S04245,Supplier_4245,Thailand,Plastics,82.19,2874.21,80.13,71838.25,4501.95,Partially Compliant,ISO 45001,53.58,279517.14,93.39,4.26,0.59,No,12.22,79.38,135.37,Tier 2
S04246,Supplier_4246,Indonesia,Metals,85.41,4503.74,47.92,28983.55,8380.58,Partially Compliant,ISO 14001,59.07,25668.14,68.86,3.19,0.75,No,14.45,82.84,113.55,Tier 3
S04247,Supplier_4247,India,Chemicals,68.96,3211.01,82.7,13441.52,7154.1,Partially Compliant,ISO 14001,84.15,438129.2,79.78,4.46,0.75,Yes,19.03,28.94,30.85,Tier 2
S04248,Supplier_4248,Indonesia,Textiles,71.09,2070.93,89.71,80042.03,596.78,Non-Compliant,ISO 45001,71.98,370404.87,84.74,4.09,0.31,No,0.35,80.7,64.08,Tier 2
S04249,Supplier_4249,Thailand,Plastics,90.8,1212.39,58.36,51110.73,332.96,Non-Compliant,ISO 9001,61.94,24336.96,78.45,1.81,0.48,Yes,19.5,43.32,128.94,Tier 2
S04250,Supplier_4250,Vietnam,Textiles,45.4,818.0,88.26,79491.03,473.49,Compliant,None,90.63,261408.8,91.28,0.48,0.79,No,47.91,41.11,70.5,Tier 3
S04251,Supplier_4251,China,,76.48,2710.46,73.87,10065.53,4361.56,,None,79.16,55351.18,72.44,3.41,0.93,Yes,26.65,87.07,179.24,Tier 3
S04252,Supplier_4252,Singapore,Chemicals,79.57,682.88,76.01,46744.4,2628.53,Partially Compliant,ISO 45001,28.79,270246.46,101.63,3.02,0.5,Yes,46.23,49.7,93.56,Tier 1
S04253,Supplier_4253,Indonesia,Textiles,76.53,1160.44,98.35,92890.75,3079.23,Non-Compliant,ISO 14001,82.68,410918.19,99.84,1.56,0.57,No,17.41,43.03,102.81,Tier 3
S04254,Supplier_4254,Indonesia,Chemicals,70.43,1057.1,76.16,48631.9,6888.3,Non-Compliant,,29.73,16110.74,86.96,2.11,0.78,,47.81,49.77,150.17,Tier 1
S04255,Supplier_4255,Thailand,FMCG,44.45,560.52,35.73,47601.63,7838.56,Non-Compliant,None,46.07,45164.03,100.83,3.31,0.58,No,48.0,38.77,67.62,Tier 3
S04256,Supplier_4256,Indonesia,Plastics,69.75,2499.95,74.52,38742.76,5084.93,Non-Compliant,,22.22,184587.66,94.44,2.34,0.45,Yes,43.46,26.43,132.05,Tier 2
S04257,Supplier_4257,Indonesia,Metals,93.18,4696.7,56.36,34442.4,2460.41,Non-Compliant,ISO 45001,7.23,238515.5,90.47,3.53,0.81,Yes,24.18,78.84,176.77,
S04258,Supplier_4258,Thailand,Plastics,84.14,897.42,67.75,59852.74,9972.72,Partially Compliant,,87.04,403946.08,75.22,4.4,0.83,Yes,24.17,74.12,82.58,Tier 3
S04259,Supplier_4259,Singapore,Electronics,78.62,1270.78,49.57,76737.73,613.83,Non-Compliant,None,71.73,71550.27,101.82,4.99,0.49,Yes,48.46,96.23,62.16,Tier 3
S04260,Supplier_4260,Thailand,Electronics,51.96,1530.83,66.68,69265.51,4618.17,Non-Compliant,ISO 9001,40.77,116732.77,72.44,1.61,0.68,No,46.91,11.91,95.51,Tier 2
S04261,Supplier_4261,Thailand,Automotive,43.16,3473.25,90.69,84132.49,1786.44,Compliant,ISO 45001,34.43,200297.46,87.36,1.51,0.91,No,11.47,37.3,93.95,Tier 2
S04262,Supplier_4262,Malaysia,Metals,68.32,3474.38,33.48,64069.71,5756.59,Partially Compliant,ISO 45001,73.0,215855.54,86.19,4.69,0.91,No,26.68,52.04,10.85,Tier 3
S04263,Supplier_4263,China,Plastics,59.54,670.74,71.94,15968.66,5678.24,Non-Compliant,ISO 14001,70.82,25069.61,95.77,2.17,0.72,No,33.12,2.15,91.08,Tier 3
S04264,Supplier_4264,Indonesia,Automotive,50.96,1030.06,68.62,19431.15,2619.02,Compliant,ISO 45001,30.71,176454.01,76.68,2.45,0.79,No,23.7,0.09,18.59,Tier 1
S04265,Supplier_4265,Singapore,Plastics,69.73,2636.3,53.61,17395.77,8769.7,Non-Compliant,ISO 9001,31.66,206628.62,75.08,2.86,0.55,No,47.53,56.81,121.94,Tier 3
S04266,Supplier_4266,India,,41.25,3734.43,85.8,15476.82,396.46,Partially Compliant,ISO 45001,50.87,286207.02,92.39,2.14,0.31,Yes,49.49,5.07,149.46,Tier 3
S04267,Supplier_4267,China,Chemicals,63.96,5022.28,34.33,14859.4,9982.44,Partially Compliant,ISO 45001,68.61,148977.15,97.9,4.63,0.83,No,16.95,46.1,57.71,Tier 3
S04268,Supplier_4268,Thailand,Automotive,79.28,383.04,100.59,94603.86,1863.37,Partially Compliant,ISO 45001,59.0,430642.54,83.73,4.36,0.59,Yes,35.26,63.66,108.74,Tier 1
S04269,Supplier_4269,Thailand,Plastics,50.75,2912.64,45.98,41969.63,2593.03,Non-Compliant,None,86.91,251373.43,83.97,1.2,0.68,No,30.95,74.04,86.16,Tier 1
S04270,Supplier_4270,Thailand,Chemicals,57.41,2535.0,40.31,9960.01,4187.76,Compliant,None,59.03,474263.05,86.2,4.7,0.55,No,1.04,40.46,175.3,Tier 3
S04271,Supplier_4271,Indonesia,Plastics,86.73,1859.41,41.04,15403.16,1236.34,Non-Compliant,,43.05,54599.36,91.13,2.57,0.78,No,33.07,47.82,44.08,Tier 2
S04272,Supplier_4272,Malaysia,FMCG,68.2,4649.99,86.21,93991.65,6415.51,Non-Compliant,ISO 14001,87.2,143187.43,77.86,3.23,0.48,Yes,44.0,72.23,17.46,Tier 2
S04273,Supplier_4273,Vietnam,FMCG,59.46,397.1,38.85,99090.74,7324.64,Partially Compliant,ISO 14001,12.47,74516.5,73.97,2.24,0.59,No,17.03,64.35,64.09,Tier 2
S04274,Supplier_4274,India,FMCG,65.08,4337.91,84.9,94309.99,4100.9,Partially Compliant,None,9.75,511860.12,91.9,4.81,0.68,Yes,33.89,21.29,94.03,Tier 3
S04275,Supplier_4275,Thailand,FMCG,83.13,4036.94,93.69,42284.75,6085.81,Partially Compliant,ISO 14001,27.52,65697.53,72.4,5.09,0.86,Yes,11.97,56.68,1.79,Tier 2
S04276,Supplier_4276,India,Textiles,N/A,4154.78,37.25,5875.94,5590.85,Non-Compliant,ISO 14001,67.73,342504.11,86.16,2.55,0.9,No,20.62,81.24,205.12,Tier 1
S04277,Supplier_4277,China,FMCG,67.78,933.84,50.13,3526.34,3740.83,Non-Compliant,ISO 9001,28.85,165627.66,74.91,4.2,0.96,Yes,35.27,11.69,200.07,Tier 2
S04278,Supplier_4278,Vietnam,Automotive,62.86,2873.65,64.21,39260.25,249.22,Partially Compliant,ISO 45001,50.02,176136.77,96.13,0.87,0.36,Yes,9.5,11.84,116.54,Tier 2
S04279,Supplier_4279,Indonesia,,46.53,2834.0,N/A,29247.67,5292.57,Compliant,,41.5,394596.43,82.3,1.17,0.37,Yes,43.6,35.04,12.97,Tier 2
S04280,Supplier_4280,Vietnam,FMCG,80.86,2908.03,56.76,98060.05,1812.13,Non-Compliant,ISO 14001,48.65,276093.43,93.79,2.34,0.43,Yes,43.58,36.46,47.0,Tier 2
S04281,Supplier_4281,China,Electronics,84.1,266.68,53.7,52769.32,9003.87,Partially Compliant,ISO 14001,45.32,7651.66,95.76,4.3,0.63,No,49.0,61.7,143.0,Tier 1
S04282,Supplier_4282,India,Electronics,45.84,1062.25,101.53,37875.42,3484.62,Partially Compliant,None,59.47,437346.96,67.54,3.9,0.33,Yes,46.47,9.12,24.92,Tier 3
S04283,Supplier_4283,India,FMCG,49.45,2912.08,66.49,73830.24,3933.9,Compliant,ISO 45001,20.82,320147.03,92.44,3.16,0.42,No,13.57,88.65,134.72,Tier 1
S04284,Supplier_4284,Vietnam,Metals,83.32,4157.06,69.92,61042.48,4067.92,Non-Compliant,None,71.61,210323.7,85.98,0.68,0.34,Yes,32.26,91.55,81.4,Tier 2
S04285,Supplier_4285,Vietnam,Electronics,75.93,3001.0,36.15,37778.77,4729.48,Non-Compliant,None,48.23,380162.92,96.1,1.85,0.51,Yes,28.77,65.87,161.69,Tier 2
S04286,Supplier_4286,Singapore,Automotive,47.43,2039.91,53.04,74237.58,9243.61,Compliant,ISO 9001,77.52,285593.26,83.07,4.53,0.69,,31.6,42.22,108.96,Tier 3
S04287,Supplier_4287,Malaysia,Automotive,48.6,3146.2,48.95,61899.82,5419.43,Compliant,ISO 45001,13.66,77458.77,88.14,3.65,0.36,Yes,2.76,81.23,34.64,Tier 2
S04288,Supplier_4288,Thailand,Textiles,49.8,994.25,91.35,35120.99,9587.87,Partially Compliant,ISO 14001,78.95,5693.23,95.3,3.28,0.77,Yes,15.3,68.51,95.62,Tier 1
S04289,Supplier_4289,India,Chemicals,77.76,1484.62,40.56,30595.5,3568.41,Partially Compliant,,19.66,71662.1,72.42,3.39,0.91,Yes,35.9,4.65,0.91,Tier 2
S04290,Supplier_4290,Singapore,Metals,46.56,3057.47,67.04,34959.87,7539.23,Compliant,ISO 9001,46.01,51162.59,81.91,1.13,0.45,Yes,45.49,41.44,65.16,Tier 3
S04291,Supplier_4291,Thailand,Electronics,58.76,290.97,60.32,8896.3,7328.2,,None,23.6,482659.18,78.94,4.1,0.29,No,24.16,11.31,4.53,
S04292,Supplier_4292,Vietnam,Automotive,47.78,4598.15,82.15,13616.97,6158.06,Non-Compliant,ISO 14001,18.26,172680.72,92.35,4.93,0.58,No,44.04,100.23,83.12,Tier 2
S04293,Supplier_4293,Singapore,Electronics,79.29,2906.96,60.4,36616.43,2419.4,Compliant,None,29.19,352426.71,78.1,2.64,0.76,Yes,38.02,60.11,37.87,
S04294,Supplier_4294,Singapore,Chemicals,N/A,3259.96,42.41,87991.03,2279.51,Partially Compliant,None,28.26,469325.32,98.07,4.89,0.72,No,14.2,66.18,152.24,Tier 2
S04295,Supplier_4295,Singapore,Plastics,78.62,3194.36,41.33,88523.47,8859.08,Non-Compliant,None,49.81,298418.15,83.99,3.19,0.7,,4.22,31.4,109.72,Tier 3
S04296,Supplier_4296,Thailand,Chemicals,47.39,4293.62,46.67,62375.77,8256.9,Non-Compliant,None,72.27,81657.53,87.44,0.53,0.47,No,46.64,90.85,145.61,Tier 3
S04297,Supplier_4297,Thailand,Automotive,61.89,1773.65,40.27,5994.73,6302.66,Partially Compliant,ISO 9001,18.07,409495.55,94.52,4.42,0.67,No,15.15,35.66,193.66,Tier 3
S04298,Supplier_4298,Vietnam,Textiles,84.01,2407.03,32.25,26583.54,6648.38,Compliant,ISO 9001,52.99,42540.75,86.12,1.08,0.98,No,14.65,12.55,174.12,Tier 2
S04299,Supplier_4299,Thailand,FMCG,41.11,490.39,84.93,17505.66,2116.43,Non-Compliant,None,17.24,409631.27,71.62,4.62,0.76,Yes,15.18,99.56,72.75,Tier 1
S04300,Supplier_4300,Singapore,Plastics,76.72,4472.49,100.7,94586.04,9334.21,Compliant,ISO 14001,47.47,241151.08,87.96,1.11,0.44,No,46.71,12.35,78.67,Tier 1
S04301,Supplier_4301,Indonesia,Automotive,58.65,3193.89,79.54,45918.88,3501.11,Non-Compliant,ISO 14001,85.07,195302.82,82.17,2.26,0.79,Yes,40.34,49.88,131.13,Tier 2
S04302,Supplier_4302,Indonesia,Electronics,46.28,552.12,92.56,81984.68,9506.82,Non-Compliant,None,41.7,294189.89,80.31,3.54,0.74,Yes,27.42,29.81,149.08,Tier 2
S04303,Supplier_4303,Thailand,Chemicals,58.65,4487.1,47.41,62524.71,1890.6,Partially Compliant,ISO 9001,63.71,493687.29,72.83,4.87,0.91,Yes,41.94,90.54,10.03,Tier 1
S04304,Supplier_4304,Singapore,Automotive,83.05,1316.29,80.68,42283.85,3881.3,Partially Compliant,None,74.07,439593.39,86.7,3.65,0.73,Yes,24.0,33.9,169.83,Tier 2
S04305,Supplier_4305,India,Automotive,91.48,2775.62,60.71,6210.85,5043.29,Partially Compliant,ISO 14001,20.15,31454.55,81.32,0.93,0.85,No,20.89,84.1,160.89,Tier 1
S04306,Supplier_4306,China,Automotive,88.11,2844.74,40.27,56446.45,5603.1,Partially Compliant,ISO 45001,65.98,419757.07,77.57,0.38,0.57,Yes,28.53,56.9,140.93,Tier 1
S04307,Supplier_4307,Thailand,Plastics,72.55,1510.74,70.08,99511.43,4443.49,Compliant,,23.3,3587.4,91.83,1.47,0.93,No,3.48,93.37,40.55,Tier 2
S04308,Supplier_4308,Malaysia,Metals,83.46,1204.41,94.53,77137.28,4958.61,Partially Compliant,ISO 9001,17.28,226883.67,81.05,0.2,0.88,No,11.75,66.8,81.9,Tier 2
S04309,Supplier_4309,China,Chemicals,69.97,913.48,46.12,83237.48,1019.97,Non-Compliant,None,73.19,430242.68,97.68,2.59,0.92,,28.67,10.96,15.37,Tier 2
S04310,Supplier_4310,China,Plastics,59.04,2208.49,91.75,101062.45,7036.12,Partially Compliant,ISO 9001,89.14,287317.7,101.73,3.51,0.43,Yes,10.94,100.17,134.94,Tier 3
S04311,Supplier_4311,China,Plastics,74.36,2697.79,77.65,22106.87,7613.96,Partially Compliant,ISO 9001,47.8,56848.22,87.29,3.29,0.59,Yes,49.16,28.63,77.91,Tier 1
S04312,Supplier_4312,Malaysia,FMCG,64.06,4022.86,63.05,92521.13,8022.19,Non-Compliant,ISO 45001,55.44,87526.45,81.3,0.84,0.62,No,25.07,95.95,92.14,Tier 1
S04313,Supplier_4313,India,Automotive,94.93,3869.03,33.01,45072.01,906.0,Compliant,ISO 9001,21.63,263703.64,72.3,2.74,0.48,Yes,6.61,14.97,126.85,Tier 1
S04314,Supplier_4314,Thailand,FMCG,44.76,3283.11,64.8,36415.95,3504.56,Non-Compliant,ISO 14001,35.15,84387.9,102.66,1.86,0.83,No,15.19,45.16,131.76,Tier 1
S04315,Supplier_4315,Malaysia,Textiles,95.78,4381.37,85.95,77502.89,6460.68,Non-Compliant,ISO 9001,47.9,51140.93,92.25,2.9,0.65,No,44.96,24.63,5.79,Tier 1
S04316,Supplier_4316,China,Chemicals,88.56,3040.25,31.59,6615.55,3856.84,Compliant,ISO 14001,57.28,140764.66,95.07,0.68,0.91,Yes,14.15,13.25,189.27,Tier 3
S04317,Supplier_4317,Vietnam,FMCG,82.53,1897.88,49.48,92203.95,711.27,Compliant,ISO 9001,60.68,31971.13,84.74,1.88,0.96,No,6.69,30.99,74.03,Tier 2
S04318,Supplier_4318,,Automotive,56.49,783.28,84.21,91558.44,3026.56,Non-Compliant,ISO 14001,67.29,89981.88,90.18,1.75,0.59,No,22.14,73.79,177.66,Tier 2
S04319,Supplier_4319,Malaysia,Textiles,74.37,3729.39,60.28,91291.48,5338.34,Compliant,ISO 9001,42.79,169145.61,80.31,4.87,0.73,No,3.14,36.49,109.29,Tier 2
S04320,Supplier_4320,India,FMCG,88.34,3985.2,56.08,99012.4,8974.31,Compliant,ISO 9001,47.73,113856.27,78.55,0.94,0.52,Yes,30.12,17.24,132.2,Tier 1
S04321,Supplier_4321,Vietnam,Plastics,89.42,3277.79,44.81,34141.42,6472.43,Partially Compliant,None,7.19,165737.54,82.11,2.72,0.9,Yes,31.64,14.41,42.96,Tier 2
S04322,Supplier_4322,China,Metals,66.05,4156.87,65.74,65028.99,5421.13,Compliant,ISO 9001,41.13,104506.06,73.29,2.38,0.66,Yes,26.83,22.26,35.63,Tier 1
S04323,Supplier_4323,Vietnam,Electronics,85.64,3724.43,79.31,5476.08,4002.28,Compliant,None,38.34,78123.05,88.06,3.47,0.88,,9.79,3.98,128.79,Tier 2
S04324,Supplier_4324,Thailand,Chemicals,53.59,4229.65,81.43,79832.26,8732.85,Partially Compliant,ISO 14001,9.48,42734.21,80.26,2.38,0.58,Yes,21.47,49.53,146.44,Tier 1
S04325,Supplier_4325,Thailand,Electronics,48.72,3685.64,45.92,50546.14,4401.98,Partially Compliant,ISO 45001,64.55,256711.82,95.52,0.58,0.99,Yes,42.18,15.41,111.98,Tier 3
S04326,Supplier_4326,Indonesia,Electronics,57.08,3006.17,57.76,42604.63,4512.58,Compliant,ISO 45001,80.75,128651.5,72.91,4.06,0.8,No,10.53,62.88,159.61,Tier 3
S04327,Supplier_4327,,Metals,95.17,3149.32,63.62,48264.42,8628.28,Partially Compliant,ISO 14001,72.38,299150.9,90.3,0.46,0.72,,1.6,56.8,0.48,Tier 3
S04328,Supplier_4328,Thailand,FMCG,84.32,4730.11,85.67,86406.48,7891.06,Non-Compliant,ISO 14001,39.43,268374.4,100.98,5.06,0.86,No,36.05,100.93,47.89,Tier 1
S04329,Supplier_4329,India,Textiles,88.39,1214.56,64.04,59769.75,346.97,Partially Compliant,,25.72,405041.24,89.93,2.85,0.33,No,6.21,43.99,57.97,Tier 1
S04330,Supplier_4330,Indonesia,Chemicals,76.3,706.72,65.48,14554.24,1641.17,Compliant,ISO 45001,41.82,149168.6,73.11,0.39,0.6,Yes,42.75,90.96,16.51,Tier 1
S04331,Supplier_4331,Indonesia,Chemicals,52.78,4248.97,96.06,43116.73,234.14,Non-Compliant,ISO 14001,57.33,49633.08,78.67,4.01,0.32,Yes,3.53,44.02,80.01,Tier 3
S04332,Supplier_4332,Singapore,Plastics,62.26,4390.81,85.52,63103.91,9012.3,Compliant,None,27.09,63991.74,91.71,1.66,0.69,Yes,4.98,70.57,27.93,Tier 3
S04333,Supplier_4333,China,Metals,46.94,2519.41,35.62,22293.3,7261.72,Compliant,None,92.97,324221.82,82.93,4.19,0.31,Yes,11.09,18.06,62.94,Tier 1
S04334,Supplier_4334,Thailand,Textiles,77.28,2184.44,58.29,37888.96,9831.99,Compliant,ISO 14001,20.77,214682.82,74.33,3.77,0.94,Yes,35.6,55.72,160.8,Tier 2
S04335,Supplier_4335,Indonesia,Textiles,98.0,1096.98,81.62,94700.17,7271.48,Partially Compliant,,29.21,504355.67,69.29,4.26,0.62,No,46.34,37.81,207.59,
S04336,Supplier_4336,Thailand,Electronics,62.07,493.55,73.51,93018.1,1666.53,Non-Compliant,ISO 45001,64.98,235507.97,93.96,4.5,0.43,Yes,38.34,38.37,44.51,Tier 1
S04337,Supplier_4337,China,Plastics,67.34,3764.44,69.87,68795.52,8108.66,Partially Compliant,ISO 9001,37.82,452011.33,94.37,3.67,0.31,Yes,13.13,32.52,186.44,Tier 3
S04338,Supplier_4338,Malaysia,Automotive,51.93,4930.66,44.74,59974.24,9590.42,Partially Compliant,None,39.25,66572.24,99.11,1.35,0.35,Yes,21.35,35.21,179.93,Tier 2
S04339,Supplier_4339,Thailand,FMCG,97.29,2509.05,79.73,14302.26,4377.64,Compliant,ISO 45001,82.19,270968.89,91.71,2.93,0.57,No,33.72,71.36,126.03,Tier 2
S04340,Supplier_4340,India,Textiles,79.92,4631.04,84.75,60680.22,1497.86,Partially Compliant,ISO 14001,63.45,203731.03,84.67,1.83,0.37,Yes,47.81,6.04,49.97,Tier 3
S04341,Supplier_4341,Indonesia,Electronics,50.81,2709.31,100.29,34333.71,4440.9,Non-Compliant,ISO 14001,66.24,84803.28,100.79,0.73,0.52,No,33.33,0.61,109.53,Tier 2
S04342,Supplier_4342,,Automotive,70.97,2166.98,75.77,75360.6,5339.11,Non-Compliant,None,72.62,236091.05,82.4,1.43,0.77,No,15.18,20.18,51.19,Tier 1
S04343,Supplier_4343,Singapore,Electronics,44.41,3228.62,61.38,76806.06,3146.74,,ISO 14001,47.35,171862.42,94.93,0.8,0.63,No,15.43,11.44,19.12,Tier 1
S04344,Supplier_4344,India,Automotive,76.98,2621.99,37.24,46210.4,9432.36,Non-Compliant,ISO 45001,30.28,85034.19,83.72,0.31,0.83,No,2.0,31.75,102.77,Tier 1
S04345,Supplier_4345,India,Plastics,64.79,2196.17,84.33,71158.25,3272.83,Partially Compliant,ISO 14001,64.91,68545.19,72.42,3.45,0.95,No,27.73,81.16,101.94,Tier 2
S04346,Supplier_4346,Singapore,FMCG,71.73,1587.74,59.7,40242.15,5155.73,Partially Compliant,ISO 9001,11.07,180211.95,85.94,1.54,0.57,No,46.25,14.81,118.09,Tier 3
S04347,Supplier_4347,Vietnam,Automotive,77.78,707.73,90.17,90449.12,10046.43,Non-Compliant,ISO 14001,46.58,448530.19,80.23,4.68,0.59,Yes,29.32,37.13,187.16,Tier 3
S04348,Supplier_4348,China,FMCG,64.87,2633.07,48.53,96390.42,3127.2,Partially Compliant,ISO 9001,41.48,245576.98,91.37,4.73,0.36,Yes,49.57,63.67,51.51,Tier 2
S04349,Supplier_4349,Indonesia,Chemicals,85.93,3209.54,33.28,13152.74,1580.85,Non-Compliant,ISO 14001,20.72,447941.83,97.51,1.92,0.68,Yes,26.47,71.89,89.24,Tier 2
S04350,Supplier_4350,India,Metals,55.59,4983.01,73.89,86530.1,8818.78,Non-Compliant,ISO 9001,81.12,18509.17,81.29,1.54,0.79,No,6.76,36.24,154.59,Tier 3
S04351,Supplier_4351,China,FMCG,61.86,1337.97,65.0,75387.59,3751.41,,ISO 9001,94.38,93467.27,78.82,3.35,0.92,Yes,23.59,82.52,90.92,Tier 1
S04352,Supplier_4352,Indonesia,Textiles,59.21,N/A,40.43,53874.31,5966.24,Non-Compliant,ISO 14001,56.47,454286.78,72.85,4.16,0.74,Yes,7.47,9.62,193.81,Tier 2
S04353,Supplier_4353,India,Chemicals,41.99,1112.5,65.27,20462.18,6757.9,Compliant,None,40.15,97131.61,95.65,2.4,0.84,No,45.54,73.51,43.35,Tier 1
S04354,Supplier_4354,Vietnam,Automotive,60.74,1006.57,73.16,46025.05,3195.62,Partially Compliant,,15.53,37183.97,90.0,3.33,0.42,Yes,45.98,98.15,90.06,Tier 1
S04355,Supplier_4355,India,Automotive,92.82,4008.04,91.65,80273.8,8748.05,Non-Compliant,ISO 9001,54.63,402380.48,87.37,1.8,0.37,No,51.45,70.66,91.21,Tier 3
S04356,Supplier_4356,India,Textiles,87.07,3984.13,49.42,55264.64,2491.58,Non-Compliant,None,25.37,191804.39,85.02,2.89,0.47,Yes,36.5,33.84,123.48,
S04357,Supplier_4357,China,Plastics,96.11,3618.44,93.98,58371.81,3812.76,Non-Compliant,None,90.28,402410.72,72.81,4.01,0.75,Yes,1.18,45.95,1.49,Tier 1
S04358,Supplier_4358,India,Textiles,45.21,3240.25,63.34,29884.04,1030.56,Non-Compliant,ISO 45001,73.75,167698.98,76.62,0.48,0.39,Yes,10.19,94.99,79.82,Tier 2
S04359,Supplier_4359,China,Metals,66.09,3725.32,63.4,89915.15,8200.26,Partially Compliant,ISO 14001,78.42,285426.83,74.51,1.83,0.73,Yes,20.65,93.78,173.55,Tier 2
S04360,Supplier_4360,Vietnam,Electronics,56.09,300.9,61.44,67303.5,9884.37,Non-Compliant,ISO 45001,35.52,207921.0,89.47,0.3,0.86,Yes,13.16,43.28,28.02,Tier 3
S04361,Supplier_4361,Indonesia,FMCG,93.65,700.92,81.51,5866.63,3631.29,Compliant,ISO 14001,81.28,182797.27,86.42,1.76,0.62,Yes,20.57,17.79,138.25,Tier 1
S04362,Supplier_4362,India,Textiles,96.88,1571.62,37.59,68565.93,6749.12,Compliant,None,53.95,289730.33,69.33,2.32,0.47,No,38.03,67.45,49.18,Tier 1
S04363,Supplier_4363,China,Chemicals,39.7,2417.81,84.44,69645.98,8920.34,Partially Compliant,ISO 45001,75.72,127108.4,73.78,0.21,0.64,Yes,34.83,71.67,76.48,Tier 2
S04364,Supplier_4364,Singapore,FMCG,39.99,3563.61,31.78,83037.44,373.8,Partially Compliant,None,10.83,34838.67,91.41,5.02,0.55,Yes,43.18,43.83,130.47,Tier 2
S04365,Supplier_4365,China,Automotive,52.05,N/A,75.4,84901.0,6310.04,Non-Compliant,None,59.77,342934.96,90.46,4.26,0.91,Yes,36.51,87.81,123.83,Tier 3
S04366,Supplier_4366,Thailand,Metals,89.75,3731.74,41.07,59840.95,1799.38,Compliant,,92.03,72398.65,86.71,1.59,0.85,No,32.48,13.04,114.78,Tier 2
S04367,Supplier_4367,India,Textiles,77.05,781.49,99.5,11676.72,1536.76,Partially Compliant,ISO 9001,20.88,116076.84,85.14,0.99,0.93,Yes,16.26,52.67,88.39,Tier 2
S04368,Supplier_4368,Vietnam,FMCG,70.13,1784.83,63.45,51367.29,281.62,Non-Compliant,ISO 9001,37.99,231404.53,85.06,2.44,0.53,Yes,9.21,87.21,103.57,Tier 2
S04369,Supplier_4369,Malaysia,Metals,63.53,3486.52,44.51,80477.53,5024.86,Partially Compliant,None,41.83,94442.21,92.62,4.96,0.73,Yes,2.04,47.34,109.28,Tier 1
S04370,Supplier_4370,China,Textiles,89.39,1047.78,66.97,80870.45,6975.27,Partially Compliant,ISO 9001,63.95,347634.98,93.75,4.76,0.54,No,36.13,55.78,169.39,Tier 3
S04371,Supplier_4371,Singapore,Automotive,66.53,1903.4,92.51,56691.39,6287.33,Partially Compliant,ISO 14001,49.28,469836.55,87.27,2.31,0.93,Yes,8.72,11.21,189.81,Tier 3
S04372,Supplier_4372,Malaysia,Chemicals,80.24,3265.37,35.37,34261.4,7265.86,Non-Compliant,None,85.44,277292.51,87.61,3.2,0.46,Yes,8.12,77.22,183.15,Tier 3
S04373,Supplier_4373,Thailand,Plastics,43.06,999.19,44.65,1636.26,9639.85,Compliant,None,34.68,324530.03,90.96,4.52,0.39,Yes,45.29,51.89,179.77,Tier 2
S04374,Supplier_4374,Indonesia,Chemicals,39.67,3139.74,70.36,72647.97,7594.43,Compliant,,15.64,455441.36,75.54,3.49,0.38,Yes,42.69,42.29,50.89,Tier 2
S04375,Supplier_4375,Thailand,Metals,50.54,863.83,67.12,42556.97,9019.34,Partially Compliant,ISO 9001,61.14,512451.75,92.57,3.82,0.69,Yes,46.11,64.59,52.23,Tier 3
S04376,Supplier_4376,Malaysia,FMCG,43.01,2782.02,74.19,81726.82,9708.74,Partially Compliant,None,29.89,238205.21,78.68,4.62,0.69,Yes,14.04,12.63,137.72,Tier 1
S04377,Supplier_4377,Indonesia,Plastics,54.16,4940.46,84.37,28595.79,296.64,,ISO 9001,17.95,287187.43,81.72,0.57,0.87,,27.27,95.83,70.16,Tier 1
S04378,Supplier_4378,Vietnam,Automotive,80.12,1154.9,89.17,50996.21,2334.28,Partially Compliant,ISO 14001,42.31,14051.22,96.83,0.42,0.37,Yes,0.61,55.21,122.05,Tier 3
S04379,Supplier_4379,Thailand,FMCG,51.13,1296.08,79.58,44282.48,9272.15,Non-Compliant,None,11.12,182928.73,95.09,3.59,0.52,Yes,3.15,36.69,113.83,Tier 2
S04380,Supplier_4380,Vietnam,Plastics,73.43,2453.18,61.72,97163.97,2796.29,Partially Compliant,ISO 14001,11.76,304880.48,91.81,1.79,0.32,Yes,2.31,1.81,132.29,Tier 2
S04381,Supplier_4381,Vietnam,,39.91,3887.44,78.55,22313.3,7884.44,Partially Compliant,ISO 45001,11.79,461467.74,82.72,1.79,0.3,Yes,26.58,12.22,88.18,Tier 1
S04382,Supplier_4382,Malaysia,Electronics,62.63,4663.12,46.54,50715.39,8556.63,Partially Compliant,ISO 45001,67.08,367863.86,78.15,4.45,0.59,No,6.86,37.64,103.02,Tier 2
S04383,Supplier_4383,China,Metals,91.18,1676.97,90.48,80161.49,3844.0,Compliant,ISO 9001,75.94,442809.01,90.68,3.11,0.97,Yes,33.54,96.66,110.97,Tier 2
S04384,Supplier_4384,Vietnam,Plastics,73.22,1445.12,63.56,42571.12,7043.72,Compliant,ISO 9001,21.35,488552.34,101.6,2.32,0.78,Yes,44.05,37.93,127.62,Tier 3
S04385,Supplier_4385,Thailand,FMCG,81.24,2700.64,83.49,81319.71,3056.0,Compliant,ISO 14001,18.39,85434.73,80.66,3.6,0.88,,36.95,10.39,80.25,Tier 3
S04386,Supplier_4386,China,Automotive,74.78,4396.54,35.41,17897.69,9297.35,Non-Compliant,None,93.07,417986.87,81.38,0.66,0.52,No,7.22,17.49,31.94,Tier 1
S04387,Supplier_4387,Indonesia,Chemicals,81.78,1411.07,77.15,18329.96,242.47,Partially Compliant,ISO 9001,48.4,172238.83,68.9,4.76,0.98,Yes,36.62,97.96,70.01,Tier 1
S04388,Supplier_4388,,Electronics,58.58,1403.54,52.47,57249.85,4173.2,Partially Compliant,ISO 9001,17.42,350766.96,75.02,1.5,0.45,No,27.01,46.29,137.59,Tier 1
S04389,Supplier_4389,China,Electronics,52.81,3029.44,85.55,99032.03,9568.49,Compliant,ISO 14001,56.09,268841.98,78.5,1.95,0.96,No,12.71,14.1,162.24,Tier 2
S04390,Supplier_4390,,FMCG,86.96,4503.08,64.06,12520.88,536.38,,None,54.09,408097.88,88.47,4.58,0.87,Yes,8.55,52.51,167.19,Tier 1
S04391,Supplier_4391,India,FMCG,63.98,3924.73,47.95,4742.82,4600.56,Non-Compliant,,48.23,264051.92,81.26,0.25,0.37,No,7.61,54.6,32.55,Tier 2
S04392,Supplier_4392,Thailand,Automotive,46.59,N/A,52.6,2796.35,1067.8,,ISO 45001,30.0,97070.4,78.94,4.14,0.59,No,22.76,77.81,145.69,Tier 1
S04393,Supplier_4393,Thailand,Plastics,90.08,1878.91,40.15,10940.53,1994.36,Partially Compliant,ISO 9001,5.03,145585.79,82.09,0.7,0.56,Yes,17.0,22.2,141.65,Tier 1
S04394,Supplier_4394,,Chemicals,50.01,2941.59,97.89,26495.57,7841.1,Partially Compliant,None,59.16,373736.58,81.93,3.92,0.98,Yes,14.37,60.34,1.16,Tier 3
S04395,Supplier_4395,Vietnam,Textiles,93.77,3136.83,53.41,8530.6,8023.88,Compliant,ISO 14001,51.46,451727.98,69.85,1.72,0.53,Yes,17.65,6.46,189.41,Tier 3
S04396,Supplier_4396,Malaysia,,74.73,1884.97,51.11,70698.97,3084.33,Partially Compliant,ISO 14001,25.23,6028.91,98.07,0.63,0.67,No,1.4,21.94,50.71,
S04397,Supplier_4397,Indonesia,,84.27,3334.34,75.09,90655.65,7798.65,Non-Compliant,None,55.7,90002.47,96.74,1.91,0.97,No,4.25,98.14,75.67,Tier 3
S04398,Supplier_4398,Vietnam,FMCG,N/A,3169.95,85.48,78458.47,5411.42,Non-Compliant,ISO 9001,23.72,223692.67,79.87,4.27,0.71,No,42.12,95.51,198.14,Tier 3
S04399,Supplier_4399,Malaysia,Textiles,81.1,842.06,48.94,58415.44,9131.2,Partially Compliant,None,81.72,183790.31,79.54,2.87,0.56,Yes,23.96,5.64,99.58,Tier 1
S04400,Supplier_4400,Singapore,,92.29,320.91,90.2,35149.47,325.48,Partially Compliant,ISO 9001,85.7,42138.68,90.83,4.55,0.99,No,37.8,69.07,29.17,Tier 3
S04401,Supplier_4401,Vietnam,Automotive,70.42,2152.34,97.62,30007.62,9274.83,,None,67.34,327816.32,93.41,4.53,0.89,,39.31,32.98,30.82,Tier 3
S04402,Supplier_4402,Singapore,Chemicals,63.01,4028.19,74.59,38733.44,3056.17,Compliant,ISO 9001,17.07,203586.22,74.5,4.12,0.4,No,15.14,90.32,101.27,Tier 2
S04403,Supplier_4403,Thailand,Chemicals,55.65,4488.2,72.18,17658.24,7889.4,Partially Compliant,ISO 45001,15.67,271132.27,94.6,1.12,0.94,Yes,14.88,78.81,127.42,Tier 2
S04404,Supplier_4404,Singapore,Chemicals,91.92,N/A,57.04,84590.21,3438.24,Partially Compliant,ISO 45001,82.36,148857.71,81.75,1.14,0.65,No,6.86,78.52,5.73,Tier 2
S04405,Supplier_4405,Singapore,Textiles,44.45,5203.09,38.49,98621.96,7525.88,Partially Compliant,ISO 14001,83.69,27731.71,80.75,1.69,0.79,No,13.68,3.57,53.23,Tier 3
S04406,Supplier_4406,Indonesia,Automotive,77.52,3488.37,67.99,43015.29,5139.34,Non-Compliant,ISO 9001,13.22,387951.11,72.31,4.83,0.84,No,41.98,43.29,79.99,
S04407,Supplier_4407,India,Electronics,51.56,220.56,N/A,99660.22,6297.01,Non-Compliant,ISO 14001,64.28,377663.44,68.22,0.69,0.37,Yes,11.42,85.45,144.18,Tier 1
S04408,Supplier_4408,Malaysia,Automotive,64.3,4324.6,49.69,10967.58,855.53,Partially Compliant,None,20.01,15161.12,74.65,4.26,0.4,No,21.01,71.84,120.93,Tier 2
S04409,Supplier_4409,India,Textiles,52.36,1492.2,78.75,13934.37,2241.71,Partially Compliant,ISO 14001,16.32,89985.67,95.53,1.42,0.33,Yes,45.22,54.12,49.65,Tier 3
S04410,Supplier_4410,Malaysia,FMCG,50.27,1641.48,50.0,85343.81,7909.05,Non-Compliant,ISO 45001,51.75,251709.51,74.14,1.65,0.66,Yes,20.79,65.42,13.03,Tier 3
S04411,Supplier_4411,Thailand,FMCG,90.42,2055.58,79.06,74372.3,8720.78,Partially Compliant,ISO 9001,6.63,302798.19,75.75,0.19,0.39,No,30.43,50.82,83.26,Tier 3
S04412,Supplier_4412,,Metals,N/A,1257.05,82.54,74175.26,2600.43,Non-Compliant,None,18.65,274340.61,81.04,4.9,0.47,No,3.3,90.72,41.36,Tier 3
S04413,Supplier_4413,Malaysia,FMCG,78.16,1899.28,72.46,41763.5,7862.39,Compliant,ISO 14001,57.09,271329.17,95.98,2.4,0.84,,21.93,71.88,151.58,Tier 1
S04414,Supplier_4414,Thailand,FMCG,81.4,2987.89,68.25,25179.27,2506.91,Partially Compliant,ISO 14001,55.54,57128.96,95.71,0.24,0.32,Yes,9.62,8.94,155.34,Tier 2
S04415,Supplier_4415,India,Electronics,89.53,581.2,42.48,34477.89,9112.64,Partially Compliant,ISO 45001,40.79,6866.04,71.81,3.09,0.68,No,19.93,97.9,71.17,Tier 3
S04416,Supplier_4416,Indonesia,Automotive,89.27,3804.52,53.25,53585.68,5580.6,Non-Compliant,None,69.44,169557.08,84.14,2.92,0.45,No,18.55,78.56,183.26,Tier 1
S04417,Supplier_4417,China,Metals,57.35,912.64,53.18,53350.3,8237.0,Non-Compliant,None,6.09,3917.26,94.61,4.23,0.95,Yes,0.74,83.7,53.27,Tier 2
S04418,Supplier_4418,,Electronics,72.62,3145.49,N/A,67042.34,5123.35,Non-Compliant,None,74.29,469293.04,88.83,3.12,0.81,Yes,14.02,97.89,63.7,Tier 2
S04419,Supplier_4419,India,Textiles,41.78,1576.26,62.71,31957.34,8161.62,Non-Compliant,ISO 14001,76.69,217796.7,96.25,2.71,0.64,No,38.43,84.08,138.36,Tier 1
S04420,Supplier_4420,Singapore,Textiles,89.82,2526.11,65.37,19578.45,4635.12,Partially Compliant,ISO 45001,22.24,266953.08,94.34,4.65,0.95,Yes,47.59,33.58,168.92,Tier 1
S04421,Supplier_4421,China,Textiles,95.95,1502.17,53.8,35976.57,9835.65,Non-Compliant,None,51.67,302579.34,75.55,1.68,0.43,No,5.39,66.29,15.62,Tier 2
S04422,Supplier_4422,India,Electronics,89.08,1112.12,67.97,21889.68,5442.56,Compliant,ISO 45001,11.96,291516.53,75.71,1.11,0.94,No,30.62,67.24,83.55,Tier 2
S04423,Supplier_4423,Vietnam,Textiles,78.38,3405.45,43.03,46058.33,8747.45,,None,21.39,72257.33,97.61,0.9,0.64,Yes,17.61,27.34,65.65,Tier 3
S04424,Supplier_4424,China,Textiles,83.75,4536.93,52.21,7745.19,9154.06,Partially Compliant,None,67.75,335082.76,96.6,0.34,0.36,Yes,45.08,21.73,135.77,Tier 2
S04425,Supplier_4425,India,FMCG,N/A,1272.07,68.55,55783.21,7933.3,Non-Compliant,None,33.47,283564.5,72.73,3.54,0.47,Yes,51.63,88.01,115.9,Tier 3
S04426,Supplier_4426,India,Metals,89.51,2861.22,55.12,43103.06,3147.58,Non-Compliant,None,66.36,318076.79,91.05,4.68,0.62,No,44.61,59.69,125.42,Tier 3
S04427,Supplier_4427,Malaysia,Textiles,47.41,1765.8,76.72,54841.35,6679.81,Non-Compliant,ISO 45001,68.88,31605.26,73.47,3.97,0.49,,23.11,90.43,53.68,Tier 3
S04428,Supplier_4428,Indonesia,Electronics,62.9,1558.67,74.65,9848.07,3270.26,Partially Compliant,,5.26,232782.95,70.55,1.14,0.7,Yes,20.77,78.23,10.91,
S04429,Supplier_4429,Indonesia,Textiles,51.16,3272.16,73.22,21300.43,9497.74,,ISO 9001,36.16,208341.0,68.81,4.15,0.87,No,39.21,97.92,137.86,Tier 1
S04430,Supplier_4430,Thailand,Chemicals,56.92,2021.83,37.04,76654.04,1418.97,Partially Compliant,ISO 45001,24.27,429994.47,98.21,2.76,0.55,No,37.42,29.96,200.19,Tier 1
S04431,Supplier_4431,China,Plastics,55.55,1427.31,35.99,22289.36,2549.64,Partially Compliant,ISO 14001,55.99,64067.91,85.12,3.0,0.36,No,13.91,91.87,147.21,Tier 1
S04432,Supplier_4432,Indonesia,Automotive,41.71,1388.92,64.65,4628.49,9582.14,Partially Compliant,ISO 9001,39.34,47635.14,75.74,2.38,0.84,No,4.24,90.36,173.76,Tier 1
S04433,Supplier_4433,Vietnam,Chemicals,78.48,2859.86,98.84,42697.48,6691.31,Non-Compliant,ISO 45001,33.31,80928.5,80.66,2.21,0.96,No,1.46,93.16,97.87,Tier 3
S04434,Supplier_4434,Singapore,Automotive,54.5,2129.62,93.53,75791.38,645.08,Partially Compliant,ISO 45001,26.72,61566.23,76.64,0.43,0.36,Yes,16.23,12.6,180.48,Tier 1
S04435,Supplier_4435,Singapore,FMCG,44.85,4355.4,92.32,68213.0,6715.45,Compliant,ISO 9001,63.29,382801.18,86.19,3.74,0.31,Yes,38.78,1.36,130.11,Tier 3
S04436,Supplier_4436,Malaysia,Electronics,40.64,4444.68,93.41,63353.18,7186.22,Non-Compliant,ISO 14001,86.99,35334.84,93.53,2.37,0.78,No,40.4,79.66,65.04,Tier 1
S04437,Supplier_4437,Singapore,Chemicals,75.23,2920.2,81.33,2461.97,9258.77,Partially Compliant,ISO 14001,80.6,369001.17,86.21,1.83,0.51,No,13.71,2.84,86.9,Tier 2
S04438,Supplier_4438,Malaysia,Chemicals,92.5,3676.23,33.96,71430.11,8224.08,Compliant,ISO 9001,6.32,252446.22,83.73,0.9,0.78,No,6.54,99.28,164.02,Tier 3
S04439,Supplier_4439,Vietnam,,48.02,2633.91,89.91,95867.68,117.32,Compliant,ISO 9001,74.82,61702.41,68.97,3.61,0.53,Yes,12.38,13.46,102.59,Tier 2
S04440,Supplier_4440,Indonesia,Textiles,54.02,2281.26,38.6,19327.5,8845.84,Non-Compliant,ISO 9001,55.8,122944.79,98.5,3.2,0.36,Yes,21.92,10.95,146.55,Tier 3
S04441,Supplier_4441,India,Electronics,39.91,2096.53,38.9,28205.91,5946.26,,ISO 14001,37.21,146477.91,89.36,2.08,0.86,Yes,14.83,69.67,158.14,Tier 2
S04442,Supplier_4442,Vietnam,Automotive,73.39,4545.21,81.33,87814.25,4309.66,Compliant,ISO 14001,47.76,234407.76,90.73,0.8,0.58,Yes,37.27,57.43,122.41,Tier 1
S04443,Supplier_4443,China,Electronics,87.88,3759.4,31.64,52709.83,738.53,Compliant,ISO 14001,17.81,17540.82,74.78,2.21,0.44,No,17.18,72.51,134.97,Tier 3
S04444,Supplier_4444,Vietnam,Metals,60.65,4465.37,103.58,34364.15,690.84,Partially Compliant,ISO 9001,74.46,151878.9,73.99,0.69,0.32,Yes,10.79,7.91,86.46,Tier 1
S04445,Supplier_4445,Indonesia,Electronics,87.99,4316.19,51.11,13682.13,966.18,Partially Compliant,None,70.47,72104.81,73.46,1.43,0.88,No,41.98,93.49,3.19,Tier 3
S04446,Supplier_4446,India,,56.63,2310.49,58.49,100365.98,1201.28,Partially Compliant,ISO 9001,28.03,113614.15,76.89,4.21,0.89,Yes,16.97,86.81,37.51,Tier 2
S04447,Supplier_4447,Thailand,Chemicals,67.67,3210.15,51.98,74552.81,6347.75,Partially Compliant,None,66.66,112742.12,77.78,4.63,0.52,No,12.9,26.54,70.47,Tier 3
S04448,Supplier_4448,Thailand,Chemicals,57.48,3442.02,81.95,2493.66,9091.02,Compliant,None,30.13,364925.47,81.08,1.58,0.45,No,46.49,58.91,164.12,Tier 2
S04449,Supplier_4449,Vietnam,Electronics,76.07,1472.34,36.4,71895.41,9338.03,Compliant,ISO 9001,34.23,98076.83,83.89,0.62,0.54,Yes,15.96,93.6,48.95,Tier 3
S04450,Supplier_4450,China,Chemicals,46.15,1122.17,70.9,38932.75,406.82,Compliant,None,10.91,77108.27,94.26,3.22,0.78,Yes,7.2,17.82,204.83,Tier 2
S04451,Supplier_4451,Indonesia,Automotive,59.54,115.81,77.18,16532.21,3378.79,Partially Compliant,ISO 14001,21.9,267731.44,80.64,4.04,0.9,No,26.51,23.51,72.62,Tier 2
S04452,Supplier_4452,Singapore,Textiles,N/A,2024.57,78.16,21912.44,4768.62,Non-Compliant,None,10.31,6242.43,74.65,2.09,0.48,Yes,47.55,69.19,35.19,Tier 1
S04453,Supplier_4453,Singapore,Chemicals,40.52,2665.14,74.11,64082.68,8263.9,Partially Compliant,None,77.39,285641.51,73.32,2.75,0.6,Yes,8.08,21.43,136.1,Tier 1
S04454,Supplier_4454,Thailand,Chemicals,87.52,4990.9,73.2,79926.88,5004.0,Partially Compliant,ISO 9001,45.38,71753.78,97.16,2.2,0.56,Yes,34.64,51.25,93.18,Tier 2
S04455,Supplier_4455,Singapore,Textiles,66.53,3606.43,41.35,6166.1,6465.74,Partially Compliant,None,40.18,379426.96,68.17,1.65,0.8,No,24.12,92.48,101.16,Tier 1
S04456,Supplier_4456,Malaysia,Automotive,66.0,1927.01,77.93,39690.7,5329.8,Compliant,ISO 9001,54.2,256423.3,82.43,4.6,0.6,No,41.52,2.89,175.6,Tier 1
S04457,Supplier_4457,India,Chemicals,96.36,1924.36,59.94,69310.71,9987.58,Non-Compliant,None,61.08,239134.18,81.84,4.3,0.42,No,46.22,79.36,20.13,Tier 2
S04458,Supplier_4458,China,Metals,78.12,1974.11,30.93,66649.29,1635.79,Partially Compliant,ISO 14001,77.92,181533.9,84.59,3.18,0.81,No,37.37,50.15,117.56,Tier 1
S04459,Supplier_4459,Indonesia,Automotive,61.36,1399.64,63.45,29925.65,7878.3,Non-Compliant,ISO 14001,81.26,20349.84,72.71,0.32,0.84,No,8.66,36.53,177.09,Tier 2
S04460,Supplier_4460,Malaysia,Electronics,70.55,407.76,52.08,72118.19,3586.55,Partially Compliant,None,40.59,161911.8,70.82,1.92,0.65,No,36.41,40.51,1.02,Tier 3
S04461,Supplier_4461,Malaysia,Electronics,62.33,2319.86,52.82,94217.45,3554.12,Compliant,ISO 45001,59.68,110078.16,80.28,0.5,0.68,,32.84,72.57,25.44,Tier 1
S04462,Supplier_4462,India,,74.03,2862.82,61.67,73477.35,7414.21,Non-Compliant,ISO 45001,6.77,234721.22,94.32,3.11,0.94,Yes,28.2,8.0,167.88,Tier 2
S04463,Supplier_4463,Singapore,Textiles,52.99,3882.57,63.58,49009.27,2795.79,Non-Compliant,ISO 45001,39.95,452659.85,89.71,4.32,0.91,No,13.65,42.56,194.89,Tier 1
S04464,Supplier_4464,Thailand,Chemicals,80.63,2509.07,72.46,27538.8,3075.42,Partially Compliant,None,60.77,162209.84,93.38,2.88,0.56,No,21.76,98.78,108.31,Tier 2
S04465,Supplier_4465,Indonesia,Textiles,N/A,4465.51,47.32,51095.94,7667.31,Partially Compliant,ISO 9001,70.79,440875.05,98.43,2.3,0.69,Yes,17.16,102.42,33.53,Tier 1
S04466,Supplier_4466,China,Plastics,65.27,841.03,99.92,53962.66,6473.37,Non-Compliant,ISO 45001,84.04,419756.56,77.15,0.45,0.34,No,4.94,35.67,158.17,Tier 3
S04467,Supplier_4467,India,FMCG,68.89,2955.52,36.2,1081.93,3561.12,Non-Compliant,ISO 14001,82.34,464461.36,99.7,3.7,0.91,Yes,12.94,20.76,53.21,Tier 2
S04468,Supplier_4468,India,Metals,53.4,N/A,99.63,62749.93,5939.8,Partially Compliant,ISO 9001,8.43,9490.87,82.74,3.19,0.99,No,14.33,64.54,126.72,Tier 1
S04469,Supplier_4469,China,Metals,82.87,2456.11,62.76,3716.05,7686.41,Partially Compliant,ISO 9001,71.82,328805.19,73.99,2.92,0.51,No,3.45,42.33,177.86,Tier 2
S04470,Supplier_4470,Indonesia,Chemicals,41.64,2556.01,50.7,96213.18,6775.29,Compliant,ISO 45001,26.53,313833.82,78.03,0.58,0.71,,44.17,40.36,76.57,Tier 3
S04471,Supplier_4471,Indonesia,Chemicals,74.22,619.38,84.88,78015.63,8465.36,Non-Compliant,ISO 14001,68.23,413282.78,88.21,4.09,0.57,Yes,11.77,33.45,158.51,
S04472,Supplier_4472,Vietnam,FMCG,65.35,3608.15,40.14,13283.01,760.25,Partially Compliant,ISO 9001,76.76,78207.54,77.26,3.4,0.7,No,2.48,12.83,145.95,Tier 3
S04473,Supplier_4473,Singapore,FMCG,67.08,2470.14,85.93,100407.13,8637.97,Partially Compliant,ISO 14001,56.66,300850.84,96.3,3.25,0.99,,26.35,75.61,79.64,Tier 2
S04474,Supplier_4474,India,Electronics,44.07,2785.56,34.09,69423.22,5032.63,Partially Compliant,ISO 9001,23.9,52803.88,80.48,2.59,0.73,,3.71,83.46,84.04,Tier 3
S04475,Supplier_4475,Thailand,Metals,71.96,600.45,48.81,32147.48,5440.45,Compliant,ISO 45001,30.94,439657.95,92.21,3.36,0.5,No,2.46,13.85,91.52,Tier 3
S04476,Supplier_4476,Vietnam,Chemicals,N/A,3099.67,37.74,36763.34,8060.33,Compliant,,75.22,195668.66,92.82,2.69,0.48,Yes,31.87,39.08,1.92,Tier 1
S04477,Supplier_4477,India,Automotive,90.99,2434.46,84.71,21652.58,3514.26,Non-Compliant,ISO 45001,44.52,401471.69,74.17,3.83,0.93,Yes,24.5,82.92,109.62,Tier 1
S04478,Supplier_4478,Singapore,Automotive,56.42,2831.78,93.03,43365.67,6182.72,Compliant,ISO 9001,72.62,125364.94,82.39,4.78,0.49,Yes,7.2,30.29,21.38,Tier 2
S04479,Supplier_4479,Vietnam,Metals,65.61,4374.72,54.74,1383.2,1727.11,Non-Compliant,ISO 14001,46.0,425916.02,92.57,2.63,0.47,No,15.68,46.34,71.19,Tier 1
S04480,Supplier_4480,Thailand,Plastics,63.54,743.71,74.37,51670.09,4388.77,Partially Compliant,ISO 9001,57.46,298130.33,92.75,2.15,0.58,No,42.55,53.48,2.48,Tier 2
S04481,Supplier_4481,China,Automotive,72.32,3704.2,62.85,56717.29,9315.84,Non-Compliant,ISO 14001,62.51,341904.85,87.95,0.45,0.81,No,3.18,51.9,11.18,Tier 2
S04482,Supplier_4482,Vietnam,FMCG,73.39,3677.59,49.81,67957.93,7777.52,Non-Compliant,ISO 9001,31.35,146007.88,98.64,2.23,0.56,No,12.82,23.45,88.54,Tier 3
S04483,Supplier_4483,Indonesia,Textiles,60.59,1820.88,72.86,24532.4,1572.04,Non-Compliant,None,71.53,458038.53,77.02,4.59,0.89,Yes,23.82,84.24,36.84,Tier 2
S04484,Supplier_4484,Malaysia,Plastics,40.02,3285.87,69.47,80754.96,9532.5,Non-Compliant,ISO 9001,47.5,437331.0,77.82,3.91,0.91,Yes,41.32,72.54,92.96,Tier 1
S04485,Supplier_4485,Thailand,Automotive,69.37,1704.9,31.56,18036.36,3326.37,Non-Compliant,ISO 9001,59.65,109674.09,73.07,4.64,0.92,Yes,14.34,83.95,163.6,Tier 3
S04486,Supplier_4486,India,Electronics,65.88,850.68,54.48,78054.32,1121.74,Partially Compliant,ISO 9001,6.95,61561.2,73.26,0.19,0.33,Yes,38.51,23.8,152.79,Tier 2
S04487,Supplier_4487,,,79.27,3302.58,89.88,94239.99,6891.73,Non-Compliant,ISO 45001,27.73,229423.27,91.51,0.51,0.33,No,10.43,44.72,3.69,Tier 2
S04488,Supplier_4488,Vietnam,Electronics,61.96,230.41,79.68,6290.07,4856.2,Compliant,ISO 45001,7.97,61508.67,95.23,4.4,0.4,No,20.38,70.55,131.84,Tier 1
S04489,Supplier_4489,Malaysia,Metals,77.03,445.61,58.89,25774.03,8717.55,Non-Compliant,ISO 9001,54.12,312951.68,88.45,3.48,0.74,Yes,42.67,94.97,44.04,Tier 2
S04490,Supplier_4490,Vietnam,FMCG,52.49,3178.43,98.15,20077.1,2842.2,Non-Compliant,ISO 45001,61.48,439852.49,85.66,0.87,0.44,Yes,10.98,38.71,198.73,Tier 3
S04491,Supplier_4491,Indonesia,Electronics,90.42,2287.97,67.93,83756.2,7835.18,Non-Compliant,None,52.07,390115.68,79.18,2.15,0.5,No,38.67,82.12,65.42,Tier 3
S04492,Supplier_4492,Vietnam,,46.19,1071.27,32.55,11908.47,1037.75,Compliant,ISO 9001,10.41,103662.84,88.02,2.58,0.62,Yes,16.49,3.34,86.26,Tier 3
S04493,Supplier_4493,Thailand,FMCG,77.54,4029.17,58.67,66174.98,5290.9,Non-Compliant,ISO 45001,24.4,222349.54,74.75,0.94,0.82,No,17.98,94.74,72.12,Tier 1
S04494,Supplier_4494,Singapore,Automotive,84.18,4946.09,29.66,82341.04,7494.74,Non-Compliant,None,42.32,16745.99,92.24,4.6,0.34,Yes,25.93,61.84,4.59,Tier 2
S04495,Supplier_4495,Vietnam,FMCG,61.08,189.4,93.29,82904.65,4760.7,Partially Compliant,ISO 9001,54.54,47425.53,92.05,1.7,0.61,Yes,43.79,4.29,59.2,Tier 2
S04496,Supplier_4496,Malaysia,Automotive,58.45,3117.73,46.81,15626.53,7676.38,,ISO 14001,69.39,458707.13,90.43,2.27,0.85,Yes,30.14,75.86,6.54,Tier 1
S04497,Supplier_4497,China,FMCG,89.65,584.54,81.95,19563.86,6949.25,Compliant,ISO 9001,71.39,314142.96,79.45,0.18,0.7,No,11.66,47.18,74.81,Tier 1
S04498,Supplier_4498,Vietnam,Chemicals,82.92,3597.79,93.42,70214.47,5327.69,Non-Compliant,ISO 9001,36.32,374891.39,96.22,0.49,0.53,No,23.88,65.21,58.21,Tier 2
S04499,Supplier_4499,India,Electronics,51.25,1369.05,96.34,91292.52,7421.17,Compliant,ISO 45001,10.67,70956.71,68.98,1.67,0.78,Yes,23.4,46.4,180.89,Tier 2
S04500,Supplier_4500,Singapore,Metals,63.12,762.14,57.49,1343.98,2094.82,Compliant,ISO 14001,65.6,200761.7,86.26,2.41,0.95,No,19.82,72.3,148.51,Tier 3
S04501,Supplier_4501,Thailand,Plastics,59.45,1039.63,37.87,91079.94,4479.06,Partially Compliant,ISO 9001,25.16,82920.04,72.87,2.75,0.63,No,47.02,59.33,182.77,Tier 2
S04502,Supplier_4502,India,Automotive,41.74,1708.6,91.24,38218.16,2565.58,Non-Compliant,None,8.31,249984.79,82.73,0.29,0.93,,3.25,43.3,70.19,Tier 3
S04503,Supplier_4503,Malaysia,Plastics,81.35,2732.12,29.95,82048.65,7002.06,Compliant,ISO 14001,13.98,159680.79,71.74,3.37,0.79,Yes,9.89,24.3,57.87,Tier 3
S04504,Supplier_4504,,FMCG,81.4,2545.76,38.62,61442.2,1251.66,Compliant,None,55.93,461940.93,89.61,1.19,0.64,No,26.81,22.54,9.2,Tier 1
S04505,Supplier_4505,Vietnam,Automotive,45.75,1798.98,94.42,46931.36,5661.86,Non-Compliant,ISO 45001,65.75,471017.01,85.32,2.92,0.58,No,14.58,17.95,74.81,Tier 1
S04506,Supplier_4506,Indonesia,Textiles,83.35,5028.56,60.02,79714.03,9327.74,Partially Compliant,ISO 14001,32.84,170125.34,74.33,1.78,0.53,Yes,35.41,48.84,146.6,Tier 3
S04507,Supplier_4507,India,Electronics,58.22,457.42,44.91,78247.95,5649.62,Non-Compliant,ISO 14001,57.33,223150.81,77.21,2.77,0.5,No,5.15,86.53,55.47,Tier 3
S04508,Supplier_4508,,FMCG,39.8,3112.22,36.87,19706.1,4144.83,Partially Compliant,None,78.8,427217.89,86.63,2.9,0.86,Yes,12.28,44.04,185.69,Tier 3
S04509,Supplier_4509,Thailand,Electronics,39.41,2942.01,75.95,80868.04,8787.16,Compliant,None,62.74,270732.67,72.33,1.15,0.9,Yes,13.57,33.38,102.54,Tier 3
S04510,Supplier_4510,Thailand,FMCG,60.68,1080.3,83.56,59318.45,2455.76,Partially Compliant,None,50.79,495531.34,99.77,0.51,0.43,Yes,37.4,96.01,65.52,Tier 1
S04511,Supplier_4511,Malaysia,Electronics,47.55,3751.16,53.56,73540.36,4077.55,Non-Compliant,ISO 9001,45.41,151821.42,92.4,5.01,0.43,No,23.88,25.9,101.5,Tier 2
S04512,Supplier_4512,Thailand,Automotive,75.34,1326.62,100.45,63698.76,2478.95,Compliant,ISO 45001,81.17,473998.62,98.11,2.9,0.99,No,40.63,36.23,122.77,Tier 3
S04513,Supplier_4513,India,Plastics,60.07,3623.85,33.06,9598.3,5576.69,Compliant,ISO 9001,63.16,215718.91,83.01,3.02,0.43,Yes,42.79,68.43,93.82,Tier 1
S04514,Supplier_4514,Vietnam,Metals,N/A,4457.96,73.49,28443.44,9700.58,Non-Compliant,ISO 45001,79.14,466982.41,72.44,0.97,0.99,Yes,34.48,1.28,69.43,Tier 3
S04515,Supplier_4515,Malaysia,Plastics,44.78,1781.23,97.39,93189.65,3785.96,,ISO 14001,16.8,242520.79,87.39,4.23,0.67,Yes,0.82,93.77,87.04,Tier 1
S04516,Supplier_4516,Indonesia,Textiles,91.74,3555.29,45.09,92895.03,6111.23,Compliant,ISO 45001,48.72,110486.53,80.27,2.74,0.37,Yes,22.81,39.11,48.08,Tier 2
S04517,Supplier_4517,Singapore,Chemicals,89.47,2433.73,54.85,49446.52,3186.99,Non-Compliant,None,68.61,98217.86,95.75,3.06,0.89,No,15.27,37.77,129.82,Tier 1
S04518,Supplier_4518,Malaysia,Electronics,57.45,2773.26,60.26,54811.63,2501.78,Compliant,ISO 9001,38.01,202091.95,99.32,4.22,0.47,No,5.6,3.39,5.12,Tier 3
S04519,Supplier_4519,India,Plastics,79.35,2692.93,70.72,2454.7,4718.61,Partially Compliant,ISO 45001,53.76,156339.52,100.89,1.26,0.58,Yes,15.59,1.67,103.48,Tier 3
S04520,Supplier_4520,,Textiles,86.58,2116.76,85.2,60438.46,129.6,Partially Compliant,ISO 45001,46.94,479464.41,75.8,4.92,0.65,No,7.28,8.04,121.24,Tier 3
S04521,Supplier_4521,India,FMCG,77.61,3982.67,66.06,74862.39,6814.02,Partially Compliant,ISO 45001,23.26,370495.62,79.61,2.15,0.62,Yes,5.8,0.43,92.35,Tier 2
S04522,Supplier_4522,Malaysia,Metals,49.96,2294.2,71.93,47286.93,10099.67,Partially Compliant,ISO 9001,31.76,331704.88,94.71,3.07,0.49,Yes,45.58,56.05,167.6,Tier 1
S04523,Supplier_4523,Malaysia,Automotive,65.32,609.78,96.28,96795.03,1053.45,Non-Compliant,ISO 45001,55.05,49455.52,85.52,4.64,0.98,No,26.78,7.37,179.86,Tier 2
S04524,Supplier_4524,China,Automotive,50.63,1724.32,57.37,58073.6,7920.72,Partially Compliant,ISO 14001,25.15,344632.92,94.83,1.81,0.43,Yes,34.08,39.73,76.03,Tier 1
S04525,Supplier_4525,China,Chemicals,61.34,3018.95,84.75,2591.43,1333.99,Compliant,ISO 14001,79.3,369314.02,74.44,2.83,0.41,Yes,6.89,63.56,8.98,Tier 2
S04526,Supplier_4526,Thailand,FMCG,45.78,949.41,61.91,52849.59,3002.14,Partially Compliant,None,54.04,89391.66,96.92,4.01,1.02,Yes,5.43,29.26,117.43,Tier 3
S04527,Supplier_4527,Vietnam,Electronics,97.5,3578.01,67.86,9458.62,7482.14,Compliant,ISO 9001,21.09,349989.47,82.73,2.97,0.91,,39.67,10.81,84.22,Tier 2
S04528,Supplier_4528,Singapore,Textiles,69.9,3885.04,31.21,52054.63,7625.64,,ISO 14001,28.63,90500.82,95.33,4.41,0.77,No,42.7,1.63,77.42,Tier 1
S04529,Supplier_4529,India,FMCG,73.73,2735.58,92.43,72268.32,3570.7,Partially Compliant,None,18.85,79594.58,74.04,2.39,0.95,No,31.26,80.22,81.18,Tier 2
S04530,Supplier_4530,Vietnam,Automotive,48.41,1671.25,39.23,46219.73,2743.1,Partially Compliant,None,85.36,123306.49,83.44,4.12,0.69,No,15.23,78.38,173.46,Tier 2
S04531,Supplier_4531,Indonesia,Plastics,77.21,2255.83,39.68,71222.72,7389.96,Partially Compliant,ISO 45001,67.01,325615.56,71.6,1.5,0.58,Yes,6.24,46.36,122.17,Tier 1
S04532,Supplier_4532,India,Plastics,88.94,2181.0,36.88,87009.15,7698.87,Compliant,ISO 9001,65.13,310634.59,94.71,1.47,0.66,Yes,17.76,66.76,19.77,Tier 1
S04533,Supplier_4533,Vietnam,Metals,41.34,2024.17,53.99,55710.75,6209.7,Compliant,ISO 14001,11.16,465200.47,96.35,0.26,0.88,,43.39,73.17,0.0,Tier 1
S04534,Supplier_4534,Indonesia,Metals,42.3,1892.05,90.28,83112.82,896.98,Partially Compliant,ISO 9001,41.76,353018.4,90.54,3.56,0.38,Yes,30.88,3.57,107.79,Tier 2
S04535,Supplier_4535,Malaysia,FMCG,60.19,2954.34,45.92,71678.22,5078.2,Non-Compliant,ISO 14001,35.62,514743.83,82.56,0.82,0.31,No,20.91,60.07,73.87,Tier 2
S04536,Supplier_4536,China,Textiles,48.9,3889.26,58.47,1089.25,1116.03,Non-Compliant,ISO 9001,76.35,234049.93,95.27,1.81,0.29,Yes,18.72,87.67,13.04,Tier 3
S04537,Supplier_4537,Vietnam,Metals,58.52,2408.57,42.91,15444.53,3111.89,Partially Compliant,None,66.83,247319.43,81.39,4.08,0.42,Yes,45.09,91.87,37.78,Tier 1
S04538,Supplier_4538,Singapore,Textiles,64.52,3061.25,68.19,31837.02,7525.01,Partially Compliant,ISO 45001,16.17,311195.79,74.85,4.36,0.96,Yes,13.41,24.82,123.72,Tier 1
S04539,Supplier_4539,China,,87.96,673.29,61.19,13556.36,3486.97,Compliant,ISO 9001,25.49,371973.83,86.56,2.06,0.72,Yes,26.39,66.19,93.49,Tier 2
S04540,Supplier_4540,Thailand,Plastics,47.06,3875.23,50.58,73951.47,9185.53,Non-Compliant,ISO 45001,58.73,206474.11,92.13,0.65,0.53,,40.72,36.2,74.12,Tier 2
S04541,Supplier_4541,Vietnam,FMCG,69.66,1941.37,40.26,49844.1,5078.11,Compliant,ISO 9001,82.18,58156.17,79.8,0.1,0.49,,5.83,55.14,182.25,Tier 1
S04542,Supplier_4542,Indonesia,Electronics,53.55,4200.2,39.42,35365.23,8093.04,Non-Compliant,ISO 9001,52.41,37866.16,98.83,1.32,0.46,No,31.79,5.76,103.41,Tier 2
S04543,Supplier_4543,India,Metals,92.04,779.68,89.5,20141.19,3457.97,Partially Compliant,ISO 14001,86.18,369066.17,89.85,1.14,0.98,No,9.3,1.9,175.77,Tier 3
S04544,Supplier_4544,China,Chemicals,47.63,4352.23,80.0,82806.4,7833.74,Compliant,ISO 14001,48.35,285725.26,89.09,0.33,0.92,,39.4,59.61,117.0,Tier 3
S04545,Supplier_4545,Vietnam,Plastics,85.68,1707.13,77.7,72386.85,6993.89,Partially Compliant,,74.06,292755.99,93.61,0.17,0.84,Yes,31.6,61.13,45.1,Tier 1
S04546,Supplier_4546,Malaysia,Plastics,43.28,4436.92,85.28,9757.7,9059.09,Compliant,None,78.85,303572.4,90.01,1.14,0.86,Yes,21.84,74.42,158.9,Tier 3
S04547,Supplier_4547,,Automotive,46.27,2280.92,88.73,23177.52,9791.08,Non-Compliant,ISO 14001,9.07,93518.48,98.47,3.71,0.87,No,37.59,94.7,101.99,Tier 1
S04548,Supplier_4548,Malaysia,,70.06,N/A,55.45,54226.31,7622.5,Non-Compliant,ISO 9001,11.15,194034.63,88.9,1.5,0.78,Yes,25.36,74.24,96.1,Tier 2
S04549,Supplier_4549,Indonesia,FMCG,77.2,4755.93,92.6,48614.29,8194.01,Partially Compliant,ISO 9001,64.07,64198.46,80.44,1.15,0.5,No,24.52,57.22,160.79,Tier 1
S04550,Supplier_4550,China,Textiles,46.67,1009.73,81.28,4053.38,4823.42,Non-Compliant,None,59.72,226748.42,81.58,3.09,0.7,Yes,44.95,87.49,113.61,Tier 1
S04551,Supplier_4551,Indonesia,Automotive,87.74,4066.47,58.73,91978.35,409.31,Partially Compliant,None,16.77,222354.44,80.39,1.18,0.46,No,29.63,31.37,155.12,Tier 2
S04552,Supplier_4552,,Plastics,71.69,4363.6,65.26,82657.86,5738.15,Non-Compliant,ISO 45001,10.53,389654.96,99.73,3.86,0.82,,34.94,28.01,199.77,Tier 2
S04553,Supplier_4553,Thailand,Metals,63.89,4352.4,67.46,46663.18,9456.56,Partially Compliant,ISO 9001,19.67,286687.53,67.36,0.82,0.38,Yes,22.73,40.14,140.25,Tier 2
S04554,Supplier_4554,Vietnam,FMCG,56.68,3154.14,64.79,25709.16,987.96,Partially Compliant,ISO 14001,30.36,393412.01,83.65,2.06,1.05,No,26.9,40.62,37.33,Tier 3
S04555,Supplier_4555,China,Automotive,95.16,2091.48,63.75,86500.67,1100.55,Compliant,ISO 14001,67.04,132935.56,82.12,4.13,0.63,Yes,24.95,28.89,190.83,Tier 2
S04556,Supplier_4556,India,Metals,66.75,1838.32,77.82,51740.56,5437.61,,ISO 45001,60.13,398824.86,101.13,0.13,0.72,No,5.6,33.05,200.75,Tier 2
S04557,Supplier_4557,Vietnam,Metals,68.83,1005.78,81.54,85366.15,3447.2,Partially Compliant,ISO 45001,83.44,496127.96,73.54,0.63,0.47,No,16.27,43.93,154.4,Tier 2
S04558,Supplier_4558,Thailand,Textiles,59.58,1464.22,69.83,88212.73,2483.26,Partially Compliant,None,71.68,209704.85,88.54,4.67,0.86,Yes,17.33,15.14,27.85,Tier 2
S04559,Supplier_4559,India,Electronics,53.41,3652.46,38.56,84813.17,4853.57,Non-Compliant,None,46.88,62329.13,73.76,4.07,0.34,Yes,20.08,88.82,126.8,Tier 1
S04560,Supplier_4560,Indonesia,Electronics,73.03,722.88,81.81,65469.03,3408.72,Non-Compliant,ISO 45001,63.01,108599.4,86.22,3.48,0.83,Yes,34.39,71.14,182.11,Tier 1
S04561,Supplier_4561,Vietnam,FMCG,46.14,4027.24,50.75,76107.01,9806.91,Non-Compliant,ISO 14001,72.6,69640.12,76.07,3.63,0.75,No,21.69,82.16,190.05,Tier 2
S04562,Supplier_4562,India,Automotive,56.14,1300.05,33.28,2608.85,6977.36,Compliant,ISO 14001,81.7,438325.01,68.72,0.74,0.91,Yes,22.02,74.37,28.72,Tier 3
S04563,Supplier_4563,China,Textiles,86.4,2074.93,79.62,14928.09,7398.56,Partially Compliant,None,86.06,218555.59,78.7,3.49,0.49,Yes,30.04,17.14,145.87,Tier 2
S04564,Supplier_4564,,Metals,90.61,1402.94,38.71,15870.12,5932.63,Partially Compliant,ISO 45001,70.23,189239.89,91.58,0.19,0.6,Yes,3.56,32.0,179.27,Tier 1
S04565,Supplier_4565,China,Automotive,92.16,1101.47,73.09,11970.95,8252.71,Non-Compliant,None,58.8,251188.55,80.44,0.77,0.49,No,42.53,4.93,0.51,Tier 3
S04566,Supplier_4566,Indonesia,Plastics,53.95,4708.08,47.51,25044.86,8885.45,Partially Compliant,,11.83,461164.98,90.16,2.56,0.85,No,33.37,0.24,86.38,Tier 2
S04567,Supplier_4567,Indonesia,FMCG,61.57,4945.26,64.29,28638.32,2969.59,Partially Compliant,None,70.67,417217.19,81.16,2.8,0.98,No,5.24,42.49,106.72,Tier 3
S04568,Supplier_4568,India,FMCG,57.44,4318.21,35.38,63398.77,8665.07,Partially Compliant,None,17.05,211726.68,71.26,4.56,0.91,Yes,36.42,17.02,1.29,Tier 2
S04569,Supplier_4569,Thailand,FMCG,52.69,4027.45,81.81,13312.89,2319.93,Partially Compliant,ISO 14001,8.41,419540.22,89.06,2.1,0.45,Yes,9.29,23.84,91.56,Tier 3
S04570,Supplier_4570,India,FMCG,93.62,2028.95,36.83,39279.01,5841.36,Compliant,ISO 9001,29.42,352730.87,85.07,3.75,0.44,Yes,42.21,95.58,82.89,Tier 3
S04571,Supplier_4571,Malaysia,FMCG,95.42,4456.77,69.09,34198.88,5761.51,Non-Compliant,ISO 45001,16.91,272309.78,86.56,3.53,0.51,No,21.91,5.11,191.44,Tier 1
S04572,Supplier_4572,India,Textiles,78.01,4200.24,73.28,49762.1,6990.38,,ISO 9001,14.16,174619.03,96.38,2.76,0.47,No,47.69,67.6,76.87,Tier 3
S04573,Supplier_4573,China,Plastics,45.47,3788.29,67.3,91725.59,9259.1,Non-Compliant,ISO 45001,57.01,326830.56,98.72,3.76,0.75,No,45.05,87.44,18.58,Tier 3
S04574,Supplier_4574,Vietnam,Metals,58.1,888.47,68.16,79713.23,5830.06,Partially Compliant,ISO 45001,38.71,310126.97,84.64,4.66,0.45,Yes,44.44,53.19,190.93,Tier 2
S04575,Supplier_4575,Vietnam,Automotive,51.61,2697.67,50.49,52139.92,7877.45,Partially Compliant,ISO 14001,56.54,334939.95,81.86,3.77,0.84,No,45.41,48.77,111.99,Tier 1
S04576,Supplier_4576,China,FMCG,70.24,4361.79,31.89,71697.98,3158.52,Non-Compliant,ISO 45001,10.62,217410.03,82.24,4.23,0.88,Yes,48.07,2.8,127.31,Tier 2
S04577,Supplier_4577,Thailand,Automotive,45.0,2157.44,57.46,68099.61,7817.03,Non-Compliant,ISO 14001,32.72,411938.97,81.71,2.29,0.65,Yes,4.7,85.3,172.39,
S04578,Supplier_4578,Malaysia,Chemicals,90.55,193.54,56.41,62373.66,9208.62,Partially Compliant,ISO 9001,28.54,29471.93,77.2,4.16,1.01,,33.61,35.6,36.32,Tier 1
S04579,Supplier_4579,Vietnam,Textiles,54.61,1591.65,31.13,68482.71,5117.54,,ISO 14001,72.4,46115.97,78.3,1.63,0.68,No,36.45,70.47,62.33,Tier 1
S04580,Supplier_4580,Indonesia,Automotive,45.84,527.75,85.99,83550.55,8797.96,Partially Compliant,ISO 45001,46.54,204857.1,77.58,2.09,0.82,Yes,41.35,76.18,10.78,
S04581,Supplier_4581,Malaysia,FMCG,74.99,4932.79,33.68,2128.65,9494.84,Partially Compliant,None,56.4,239828.13,84.58,2.53,0.33,No,43.99,1.14,75.87,
S04582,Supplier_4582,China,FMCG,67.8,3568.21,94.07,84328.73,2605.2,Partially Compliant,ISO 14001,42.91,213222.22,75.45,0.47,0.44,No,36.23,12.05,60.64,Tier 1
S04583,Supplier_4583,Vietnam,Electronics,86.51,1455.95,N/A,69281.88,6599.56,Compliant,ISO 9001,26.84,209916.32,91.02,0.38,0.52,No,6.07,8.71,146.47,Tier 3
S04584,Supplier_4584,Thailand,Chemicals,40.71,557.16,47.08,72353.66,3597.35,Partially Compliant,None,89.47,468233.77,79.16,3.54,0.74,No,32.11,29.25,105.74,Tier 3
S04585,Supplier_4585,China,Plastics,45.06,N/A,85.48,24034.82,10030.03,Non-Compliant,ISO 14001,62.97,465560.03,77.9,2.93,0.34,Yes,30.51,27.3,109.24,Tier 3
S04586,Supplier_4586,Singapore,Automotive,83.79,1845.61,80.39,54134.78,3407.95,Non-Compliant,ISO 45001,40.36,270069.88,85.19,0.87,0.94,No,28.35,20.02,93.1,Tier 1
S04587,Supplier_4587,Vietnam,Textiles,52.77,2904.62,97.76,80114.02,7358.11,Non-Compliant,None,84.71,453644.43,85.78,3.83,0.5,No,34.65,61.45,126.84,Tier 2
S04588,Supplier_4588,China,Chemicals,49.5,1123.18,64.49,69403.4,1223.61,,ISO 9001,11.45,453984.11,76.68,2.52,0.42,Yes,30.4,76.43,110.64,Tier 2
S04589,Supplier_4589,Singapore,Textiles,65.65,706.12,80.72,59510.38,7427.12,Compliant,ISO 45001,76.04,136626.96,80.34,0.39,0.88,Yes,33.15,87.49,0.49,Tier 2
S04590,Supplier_4590,China,Chemicals,79.66,2967.68,48.0,79158.82,3442.2,Compliant,ISO 45001,64.38,346058.79,89.62,4.23,0.31,Yes,27.3,62.44,143.42,Tier 1
S04591,Supplier_4591,Thailand,Plastics,83.64,408.62,57.28,26100.19,9198.99,,ISO 14001,68.49,423653.99,88.55,1.2,0.94,No,19.42,19.14,20.27,Tier 1
S04592,Supplier_4592,India,FMCG,94.16,2618.83,89.52,20614.12,1821.36,Partially Compliant,None,57.59,344059.85,76.5,4.21,0.78,Yes,3.19,49.31,142.17,Tier 2
S04593,Supplier_4593,Vietnam,Textiles,93.08,348.04,39.84,55716.18,3772.31,Non-Compliant,None,18.45,106620.45,103.83,0.55,0.52,Yes,12.6,5.87,26.82,Tier 1
S04594,Supplier_4594,Thailand,Plastics,85.3,2450.15,52.56,29944.34,4970.38,Non-Compliant,None,76.76,195865.75,86.92,2.55,0.54,No,27.29,42.16,168.0,Tier 3
S04595,Supplier_4595,Vietnam,Automotive,51.35,3126.98,93.54,28997.56,8945.59,Non-Compliant,ISO 9001,30.94,88205.58,88.78,0.21,0.47,Yes,10.53,19.59,117.16,Tier 3
S04596,Supplier_4596,Indonesia,Textiles,83.05,3173.61,88.0,36141.86,2339.36,Non-Compliant,,73.12,37598.67,91.36,1.5,0.72,No,48.41,48.09,192.04,Tier 2
S04597,Supplier_4597,Singapore,FMCG,68.18,2448.9,74.55,63869.59,9016.96,Compliant,ISO 45001,64.3,127303.92,85.96,0.85,0.96,Yes,43.27,16.14,145.04,Tier 2
S04598,Supplier_4598,China,Electronics,81.32,1668.2,64.75,92535.96,7364.3,Partially Compliant,ISO 45001,44.4,316777.81,85.09,0.38,0.86,,12.71,78.14,152.22,Tier 1
S04599,Supplier_4599,Vietnam,FMCG,48.88,4253.84,33.04,68508.62,1527.78,Non-Compliant,ISO 9001,55.16,97963.44,97.6,2.76,0.71,No,40.49,31.62,48.51,Tier 3
S04600,Supplier_4600,Vietnam,Metals,67.5,1572.58,52.75,66551.99,8711.69,Partially Compliant,ISO 14001,11.42,169788.58,85.53,2.8,0.63,No,18.06,60.01,135.27,Tier 3
S04601,Supplier_4601,Malaysia,,40.55,3553.02,100.79,55530.1,790.91,Compliant,ISO 45001,88.1,428093.78,87.54,1.47,0.74,No,14.18,94.77,37.58,Tier 3
S04602,Supplier_4602,Indonesia,Plastics,83.6,986.16,46.01,45092.4,5147.74,Non-Compliant,None,49.16,73449.8,87.98,3.91,0.37,Yes,13.35,6.34,71.23,
S04603,Supplier_4603,Singapore,Chemicals,65.26,719.77,60.1,74922.12,4431.51,Non-Compliant,ISO 14001,58.79,340697.05,77.11,1.39,0.7,Yes,19.38,92.51,144.5,Tier 3
S04604,Supplier_4604,Malaysia,,96.91,N/A,33.26,34125.66,3085.92,Partially Compliant,ISO 9001,59.85,253967.33,84.56,2.21,0.89,No,33.91,84.6,101.6,
S04605,Supplier_4605,Vietnam,FMCG,66.06,97.21,36.16,9536.48,1718.64,Compliant,ISO 14001,67.75,186798.35,87.33,3.34,0.91,No,33.77,49.84,120.03,Tier 3
S04606,Supplier_4606,India,Electronics,42.98,2321.24,77.24,30850.38,5731.86,Non-Compliant,ISO 14001,30.91,383645.81,76.79,1.05,0.98,Yes,35.35,41.63,196.79,
S04607,Supplier_4607,Malaysia,Chemicals,73.46,4685.76,73.29,53022.13,9587.3,Non-Compliant,ISO 14001,23.2,238410.92,82.3,4.16,0.81,No,38.28,88.39,8.1,Tier 1
S04608,Supplier_4608,India,Textiles,65.39,N/A,47.66,76395.61,5942.48,Partially Compliant,ISO 45001,63.36,152383.85,88.57,3.63,0.4,Yes,48.4,19.33,55.97,Tier 3
S04609,Supplier_4609,China,Plastics,86.69,1627.29,83.31,52663.73,3691.44,Non-Compliant,None,17.58,444405.42,90.14,1.97,0.47,Yes,0.65,64.82,73.11,Tier 1
S04610,Supplier_4610,Malaysia,Electronics,71.89,747.05,67.32,57259.23,6906.35,Partially Compliant,ISO 9001,36.5,250314.82,78.11,4.73,0.85,No,48.43,10.94,188.69,Tier 1
S04611,Supplier_4611,Thailand,Automotive,53.86,374.27,48.63,83312.64,9588.0,Partially Compliant,,18.0,92737.95,83.91,4.67,0.94,No,4.91,55.65,1.06,Tier 1
S04612,Supplier_4612,Malaysia,FMCG,85.18,1077.78,75.35,63394.65,6129.17,Partially Compliant,None,15.84,114143.47,90.45,4.0,0.62,Yes,21.83,99.15,36.32,Tier 1
S04613,Supplier_4613,Indonesia,Metals,54.38,N/A,78.24,84566.96,5970.88,Compliant,ISO 14001,58.2,323854.68,74.87,4.27,0.94,,31.54,31.24,12.94,Tier 2
S04614,Supplier_4614,China,Chemicals,67.63,2801.92,31.19,51675.42,706.7,Partially Compliant,None,46.96,350338.69,85.88,4.26,0.51,Yes,50.33,1.07,190.31,Tier 3
S04615,Supplier_4615,Thailand,Textiles,50.78,670.56,37.07,77360.17,9838.54,Compliant,None,89.64,383677.41,98.9,2.55,0.74,Yes,15.51,89.77,45.29,Tier 3
S04616,Supplier_4616,Malaysia,Metals,58.02,227.52,52.67,90118.76,2094.09,Non-Compliant,None,36.85,317086.52,85.83,4.19,0.89,Yes,15.59,87.62,164.85,Tier 3
S04617,Supplier_4617,Thailand,Textiles,58.63,3114.52,71.48,90049.22,672.22,Compliant,None,36.28,177252.92,88.03,1.17,0.39,Yes,45.23,99.44,68.89,Tier 2
S04618,Supplier_4618,Thailand,Chemicals,79.81,2812.84,73.35,41055.88,4794.08,Partially Compliant,ISO 9001,33.19,283827.68,87.64,0.22,0.41,No,49.08,56.67,14.77,Tier 1
S04619,Supplier_4619,Malaysia,Plastics,66.42,2608.48,55.77,31373.37,5497.21,Non-Compliant,ISO 9001,83.54,390512.38,94.59,2.61,0.53,No,5.81,67.9,161.34,
S04620,Supplier_4620,Indonesia,Metals,94.18,2374.67,78.39,43101.41,803.64,Compliant,ISO 9001,60.33,281415.15,97.57,2.15,1.02,No,9.58,68.88,39.21,Tier 3
S04621,Supplier_4621,Indonesia,Chemicals,73.85,2464.67,36.04,48394.9,7371.44,Non-Compliant,ISO 14001,67.07,255061.34,94.65,2.53,0.63,Yes,23.33,15.43,56.19,Tier 3
S04622,Supplier_4622,Indonesia,Electronics,70.44,3780.99,65.82,49046.57,7458.67,Partially Compliant,ISO 14001,19.34,82526.18,79.95,4.51,0.77,No,8.4,22.52,145.81,Tier 2
S04623,Supplier_4623,Vietnam,Metals,99.4,503.67,42.3,91617.13,8073.3,Non-Compliant,None,62.6,64027.64,72.64,3.91,0.42,No,40.71,26.65,189.61,
S04624,Supplier_4624,India,Chemicals,83.37,3062.88,67.91,85142.86,8532.83,Compliant,ISO 14001,79.24,377561.89,96.08,4.72,0.8,Yes,16.95,29.04,51.71,Tier 1
S04625,Supplier_4625,Thailand,Automotive,93.47,327.93,58.45,22858.31,5956.69,Non-Compliant,None,39.21,448118.04,93.3,3.94,0.97,Yes,2.57,89.67,112.56,Tier 3
S04626,Supplier_4626,Thailand,Plastics,83.27,2008.52,70.99,9590.3,6695.51,Non-Compliant,ISO 14001,68.74,397788.4,82.99,4.47,0.78,Yes,4.52,86.19,20.27,Tier 3
S04627,Supplier_4627,China,Automotive,57.37,258.42,41.66,24769.06,3334.01,Partially Compliant,ISO 45001,12.11,33101.78,77.69,4.6,0.38,Yes,30.87,70.26,66.88,Tier 1
S04628,Supplier_4628,Singapore,FMCG,47.39,4972.45,59.4,31389.09,4137.28,Non-Compliant,None,75.26,298840.03,97.39,4.28,0.39,No,47.66,98.15,148.7,Tier 2
S04629,Supplier_4629,Vietnam,,83.14,241.03,44.21,95715.27,8229.19,Partially Compliant,None,75.57,410462.14,72.7,2.85,0.94,Yes,32.6,13.9,12.96,Tier 1
S04630,Supplier_4630,Thailand,Automotive,46.49,1209.2,60.9,36537.74,6726.91,Partially Compliant,ISO 9001,25.0,28894.82,71.17,4.58,0.8,Yes,11.19,32.2,4.68,Tier 1
S04631,Supplier_4631,China,Textiles,65.26,N/A,102.77,86918.16,6251.03,Compliant,None,84.66,440084.23,78.32,2.09,0.32,No,51.1,87.55,176.77,Tier 1
S04632,Supplier_4632,Singapore,Metals,47.78,1209.52,87.81,12233.26,457.66,Non-Compliant,None,56.57,375651.18,87.03,2.74,0.89,Yes,29.01,42.52,26.85,Tier 3
S04633,Supplier_4633,Singapore,Metals,93.78,299.96,84.48,51150.91,10283.18,,ISO 45001,58.71,89372.65,82.53,2.18,0.84,No,11.53,45.93,96.61,Tier 3
S04634,Supplier_4634,Singapore,Electronics,42.82,3942.19,68.5,65763.87,6361.53,,ISO 14001,44.21,137962.15,84.77,4.12,0.77,No,18.12,75.79,72.31,Tier 3
S04635,Supplier_4635,China,Electronics,78.09,2589.18,40.2,74181.17,2365.39,Compliant,ISO 45001,63.19,66230.44,92.03,3.26,0.85,,2.79,70.51,149.77,Tier 2
S04636,Supplier_4636,Thailand,FMCG,70.5,2507.34,66.3,61314.02,1927.1,Partially Compliant,ISO 45001,11.07,2054.07,97.24,3.13,0.99,Yes,6.9,2.75,158.3,Tier 1
S04637,Supplier_4637,Vietnam,Electronics,41.29,157.77,83.64,31448.76,3568.37,Compliant,ISO 14001,29.21,252798.03,99.76,0.59,0.5,No,24.5,69.32,20.78,Tier 3
S04638,Supplier_4638,China,,61.5,730.06,41.23,83239.58,2234.71,Partially Compliant,None,78.5,61443.96,94.83,2.77,0.36,Yes,47.24,46.65,62.75,Tier 2
S04639,Supplier_4639,Malaysia,Plastics,91.22,1386.66,79.97,24857.35,6701.67,Partially Compliant,None,43.72,157522.88,99.66,2.13,0.4,Yes,5.33,50.39,54.11,Tier 3
S04640,Supplier_4640,Singapore,,42.09,3304.61,98.12,76316.47,7133.18,Compliant,ISO 9001,90.07,277062.77,82.88,0.49,0.7,No,37.37,12.69,137.97,Tier 3
S04641,Supplier_4641,Singapore,FMCG,65.84,1375.27,35.5,21888.82,3715.76,Compliant,ISO 14001,73.05,279180.12,93.8,2.28,0.87,No,3.87,96.61,167.01,Tier 2
S04642,Supplier_4642,Thailand,Metals,73.95,4118.03,102.84,2252.25,8206.1,Partially Compliant,ISO 14001,52.15,362848.14,84.46,3.6,0.66,Yes,20.73,6.17,51.19,Tier 1
S04643,Supplier_4643,China,Metals,81.37,1000.36,56.88,35317.12,7127.99,Non-Compliant,ISO 14001,37.57,55789.76,82.92,1.55,0.57,No,29.01,88.14,195.19,Tier 1
S04644,Supplier_4644,Singapore,Automotive,72.96,4045.4,71.81,94825.44,7210.56,Non-Compliant,ISO 9001,17.68,120805.57,102.81,0.97,0.71,No,24.62,47.46,86.32,Tier 2
S04645,Supplier_4645,Indonesia,Plastics,90.12,3320.75,98.39,24652.85,975.06,Partially Compliant,None,54.05,227197.27,96.96,1.34,0.72,No,6.0,46.42,82.86,Tier 3
S04646,Supplier_4646,India,Textiles,84.82,421.31,73.85,48059.54,919.34,Compliant,,70.73,16329.07,87.75,1.37,0.51,Yes,29.44,63.23,5.98,Tier 1
S04647,Supplier_4647,Thailand,Automotive,86.91,4289.45,77.42,34432.14,4450.79,Compliant,ISO 45001,65.98,217208.14,78.05,4.78,0.62,Yes,23.23,59.75,159.47,Tier 3
S04648,Supplier_4648,Malaysia,Automotive,89.11,249.16,32.66,75463.66,3022.02,Non-Compliant,None,10.38,296136.38,75.74,2.62,0.59,No,12.11,66.85,104.76,
S04649,Supplier_4649,India,Automotive,67.92,2026.81,65.9,24590.32,5172.84,Non-Compliant,ISO 45001,8.64,154606.88,75.78,1.42,0.53,No,47.79,42.0,137.34,Tier 1
S04650,Supplier_4650,Malaysia,Plastics,60.08,2992.93,89.28,51699.01,6994.71,Partially Compliant,ISO 45001,9.12,410850.15,90.08,0.86,0.58,No,21.98,11.7,49.12,Tier 2
S04651,Supplier_4651,India,FMCG,N/A,1908.33,61.28,39097.32,5656.2,Compliant,ISO 45001,72.14,306402.06,92.83,0.8,0.9,Yes,37.95,87.37,139.66,Tier 2
S04652,Supplier_4652,Malaysia,Textiles,N/A,1868.33,53.98,23437.56,8911.72,Compliant,ISO 14001,57.13,316524.39,75.97,0.53,0.41,Yes,28.84,62.17,35.54,Tier 3
S04653,Supplier_4653,India,FMCG,80.86,1869.94,69.3,65829.74,7201.23,Partially Compliant,ISO 45001,84.33,254606.49,75.16,2.36,0.37,No,17.31,42.31,14.58,Tier 3
S04654,Supplier_4654,Malaysia,Chemicals,55.27,1286.57,73.35,53719.93,887.89,Non-Compliant,None,7.12,252913.64,99.64,2.78,0.53,Yes,23.23,47.75,146.65,Tier 2
S04655,Supplier_4655,Vietnam,Electronics,90.13,4165.24,41.01,20087.85,3496.75,Partially Compliant,ISO 9001,20.06,498831.11,77.31,4.4,0.79,No,31.47,14.0,147.13,Tier 2
S04656,Supplier_4656,Thailand,Automotive,85.76,2627.09,53.78,54624.34,7433.94,Non-Compliant,ISO 9001,54.5,84513.95,75.2,3.24,0.77,Yes,16.04,95.58,184.58,Tier 3
S04657,Supplier_4657,China,Textiles,51.25,2828.15,44.9,45019.2,4234.48,Compliant,None,23.28,377431.15,80.04,2.48,0.93,No,7.44,16.76,164.69,Tier 1
S04658,Supplier_4658,Indonesia,Electronics,63.87,3093.61,40.81,94401.36,3838.19,Compliant,ISO 45001,24.04,62939.09,71.62,1.56,0.5,No,21.53,54.48,142.34,Tier 3
S04659,Supplier_4659,Indonesia,Plastics,42.27,1918.78,30.63,63396.08,3472.38,Non-Compliant,ISO 14001,37.92,15645.56,79.78,4.72,0.83,Yes,43.77,21.49,94.14,Tier 2
S04660,Supplier_4660,India,Electronics,98.59,201.16,51.03,42421.93,3327.52,Partially Compliant,ISO 45001,81.56,447029.68,85.68,1.97,0.73,Yes,30.74,38.25,153.62,Tier 1
S04661,Supplier_4661,Malaysia,Textiles,69.28,3391.54,65.52,14473.27,1359.45,Partially Compliant,,5.94,418421.51,91.22,4.2,0.57,Yes,13.38,89.34,194.6,Tier 2
S04662,Supplier_4662,Malaysia,Metals,58.83,687.69,71.77,44292.73,1553.62,Compliant,ISO 9001,86.38,68416.23,84.5,3.78,0.88,No,17.72,19.28,122.52,
S04663,Supplier_4663,China,Metals,54.67,3028.22,92.56,72457.14,447.49,Non-Compliant,None,34.85,432981.77,84.74,1.42,0.99,No,15.56,24.34,197.02,Tier 1
S04664,Supplier_4664,Indonesia,,40.94,1330.18,78.17,97701.69,9448.97,Partially Compliant,ISO 9001,39.28,205764.04,67.88,2.73,0.93,,22.68,55.58,90.24,Tier 3
S04665,Supplier_4665,China,Chemicals,43.21,4429.48,101.64,5991.05,1434.16,Non-Compliant,,68.73,27087.63,96.98,2.23,0.71,Yes,39.23,65.28,79.4,
S04666,Supplier_4666,Malaysia,Automotive,46.46,3293.67,79.96,70794.11,7785.81,,ISO 9001,67.18,164803.36,79.81,1.68,0.78,Yes,50.68,91.84,18.23,Tier 2
S04667,Supplier_4667,China,,75.42,1959.14,48.76,41589.56,4009.14,Partially Compliant,ISO 45001,5.36,381405.8,95.2,2.3,0.41,Yes,31.83,79.28,66.87,Tier 1
S04668,Supplier_4668,India,Textiles,81.53,3507.53,92.96,62711.47,2673.73,Partially Compliant,ISO 9001,46.49,289603.5,79.78,2.44,0.47,No,50.27,60.89,44.87,Tier 2
S04669,Supplier_4669,Vietnam,Textiles,68.99,1021.0,71.76,55037.77,701.73,,ISO 9001,13.73,316026.78,95.09,2.0,0.85,No,23.32,101.03,158.63,Tier 3
S04670,Supplier_4670,Thailand,Chemicals,71.58,4385.81,56.27,58676.9,2165.61,Compliant,None,63.43,176542.69,86.07,1.35,0.54,No,16.77,99.15,177.28,Tier 2
S04671,Supplier_4671,Thailand,FMCG,87.78,1810.51,31.62,46809.06,8108.0,Compliant,None,73.44,317466.31,86.61,4.26,0.89,,35.01,5.21,16.08,Tier 3
S04672,Supplier_4672,Malaysia,FMCG,86.48,445.67,82.28,57491.3,3789.88,Non-Compliant,None,8.44,237665.64,93.73,0.99,0.94,Yes,44.76,88.54,105.72,Tier 2
S04673,Supplier_4673,Thailand,FMCG,51.27,696.81,36.46,77800.69,3241.28,Non-Compliant,None,81.83,179283.18,95.53,2.23,0.88,No,33.33,33.47,37.32,Tier 2
S04674,Supplier_4674,Malaysia,Electronics,51.41,538.95,39.41,77437.16,8575.84,,ISO 14001,15.57,327372.39,73.53,4.67,0.59,No,5.03,93.07,107.09,Tier 2
S04675,Supplier_4675,India,Metals,81.1,3089.06,82.03,38669.22,6526.99,Compliant,ISO 45001,79.42,10746.75,77.97,0.98,0.31,Yes,39.56,79.16,40.23,Tier 1
S04676,Supplier_4676,Singapore,Chemicals,39.98,N/A,90.64,16059.34,4291.71,,ISO 9001,25.15,231947.73,96.21,2.47,0.63,Yes,2.83,11.18,134.57,Tier 2
S04677,Supplier_4677,,Textiles,43.79,1128.81,65.52,4314.53,5803.39,Compliant,None,89.7,469074.76,92.15,3.6,0.52,Yes,44.61,35.96,152.62,Tier 3
S04678,Supplier_4678,Singapore,Textiles,88.12,3072.77,69.96,60851.32,1419.49,Non-Compliant,None,23.71,237380.34,89.66,0.51,0.31,Yes,3.57,22.0,87.06,Tier 3
S04679,Supplier_4679,Malaysia,Chemicals,83.73,1183.95,59.61,10845.43,686.41,Non-Compliant,ISO 45001,37.64,179547.61,80.05,2.66,0.65,Yes,19.52,59.09,64.11,Tier 3
S04680,Supplier_4680,India,Textiles,55.38,3381.43,62.78,55181.35,5528.31,Compliant,None,48.35,341709.14,96.42,1.18,0.81,Yes,29.37,81.43,155.2,Tier 3
S04681,Supplier_4681,China,FMCG,44.72,1498.2,56.72,49366.11,3063.52,Non-Compliant,ISO 45001,24.62,351796.9,93.24,3.8,0.95,No,10.33,15.45,126.7,
S04682,Supplier_4682,Indonesia,,81.77,409.75,52.23,39083.58,3041.42,Non-Compliant,ISO 45001,44.18,12833.64,76.21,1.25,0.71,No,30.19,38.42,53.95,Tier 2
S04683,Supplier_4683,Vietnam,Automotive,57.98,611.02,55.27,62127.23,5624.51,Non-Compliant,ISO 45001,64.21,309662.2,93.21,4.09,0.93,No,25.8,66.06,35.09,Tier 2
S04684,Supplier_4684,China,Automotive,88.65,313.84,96.47,52085.13,4208.97,,ISO 9001,64.53,308016.52,86.27,4.22,0.56,Yes,25.37,62.54,112.34,Tier 2
S04685,Supplier_4685,Indonesia,Metals,80.98,590.18,92.15,21957.53,4548.32,Partially Compliant,ISO 9001,16.8,43313.75,70.73,2.4,0.95,Yes,23.35,12.27,171.78,Tier 1
S04686,Supplier_4686,China,Metals,43.17,4396.47,91.94,16801.77,2204.89,Partially Compliant,ISO 45001,57.76,493911.57,99.4,3.32,0.32,No,23.18,14.32,193.54,Tier 2
S04687,Supplier_4687,Singapore,Automotive,59.49,3035.41,61.37,7934.48,5142.22,Partially Compliant,ISO 45001,69.85,166995.56,81.07,1.42,0.81,No,6.45,29.04,119.69,Tier 2
S04688,Supplier_4688,,Metals,79.2,1952.88,57.6,56842.2,1494.97,Non-Compliant,None,42.35,356472.56,76.59,4.31,0.71,No,9.84,62.2,196.21,Tier 3
S04689,Supplier_4689,China,Electronics,83.43,1237.89,58.8,98991.28,6577.7,Partially Compliant,ISO 9001,33.32,265067.34,72.97,0.5,0.7,Yes,7.31,56.44,92.48,Tier 3
S04690,Supplier_4690,Thailand,Automotive,57.07,764.74,55.69,11142.86,5653.41,Partially Compliant,ISO 9001,72.83,193569.7,91.0,4.64,0.44,No,6.67,30.48,90.81,Tier 3
S04691,Supplier_4691,India,Automotive,68.87,3428.45,56.38,41485.01,4626.1,Non-Compliant,ISO 14001,77.19,288567.94,75.46,4.78,0.51,Yes,23.78,21.79,199.84,Tier 3
S04692,Supplier_4692,Singapore,FMCG,90.0,4890.36,75.49,30141.31,8668.55,Partially Compliant,ISO 45001,30.95,306767.48,99.88,1.02,0.84,Yes,36.33,47.06,143.64,Tier 2
S04693,Supplier_4693,Vietnam,Textiles,91.13,2801.8,88.16,74377.71,2332.1,Compliant,None,51.54,322971.92,75.1,1.64,0.67,Yes,44.33,71.41,153.08,
S04694,Supplier_4694,Singapore,FMCG,64.52,1780.95,47.78,52790.55,5471.1,Non-Compliant,ISO 14001,35.35,117450.0,90.5,0.18,1.0,No,5.33,11.8,22.34,Tier 1
S04695,Supplier_4695,Singapore,Automotive,62.55,2855.71,80.58,92618.91,9309.25,Partially Compliant,ISO 45001,30.48,77273.46,79.2,2.98,0.58,Yes,19.29,7.42,102.01,Tier 2
S04696,Supplier_4696,India,Metals,91.8,1245.18,46.36,94794.33,2759.66,,ISO 14001,70.18,427402.89,84.07,1.2,0.77,Yes,7.16,60.84,61.58,Tier 3
S04697,Supplier_4697,Malaysia,Electronics,47.48,1699.3,49.87,54285.87,8526.22,Non-Compliant,ISO 14001,23.44,432404.91,81.95,2.1,0.94,Yes,1.3,81.39,12.92,Tier 1
S04698,Supplier_4698,China,FMCG,95.68,582.7,72.48,71323.75,3087.89,Partially Compliant,ISO 9001,73.82,94806.39,81.43,1.81,0.46,No,29.46,89.77,89.15,Tier 1
S04699,Supplier_4699,India,Electronics,85.46,2101.44,46.08,17240.31,2273.49,Compliant,ISO 14001,44.21,145195.03,100.26,3.38,0.45,Yes,45.02,73.83,28.15,Tier 3
S04700,Supplier_4700,China,Automotive,58.51,2115.73,80.32,1346.29,4315.26,Partially Compliant,ISO 9001,77.91,398399.93,97.99,1.59,0.71,No,38.76,16.96,128.95,Tier 2
S04701,Supplier_4701,Thailand,FMCG,79.82,419.43,73.76,54585.15,1121.37,Non-Compliant,ISO 9001,82.06,410319.92,71.52,4.95,0.76,No,31.09,10.37,152.34,Tier 3
S04702,Supplier_4702,Vietnam,Chemicals,72.9,5030.16,57.62,79809.48,1797.04,Compliant,ISO 9001,86.87,266068.0,94.19,2.32,0.38,No,28.2,85.88,12.24,Tier 1
S04703,Supplier_4703,Vietnam,Electronics,80.88,2709.31,60.5,46773.2,7213.77,Non-Compliant,None,36.7,351898.03,97.04,2.23,0.38,,37.07,16.79,189.52,Tier 2
S04704,Supplier_4704,India,Textiles,47.07,1573.51,52.37,39375.8,6761.96,Compliant,ISO 14001,83.02,269494.91,81.16,3.26,0.38,No,33.74,39.42,184.15,Tier 1
S04705,Supplier_4705,China,Chemicals,66.84,1436.92,56.04,27635.8,9483.18,Partially Compliant,ISO 14001,44.63,364047.8,76.71,0.44,0.94,Yes,34.59,50.26,42.83,Tier 3
S04706,Supplier_4706,Thailand,Metals,68.08,112.65,32.76,5534.11,3643.3,Partially Compliant,ISO 45001,18.93,120110.82,77.46,0.4,0.69,No,51.45,79.53,26.68,Tier 1
S04707,Supplier_4707,Thailand,,67.14,461.03,71.23,53111.41,1441.34,Partially Compliant,None,79.27,385192.01,96.41,0.81,0.33,Yes,25.9,73.36,32.04,Tier 2
S04708,Supplier_4708,Vietnam,Electronics,68.87,2869.53,N/A,48487.66,8630.64,Non-Compliant,ISO 45001,47.67,162158.09,80.38,2.63,0.59,No,41.48,87.3,3.77,Tier 3
S04709,Supplier_4709,China,Automotive,57.88,1551.26,45.02,4784.13,6929.26,Compliant,ISO 14001,39.8,86841.23,95.24,3.13,0.7,No,39.9,49.94,83.4,Tier 3
S04710,Supplier_4710,Vietnam,Plastics,51.07,114.1,31.41,82765.7,9452.66,Compliant,ISO 9001,46.36,291279.37,76.9,4.06,0.41,No,5.85,43.62,16.03,Tier 2
S04711,Supplier_4711,Vietnam,Textiles,91.21,3467.44,36.85,50580.73,1348.69,Non-Compliant,None,28.81,321096.76,82.2,3.55,0.52,Yes,32.11,85.92,69.36,Tier 3
S04712,Supplier_4712,Singapore,Chemicals,84.89,1254.75,88.11,19407.15,1978.94,Non-Compliant,ISO 45001,55.61,224219.62,97.71,4.11,0.79,No,39.13,57.2,39.17,Tier 2
S04713,Supplier_4713,Vietnam,Automotive,66.87,2838.54,63.13,79304.66,5405.39,Non-Compliant,ISO 45001,36.82,179593.88,72.7,1.01,0.98,,26.34,98.01,97.98,Tier 3
S04714,Supplier_4714,Indonesia,Metals,N/A,344.91,34.09,33116.25,6762.19,Compliant,ISO 9001,66.2,374766.04,79.96,0.47,0.47,Yes,34.61,90.65,187.15,Tier 2
S04715,Supplier_4715,China,Textiles,61.32,946.52,36.91,73766.52,2806.42,Compliant,ISO 14001,68.75,231953.17,99.3,2.52,0.65,No,11.32,36.5,16.82,Tier 2
S04716,Supplier_4716,Indonesia,Chemicals,87.81,859.54,67.65,50188.45,3370.95,Partially Compliant,ISO 45001,54.4,74090.89,96.34,1.21,0.31,Yes,25.85,63.11,171.4,Tier 2
S04717,Supplier_4717,Indonesia,Electronics,57.69,1202.91,59.26,35432.97,305.16,Compliant,ISO 14001,23.11,92673.42,88.5,2.56,0.36,No,36.61,11.69,42.87,Tier 3
S04718,Supplier_4718,Malaysia,Electronics,66.82,1153.44,49.76,25318.54,9981.95,Non-Compliant,ISO 45001,28.0,231653.73,95.5,1.75,0.3,Yes,28.71,70.25,152.73,Tier 2
S04719,Supplier_4719,Vietnam,Chemicals,61.34,3179.71,97.67,33141.35,2557.77,Compliant,ISO 14001,24.72,351718.98,92.49,3.55,0.98,Yes,30.16,68.95,104.68,Tier 3
S04720,Supplier_4720,China,Chemicals,82.1,2897.82,71.24,84077.9,3120.52,Compliant,ISO 45001,62.02,238745.24,96.14,2.22,0.35,Yes,48.24,53.46,46.91,Tier 3
S04721,Supplier_4721,Vietnam,FMCG,68.82,1965.62,86.75,54301.22,8421.95,Partially Compliant,None,37.31,95592.45,76.55,3.82,0.83,No,29.32,52.82,119.53,Tier 2
S04722,Supplier_4722,China,Chemicals,47.59,2206.9,82.93,64178.9,119.28,Compliant,ISO 9001,43.8,92315.49,89.13,4.63,0.73,No,39.48,54.2,118.35,Tier 3
S04723,Supplier_4723,Indonesia,Electronics,52.57,3798.98,57.8,63714.08,2163.34,Partially Compliant,ISO 9001,35.86,15581.86,89.75,3.44,0.74,Yes,9.33,71.27,114.28,Tier 2
S04724,Supplier_4724,China,Automotive,91.25,4832.37,87.29,5563.26,2833.85,Non-Compliant,ISO 14001,84.94,424529.07,100.83,2.33,0.73,No,3.56,22.99,189.11,Tier 3
S04725,Supplier_4725,Singapore,Chemicals,49.38,284.86,69.23,55188.66,5561.05,Compliant,ISO 14001,22.52,324386.91,80.76,1.04,0.37,Yes,37.96,48.83,14.66,Tier 3
S04726,Supplier_4726,,Chemicals,61.87,2202.61,37.39,65353.27,4511.75,Non-Compliant,ISO 45001,7.31,427074.72,97.89,1.79,0.48,No,13.9,10.34,63.85,Tier 3
S04727,Supplier_4727,Indonesia,Electronics,63.51,1426.57,67.37,73967.83,1846.28,Compliant,ISO 9001,28.01,96511.43,100.72,1.34,0.95,Yes,15.66,9.55,204.16,Tier 3
S04728,Supplier_4728,Singapore,Metals,69.23,3458.66,41.48,47153.7,3543.19,,ISO 45001,32.92,447089.53,79.17,3.34,0.66,Yes,2.23,39.96,28.38,Tier 3
S04729,Supplier_4729,Indonesia,Automotive,42.23,954.36,37.56,70514.86,391.16,Compliant,ISO 9001,73.29,167277.56,74.06,0.57,0.55,No,50.78,88.66,174.38,Tier 1
S04730,Supplier_4730,China,FMCG,51.62,3384.72,66.62,31150.62,807.29,Partially Compliant,ISO 45001,20.1,87637.24,98.25,0.26,0.83,Yes,19.73,69.25,110.21,Tier 2
S04731,Supplier_4731,Vietnam,Metals,60.1,3316.14,65.64,91251.92,4356.73,Non-Compliant,ISO 14001,5.56,53994.48,69.66,1.74,0.86,No,15.76,93.84,134.53,Tier 3
S04732,Supplier_4732,India,Plastics,80.28,2315.19,33.53,95562.76,7249.91,Compliant,ISO 14001,83.62,6995.01,70.92,2.6,0.8,Yes,46.56,29.36,99.89,Tier 2
S04733,Supplier_4733,Indonesia,Electronics,84.99,298.11,62.29,17576.42,325.45,Compliant,ISO 9001,37.42,300122.51,101.91,0.34,0.32,Yes,6.83,14.25,74.02,Tier 1
S04734,Supplier_4734,India,Chemicals,87.78,849.8,87.19,53227.25,7110.21,Partially Compliant,ISO 45001,39.4,400932.56,93.35,1.89,0.36,Yes,8.49,88.02,155.24,
S04735,Supplier_4735,Thailand,FMCG,61.46,3283.39,31.71,95758.59,7029.8,Partially Compliant,ISO 9001,43.88,23878.11,82.1,3.62,0.88,No,1.77,26.83,20.57,Tier 1
S04736,Supplier_4736,Singapore,Plastics,47.55,227.06,44.0,3056.14,6105.26,Compliant,ISO 45001,10.12,72149.24,92.67,4.59,0.56,Yes,9.13,67.56,36.13,Tier 1
S04737,Supplier_4737,Singapore,Metals,46.86,108.36,61.76,70636.27,8794.79,Compliant,ISO 45001,79.35,161248.15,71.48,0.1,0.67,No,3.02,8.08,59.57,Tier 3
S04738,Supplier_4738,Thailand,,55.11,2603.87,39.17,18792.37,4199.75,Non-Compliant,None,60.99,226284.33,68.96,0.47,0.41,No,30.53,73.91,67.09,Tier 3
S04739,Supplier_4739,Thailand,FMCG,46.17,4303.61,31.09,65885.82,3479.15,Compliant,ISO 14001,5.04,136132.54,78.81,2.96,0.41,No,5.06,46.76,121.79,Tier 3
S04740,Supplier_4740,Thailand,Textiles,58.14,1340.14,79.48,72496.56,5002.93,Compliant,ISO 45001,30.88,389986.64,89.16,1.02,0.43,No,36.13,81.78,0.59,Tier 2
S04741,Supplier_4741,Indonesia,,56.46,1270.71,84.16,81453.74,840.7,Compliant,ISO 14001,71.92,112959.6,74.39,0.2,0.76,Yes,31.13,60.98,18.18,Tier 3
S04742,Supplier_4742,India,,79.26,2830.67,32.37,33968.65,2052.6,Non-Compliant,,50.37,153569.19,73.53,4.66,0.6,Yes,30.84,58.43,3.01,Tier 1
S04743,Supplier_4743,,Metals,51.61,344.12,43.01,72220.38,3872.24,Non-Compliant,ISO 45001,77.75,277800.34,73.64,1.03,0.9,Yes,5.45,45.64,53.41,Tier 1
S04744,Supplier_4744,Singapore,Chemicals,90.45,4084.17,59.89,96819.1,9129.83,Partially Compliant,None,38.14,146038.97,75.11,1.53,0.74,Yes,30.59,35.32,38.28,Tier 2
S04745,Supplier_4745,China,Textiles,66.34,3039.97,80.2,23058.93,3983.17,Partially Compliant,None,48.96,126398.93,72.06,0.37,0.83,Yes,26.02,7.33,156.29,Tier 1
S04746,Supplier_4746,Vietnam,Textiles,95.67,4339.12,93.75,71704.23,5371.21,Non-Compliant,ISO 9001,31.82,314137.14,86.09,1.13,0.65,Yes,47.42,26.15,18.83,Tier 1
S04747,Supplier_4747,Indonesia,FMCG,83.24,2887.02,64.1,93613.05,521.37,Non-Compliant,ISO 9001,34.55,385532.02,79.34,1.46,0.49,No,15.78,49.27,107.13,Tier 3
S04748,Supplier_4748,,Metals,60.59,1061.47,66.88,36880.31,3928.81,,ISO 45001,13.12,384853.24,88.24,5.09,0.34,Yes,30.26,92.87,115.73,Tier 1
S04749,Supplier_4749,China,,N/A,1481.23,45.75,70409.31,9448.42,Partially Compliant,None,86.43,293830.06,80.99,1.88,0.89,Yes,24.94,54.66,91.63,Tier 2
S04750,Supplier_4750,China,Metals,64.02,2539.68,32.17,37546.47,2862.33,Partially Compliant,ISO 9001,49.29,495354.46,73.1,0.26,0.93,,27.32,65.04,196.9,Tier 3
S04751,Supplier_4751,Malaysia,Metals,48.79,3906.7,31.7,52425.82,4243.94,Partially Compliant,None,50.22,286701.49,73.28,2.49,0.79,Yes,29.74,98.42,200.0,Tier 1
S04752,Supplier_4752,Singapore,Chemicals,73.88,2517.3,72.9,43303.77,603.32,Compliant,None,72.2,90475.61,91.49,3.46,0.87,No,21.46,52.83,22.56,Tier 3
S04753,Supplier_4753,Vietnam,Textiles,56.69,2442.18,65.43,35842.77,1413.78,Compliant,ISO 45001,85.28,350420.71,83.23,1.49,0.42,No,25.55,88.54,120.9,
S04754,Supplier_4754,China,Chemicals,87.52,2511.59,78.3,11930.4,1651.87,Compliant,None,53.65,220049.65,75.8,2.01,0.93,No,46.08,25.61,95.15,Tier 2
S04755,Supplier_4755,Indonesia,Metals,95.37,5018.07,36.37,49169.55,7996.04,Compliant,ISO 14001,16.02,466769.44,97.46,2.61,0.53,No,13.09,69.69,54.94,Tier 1
S04756,Supplier_4756,Indonesia,Electronics,N/A,3794.26,30.87,51647.75,1495.38,Non-Compliant,ISO 9001,27.33,232318.59,93.05,1.54,0.75,No,35.22,3.39,55.02,Tier 3
S04757,Supplier_4757,,Electronics,95.81,4614.19,76.64,50462.37,9338.32,Non-Compliant,ISO 9001,83.79,330188.71,97.83,4.24,0.46,No,18.88,11.69,135.5,Tier 1
S04758,Supplier_4758,Malaysia,Textiles,78.88,2992.4,80.11,74216.07,5175.78,Compliant,ISO 45001,54.33,120500.48,88.21,3.13,0.45,Yes,9.5,64.77,6.06,Tier 3
S04759,Supplier_4759,India,Plastics,82.25,2556.6,57.85,97102.43,8285.62,Compliant,None,12.17,50059.24,72.95,3.49,0.65,No,36.62,33.2,185.46,Tier 3
S04760,Supplier_4760,Vietnam,FMCG,52.98,4317.42,99.53,37464.32,833.64,Partially Compliant,ISO 14001,22.63,266983.64,77.83,3.48,0.63,No,5.54,92.54,70.9,Tier 1
S04761,Supplier_4761,Vietnam,FMCG,90.89,2985.75,88.92,41497.89,890.16,Partially Compliant,ISO 14001,37.06,20519.11,92.39,0.36,0.98,No,39.5,60.44,26.66,Tier 1
S04762,Supplier_4762,China,Plastics,61.87,4394.01,95.97,78300.92,823.66,Non-Compliant,ISO 45001,17.49,56717.74,91.59,4.32,0.33,Yes,50.93,28.82,27.54,Tier 2
S04763,Supplier_4763,India,Metals,82.53,1130.74,92.18,47284.93,3267.02,Partially Compliant,ISO 9001,47.79,245339.81,98.87,0.24,0.62,Yes,49.29,30.01,186.61,Tier 3
S04764,Supplier_4764,Thailand,Plastics,71.86,4930.22,95.04,89209.86,6775.39,Non-Compliant,ISO 14001,63.97,372010.71,86.33,0.64,0.78,No,27.04,92.98,76.68,Tier 1
S04765,Supplier_4765,China,Electronics,91.36,4844.6,36.75,40387.91,2777.97,Non-Compliant,ISO 14001,79.18,395684.69,74.03,2.42,0.37,Yes,39.67,52.04,4.0,Tier 2
S04766,Supplier_4766,India,Textiles,81.09,3312.85,89.71,81441.27,3069.58,Compliant,ISO 9001,84.49,191268.28,99.05,3.02,0.67,Yes,16.13,81.01,71.98,Tier 1
S04767,Supplier_4767,Indonesia,Metals,61.13,1613.99,95.02,1062.64,7853.59,Non-Compliant,None,39.45,111201.34,91.87,2.73,0.65,Yes,41.64,99.75,154.34,Tier 3
S04768,Supplier_4768,Vietnam,Automotive,42.81,N/A,57.89,1735.21,8986.65,Non-Compliant,ISO 45001,25.92,199703.49,89.99,1.3,0.84,No,29.76,37.16,76.57,Tier 2
S04769,Supplier_4769,India,Chemicals,68.16,3754.35,67.01,16441.16,8836.42,Partially Compliant,ISO 14001,12.4,322755.55,92.83,1.88,0.75,Yes,33.19,6.57,149.43,Tier 2
S04770,Supplier_4770,Thailand,Electronics,53.94,3541.44,72.51,16789.67,5670.36,Compliant,ISO 45001,21.12,439351.08,90.88,0.52,0.61,Yes,7.67,91.29,78.8,Tier 1
S04771,Supplier_4771,,Electronics,91.59,1669.47,34.54,29810.8,9859.67,Non-Compliant,None,67.34,117942.71,100.21,2.2,0.46,Yes,20.01,24.23,15.65,Tier 2
S04772,Supplier_4772,India,Electronics,44.35,4424.19,88.83,59439.34,2040.65,Partially Compliant,ISO 45001,40.86,381223.83,94.18,4.56,0.77,No,25.13,6.45,23.81,Tier 1
S04773,Supplier_4773,China,FMCG,92.05,1485.91,55.42,29371.1,8927.85,Non-Compliant,ISO 45001,53.33,506880.22,84.68,2.17,0.45,Yes,13.67,30.27,135.53,Tier 1
S04774,Supplier_4774,China,Automotive,72.99,1156.77,85.11,1483.92,8144.15,Compliant,ISO 9001,12.21,64469.08,78.5,1.49,0.36,No,28.0,95.47,20.17,Tier 2
S04775,Supplier_4775,Indonesia,Plastics,90.97,848.55,39.01,53196.74,7285.06,Compliant,None,18.31,293201.95,78.47,4.71,0.9,Yes,33.88,86.1,101.33,Tier 3
S04776,Supplier_4776,Vietnam,Electronics,69.27,1217.16,98.86,76139.36,4512.15,Partially Compliant,None,17.09,390455.3,95.4,3.13,0.86,Yes,12.94,10.92,185.99,Tier 2
S04777,Supplier_4777,,Textiles,87.9,746.72,48.37,28724.66,5044.39,Partially Compliant,ISO 45001,83.88,316369.07,79.23,3.32,0.71,No,33.45,79.76,150.86,Tier 2
S04778,Supplier_4778,Thailand,Automotive,91.2,2402.4,98.52,47061.26,7296.31,Partially Compliant,ISO 45001,88.32,44031.36,73.52,4.28,0.8,Yes,31.58,92.21,87.3,Tier 3
S04779,Supplier_4779,Malaysia,Metals,74.81,3949.0,55.49,38913.25,1678.75,Partially Compliant,ISO 14001,56.57,180623.04,90.88,4.22,0.48,No,23.72,84.15,162.04,Tier 2
S04780,Supplier_4780,Singapore,Plastics,79.67,3988.12,99.83,6173.26,630.13,Non-Compliant,ISO 14001,27.81,288473.67,76.67,4.39,0.58,Yes,18.81,8.39,178.26,Tier 2
S04781,Supplier_4781,Vietnam,Automotive,57.06,3344.44,76.01,31207.62,9257.35,Partially Compliant,ISO 9001,61.26,91138.92,69.84,3.87,0.34,Yes,41.42,26.34,72.23,Tier 2
S04782,Supplier_4782,Vietnam,Textiles,46.57,4131.27,68.17,90847.61,8940.04,Compliant,ISO 9001,71.85,417292.75,92.87,2.7,0.63,,18.45,42.27,19.86,Tier 2
S04783,Supplier_4783,Vietnam,Plastics,60.33,4343.36,48.67,32603.14,6266.06,Compliant,ISO 45001,49.69,237029.06,80.83,3.92,0.49,,4.07,66.21,133.8,Tier 2
S04784,Supplier_4784,Thailand,Plastics,61.61,1884.88,55.59,47353.21,1258.99,Non-Compliant,ISO 9001,58.97,479384.42,86.03,1.94,0.83,Yes,7.94,84.48,66.93,Tier 3
S04785,Supplier_4785,Thailand,Chemicals,44.96,671.15,92.34,86818.05,1787.23,Non-Compliant,ISO 45001,27.31,36254.11,88.19,2.44,0.87,Yes,33.43,66.85,159.58,Tier 2
S04786,Supplier_4786,Vietnam,FMCG,69.68,2083.69,83.44,73528.76,8689.93,Partially Compliant,,41.76,35387.04,92.21,0.8,0.76,Yes,40.81,8.55,21.11,Tier 3
S04787,Supplier_4787,India,Chemicals,86.15,2922.99,97.57,81167.22,9361.66,,ISO 9001,53.87,154770.91,83.29,3.39,0.81,Yes,38.45,81.61,21.74,Tier 2
S04788,Supplier_4788,Singapore,Metals,80.1,2447.08,77.9,66254.81,1026.55,Partially Compliant,ISO 9001,91.65,316361.3,94.11,0.74,0.44,No,40.87,81.87,125.54,
S04789,Supplier_4789,Indonesia,Automotive,67.91,4830.11,67.57,9704.94,5683.04,Non-Compliant,None,55.69,88550.15,73.16,3.54,0.68,No,9.66,71.36,87.17,Tier 2
S04790,Supplier_4790,Thailand,,57.52,418.39,32.55,39858.18,1701.98,Non-Compliant,ISO 14001,6.5,15078.52,90.6,2.87,0.86,No,12.91,65.34,101.15,Tier 3
S04791,Supplier_4791,Thailand,Chemicals,79.46,4908.58,46.13,19919.81,6442.87,Compliant,ISO 14001,67.5,414956.79,82.27,2.56,0.9,Yes,30.95,19.3,113.92,Tier 1
S04792,Supplier_4792,Singapore,Automotive,81.43,2891.62,44.22,3280.0,9094.85,Partially Compliant,,8.73,393762.48,82.16,0.37,0.81,Yes,21.99,73.93,116.46,Tier 1
S04793,Supplier_4793,Thailand,,45.81,821.45,103.12,50704.07,9259.35,Compliant,ISO 45001,7.66,345934.16,86.91,4.36,0.67,No,41.77,73.85,12.15,Tier 3
S04794,Supplier_4794,India,Plastics,89.29,1541.11,67.9,37470.0,4908.1,Compliant,,11.84,294579.66,96.8,3.77,0.58,Yes,5.19,1.32,14.43,Tier 2
S04795,Supplier_4795,India,Chemicals,73.27,2090.52,71.11,49916.75,2941.27,Compliant,,60.56,264919.46,72.49,0.61,0.67,No,24.46,12.55,141.55,Tier 2
S04796,Supplier_4796,Malaysia,Plastics,78.56,529.88,86.75,36072.61,2071.22,Non-Compliant,ISO 9001,42.69,140153.36,75.36,3.2,0.64,Yes,32.1,59.92,111.41,Tier 3
S04797,Supplier_4797,China,Automotive,46.93,1835.62,63.02,97975.78,5571.13,Partially Compliant,ISO 14001,26.62,120984.21,76.75,0.19,0.5,No,24.05,80.81,59.31,Tier 1
S04798,Supplier_4798,Vietnam,Chemicals,57.44,4884.55,100.29,33339.51,10172.68,Non-Compliant,None,18.58,272349.92,88.84,1.17,0.6,No,6.18,7.18,91.59,Tier 3
S04799,Supplier_4799,Malaysia,Chemicals,94.23,707.75,96.05,30573.09,300.87,Partially Compliant,ISO 45001,76.76,131553.74,77.63,1.93,0.92,Yes,21.14,31.51,131.08,Tier 3
S04800,Supplier_4800,Indonesia,Textiles,81.49,3682.27,73.53,74311.48,3793.69,Partially Compliant,ISO 9001,62.23,308962.64,91.11,1.99,0.83,Yes,34.94,16.77,133.17,Tier 1
S04801,Supplier_4801,China,Automotive,48.98,1335.39,55.74,32828.43,2854.01,Non-Compliant,None,59.76,270806.26,83.62,3.19,0.54,Yes,45.85,29.77,1.38,Tier 2
S04802,Supplier_4802,Thailand,Electronics,71.43,1764.39,81.57,45587.6,2027.5,Partially Compliant,ISO 14001,14.15,251546.22,82.74,4.26,0.4,Yes,13.0,48.09,19.83,Tier 3
S04803,Supplier_4803,Malaysia,Chemicals,93.56,4452.83,N/A,2846.17,6467.31,Compliant,ISO 9001,40.63,316928.11,73.12,0.61,0.42,No,30.95,68.02,173.39,Tier 1
S04804,Supplier_4804,India,Textiles,88.25,2147.17,N/A,34533.12,8552.01,Non-Compliant,ISO 14001,47.25,259860.01,70.92,0.9,0.38,Yes,20.46,84.42,94.41,Tier 3
S04805,Supplier_4805,Malaysia,Plastics,78.68,3326.46,97.12,74597.19,10203.3,Non-Compliant,ISO 9001,43.8,211529.61,84.24,1.12,0.49,No,30.97,57.11,57.88,Tier 1
S04806,Supplier_4806,Indonesia,Plastics,41.1,2654.12,69.26,19863.0,8334.55,,ISO 14001,42.9,419051.13,92.66,1.91,0.67,No,39.38,100.63,31.61,Tier 2
S04807,Supplier_4807,India,Automotive,40.61,3258.23,60.09,88501.34,5162.42,Non-Compliant,None,72.41,279549.76,82.64,3.51,0.85,Yes,40.09,19.16,94.4,Tier 3
S04808,Supplier_4808,Malaysia,Electronics,78.37,1768.27,84.24,93548.19,9416.14,Partially Compliant,ISO 9001,40.55,70275.17,101.47,0.58,0.94,Yes,40.14,6.28,55.75,Tier 1
S04809,Supplier_4809,Vietnam,FMCG,71.77,1428.56,48.72,63992.82,4060.6,Non-Compliant,None,29.93,88132.31,79.79,0.23,0.9,Yes,30.08,4.23,185.59,Tier 1
S04810,Supplier_4810,Singapore,Automotive,86.34,1872.28,71.03,21673.53,3718.79,Non-Compliant,ISO 14001,21.53,376659.74,78.68,1.42,0.85,No,14.39,96.31,138.5,Tier 1
S04811,Supplier_4811,China,Automotive,82.85,2159.68,73.63,62995.46,6608.49,Compliant,None,47.71,299999.49,78.81,3.91,0.87,No,19.66,4.92,59.26,Tier 2
S04812,Supplier_4812,Indonesia,Plastics,57.37,461.65,50.26,66967.65,3150.76,Non-Compliant,ISO 9001,83.81,278246.12,72.08,0.48,0.52,Yes,3.36,31.18,51.57,
S04813,Supplier_4813,,Plastics,N/A,2886.6,92.75,29849.76,2988.74,Compliant,ISO 9001,18.51,26268.0,101.54,1.63,0.77,No,2.6,11.14,153.25,Tier 1
S04814,Supplier_4814,Indonesia,Automotive,50.99,2227.92,92.48,60184.83,2709.92,Partially Compliant,ISO 45001,27.78,236736.18,96.92,0.21,0.49,Yes,11.01,31.02,27.83,Tier 1
S04815,Supplier_4815,Vietnam,Metals,N/A,1530.09,36.52,63251.36,8101.15,Compliant,None,36.9,227162.97,78.2,2.42,0.47,Yes,26.57,85.52,4.95,Tier 1
S04816,Supplier_4816,Vietnam,FMCG,60.34,4559.74,46.41,18473.4,3940.59,Non-Compliant,ISO 14001,47.98,385843.27,76.83,0.6,0.81,No,22.18,71.7,132.44,Tier 1
S04817,Supplier_4817,Vietnam,Automotive,90.18,3930.91,92.48,27802.01,6008.55,Non-Compliant,ISO 9001,5.19,136334.22,94.77,1.25,0.98,Yes,15.87,7.57,133.99,Tier 2
S04818,Supplier_4818,India,Electronics,62.94,2798.55,56.88,41420.84,2444.96,Non-Compliant,ISO 9001,19.88,465770.65,92.38,3.7,0.54,Yes,10.44,88.45,19.4,Tier 3
S04819,Supplier_4819,Vietnam,Textiles,48.74,1433.65,52.09,71772.55,459.24,,ISO 45001,77.46,134584.66,77.07,3.29,0.69,No,28.64,55.96,93.98,Tier 2
S04820,Supplier_4820,Thailand,Plastics,60.6,1525.97,58.42,11626.7,8433.69,Compliant,None,84.13,442285.0,94.5,1.52,0.94,No,37.75,12.02,87.51,Tier 2
S04821,Supplier_4821,Thailand,Chemicals,55.53,1048.58,N/A,65454.28,4777.13,Compliant,ISO 45001,46.28,321466.84,72.49,3.26,0.76,Yes,10.65,2.18,191.8,Tier 3
S04822,Supplier_4822,China,Plastics,69.08,2188.0,49.74,4561.87,374.0,Partially Compliant,None,33.09,372975.02,74.58,2.42,0.99,Yes,15.89,53.05,44.15,Tier 2
S04823,Supplier_4823,Vietnam,Plastics,81.44,1296.57,63.19,67291.29,5521.55,Non-Compliant,ISO 14001,55.27,197510.47,77.39,3.73,0.99,Yes,27.24,48.85,138.27,Tier 3
S04824,Supplier_4824,Thailand,Metals,47.71,380.74,62.74,72681.19,3054.47,Non-Compliant,ISO 9001,36.23,350108.29,99.47,0.13,0.53,Yes,42.25,55.31,149.33,Tier 2
S04825,Supplier_4825,Thailand,Textiles,69.57,2614.19,70.8,18739.62,5701.16,Compliant,ISO 14001,18.28,8801.22,91.64,1.36,0.44,No,10.31,36.32,151.62,Tier 3
S04826,Supplier_4826,Indonesia,Automotive,56.24,2033.65,99.73,68091.94,4231.46,Compliant,None,77.46,411935.51,90.67,2.82,0.71,Yes,29.67,78.2,73.23,Tier 3
S04827,Supplier_4827,Singapore,Plastics,76.01,2096.27,67.7,78178.85,3049.61,Compliant,None,59.2,348094.82,73.64,1.34,0.33,No,44.57,92.71,153.74,Tier 1
S04828,Supplier_4828,Singapore,Chemicals,70.7,2455.87,62.35,79672.18,2510.94,Partially Compliant,ISO 14001,44.17,31404.42,75.4,1.36,0.36,No,10.57,7.71,143.13,Tier 2
S04829,Supplier_4829,Indonesia,Chemicals,67.03,4542.23,61.84,79918.82,4035.16,Non-Compliant,ISO 14001,86.27,356262.39,69.62,2.92,0.57,Yes,36.82,73.8,145.45,Tier 2
S04830,Supplier_4830,Vietnam,Metals,87.56,1982.81,75.94,26470.79,2273.55,Non-Compliant,ISO 14001,85.14,103820.51,69.12,3.92,0.64,Yes,47.92,66.21,126.53,Tier 1
S04831,Supplier_4831,India,Automotive,89.54,662.08,93.78,90324.01,6732.93,Partially Compliant,ISO 9001,5.54,351642.54,95.17,2.59,0.4,No,15.67,14.3,26.32,
S04832,Supplier_4832,China,Plastics,39.71,4264.31,79.43,83755.39,10089.99,Non-Compliant,ISO 45001,86.09,215748.23,84.07,0.52,0.77,No,46.49,61.94,25.84,Tier 3
S04833,Supplier_4833,Indonesia,Metals,74.0,1457.69,49.41,73932.09,5708.24,Non-Compliant,ISO 14001,80.73,86738.43,79.13,1.81,0.72,No,22.71,53.65,89.5,Tier 2
S04834,Supplier_4834,Vietnam,Electronics,63.72,2779.04,59.84,2874.52,2969.69,Non-Compliant,ISO 14001,7.75,443728.63,74.39,4.62,0.39,Yes,5.14,24.03,49.01,Tier 1
S04835,Supplier_4835,India,Automotive,51.12,4545.85,94.94,8248.35,9186.81,Compliant,None,20.61,242769.2,83.24,4.32,0.94,Yes,22.59,40.76,83.31,Tier 1
S04836,Supplier_4836,Singapore,,89.26,4086.37,85.47,90769.42,1393.85,Partially Compliant,ISO 45001,41.84,12107.46,89.34,1.78,0.58,Yes,8.74,86.66,38.72,Tier 2
S04837,Supplier_4837,Indonesia,Plastics,77.28,1424.07,43.94,48174.55,2524.74,Non-Compliant,ISO 14001,49.04,383029.29,76.97,0.29,0.31,No,15.42,2.76,171.45,Tier 3
S04838,Supplier_4838,India,FMCG,50.79,1390.55,41.5,60869.5,7966.34,Partially Compliant,None,61.92,366089.42,86.06,0.78,0.68,Yes,25.22,3.85,181.38,Tier 2
S04839,Supplier_4839,,Plastics,78.57,1074.98,63.24,28624.27,1138.58,Partially Compliant,ISO 9001,84.8,46856.13,85.11,5.12,0.33,,45.7,10.49,126.16,Tier 1
S04840,Supplier_4840,Thailand,Textiles,42.88,N/A,55.73,37565.75,2375.52,Non-Compliant,ISO 9001,39.64,459105.13,86.15,1.36,1.0,Yes,18.68,93.03,179.47,Tier 3
S04841,Supplier_4841,Vietnam,Metals,84.39,687.36,32.03,25522.27,7119.04,Partially Compliant,ISO 45001,62.01,391114.31,86.43,2.69,0.53,Yes,14.79,86.33,177.01,Tier 2
S04842,Supplier_4842,Indonesia,Automotive,77.03,2881.8,82.16,38494.18,5118.94,Non-Compliant,,75.61,406854.26,82.94,3.68,0.36,Yes,20.54,74.22,107.87,Tier 1
S04843,Supplier_4843,Vietnam,Chemicals,45.29,2803.03,85.6,18704.2,2870.02,Compliant,ISO 9001,13.1,495150.19,81.92,2.53,0.61,Yes,38.01,59.39,126.93,Tier 3
S04844,Supplier_4844,,Automotive,64.51,N/A,46.5,84035.13,7801.79,Partially Compliant,None,35.66,460121.97,86.07,1.21,0.57,No,7.15,50.39,43.17,Tier 2
S04845,Supplier_4845,Indonesia,Plastics,84.93,2658.47,65.5,13500.37,2669.47,,ISO 9001,61.27,306708.12,90.79,3.55,0.85,Yes,32.23,48.78,168.33,Tier 2
S04846,Supplier_4846,India,Textiles,41.61,4643.98,54.52,88200.38,2171.21,Compliant,ISO 14001,88.3,396547.77,72.28,1.01,0.62,No,45.2,72.43,168.66,Tier 1
S04847,Supplier_4847,Malaysia,Chemicals,41.97,3479.57,82.64,2352.26,2034.68,Partially Compliant,ISO 45001,51.89,366403.9,72.76,0.49,0.85,No,33.04,19.04,123.69,
S04848,Supplier_4848,Singapore,Automotive,77.16,1387.84,48.84,71991.89,3256.84,Partially Compliant,ISO 14001,50.33,4272.41,79.59,1.81,0.71,No,23.4,2.89,70.19,Tier 3
S04849,Supplier_4849,Thailand,Automotive,76.97,4140.5,38.88,75837.56,7694.19,Compliant,ISO 14001,15.35,382091.81,73.78,3.07,0.93,,17.92,91.07,63.37,
S04850,Supplier_4850,Indonesia,Textiles,54.58,4550.26,N/A,68459.73,3883.03,Compliant,ISO 14001,63.54,2093.83,85.49,1.65,0.71,No,23.97,28.96,50.54,Tier 1
S04851,Supplier_4851,China,FMCG,77.41,2200.33,80.84,67931.64,8770.02,Partially Compliant,None,71.17,1822.86,91.2,2.85,0.48,Yes,41.26,19.69,129.3,Tier 2
S04852,Supplier_4852,Thailand,Plastics,59.22,2139.06,90.57,22413.35,7700.86,Compliant,None,39.29,417974.9,73.83,2.87,0.46,Yes,5.39,94.84,197.36,Tier 2
S04853,Supplier_4853,Vietnam,Chemicals,93.1,2562.19,89.56,68904.37,3002.9,Compliant,None,59.42,9709.0,83.69,4.98,0.64,Yes,41.29,27.66,94.22,Tier 1
S04854,Supplier_4854,China,Electronics,61.33,2639.72,36.58,56042.67,2522.53,,ISO 45001,63.12,338809.25,90.03,4.41,0.43,No,44.84,48.81,150.17,Tier 1
S04855,Supplier_4855,Indonesia,Textiles,44.43,N/A,42.66,4628.21,4579.6,Partially Compliant,ISO 14001,43.7,489187.8,84.01,4.38,0.51,No,9.92,75.01,155.51,Tier 1
S04856,Supplier_4856,Indonesia,FMCG,55.88,3576.0,94.82,29080.95,7572.67,Non-Compliant,ISO 14001,33.75,186749.51,82.72,4.07,0.38,Yes,0.7,86.99,54.45,Tier 3
S04857,Supplier_4857,Indonesia,Automotive,62.38,4251.06,75.7,8718.77,4817.27,Compliant,ISO 14001,78.71,241011.61,87.82,4.67,0.71,Yes,42.31,73.27,161.41,Tier 3
S04858,Supplier_4858,Malaysia,Electronics,59.65,4868.87,N/A,70343.01,1336.0,Non-Compliant,ISO 9001,39.33,311984.66,75.99,0.72,0.36,,37.51,5.23,138.07,
S04859,Supplier_4859,Malaysia,Chemicals,42.68,449.94,96.25,54472.96,1293.32,Compliant,None,34.74,247781.03,80.81,4.76,0.39,No,40.69,80.08,42.82,Tier 1
S04860,Supplier_4860,India,Textiles,87.75,3051.32,68.6,43612.23,9439.18,Non-Compliant,None,17.44,73188.46,74.93,0.59,0.54,No,20.38,39.45,152.28,Tier 1
S04861,Supplier_4861,Vietnam,Chemicals,68.11,891.65,30.65,63771.75,3243.28,Compliant,None,51.5,161142.9,80.16,3.66,0.9,,0.08,77.21,135.87,Tier 2
S04862,Supplier_4862,India,Textiles,66.72,2734.39,47.05,86444.52,2753.27,Partially Compliant,ISO 9001,51.77,386306.91,73.18,4.85,0.69,Yes,27.26,10.84,112.98,Tier 3
S04863,Supplier_4863,Thailand,Automotive,55.9,4515.85,51.49,46733.36,880.71,Compliant,ISO 45001,11.73,440946.47,104.54,2.87,0.39,,36.41,65.85,185.67,Tier 2
S04864,Supplier_4864,Malaysia,Metals,44.86,3757.21,89.79,18200.63,2114.03,Non-Compliant,ISO 45001,11.17,27742.46,82.99,4.19,0.83,No,50.01,92.2,8.28,Tier 2
S04865,Supplier_4865,India,Chemicals,83.59,335.1,37.67,64834.27,578.85,Partially Compliant,None,76.59,484489.25,81.3,4.43,0.56,,3.44,94.1,56.83,Tier 3
S04866,Supplier_4866,Thailand,,67.2,4894.27,74.09,7526.84,6508.86,Compliant,None,73.72,65716.59,97.72,3.4,0.33,No,14.42,50.72,103.37,Tier 2
S04867,Supplier_4867,Indonesia,Metals,66.93,1722.07,100.08,91093.75,4054.7,Compliant,ISO 45001,6.93,251570.03,83.8,5.08,0.76,No,45.22,72.78,108.09,
S04868,Supplier_4868,Indonesia,Textiles,61.61,3454.18,69.36,77444.58,743.78,Partially Compliant,ISO 45001,18.52,174073.81,98.15,2.96,0.38,Yes,21.46,53.96,42.98,Tier 1
S04869,Supplier_4869,Vietnam,FMCG,70.39,594.54,35.52,3501.11,6762.85,Compliant,ISO 45001,65.77,466124.29,98.21,2.9,1.0,No,40.24,42.02,28.47,Tier 3
S04870,Supplier_4870,Singapore,Textiles,78.15,3366.48,70.08,74030.53,7914.96,Partially Compliant,ISO 45001,20.02,251308.48,70.71,1.81,0.4,Yes,2.28,91.14,50.1,Tier 1
S04871,Supplier_4871,Vietnam,FMCG,61.95,3512.05,50.16,37468.83,7640.79,,ISO 9001,11.65,288215.7,67.82,0.94,0.44,No,42.66,48.8,190.89,Tier 3
S04872,Supplier_4872,India,FMCG,69.19,3500.68,62.46,23142.69,7139.12,Compliant,ISO 14001,16.97,17100.4,84.41,3.54,0.36,Yes,11.75,50.14,192.87,Tier 2
S04873,Supplier_4873,Malaysia,Automotive,90.67,4454.15,81.7,31655.72,6832.39,Non-Compliant,ISO 14001,77.39,111886.01,72.19,5.06,0.82,Yes,11.24,64.51,100.08,Tier 3
S04874,Supplier_4874,Indonesia,Plastics,91.3,1940.01,90.97,40759.54,2079.84,Non-Compliant,ISO 45001,27.22,190220.71,84.25,1.39,0.66,No,48.19,84.46,119.63,Tier 1
S04875,Supplier_4875,China,FMCG,94.67,3989.94,54.68,12796.23,3912.6,Non-Compliant,ISO 14001,6.15,86362.19,80.68,1.66,0.85,Yes,35.15,41.0,25.98,Tier 1
S04876,Supplier_4876,Thailand,Plastics,89.82,4429.91,71.88,27855.0,8697.7,Non-Compliant,None,69.57,381721.98,85.4,3.73,0.75,Yes,45.09,69.37,156.64,Tier 2
S04877,Supplier_4877,India,Electronics,43.23,4655.38,76.52,85872.1,605.62,Non-Compliant,,70.63,53381.16,94.85,2.56,0.68,No,3.76,51.69,110.68,Tier 2
S04878,Supplier_4878,Thailand,Chemicals,93.32,3856.69,39.1,25380.45,8090.51,Non-Compliant,ISO 45001,70.41,474972.39,70.05,0.18,0.47,No,17.27,89.3,6.03,Tier 3
S04879,Supplier_4879,China,Metals,51.77,4824.29,N/A,70319.65,2712.69,Non-Compliant,ISO 45001,68.84,493351.59,84.5,4.5,0.94,No,18.9,54.42,15.53,Tier 1
S04880,Supplier_4880,Thailand,Automotive,74.29,1332.7,59.44,89717.11,5936.34,Compliant,None,28.11,153422.33,92.63,0.9,0.63,Yes,11.73,45.16,94.66,Tier 2
S04881,Supplier_4881,Vietnam,FMCG,83.08,4687.62,29.96,102902.06,8182.89,Non-Compliant,ISO 45001,90.38,460391.53,96.95,1.88,0.65,Yes,48.28,15.37,101.58,Tier 1
S04882,Supplier_4882,Singapore,Textiles,87.47,3470.63,33.78,51355.28,137.72,Non-Compliant,ISO 9001,31.46,193925.92,79.34,4.93,0.81,No,11.19,68.21,59.67,Tier 2
S04883,Supplier_4883,India,FMCG,57.23,4457.38,85.65,66260.45,9546.22,Compliant,ISO 9001,51.82,155543.62,89.54,3.27,0.6,Yes,27.73,13.06,71.85,Tier 2
S04884,Supplier_4884,Thailand,Automotive,59.23,2913.93,91.17,66637.41,2962.51,Non-Compliant,None,29.8,118158.55,90.1,3.26,0.62,Yes,6.51,15.22,59.04,Tier 1
S04885,Supplier_4885,Vietnam,Metals,80.8,3661.05,39.33,4667.26,5836.36,Compliant,None,58.66,474188.64,72.77,1.86,0.92,Yes,24.04,24.28,27.71,Tier 3
S04886,Supplier_4886,China,Automotive,92.16,610.27,41.25,89645.75,1200.32,Compliant,ISO 45001,53.31,320036.25,95.88,0.26,0.49,No,26.98,84.58,117.61,Tier 1
S04887,Supplier_4887,Singapore,Metals,43.36,1932.48,39.56,78233.28,6800.62,Partially Compliant,ISO 14001,85.58,33307.65,71.41,4.22,0.91,No,43.54,97.26,156.58,Tier 3
S04888,Supplier_4888,India,Metals,79.21,3259.44,66.53,58977.52,4518.76,Partially Compliant,ISO 45001,52.48,280182.17,77.34,4.45,0.75,No,16.03,17.71,26.19,Tier 2
S04889,Supplier_4889,,FMCG,61.54,1765.75,40.0,55553.0,9584.85,Non-Compliant,ISO 14001,51.75,469877.15,80.51,2.71,0.86,No,18.3,86.48,71.92,Tier 1
S04890,Supplier_4890,Singapore,Chemicals,58.56,2627.97,N/A,87052.85,8531.48,Partially Compliant,ISO 9001,56.09,280594.85,75.07,3.31,0.61,Yes,10.21,91.52,56.98,Tier 2
S04891,Supplier_4891,China,Chemicals,45.66,3260.52,42.45,42640.27,9449.41,Partially Compliant,None,68.4,457026.89,92.93,5.03,0.3,No,24.04,11.84,154.26,Tier 2
S04892,Supplier_4892,Thailand,Textiles,52.48,709.63,62.01,92488.04,8511.35,Partially Compliant,ISO 9001,21.19,343518.0,80.54,1.4,0.84,No,24.45,11.29,18.54,Tier 3
S04893,Supplier_4893,Vietnam,Automotive,70.95,346.57,72.01,40881.27,488.17,Partially Compliant,ISO 45001,6.2,42976.46,77.56,1.57,0.75,Yes,15.44,90.97,66.89,Tier 1
S04894,Supplier_4894,Thailand,Metals,60.75,3248.08,84.11,77392.17,8221.46,Partially Compliant,None,41.03,70703.7,79.05,2.56,0.63,,29.72,0.93,5.78,Tier 2
S04895,Supplier_4895,India,Chemicals,90.13,3664.95,36.5,5120.43,8623.07,Non-Compliant,ISO 14001,50.49,84857.94,85.85,1.09,0.94,Yes,45.28,93.42,53.17,Tier 3
S04896,Supplier_4896,Malaysia,Automotive,46.41,4465.32,68.72,81889.11,502.3,Partially Compliant,ISO 14001,32.47,483460.0,96.35,1.06,0.68,No,25.23,10.66,44.0,Tier 1
S04897,Supplier_4897,Singapore,Automotive,N/A,3784.66,29.86,57434.73,6261.33,Non-Compliant,None,77.75,71197.18,95.98,0.89,0.49,Yes,18.67,95.74,139.05,Tier 2
S04898,Supplier_4898,Thailand,Chemicals,75.64,4637.26,56.65,53872.27,8742.56,Non-Compliant,ISO 45001,33.73,17007.39,80.74,2.56,0.48,Yes,24.61,87.88,53.2,Tier 1
S04899,Supplier_4899,Vietnam,Plastics,78.78,4388.12,71.92,54454.96,3424.86,Compliant,ISO 45001,86.28,266459.99,88.34,3.04,0.38,No,9.09,10.26,37.72,Tier 3
S04900,Supplier_4900,India,,86.05,3454.39,91.24,58755.48,3559.94,Compliant,ISO 45001,6.8,120417.32,91.28,2.7,0.36,Yes,10.65,16.79,146.98,Tier 3
S04901,Supplier_4901,,,88.12,3739.33,N/A,57835.42,1958.43,Non-Compliant,None,78.75,267764.11,102.13,0.41,0.4,No,6.33,80.77,13.83,Tier 1
S04902,Supplier_4902,India,FMCG,67.39,151.43,96.62,1516.15,4449.93,Non-Compliant,ISO 45001,64.32,23532.64,99.22,1.86,0.41,Yes,18.72,14.01,117.0,Tier 1
S04903,Supplier_4903,India,Metals,55.08,1743.46,46.82,78412.23,1376.07,Non-Compliant,ISO 9001,46.62,187301.16,78.69,2.39,0.46,No,18.39,12.56,198.67,Tier 2
S04904,Supplier_4904,India,Textiles,70.89,4053.5,61.41,57474.1,4986.25,Partially Compliant,None,8.78,117475.99,83.39,1.04,0.4,Yes,39.48,88.53,149.43,Tier 2
S04905,Supplier_4905,India,Chemicals,73.4,4603.23,48.83,14090.52,1739.77,Partially Compliant,None,68.44,412967.04,84.59,4.13,0.38,Yes,31.39,22.76,72.43,Tier 1
S04906,Supplier_4906,China,Textiles,53.3,2069.68,101.53,93169.78,394.81,Non-Compliant,ISO 14001,6.17,452679.14,93.56,1.67,1.0,Yes,21.77,39.96,193.3,Tier 2
S04907,Supplier_4907,China,FMCG,87.49,4423.26,81.15,6782.29,1616.9,Compliant,ISO 45001,22.71,456990.93,88.22,3.74,0.82,No,31.0,86.39,128.2,Tier 2
S04908,Supplier_4908,Thailand,,68.48,1865.62,93.96,18988.8,1984.17,Non-Compliant,None,13.41,227444.19,80.26,1.68,0.31,Yes,49.0,65.59,68.52,Tier 1
S04909,Supplier_4909,Indonesia,Chemicals,86.21,991.59,95.03,19770.5,3975.15,,ISO 14001,70.74,293625.43,84.23,0.58,0.77,Yes,35.33,18.36,185.0,Tier 2
S04910,Supplier_4910,Singapore,,61.56,1896.78,42.32,20677.58,729.5,Non-Compliant,ISO 14001,55.34,127411.39,96.64,1.42,0.34,,35.71,12.02,3.71,Tier 2
S04911,Supplier_4911,Indonesia,Plastics,66.72,4472.51,89.85,24341.79,5366.52,Compliant,ISO 14001,24.77,420399.82,67.73,4.79,0.49,No,5.59,10.11,91.23,Tier 1
S04912,Supplier_4912,Thailand,Electronics,91.71,1433.75,50.65,70505.83,4515.1,Compliant,ISO 9001,59.66,170014.18,91.3,3.85,0.91,Yes,19.75,76.71,81.12,Tier 3
S04913,Supplier_4913,India,FMCG,66.84,185.09,32.82,71188.77,3558.39,Non-Compliant,ISO 9001,82.85,39590.69,95.43,3.24,0.66,No,6.82,85.4,51.83,Tier 1
S04914,Supplier_4914,Thailand,Electronics,53.42,2621.58,47.74,7403.33,8441.58,Partially Compliant,,5.26,395160.75,67.76,1.38,0.7,No,10.89,87.95,149.08,Tier 1
S04915,Supplier_4915,Malaysia,Electronics,92.89,3501.07,97.67,59509.07,8656.94,Partially Compliant,ISO 14001,35.61,159353.36,76.28,4.31,0.73,Yes,44.66,44.03,181.76,Tier 3
S04916,Supplier_4916,India,Chemicals,83.51,1722.4,90.95,40750.17,5125.92,Compliant,ISO 9001,12.71,187096.3,75.96,3.58,0.78,Yes,32.46,22.47,60.74,Tier 1
S04917,Supplier_4917,Singapore,Metals,73.2,1373.61,74.44,77548.5,8162.29,Compliant,ISO 14001,52.89,205215.58,86.73,4.67,0.55,No,36.91,61.5,189.65,Tier 2
S04918,Supplier_4918,Malaysia,FMCG,55.58,1922.16,63.62,92384.74,772.35,Compliant,None,74.21,322786.06,76.99,4.58,0.37,No,18.32,67.96,128.45,Tier 2
S04919,Supplier_4919,Singapore,,67.33,1142.6,92.34,20723.82,3018.65,Partially Compliant,None,88.91,462346.48,91.64,1.28,0.71,No,10.19,42.92,47.24,Tier 3
S04920,Supplier_4920,Malaysia,FMCG,50.67,4450.53,51.16,13322.27,1361.0,Partially Compliant,None,21.85,113175.49,94.6,3.67,0.62,No,6.77,6.37,137.9,Tier 1
S04921,Supplier_4921,Indonesia,Plastics,95.14,3422.15,64.24,64405.49,8150.47,Partially Compliant,ISO 45001,55.73,115596.28,97.53,1.19,0.79,Yes,1.49,2.32,138.84,Tier 3
S04922,Supplier_4922,Malaysia,Electronics,85.57,2527.73,72.37,71315.07,8897.78,Compliant,ISO 45001,81.87,158153.28,86.11,0.46,0.91,Yes,44.78,64.32,141.54,Tier 1
S04923,Supplier_4923,Malaysia,Textiles,74.97,456.31,32.61,95025.88,3555.65,Partially Compliant,ISO 14001,14.9,470511.97,97.56,3.2,0.82,No,43.29,66.6,196.75,
S04924,Supplier_4924,Vietnam,Electronics,46.58,2416.43,48.42,10683.7,443.39,Compliant,ISO 14001,59.45,334457.1,75.21,2.54,0.49,No,8.0,90.18,154.27,Tier 3
S04925,Supplier_4925,,Electronics,39.76,519.73,75.7,91630.93,6939.45,Compliant,ISO 9001,47.91,282833.98,100.13,1.7,0.46,No,5.85,16.2,131.81,Tier 2
S04926,Supplier_4926,China,Metals,59.98,1878.44,80.98,60183.49,4272.19,Partially Compliant,None,31.53,387868.9,84.37,2.72,0.63,No,0.54,37.28,120.23,Tier 1
S04927,Supplier_4927,India,Plastics,43.68,659.06,87.97,5326.93,2673.23,Compliant,ISO 9001,66.85,305504.2,85.73,1.68,0.59,Yes,37.05,60.35,14.13,Tier 2
S04928,Supplier_4928,India,Metals,56.66,1322.32,45.74,38050.25,9116.09,Partially Compliant,ISO 14001,32.58,30005.56,82.1,4.88,0.41,Yes,8.08,16.17,119.38,Tier 2
S04929,Supplier_4929,Vietnam,Electronics,41.83,N/A,52.38,19106.49,7998.76,Compliant,None,44.75,46873.23,98.08,0.66,0.81,No,13.76,69.59,142.54,Tier 3
S04930,Supplier_4930,Thailand,Textiles,94.51,3506.53,86.72,50865.17,8659.03,Non-Compliant,ISO 9001,44.15,36099.28,71.23,3.09,0.5,Yes,13.57,75.91,59.18,Tier 3
S04931,Supplier_4931,Indonesia,Electronics,83.83,1637.55,59.4,39876.09,9250.02,Compliant,ISO 14001,32.04,57076.13,76.25,0.62,0.55,No,22.02,8.16,78.84,Tier 2
S04932,Supplier_4932,Thailand,Electronics,54.05,1177.53,80.83,16071.01,3300.31,Partially Compliant,ISO 9001,70.42,341863.62,76.94,4.28,0.72,,37.97,53.94,155.53,Tier 2
S04933,Supplier_4933,China,Metals,84.41,5092.74,91.66,45759.64,634.84,Partially Compliant,ISO 14001,35.32,377851.08,95.05,3.75,0.87,No,47.33,60.6,27.43,Tier 3
S04934,Supplier_4934,Malaysia,,60.13,176.83,85.69,55524.74,7228.83,Partially Compliant,None,57.26,255488.82,93.28,2.59,0.57,No,16.08,30.68,10.72,Tier 2
S04935,Supplier_4935,Malaysia,Metals,76.88,1300.39,42.6,71694.95,1174.12,Non-Compliant,ISO 14001,26.46,262597.14,76.84,2.93,0.95,No,4.76,40.12,48.76,Tier 3
S04936,Supplier_4936,Vietnam,Electronics,75.48,3426.38,43.85,28267.4,3193.86,Non-Compliant,None,80.71,471587.64,92.1,4.3,0.51,Yes,18.39,28.74,150.93,Tier 2
S04937,Supplier_4937,Singapore,Automotive,59.17,2304.39,48.46,25430.71,6400.16,Non-Compliant,ISO 9001,21.52,226785.87,67.77,3.44,0.44,,51.34,80.46,33.96,Tier 2
S04938,Supplier_4938,Thailand,Electronics,52.56,2951.57,39.18,41745.95,4485.25,Non-Compliant,ISO 14001,58.36,14204.88,77.7,2.68,0.33,No,32.56,82.82,40.95,Tier 3
S04939,Supplier_4939,Singapore,Metals,47.0,4058.45,30.83,72004.67,6303.31,Non-Compliant,ISO 45001,22.58,281688.87,82.56,5.08,0.94,Yes,17.64,92.87,42.99,Tier 3
S04940,Supplier_4940,China,Electronics,64.21,1751.84,93.86,90078.19,8582.97,Non-Compliant,ISO 9001,79.65,481582.58,94.47,2.34,0.85,Yes,45.21,37.0,81.71,Tier 1
S04941,Supplier_4941,Vietnam,Automotive,94.5,3883.45,40.87,99296.4,5285.88,Non-Compliant,ISO 45001,51.12,193889.48,88.51,1.28,0.84,No,10.06,74.02,127.1,Tier 3
S04942,Supplier_4942,Indonesia,Automotive,77.57,2190.22,36.96,3461.17,4858.26,Partially Compliant,,82.29,25248.52,84.08,4.24,0.55,No,30.32,65.96,14.84,Tier 3
S04943,Supplier_4943,Malaysia,,73.43,778.21,79.98,8721.68,7511.97,Partially Compliant,ISO 9001,70.66,54030.02,71.45,2.31,0.62,Yes,17.61,32.76,91.92,Tier 3
S04944,Supplier_4944,Indonesia,Metals,96.36,934.24,49.94,27028.57,3321.36,Partially Compliant,None,52.48,149302.71,90.08,1.53,0.77,No,17.46,87.31,171.36,Tier 2
S04945,Supplier_4945,India,Metals,74.18,3941.39,33.32,11942.95,4400.23,Compliant,ISO 14001,49.33,471531.12,78.13,0.79,0.33,No,35.15,48.94,87.94,Tier 3
S04946,Supplier_4946,Singapore,Electronics,46.18,4560.88,86.82,37676.44,6290.12,Non-Compliant,ISO 45001,53.09,292097.43,84.58,4.75,0.51,Yes,42.1,89.63,163.41,Tier 2
S04947,Supplier_4947,Indonesia,Electronics,74.83,2448.91,80.61,21234.73,1365.0,Partially Compliant,ISO 14001,34.73,348315.8,95.3,4.12,0.77,Yes,13.05,89.24,146.05,Tier 1
S04948,Supplier_4948,China,FMCG,47.48,613.42,71.36,52727.53,7395.74,Partially Compliant,ISO 14001,91.3,121813.9,84.34,0.27,0.32,Yes,37.9,64.96,186.2,Tier 1
S04949,Supplier_4949,Vietnam,Plastics,55.59,1262.18,75.32,4941.54,2634.57,Non-Compliant,,31.94,288887.49,86.71,4.5,0.75,Yes,45.83,100.25,91.38,Tier 1
S04950,Supplier_4950,Malaysia,Textiles,88.8,3159.4,59.3,39030.1,10176.02,Compliant,None,23.94,464051.38,92.04,3.13,0.79,No,6.19,35.31,67.28,Tier 2
S04951,Supplier_4951,Vietnam,Automotive,49.9,2977.9,99.52,89899.34,7158.63,Non-Compliant,ISO 9001,59.46,350489.94,82.16,4.56,0.47,Yes,11.58,83.05,41.51,Tier 1
S04952,Supplier_4952,India,Automotive,45.11,3811.32,43.58,78130.9,2780.46,Partially Compliant,ISO 45001,68.02,52861.52,86.53,2.54,0.52,Yes,48.06,20.82,139.8,Tier 3
S04953,Supplier_4953,Malaysia,Automotive,44.52,4119.37,66.43,2734.28,3432.26,Compliant,ISO 14001,61.23,215532.08,75.71,4.15,0.58,No,1.19,15.95,110.16,Tier 3
S04954,Supplier_4954,Vietnam,Plastics,58.84,946.31,76.86,18870.33,8434.4,Compliant,ISO 14001,10.05,192505.09,79.57,0.13,0.46,No,26.72,37.41,114.54,Tier 1
S04955,Supplier_4955,Indonesia,Electronics,90.37,1270.61,73.93,2001.59,4855.97,,ISO 9001,11.25,444991.61,85.82,1.1,0.56,No,41.34,47.03,142.02,Tier 2
S04956,Supplier_4956,Singapore,Textiles,66.43,1437.19,81.93,51305.42,7810.63,Partially Compliant,None,30.04,385652.99,82.02,4.98,0.39,Yes,41.6,80.93,62.46,Tier 1
S04957,Supplier_4957,Singapore,Plastics,77.95,3398.71,73.02,69863.03,8721.55,Compliant,ISO 45001,23.71,343162.77,86.25,0.95,0.41,No,9.5,81.25,57.74,Tier 3
S04958,Supplier_4958,Singapore,Automotive,46.24,3226.15,36.25,94641.97,7292.43,Non-Compliant,ISO 9001,90.27,450584.33,74.9,4.21,0.82,Yes,12.59,34.8,67.73,Tier 1
S04959,Supplier_4959,Singapore,Plastics,56.95,3728.29,94.7,74897.72,2760.25,Compliant,ISO 45001,53.66,95024.95,73.9,0.99,0.75,No,16.37,32.33,180.66,Tier 2
S04960,Supplier_4960,Malaysia,Textiles,91.47,2833.48,56.93,26771.65,4832.14,Partially Compliant,ISO 14001,9.39,84118.37,83.01,3.23,0.64,Yes,24.92,93.64,189.66,Tier 2
S04961,Supplier_4961,Vietnam,Plastics,57.79,2637.93,74.71,38455.29,6628.92,Compliant,ISO 9001,18.8,234444.37,74.97,3.29,0.32,Yes,40.49,96.22,95.05,Tier 2
S04962,Supplier_4962,Singapore,Chemicals,73.56,4128.98,60.94,1394.24,871.91,Partially Compliant,ISO 45001,40.42,205591.04,98.44,4.84,0.63,Yes,25.66,36.13,104.4,Tier 3
S04963,Supplier_4963,Vietnam,Chemicals,43.88,3617.36,46.21,18565.77,6833.62,Partially Compliant,ISO 14001,12.75,436636.7,83.62,1.08,0.74,No,19.26,20.88,1.4,Tier 1
S04964,Supplier_4964,Vietnam,Electronics,90.21,1507.52,74.45,49453.76,6826.79,Non-Compliant,,91.45,406111.9,94.34,0.35,0.85,No,41.7,21.02,128.85,Tier 1
S04965,Supplier_4965,India,Textiles,94.04,2341.31,60.61,66760.48,7954.15,Non-Compliant,None,54.78,172436.86,78.43,2.06,0.47,Yes,37.37,75.23,161.33,Tier 1
S04966,Supplier_4966,Singapore,Metals,56.2,2114.41,41.86,13997.14,7212.45,,None,41.95,16873.68,87.47,2.1,0.87,Yes,36.99,21.11,115.79,Tier 2
S04967,Supplier_4967,Malaysia,Plastics,54.4,4710.54,91.38,54223.09,4045.8,Non-Compliant,ISO 9001,74.86,208387.68,90.9,3.53,0.76,Yes,37.55,18.87,88.49,Tier 3
S04968,Supplier_4968,Vietnam,Chemicals,81.74,141.82,87.81,61351.29,2672.94,Compliant,ISO 14001,14.95,366751.31,85.5,3.58,0.57,Yes,11.18,77.37,198.27,Tier 2
S04969,Supplier_4969,Vietnam,Textiles,81.85,4740.86,81.23,22776.08,4889.3,Compliant,ISO 14001,55.58,34794.62,78.2,0.87,0.83,No,43.12,100.12,4.98,Tier 3
S04970,Supplier_4970,India,Metals,57.74,1007.93,40.79,67355.95,3693.3,Non-Compliant,None,44.05,459204.2,94.16,1.0,0.37,Yes,6.84,38.96,65.5,Tier 2
S04971,Supplier_4971,Indonesia,Metals,45.4,4226.66,92.53,98560.35,2454.71,Partially Compliant,ISO 45001,30.9,16932.07,70.95,5.02,0.92,Yes,6.1,57.69,102.72,Tier 3
S04972,Supplier_4972,China,Plastics,96.82,4390.62,N/A,38885.62,8186.33,Non-Compliant,ISO 9001,55.78,349230.04,101.23,1.83,0.66,No,5.19,71.11,36.45,Tier 1
S04973,Supplier_4973,Thailand,Metals,64.21,4372.62,42.22,17645.7,6468.33,,ISO 45001,52.12,6703.1,82.58,1.65,0.41,No,44.01,15.19,53.12,Tier 1
S04974,Supplier_4974,India,Metals,53.51,777.7,40.61,43779.88,1573.42,Compliant,ISO 45001,22.78,268212.55,73.21,4.8,0.91,Yes,45.68,25.89,8.32,Tier 2
S04975,Supplier_4975,Singapore,Plastics,66.27,4671.19,99.43,42212.79,6117.2,Partially Compliant,ISO 14001,27.5,8030.15,85.04,2.22,0.78,Yes,33.2,6.1,188.39,Tier 3
S04976,Supplier_4976,Vietnam,Chemicals,71.82,407.78,77.78,36238.62,6157.23,Non-Compliant,None,8.27,147743.93,71.4,3.34,0.73,No,2.52,30.82,118.02,Tier 1
S04977,Supplier_4977,Thailand,Electronics,73.99,1878.32,44.95,25282.83,8664.71,Non-Compliant,ISO 45001,35.37,172248.61,84.55,1.46,0.71,,23.22,27.24,135.39,Tier 3
S04978,Supplier_4978,India,FMCG,N/A,3773.98,59.42,25253.29,7844.03,Non-Compliant,ISO 9001,34.13,332723.82,90.92,2.35,0.48,Yes,7.66,29.29,63.91,Tier 2
S04979,Supplier_4979,,Chemicals,85.62,215.64,N/A,23895.39,5859.09,Compliant,ISO 9001,19.14,30471.41,77.27,2.02,0.46,Yes,24.52,72.8,195.01,Tier 3
S04980,Supplier_4980,,Textiles,62.8,1171.14,64.55,67809.05,2903.57,Compliant,None,45.09,327869.67,78.65,0.96,0.66,Yes,38.48,22.11,163.87,Tier 2
S04981,Supplier_4981,Thailand,Automotive,66.61,386.05,36.16,3363.52,5388.13,Non-Compliant,,30.98,393776.35,100.59,4.19,0.95,No,14.58,85.48,178.45,Tier 2
S04982,Supplier_4982,India,Plastics,81.06,147.9,40.26,55571.0,7377.01,Partially Compliant,None,51.04,478215.89,74.88,2.89,0.6,No,3.25,7.48,125.36,Tier 1
S04983,Supplier_4983,India,Textiles,46.98,3040.83,81.54,59900.54,3601.69,Non-Compliant,ISO 45001,28.21,284364.57,97.87,3.42,0.58,No,30.87,3.64,182.0,Tier 3
S04984,Supplier_4984,China,Plastics,78.77,1576.92,87.99,85653.33,2564.08,Non-Compliant,None,69.33,356291.5,82.12,1.03,0.39,Yes,27.18,41.18,182.91,Tier 1
S04985,Supplier_4985,Indonesia,Textiles,75.77,579.51,43.2,36821.94,3627.13,Compliant,ISO 9001,60.21,476501.95,85.59,3.46,0.4,No,3.95,73.88,24.78,Tier 3
S04986,Supplier_4986,Malaysia,Textiles,59.52,2254.12,87.39,31362.21,2716.47,Non-Compliant,ISO 14001,16.72,345835.19,69.74,3.43,0.39,No,0.53,70.55,189.93,
S04987,Supplier_4987,India,Metals,72.84,1415.81,53.74,43727.57,403.71,Partially Compliant,None,73.01,34691.75,97.56,3.47,0.87,Yes,47.39,16.4,141.63,Tier 2
S04988,Supplier_4988,Malaysia,Metals,85.0,1819.88,52.67,18492.13,1014.64,Non-Compliant,ISO 9001,51.95,132652.86,87.8,3.16,0.98,Yes,35.94,80.39,48.16,Tier 2
S04989,Supplier_4989,Thailand,,40.05,710.9,54.95,58140.41,4345.43,Partially Compliant,ISO 9001,62.55,45340.06,94.82,2.74,0.53,No,1.11,57.91,129.98,Tier 1
S04990,Supplier_4990,Thailand,Textiles,44.69,1309.64,93.26,61403.05,9562.42,Non-Compliant,ISO 9001,56.59,289118.03,81.7,3.59,0.72,Yes,50.0,16.77,3.45,Tier 2
S04991,Supplier_4991,Indonesia,Metals,88.66,1180.09,67.09,21287.42,7889.72,Compliant,ISO 9001,20.57,193453.09,100.76,3.53,0.57,,15.17,89.94,45.49,Tier 1
S04992,Supplier_4992,Singapore,Metals,85.24,4400.37,73.81,62810.13,3313.37,Partially Compliant,ISO 9001,47.35,245266.76,78.43,1.91,0.7,No,16.11,57.1,208.22,Tier 3
S04993,Supplier_4993,Indonesia,Metals,61.0,866.73,31.89,58811.49,6264.74,Partially Compliant,ISO 45001,27.12,25919.6,90.41,4.75,0.59,Yes,24.89,45.49,92.88,Tier 1
S04994,Supplier_4994,India,Electronics,65.26,3050.13,34.52,58060.58,8529.6,Non-Compliant,ISO 14001,69.34,424371.01,95.65,1.05,0.46,,1.02,32.11,169.92,Tier 1
S04995,Supplier_4995,Singapore,Metals,55.39,2325.43,101.77,15409.17,2261.39,Partially Compliant,ISO 14001,36.45,102376.69,77.1,1.06,0.32,No,49.26,60.49,64.41,Tier 1
S04996,Supplier_4996,Thailand,Plastics,73.46,2455.13,41.55,53229.43,3213.02,Partially Compliant,ISO 9001,61.4,33950.14,90.01,5.04,0.63,Yes,25.0,39.11,158.9,Tier 2
S04997,Supplier_4997,Singapore,FMCG,44.89,842.49,68.81,54944.62,3224.46,Partially Compliant,ISO 9001,84.83,149162.08,97.11,2.53,0.58,Yes,48.68,63.41,62.17,Tier 2
S04998,Supplier_4998,China,Chemicals,92.93,1483.86,97.14,43898.83,8178.34,Non-Compliant,None,63.78,353101.96,98.1,3.96,0.36,No,39.4,35.87,100.11,Tier 3
S04999,Supplier_4999,India,Textiles,41.74,3583.45,81.59,23975.64,3720.95,Partially Compliant,None,36.41,20937.49,95.01,0.68,0.5,No,43.03,79.38,204.96,Tier 1
S05000,Supplier_5000,India,Automotive,62.27,2014.83,60.33,54481.94,4142.33,Non-Compliant,ISO 45001,16.74,134110.73,84.05,0.16,0.32,Yes,46.84,11.61,157.18,Tier 1
